BLOCK_V4_CANDIDATE_MEMORY stage=first-preflight index=0 live=0 peak=358988867 limit=34359738368
BLOCK_V4_CANDIDATE_MEMORY stage=source-preflight index=0 live=6579534 peak=358993804 limit=34359738368
BLOCK_V4_CANDIDATE_MEMORY stage=segment-loaded index=0 live=109104704 peak=358993804 limit=34359738368
BLOCK_V4_CANDIDATE_MEMORY stage=witness-ready index=0 live=8016450176 peak=8035080240 limit=34359738368
BLOCK_V4_CANDIDATE_MEMORY stage=witness-released index=0 live=177027132 peak=8084372604 limit=34359738368
BLOCK_V4_CANDIDATE_MEMORY stage=native-key-ready index=0 live=262288589 peak=8084372604 limit=34359738368
BLOCK_V4_CANDIDATE_MEMORY stage=segment-released index=0 live=31253262 peak=8084372604 limit=34359738368
BLOCK_V4_CANDIDATE_MEMORY stage=segment-loaded index=1 live=106712590 peak=8084372604 limit=34359738368
BLOCK_V4_CANDIDATE_MEMORY stage=witness-ready index=1 live=8019794265 peak=8084372604 limit=34359738368
BLOCK_V4_CANDIDATE_MEMORY stage=witness-released index=1 live=172019954 peak=8085101629 limit=34359738368
BLOCK_V4_CANDIDATE_MEMORY stage=native-key-ready index=1 live=369112799 peak=8085101629 limit=34359738368
BLOCK_V4_CANDIDATE_MEMORY stage=segment-released index=1 live=31320846 peak=8085101629 limit=34359738368
BLOCK_V4_CANDIDATE_MEMORY stage=segment-loaded index=2 live=107077986 peak=8085101629 limit=34359738368
BLOCK_V4_CANDIDATE_MEMORY stage=witness-ready index=2 live=8031525593 peak=8085101629 limit=34359738368
BLOCK_V4_CANDIDATE_MEMORY stage=witness-released index=2 live=172373806 peak=8096821413 limit=34359738368
BLOCK_V4_CANDIDATE_MEMORY stage=native-key-ready index=2 live=369384400 peak=8096821413 limit=34359738368
BLOCK_V4_CANDIDATE_MEMORY stage=segment-released index=2 live=31388430 peak=8096821413 limit=34359738368
BLOCK_V4_CANDIDATE_MEMORY stage=segment-loaded index=3 live=100729410 peak=8096821413 limit=34359738368
BLOCK_V4_CANDIDATE_MEMORY stage=witness-ready index=3 live=8022887087 peak=8096821413 limit=34359738368
BLOCK_V4_CANDIDATE_MEMORY stage=witness-released index=3 live=165957110 peak=8096821413 limit=34359738368
BLOCK_V4_CANDIDATE_MEMORY stage=native-key-ready index=3 live=362482349 peak=8096821413 limit=34359738368
BLOCK_V4_CANDIDATE_MEMORY stage=segment-released index=3 live=31456014 peak=8096821413 limit=34359738368
BLOCK_V4_CANDIDATE_MEMORY stage=segment-loaded index=4 live=107793194 peak=8096821413 limit=34359738368
BLOCK_V4_CANDIDATE_MEMORY stage=witness-ready index=4 live=8032510542 peak=8096821413 limit=34359738368
BLOCK_V4_CANDIDATE_MEMORY stage=witness-released index=4 live=173040654 peak=8097758002 limit=34359738368
BLOCK_V4_CANDIDATE_MEMORY stage=native-key-ready index=4 live=369706683 peak=8097758002 limit=34359738368
BLOCK_V4_CANDIDATE_MEMORY stage=segment-released index=4 live=31523598 peak=8097758002 limit=34359738368
BLOCK_V4_CANDIDATE_MEMORY stage=segment-loaded index=5 live=108110182 peak=8097758002 limit=34359738368
BLOCK_V4_CANDIDATE_MEMORY stage=witness-ready index=5 live=8021993102 peak=8097758002 limit=34359738368
BLOCK_V4_CANDIDATE_MEMORY stage=witness-released index=5 live=173107314 peak=8097758002 limit=34359738368
BLOCK_V4_CANDIDATE_MEMORY stage=native-key-ready index=5 live=367989756 peak=8097758002 limit=34359738368
BLOCK_V4_CANDIDATE_MEMORY stage=segment-released index=5 live=31591182 peak=8097758002 limit=34359738368
BLOCK_V4_CANDIDATE_MEMORY stage=segment-loaded index=6 live=108482066 peak=8097758002 limit=34359738368
BLOCK_V4_CANDIDATE_MEMORY stage=witness-ready index=6 live=8037041125 peak=8097758002 limit=34359738368
BLOCK_V4_CANDIDATE_MEMORY stage=witness-released index=6 live=173684598 peak=8102243657 limit=34359738368
BLOCK_V4_CANDIDATE_MEMORY stage=native-key-ready index=6 live=370030515 peak=8102243657 limit=34359738368
BLOCK_V4_CANDIDATE_MEMORY stage=segment-released index=6 live=31658766 peak=8102243657 limit=34359738368
BLOCK_V4_CANDIDATE_MEMORY stage=segment-loaded index=7 live=105399186 peak=8102243657 limit=34359738368
BLOCK_V4_CANDIDATE_MEMORY stage=witness-ready index=7 live=8029064182 peak=8102243657 limit=34359738368
BLOCK_V4_CANDIDATE_MEMORY stage=witness-released index=7 live=170791206 peak=8102243657 limit=34359738368
BLOCK_V4_CANDIDATE_MEMORY stage=native-key-ready index=7 live=368487225 peak=8102243657 limit=34359738368
BLOCK_V4_CANDIDATE_MEMORY stage=segment-released index=7 live=34954850 peak=8102243657 limit=34359738368
BLOCK_V4_CANDIDATE_MEMORY stage=segment-loaded index=8 live=112430222 peak=8102243657 limit=34359738368
BLOCK_V4_CANDIDATE_MEMORY stage=witness-ready index=8 live=8027627306 peak=8102243657 limit=34359738368
BLOCK_V4_CANDIDATE_MEMORY stage=witness-released index=8 live=177560058 peak=8102243657 limit=34359738368
BLOCK_V4_CANDIDATE_MEMORY stage=native-key-ready index=8 live=373388016 peak=8102243657 limit=34359738368
BLOCK_V4_CANDIDATE_MEMORY stage=segment-released index=8 live=35022434 peak=8102243657 limit=34359738368
BLOCK_V4_CANDIDATE_MEMORY stage=segment-loaded index=9 live=112725094 peak=8102243657 limit=34359738368
BLOCK_V4_CANDIDATE_MEMORY stage=witness-ready index=9 live=8030838862 peak=8102243657 limit=34359738368
BLOCK_V4_CANDIDATE_MEMORY stage=witness-released index=9 live=177930746 peak=8102243657 limit=34359738368
BLOCK_V4_CANDIDATE_MEMORY stage=native-key-ready index=9 live=374298893 peak=8102243657 limit=34359738368
BLOCK_V4_CANDIDATE_MEMORY stage=segment-released index=9 live=35022434 peak=8102243657 limit=34359738368
BLOCK_V4_CANDIDATE_MEMORY stage=segment-loaded index=10 live=113104882 peak=8102243657 limit=34359738368
BLOCK_V4_CANDIDATE_MEMORY stage=witness-ready index=10 live=8026165962 peak=8102243657 limit=34359738368
BLOCK_V4_CANDIDATE_MEMORY stage=witness-released index=10 live=178444486 peak=8102243657 limit=34359738368
BLOCK_V4_CANDIDATE_MEMORY stage=native-key-ready index=10 live=375767041 peak=8102243657 limit=34359738368
BLOCK_V4_CANDIDATE_MEMORY stage=segment-released index=10 live=35090018 peak=8102243657 limit=34359738368
BLOCK_V4_CANDIDATE_MEMORY stage=segment-loaded index=11 live=123925194 peak=8102243657 limit=34359738368
BLOCK_V4_CANDIDATE_MEMORY stage=witness-ready index=11 live=8042586460 peak=8102243657 limit=34359738368
BLOCK_V4_CANDIDATE_MEMORY stage=witness-released index=11 live=189063662 peak=8107724928 limit=34359738368
BLOCK_V4_CANDIDATE_MEMORY stage=native-key-ready index=11 live=384953123 peak=8107724928 limit=34359738368
BLOCK_V4_CANDIDATE_MEMORY stage=segment-released index=11 live=45643362 peak=8107724928 limit=34359738368
BLOCK_V4_CANDIDATE_MEMORY stage=segment-loaded index=12 live=124244510 peak=8107724928 limit=34359738368
BLOCK_V4_CANDIDATE_MEMORY stage=witness-ready index=12 live=8057245544 peak=8107724928 limit=34359738368
BLOCK_V4_CANDIDATE_MEMORY stage=witness-released index=12 live=189206594 peak=8122207628 limit=34359738368
BLOCK_V4_CANDIDATE_MEMORY stage=native-key-ready index=12 live=383839319 peak=8122207628 limit=34359738368
BLOCK_V4_CANDIDATE_MEMORY stage=segment-released index=12 live=45710946 peak=8122207628 limit=34359738368
BLOCK_V4_CANDIDATE_MEMORY stage=segment-loaded index=13 live=118047066 peak=8122207628 limit=34359738368
BLOCK_V4_CANDIDATE_MEMORY stage=witness-ready index=13 live=8257195817 peak=8275833049 limit=34359738368
BLOCK_V4_CANDIDATE_MEMORY stage=witness-released index=13 live=184000166 peak=8323148917 limit=34359738368
BLOCK_V4_CANDIDATE_MEMORY stage=native-key-ready index=13 live=252761557 peak=8323148917 limit=34359738368
BLOCK_V4_CANDIDATE_MEMORY stage=segment-released index=13 live=45778530 peak=8323148917 limit=34359738368
BLOCK_V4_CANDIDATE_MEMORY stage=segment-loaded index=14 live=110111990 peak=8323148917 limit=34359738368
BLOCK_V4_CANDIDATE_MEMORY stage=witness-ready index=14 live=7978950729 peak=8323148917 limit=34359738368
BLOCK_V4_CANDIDATE_MEMORY stage=witness-released index=14 live=174984114 peak=8323148917 limit=34359738368
BLOCK_V4_CANDIDATE_MEMORY stage=native-key-ready index=14 live=368975874 peak=8323148917 limit=34359738368
BLOCK_V4_CANDIDATE_MEMORY stage=segment-released index=14 live=45846114 peak=8323148917 limit=34359738368
BLOCK_V4_CANDIDATE_MEMORY stage=segment-loaded index=15 live=125366622 peak=8323148917 limit=34359738368
BLOCK_V4_CANDIDATE_MEMORY stage=witness-ready index=15 live=8060253572 peak=8323148917 limit=34359738368
BLOCK_V4_CANDIDATE_MEMORY stage=witness-released index=15 live=190543986 peak=8323148917 limit=34359738368
BLOCK_V4_CANDIDATE_MEMORY stage=native-key-ready index=15 live=386710581 peak=8323148917 limit=34359738368
BLOCK_V4_CANDIDATE_MEMORY stage=segment-released index=15 live=45913698 peak=8323148917 limit=34359738368
BLOCK_V4_CANDIDATE_PROGRESS completed=16 total=218
BLOCK_V4_CANDIDATE_MEMORY stage=segment-loaded index=16 live=125712514 peak=8323148917 limit=34359738368
BLOCK_V4_CANDIDATE_MEMORY stage=witness-ready index=16 live=8048533065 peak=8323148917 limit=34359738368
BLOCK_V4_CANDIDATE_MEMORY stage=witness-released index=16 live=190843702 peak=8323148917 limit=34359738368
BLOCK_V4_CANDIDATE_MEMORY stage=native-key-ready index=16 live=386681293 peak=8323148917 limit=34359738368
BLOCK_V4_CANDIDATE_MEMORY stage=segment-released index=16 live=45981282 peak=8323148917 limit=34359738368
BLOCK_V4_CANDIDATE_MEMORY stage=segment-loaded index=17 live=126093566 peak=8323148917 limit=34359738368
BLOCK_V4_CANDIDATE_MEMORY stage=witness-ready index=17 live=8049992162 peak=8323148917 limit=34359738368
BLOCK_V4_CANDIDATE_MEMORY stage=witness-released index=17 live=191405298 peak=8323148917 limit=34359738368
BLOCK_V4_CANDIDATE_MEMORY stage=native-key-ready index=17 live=388529265 peak=8323148917 limit=34359738368
BLOCK_V4_CANDIDATE_MEMORY stage=segment-released index=17 live=46048866 peak=8323148917 limit=34359738368
BLOCK_V4_CANDIDATE_MEMORY stage=segment-loaded index=18 live=126423154 peak=8323148917 limit=34359738368
BLOCK_V4_CANDIDATE_MEMORY stage=witness-ready index=18 live=8064095443 peak=8323148917 limit=34359738368
BLOCK_V4_CANDIDATE_MEMORY stage=witness-released index=18 live=191520958 peak=8323148917 limit=34359738368
BLOCK_V4_CANDIDATE_MEMORY stage=native-key-ready index=18 live=387120688 peak=8323148917 limit=34359738368
BLOCK_V4_CANDIDATE_MEMORY stage=segment-released index=18 live=46116450 peak=8323148917 limit=34359738368
BLOCK_V4_CANDIDATE_MEMORY stage=segment-loaded index=19 live=126714570 peak=8323148917 limit=34359738368
BLOCK_V4_CANDIDATE_MEMORY stage=witness-ready index=19 live=8063695455 peak=8323148917 limit=34359738368
BLOCK_V4_CANDIDATE_MEMORY stage=witness-released index=19 live=191884862 peak=8323148917 limit=34359738368
BLOCK_V4_CANDIDATE_MEMORY stage=native-key-ready index=19 live=388001069 peak=8323148917 limit=34359738368
BLOCK_V4_CANDIDATE_MEMORY stage=segment-released index=19 live=46116450 peak=8323148917 limit=34359738368
BLOCK_V4_CANDIDATE_MEMORY stage=segment-loaded index=20 live=120419754 peak=8323148917 limit=34359738368
BLOCK_V4_CANDIDATE_MEMORY stage=witness-ready index=20 live=8015407878 peak=8323148917 limit=34359738368
BLOCK_V4_CANDIDATE_MEMORY stage=witness-released index=20 live=185897886 peak=8323148917 limit=34359738368
BLOCK_V4_CANDIDATE_MEMORY stage=native-key-ready index=20 live=384207453 peak=8323148917 limit=34359738368
BLOCK_V4_CANDIDATE_MEMORY stage=segment-released index=20 live=46184034 peak=8323148917 limit=34359738368
BLOCK_V4_CANDIDATE_MEMORY stage=segment-loaded index=21 live=127456510 peak=8323148917 limit=34359738368
BLOCK_V4_CANDIDATE_MEMORY stage=witness-ready index=21 live=8049458394 peak=8323148917 limit=34359738368
BLOCK_V4_CANDIDATE_MEMORY stage=witness-released index=21 live=192655298 peak=8323148917 limit=34359738368
BLOCK_V4_CANDIDATE_MEMORY stage=native-key-ready index=21 live=388974539 peak=8323148917 limit=34359738368
BLOCK_V4_CANDIDATE_MEMORY stage=segment-released index=21 live=46251618 peak=8323148917 limit=34359738368
BLOCK_V4_CANDIDATE_MEMORY stage=segment-loaded index=22 live=121098210 peak=8323148917 limit=34359738368
BLOCK_V4_CANDIDATE_MEMORY stage=witness-ready index=22 live=8056036457 peak=8323148917 limit=34359738368
BLOCK_V4_CANDIDATE_MEMORY stage=witness-released index=22 live=186226486 peak=8323148917 limit=34359738368
BLOCK_V4_CANDIDATE_MEMORY stage=native-key-ready index=22 live=382043329 peak=8323148917 limit=34359738368
BLOCK_V4_CANDIDATE_MEMORY stage=segment-released index=22 live=46319202 peak=8323148917 limit=34359738368
BLOCK_V4_CANDIDATE_MEMORY stage=segment-loaded index=23 live=128161334 peak=8323148917 limit=34359738368
BLOCK_V4_CANDIDATE_MEMORY stage=witness-ready index=23 live=8069635591 peak=8323148917 limit=34359738368
BLOCK_V4_CANDIDATE_MEMORY stage=witness-released index=23 live=193357730 peak=8323148917 limit=34359738368
BLOCK_V4_CANDIDATE_MEMORY stage=native-key-ready index=23 live=389659928 peak=8323148917 limit=34359738368
BLOCK_V4_CANDIDATE_MEMORY stage=segment-released index=23 live=46386786 peak=8323148917 limit=34359738368
BLOCK_V4_CANDIDATE_MEMORY stage=segment-loaded index=24 live=128477650 peak=8323148917 limit=34359738368
BLOCK_V4_CANDIDATE_MEMORY stage=witness-ready index=24 live=8069337228 peak=8323148917 limit=34359738368
BLOCK_V4_CANDIDATE_MEMORY stage=witness-released index=24 live=193447742 peak=8323148917 limit=34359738368
BLOCK_V4_CANDIDATE_MEMORY stage=native-key-ready index=24 live=388137524 peak=8323148917 limit=34359738368
BLOCK_V4_CANDIDATE_MEMORY stage=segment-released index=24 live=46454370 peak=8323148917 limit=34359738368
BLOCK_V4_CANDIDATE_MEMORY stage=segment-loaded index=25 live=122147646 peak=8323148917 limit=34359738368
BLOCK_V4_CANDIDATE_MEMORY stage=witness-ready index=25 live=8062233578 peak=8323148917 limit=34359738368
BLOCK_V4_CANDIDATE_MEMORY stage=witness-released index=25 live=187358914 peak=8323148917 limit=34359738368
BLOCK_V4_CANDIDATE_MEMORY stage=native-key-ready index=25 live=383767075 peak=8323148917 limit=34359738368
BLOCK_V4_CANDIDATE_MEMORY stage=segment-released index=25 live=46521954 peak=8323148917 limit=34359738368
BLOCK_V4_CANDIDATE_MEMORY stage=segment-loaded index=26 live=122485634 peak=8323148917 limit=34359738368
BLOCK_V4_CANDIDATE_MEMORY stage=witness-ready index=26 live=8064249651 peak=8323148917 limit=34359738368
BLOCK_V4_CANDIDATE_MEMORY stage=witness-released index=26 live=187999126 peak=8323148917 limit=34359738368
BLOCK_V4_CANDIDATE_MEMORY stage=native-key-ready index=26 live=386560633 peak=8323148917 limit=34359738368
BLOCK_V4_CANDIDATE_MEMORY stage=segment-released index=26 live=46521954 peak=8323148917 limit=34359738368
BLOCK_V4_CANDIDATE_MEMORY stage=segment-loaded index=27 live=129506766 peak=8323148917 limit=34359738368
BLOCK_V4_CANDIDATE_MEMORY stage=witness-ready index=27 live=8061224067 peak=8323148917 limit=34359738368
BLOCK_V4_CANDIDATE_MEMORY stage=witness-released index=27 live=194651162 peak=8323148917 limit=34359738368
BLOCK_V4_CANDIDATE_MEMORY stage=native-key-ready index=27 live=390582860 peak=8323148917 limit=34359738368
BLOCK_V4_CANDIDATE_MEMORY stage=segment-released index=27 live=46589538 peak=8323148917 limit=34359738368
BLOCK_V4_CANDIDATE_MEMORY stage=segment-loaded index=28 live=115384986 peak=8323148917 limit=34359738368
BLOCK_V4_CANDIDATE_MEMORY stage=witness-ready index=28 live=8006460980 peak=8323148917 limit=34359738368
BLOCK_V4_CANDIDATE_MEMORY stage=witness-released index=28 live=181190718 peak=8323148917 limit=34359738368
BLOCK_V4_CANDIDATE_MEMORY stage=native-key-ready index=28 live=381834435 peak=8323148917 limit=34359738368
BLOCK_V4_CANDIDATE_MEMORY stage=segment-released index=28 live=46657122 peak=8323148917 limit=34359738368
BLOCK_V4_CANDIDATE_MEMORY stage=segment-loaded index=29 live=152930830 peak=8323148917 limit=34359738368
BLOCK_V4_CANDIDATE_MEMORY stage=witness-ready index=29 live=9203969057 peak=9204125137 limit=34359738368
BLOCK_V4_CANDIDATE_MEMORY stage=witness-released index=29 live=220253194 peak=9271291421 limit=34359738368
BLOCK_V4_CANDIDATE_MEMORY stage=native-key-ready index=29 live=294149325 peak=9748075183 limit=34359738368
BLOCK_V4_CANDIDATE_MEMORY stage=segment-released index=29 live=46792290 peak=9748075183 limit=34359738368
BLOCK_V4_CANDIDATE_MEMORY stage=segment-loaded index=30 live=116403034 peak=9748075183 limit=34359738368
BLOCK_V4_CANDIDATE_MEMORY stage=witness-ready index=30 live=8010482782 peak=9748075183 limit=34359738368
BLOCK_V4_CANDIDATE_MEMORY stage=witness-released index=30 live=182120574 peak=9748075183 limit=34359738368
BLOCK_V4_CANDIDATE_MEMORY stage=native-key-ready index=30 live=382135923 peak=9748075183 limit=34359738368
BLOCK_V4_CANDIDATE_MEMORY stage=segment-released index=30 live=46859874 peak=9748075183 limit=34359738368
BLOCK_V4_CANDIDATE_MEMORY stage=segment-loaded index=31 live=131343078 peak=9748075183 limit=34359738368
BLOCK_V4_CANDIDATE_MEMORY stage=witness-ready index=31 live=8075110959 peak=9748075183 limit=34359738368
BLOCK_V4_CANDIDATE_MEMORY stage=witness-released index=31 live=196536250 peak=9748075183 limit=34359738368
BLOCK_V4_CANDIDATE_MEMORY stage=native-key-ready index=31 live=392815477 peak=9748075183 limit=34359738368
BLOCK_V4_CANDIDATE_MEMORY stage=segment-released index=31 live=46927458 peak=9748075183 limit=34359738368
BLOCK_V4_CANDIDATE_PROGRESS completed=32 total=218
BLOCK_V4_CANDIDATE_MEMORY stage=segment-loaded index=32 live=117211902 peak=9748075183 limit=34359738368
BLOCK_V4_CANDIDATE_MEMORY stage=witness-ready index=32 live=8208794376 peak=9748075183 limit=34359738368
BLOCK_V4_CANDIDATE_MEMORY stage=witness-released index=32 live=183243002 peak=9748075183 limit=34359738368
BLOCK_V4_CANDIDATE_MEMORY stage=native-key-ready index=32 live=252296893 peak=9748075183 limit=34359738368
BLOCK_V4_CANDIDATE_MEMORY stage=segment-released index=32 live=46995042 peak=9748075183 limit=34359738368
BLOCK_V4_CANDIDATE_MEMORY stage=segment-loaded index=33 live=117095470 peak=9748075183 limit=34359738368
BLOCK_V4_CANDIDATE_MEMORY stage=witness-ready index=33 live=4771380642 peak=9748075183 limit=34359738368
BLOCK_V4_CANDIDATE_MEMORY stage=witness-released index=33 live=181658818 peak=9748075183 limit=34359738368
BLOCK_V4_CANDIDATE_MEMORY stage=native-key-ready index=33 live=373450549 peak=9748075183 limit=34359738368
BLOCK_V4_CANDIDATE_MEMORY stage=segment-released index=33 live=47062626 peak=9748075183 limit=34359738368
BLOCK_V4_CANDIDATE_MEMORY stage=segment-loaded index=34 live=132298610 peak=9748075183 limit=34359738368
BLOCK_V4_CANDIDATE_MEMORY stage=witness-ready index=34 live=8071174677 peak=9748075183 limit=34359738368
BLOCK_V4_CANDIDATE_MEMORY stage=witness-released index=34 live=197449454 peak=9748075183 limit=34359738368
BLOCK_V4_CANDIDATE_MEMORY stage=native-key-ready index=34 live=393427094 peak=9748075183 limit=34359738368
BLOCK_V4_CANDIDATE_MEMORY stage=segment-released index=34 live=47062626 peak=9748075183 limit=34359738368
BLOCK_V4_CANDIDATE_MEMORY stage=segment-loaded index=35 live=118061130 peak=9748075183 limit=34359738368
BLOCK_V4_CANDIDATE_MEMORY stage=witness-ready index=35 live=8062995382 peak=9748075183 limit=34359738368
BLOCK_V4_CANDIDATE_MEMORY stage=witness-released index=35 live=183218110 peak=9748075183 limit=34359738368
BLOCK_V4_CANDIDATE_MEMORY stage=native-key-ready index=35 live=379239469 peak=9748075183 limit=34359738368
BLOCK_V4_CANDIDATE_MEMORY stage=segment-released index=35 live=47130210 peak=9748075183 limit=34359738368
BLOCK_V4_CANDIDATE_MEMORY stage=segment-loaded index=36 live=118493554 peak=9748075183 limit=34359738368
BLOCK_V4_CANDIDATE_MEMORY stage=witness-ready index=36 live=8063567253 peak=9748075183 limit=34359738368
BLOCK_V4_CANDIDATE_MEMORY stage=witness-released index=36 live=184135174 peak=9748075183 limit=34359738368
BLOCK_V4_CANDIDATE_MEMORY stage=native-key-ready index=36 live=383609593 peak=9748075183 limit=34359738368
BLOCK_V4_CANDIDATE_MEMORY stage=segment-released index=36 live=47197794 peak=9748075183 limit=34359738368
BLOCK_V4_CANDIDATE_MEMORY stage=segment-loaded index=37 live=133039458 peak=9748075183 limit=34359738368
BLOCK_V4_CANDIDATE_MEMORY stage=witness-ready index=37 live=8076403338 peak=9748075183 limit=34359738368
BLOCK_V4_CANDIDATE_MEMORY stage=witness-released index=37 live=197888806 peak=9748075183 limit=34359738368
BLOCK_V4_CANDIDATE_MEMORY stage=native-key-ready index=37 live=391718287 peak=9748075183 limit=34359738368
BLOCK_V4_CANDIDATE_MEMORY stage=segment-released index=37 live=47265378 peak=9748075183 limit=34359738368
BLOCK_V4_CANDIDATE_MEMORY stage=segment-loaded index=38 live=133797358 peak=9748075183 limit=34359738368
BLOCK_V4_CANDIDATE_MEMORY stage=witness-ready index=38 live=8083414311 peak=9748075183 limit=34359738368
BLOCK_V4_CANDIDATE_MEMORY stage=witness-released index=38 live=199478498 peak=9748075183 limit=34359738368
BLOCK_V4_CANDIDATE_MEMORY stage=native-key-ready index=38 live=399234497 peak=9748075183 limit=34359738368
BLOCK_V4_CANDIDATE_MEMORY stage=segment-released index=38 live=47332962 peak=9748075183 limit=34359738368
BLOCK_V4_CANDIDATE_MEMORY stage=segment-loaded index=39 live=126994646 peak=9748075183 limit=34359738368
BLOCK_V4_CANDIDATE_MEMORY stage=witness-ready index=39 live=4788989253 peak=9748075183 limit=34359738368
BLOCK_V4_CANDIDATE_MEMORY stage=witness-released index=39 live=191492474 peak=9748075183 limit=34359738368
BLOCK_V4_CANDIDATE_MEMORY stage=native-key-ready index=39 live=382817375 peak=9748075183 limit=34359738368
BLOCK_V4_CANDIDATE_MEMORY stage=segment-released index=39 live=47400546 peak=9748075183 limit=34359738368
BLOCK_V4_CANDIDATE_MEMORY stage=segment-loaded index=40 live=134452998 peak=9748075183 limit=34359738368
BLOCK_V4_CANDIDATE_MEMORY stage=witness-ready index=40 live=8090326180 peak=9748075183 limit=34359738368
BLOCK_V4_CANDIDATE_MEMORY stage=witness-released index=40 live=199968154 peak=9748075183 limit=34359738368
BLOCK_V4_CANDIDATE_MEMORY stage=native-key-ready index=40 live=398541517 peak=9748075183 limit=34359738368
BLOCK_V4_CANDIDATE_MEMORY stage=segment-released index=40 live=47468130 peak=9748075183 limit=34359738368
BLOCK_V4_CANDIDATE_MEMORY stage=segment-loaded index=41 live=157471750 peak=9748075183 limit=34359738368
BLOCK_V4_CANDIDATE_MEMORY stage=witness-ready index=41 live=9219198870 peak=9748075183 limit=34359738368
BLOCK_V4_CANDIDATE_MEMORY stage=witness-released index=41 live=224367922 peak=9748075183 limit=34359738368
BLOCK_V4_CANDIDATE_MEMORY stage=native-key-ready index=41 live=296665833 peak=9750828479 limit=34359738368
BLOCK_V4_CANDIDATE_MEMORY stage=segment-released index=41 live=47535714 peak=9750828479 limit=34359738368
BLOCK_V4_CANDIDATE_MEMORY stage=segment-loaded index=42 live=135482434 peak=9750828479 limit=34359738368
BLOCK_V4_CANDIDATE_MEMORY stage=witness-ready index=42 live=8763858728 peak=9750828479 limit=34359738368
BLOCK_V4_CANDIDATE_MEMORY stage=witness-released index=42 live=201752214 peak=9750828479 limit=34359738368
BLOCK_V4_CANDIDATE_MEMORY stage=native-key-ready index=42 live=271701155 peak=9750828479 limit=34359738368
BLOCK_V4_CANDIDATE_MEMORY stage=segment-released index=42 live=47603298 peak=9750828479 limit=34359738368
BLOCK_V4_CANDIDATE_MEMORY stage=segment-loaded index=43 live=129211722 peak=9750828479 limit=34359738368
BLOCK_V4_CANDIDATE_MEMORY stage=witness-ready index=43 live=8297469633 peak=9750828479 limit=34359738368
BLOCK_V4_CANDIDATE_MEMORY stage=witness-released index=43 live=195341934 peak=9750828479 limit=34359738368
BLOCK_V4_CANDIDATE_MEMORY stage=native-key-ready index=43 live=264767495 peak=9750828479 limit=34359738368
BLOCK_V4_CANDIDATE_MEMORY stage=segment-released index=43 live=47670882 peak=9750828479 limit=34359738368
BLOCK_V4_CANDIDATE_MEMORY stage=segment-loaded index=44 live=135797926 peak=9750828479 limit=34359738368
BLOCK_V4_CANDIDATE_MEMORY stage=witness-ready index=44 live=4804971842 peak=9750828479 limit=34359738368
BLOCK_V4_CANDIDATE_MEMORY stage=witness-released index=44 live=200407034 peak=9750828479 limit=34359738368
BLOCK_V4_CANDIDATE_MEMORY stage=native-key-ready index=44 live=392524805 peak=9750828479 limit=34359738368
BLOCK_V4_CANDIDATE_MEMORY stage=segment-released index=44 live=47738466 peak=9750828479 limit=34359738368
BLOCK_V4_CANDIDATE_MEMORY stage=segment-loaded index=45 live=148697806 peak=9750828479 limit=34359738368
BLOCK_V4_CANDIDATE_MEMORY stage=witness-ready index=45 live=8323497761 peak=9750828479 limit=34359738368
BLOCK_V4_CANDIDATE_MEMORY stage=witness-released index=45 live=214784338 peak=9750828479 limit=34359738368
BLOCK_V4_CANDIDATE_MEMORY stage=native-key-ready index=45 live=284046099 peak=9750828479 limit=34359738368
BLOCK_V4_CANDIDATE_MEMORY stage=segment-released index=45 live=47806050 peak=9750828479 limit=34359738368
BLOCK_V4_CANDIDATE_MEMORY stage=segment-loaded index=46 live=840841802 peak=9750828479 limit=34359738368
BLOCK_V4_CANDIDATE_MEMORY stage=witness-ready index=46 live=4129021400 peak=9750828479 limit=34359738368
BLOCK_V4_CANDIDATE_MEMORY stage=witness-released index=46 live=903750510 peak=9750828479 limit=34359738368
BLOCK_V4_CANDIDATE_MEMORY stage=native-key-ready index=46 live=1083752931 peak=9750828479 limit=34359738368
BLOCK_V4_CANDIDATE_MEMORY stage=segment-released index=46 live=47806050 peak=9750828479 limit=34359738368
BLOCK_V4_CANDIDATE_MEMORY stage=segment-loaded index=47 live=841935674 peak=9750828479 limit=34359738368
BLOCK_V4_CANDIDATE_MEMORY stage=witness-ready index=47 live=6039433402 peak=9750828479 limit=34359738368
BLOCK_V4_CANDIDATE_MEMORY stage=witness-released index=47 live=905539414 peak=9750828479 limit=34359738368
BLOCK_V4_CANDIDATE_MEMORY stage=native-key-ready index=47 live=1090493938 peak=9750828479 limit=34359738368
BLOCK_V4_CANDIDATE_MEMORY stage=segment-released index=47 live=47873634 peak=9750828479 limit=34359738368
BLOCK_V4_CANDIDATE_PROGRESS completed=48 total=218
BLOCK_V4_CANDIDATE_MEMORY stage=segment-loaded index=48 live=841167686 peak=9750828479 limit=34359738368
BLOCK_V4_CANDIDATE_MEMORY stage=witness-ready index=48 live=4192951593 peak=9750828479 limit=34359738368
BLOCK_V4_CANDIDATE_MEMORY stage=witness-released index=48 live=904126730 peak=9750828479 limit=34359738368
BLOCK_V4_CANDIDATE_MEMORY stage=native-key-ready index=48 live=1084487795 peak=9750828479 limit=34359738368
BLOCK_V4_CANDIDATE_MEMORY stage=segment-released index=48 live=47873634 peak=9750828479 limit=34359738368
BLOCK_V4_CANDIDATE_MEMORY stage=segment-loaded index=49 live=318238894 peak=9750828479 limit=34359738368
BLOCK_V4_CANDIDATE_MEMORY stage=witness-ready index=49 live=9606316961 peak=9750828479 limit=34359738368
BLOCK_V4_CANDIDATE_MEMORY stage=witness-released index=49 live=384479762 peak=9750828479 limit=34359738368
BLOCK_V4_CANDIDATE_MEMORY stage=native-key-ready index=49 live=454320283 peak=9750828479 limit=34359738368
BLOCK_V4_CANDIDATE_MEMORY stage=segment-released index=49 live=48008802 peak=9750828479 limit=34359738368
BLOCK_V4_CANDIDATE_MEMORY stage=segment-loaded index=50 live=138298038 peak=9750828479 limit=34359738368
BLOCK_V4_CANDIDATE_MEMORY stage=witness-ready index=50 live=8951028250 peak=9750828479 limit=34359738368
BLOCK_V4_CANDIDATE_MEMORY stage=witness-released index=50 live=204998274 peak=9750828479 limit=34359738368
BLOCK_V4_CANDIDATE_MEMORY stage=native-key-ready index=50 live=276561425 peak=9750828479 limit=34359738368
BLOCK_V4_CANDIDATE_MEMORY stage=segment-released index=50 live=48076386 peak=9750828479 limit=34359738368
BLOCK_V4_CANDIDATE_MEMORY stage=segment-loaded index=51 live=242660382 peak=9750828479 limit=34359738368
BLOCK_V4_CANDIDATE_MEMORY stage=witness-ready index=51 live=5617199772 peak=9750828479 limit=34359738368
BLOCK_V4_CANDIDATE_MEMORY stage=witness-released index=51 live=307124306 peak=9750828479 limit=34359738368
BLOCK_V4_CANDIDATE_MEMORY stage=native-key-ready index=51 live=498207641 peak=9750828479 limit=34359738368
BLOCK_V4_CANDIDATE_MEMORY stage=segment-released index=51 live=48143970 peak=9750828479 limit=34359738368
BLOCK_V4_CANDIDATE_MEMORY stage=segment-loaded index=52 live=193738126 peak=9750828479 limit=34359738368
BLOCK_V4_CANDIDATE_MEMORY stage=witness-ready index=52 live=8315071962 peak=9750828479 limit=34359738368
BLOCK_V4_CANDIDATE_MEMORY stage=witness-released index=52 live=258867442 peak=9750828479 limit=34359738368
BLOCK_V4_CANDIDATE_MEMORY stage=native-key-ready index=52 live=454691695 peak=9750828479 limit=34359738368
BLOCK_V4_CANDIDATE_MEMORY stage=segment-released index=52 live=48143970 peak=9750828479 limit=34359738368
BLOCK_V4_CANDIDATE_MEMORY stage=segment-loaded index=53 live=139203690 peak=9750828479 limit=34359738368
BLOCK_V4_CANDIDATE_MEMORY stage=witness-ready index=53 live=8278548440 peak=9750828479 limit=34359738368
BLOCK_V4_CANDIDATE_MEMORY stage=witness-released index=53 live=204314494 peak=9750828479 limit=34359738368
BLOCK_V4_CANDIDATE_MEMORY stage=native-key-ready index=53 live=400006849 peak=9750828479 limit=34359738368
BLOCK_V4_CANDIDATE_MEMORY stage=segment-released index=53 live=48211554 peak=9750828479 limit=34359738368
BLOCK_V4_CANDIDATE_MEMORY stage=segment-loaded index=54 live=139289682 peak=9750828479 limit=34359738368
BLOCK_V4_CANDIDATE_MEMORY stage=witness-ready index=54 live=8281483866 peak=9750828479 limit=34359738368
BLOCK_V4_CANDIDATE_MEMORY stage=witness-released index=54 live=204417542 peak=9750828479 limit=34359738368
BLOCK_V4_CANDIDATE_MEMORY stage=native-key-ready index=54 live=400231421 peak=9750828479 limit=34359738368
BLOCK_V4_CANDIDATE_MEMORY stage=segment-released index=54 live=48211554 peak=9750828479 limit=34359738368
BLOCK_V4_CANDIDATE_MEMORY stage=segment-loaded index=55 live=139353034 peak=9750828479 limit=34359738368
BLOCK_V4_CANDIDATE_MEMORY stage=witness-ready index=55 live=8279409926 peak=9750828479 limit=34359738368
BLOCK_V4_CANDIDATE_MEMORY stage=witness-released index=55 live=204516150 peak=9750828479 limit=34359738368
BLOCK_V4_CANDIDATE_MEMORY stage=native-key-ready index=55 live=400581228 peak=9750828479 limit=34359738368
BLOCK_V4_CANDIDATE_MEMORY stage=segment-released index=55 live=48211554 peak=9750828479 limit=34359738368
BLOCK_V4_CANDIDATE_MEMORY stage=segment-loaded index=56 live=139430994 peak=9750828479 limit=34359738368
BLOCK_V4_CANDIDATE_MEMORY stage=witness-ready index=56 live=8280047027 peak=9750828479 limit=34359738368
BLOCK_V4_CANDIDATE_MEMORY stage=witness-released index=56 live=204524950 peak=9750828479 limit=34359738368
BLOCK_V4_CANDIDATE_MEMORY stage=native-key-ready index=56 live=400097263 peak=9750828479 limit=34359738368
BLOCK_V4_CANDIDATE_MEMORY stage=segment-released index=56 live=48211554 peak=9750828479 limit=34359738368
BLOCK_V4_CANDIDATE_MEMORY stage=segment-loaded index=57 live=139492570 peak=9750828479 limit=34359738368
BLOCK_V4_CANDIDATE_MEMORY stage=witness-ready index=57 live=8279755097 peak=9750828479 limit=34359738368
BLOCK_V4_CANDIDATE_MEMORY stage=witness-released index=57 live=204580494 peak=9750828479 limit=34359738368
BLOCK_V4_CANDIDATE_MEMORY stage=native-key-ready index=57 live=400109829 peak=9750828479 limit=34359738368
BLOCK_V4_CANDIDATE_MEMORY stage=segment-released index=57 live=48211554 peak=9750828479 limit=34359738368
BLOCK_V4_CANDIDATE_MEMORY stage=segment-loaded index=58 live=139648298 peak=9750828479 limit=34359738368
BLOCK_V4_CANDIDATE_MEMORY stage=witness-ready index=58 live=8280818886 peak=9750828479 limit=34359738368
BLOCK_V4_CANDIDATE_MEMORY stage=witness-released index=58 live=204817654 peak=9750828479 limit=34359738368
BLOCK_V4_CANDIDATE_MEMORY stage=native-key-ready index=58 live=400927192 peak=9750828479 limit=34359738368
BLOCK_V4_CANDIDATE_MEMORY stage=segment-released index=58 live=48279138 peak=9750828479 limit=34359738368
BLOCK_V4_CANDIDATE_MEMORY stage=segment-loaded index=59 live=139717442 peak=9750828479 limit=34359738368
BLOCK_V4_CANDIDATE_MEMORY stage=witness-ready index=59 live=8282494473 peak=9750828479 limit=34359738368
BLOCK_V4_CANDIDATE_MEMORY stage=witness-released index=59 live=204831990 peak=9750828479 limit=34359738368
BLOCK_V4_CANDIDATE_MEMORY stage=native-key-ready index=59 live=400551021 peak=9750828479 limit=34359738368
BLOCK_V4_CANDIDATE_MEMORY stage=segment-released index=59 live=48279138 peak=9750828479 limit=34359738368
BLOCK_V4_CANDIDATE_MEMORY stage=segment-loaded index=60 live=139790722 peak=9750828479 limit=34359738368
BLOCK_V4_CANDIDATE_MEMORY stage=witness-ready index=60 live=8282975186 peak=9750828479 limit=34359738368
BLOCK_V4_CANDIDATE_MEMORY stage=witness-released index=60 live=204889670 peak=9750828479 limit=34359738368
BLOCK_V4_CANDIDATE_MEMORY stage=native-key-ready index=60 live=400497551 peak=9750828479 limit=34359738368
BLOCK_V4_CANDIDATE_MEMORY stage=segment-released index=60 live=48279138 peak=9750828479 limit=34359738368
BLOCK_V4_CANDIDATE_MEMORY stage=segment-loaded index=61 live=139853858 peak=9750828479 limit=34359738368
BLOCK_V4_CANDIDATE_MEMORY stage=witness-ready index=61 live=8281808903 peak=9750828479 limit=34359738368
BLOCK_V4_CANDIDATE_MEMORY stage=witness-released index=61 live=204974334 peak=9750828479 limit=34359738368
BLOCK_V4_CANDIDATE_MEMORY stage=native-key-ready index=61 live=400735602 peak=9750828479 limit=34359738368
BLOCK_V4_CANDIDATE_MEMORY stage=segment-released index=61 live=48279138 peak=9750828479 limit=34359738368
BLOCK_V4_CANDIDATE_MEMORY stage=segment-loaded index=62 live=140022422 peak=9750828479 limit=34359738368
BLOCK_V4_CANDIDATE_MEMORY stage=witness-ready index=62 live=8284056284 peak=9750828479 limit=34359738368
BLOCK_V4_CANDIDATE_MEMORY stage=witness-released index=62 live=205152258 peak=9750828479 limit=34359738368
BLOCK_V4_CANDIDATE_MEMORY stage=native-key-ready index=62 live=400980216 peak=9750828479 limit=34359738368
BLOCK_V4_CANDIDATE_MEMORY stage=segment-released index=62 live=48346722 peak=9750828479 limit=34359738368
BLOCK_V4_CANDIDATE_MEMORY stage=segment-loaded index=63 live=140096030 peak=9750828479 limit=34359738368
BLOCK_V4_CANDIDATE_MEMORY stage=witness-ready index=63 live=8284346428 peak=9750828479 limit=34359738368
BLOCK_V4_CANDIDATE_MEMORY stage=witness-released index=63 live=205207250 peak=9750828479 limit=34359738368
BLOCK_V4_CANDIDATE_MEMORY stage=native-key-ready index=63 live=400902569 peak=9750828479 limit=34359738368
BLOCK_V4_CANDIDATE_MEMORY stage=segment-released index=63 live=48346722 peak=9750828479 limit=34359738368
BLOCK_V4_CANDIDATE_PROGRESS completed=64 total=218
BLOCK_V4_CANDIDATE_MEMORY stage=segment-loaded index=64 live=140171322 peak=9750828479 limit=34359738368
BLOCK_V4_CANDIDATE_MEMORY stage=witness-ready index=64 live=8273093116 peak=9750828479 limit=34359738368
BLOCK_V4_CANDIDATE_MEMORY stage=witness-released index=64 live=205238238 peak=9750828479 limit=34359738368
BLOCK_V4_CANDIDATE_MEMORY stage=native-key-ready index=64 live=400617891 peak=9750828479 limit=34359738368
BLOCK_V4_CANDIDATE_MEMORY stage=segment-released index=64 live=48346722 peak=9750828479 limit=34359738368
BLOCK_V4_CANDIDATE_MEMORY stage=segment-loaded index=65 live=140253138 peak=9750828479 limit=34359738368
BLOCK_V4_CANDIDATE_MEMORY stage=witness-ready index=65 live=8272118186 peak=9750828479 limit=34359738368
BLOCK_V4_CANDIDATE_MEMORY stage=witness-released index=65 live=205389942 peak=9750828479 limit=34359738368
BLOCK_V4_CANDIDATE_MEMORY stage=native-key-ready index=65 live=401267547 peak=9750828479 limit=34359738368
BLOCK_V4_CANDIDATE_MEMORY stage=segment-released index=65 live=48346722 peak=9750828479 limit=34359738368
BLOCK_V4_CANDIDATE_MEMORY stage=segment-loaded index=66 live=140332338 peak=9750828479 limit=34359738368
BLOCK_V4_CANDIDATE_MEMORY stage=witness-ready index=66 live=8274652327 peak=9750828479 limit=34359738368
BLOCK_V4_CANDIDATE_MEMORY stage=witness-released index=66 live=205508662 peak=9750828479 limit=34359738368
BLOCK_V4_CANDIDATE_MEMORY stage=native-key-ready index=66 live=401667847 peak=9750828479 limit=34359738368
BLOCK_V4_CANDIDATE_MEMORY stage=segment-released index=66 live=48346722 peak=9750828479 limit=34359738368
BLOCK_V4_CANDIDATE_MEMORY stage=segment-loaded index=67 live=161825442 peak=9750828479 limit=34359738368
BLOCK_V4_CANDIDATE_MEMORY stage=witness-ready index=67 live=8216104542 peak=9750828479 limit=34359738368
BLOCK_V4_CANDIDATE_MEMORY stage=witness-released index=67 live=226636310 peak=9750828479 limit=34359738368
BLOCK_V4_CANDIDATE_MEMORY stage=native-key-ready index=67 live=420191621 peak=9750828479 limit=34359738368
BLOCK_V4_CANDIDATE_MEMORY stage=segment-released index=67 live=48414306 peak=9750828479 limit=34359738368
BLOCK_V4_CANDIDATE_MEMORY stage=segment-loaded index=68 live=179843738 peak=9750828479 limit=34359738368
BLOCK_V4_CANDIDATE_MEMORY stage=witness-ready index=68 live=8226107961 peak=9750828479 limit=34359738368
BLOCK_V4_CANDIDATE_MEMORY stage=witness-released index=68 live=244731670 peak=9750828479 limit=34359738368
BLOCK_V4_CANDIDATE_MEMORY stage=native-key-ready index=68 live=438836062 peak=9750828479 limit=34359738368
BLOCK_V4_CANDIDATE_MEMORY stage=segment-released index=68 live=48481890 peak=9750828479 limit=34359738368
BLOCK_V4_CANDIDATE_MEMORY stage=segment-loaded index=69 live=180234674 peak=9750828479 limit=34359738368
BLOCK_V4_CANDIDATE_MEMORY stage=witness-ready index=69 live=8227007751 peak=9750828479 limit=34359738368
BLOCK_V4_CANDIDATE_MEMORY stage=witness-released index=69 live=245063222 peak=9750828479 limit=34359738368
BLOCK_V4_CANDIDATE_MEMORY stage=native-key-ready index=69 live=438744503 peak=9750828479 limit=34359738368
BLOCK_V4_CANDIDATE_MEMORY stage=segment-released index=69 live=48549474 peak=9750828479 limit=34359738368
BLOCK_V4_CANDIDATE_MEMORY stage=segment-loaded index=70 live=180639078 peak=9750828479 limit=34359738368
BLOCK_V4_CANDIDATE_MEMORY stage=witness-ready index=70 live=8226272382 peak=9750828479 limit=34359738368
BLOCK_V4_CANDIDATE_MEMORY stage=witness-released index=70 live=245475426 peak=9750828479 limit=34359738368
BLOCK_V4_CANDIDATE_MEMORY stage=native-key-ready index=70 live=439212282 peak=9750828479 limit=34359738368
BLOCK_V4_CANDIDATE_MEMORY stage=segment-released index=70 live=48617058 peak=9750828479 limit=34359738368
BLOCK_V4_CANDIDATE_MEMORY stage=segment-loaded index=71 live=181038590 peak=9750828479 limit=34359738368
BLOCK_V4_CANDIDATE_MEMORY stage=witness-ready index=71 live=8227479482 peak=9750828479 limit=34359738368
BLOCK_V4_CANDIDATE_MEMORY stage=witness-released index=71 live=245902082 peak=9750828479 limit=34359738368
BLOCK_V4_CANDIDATE_MEMORY stage=native-key-ready index=71 live=439832339 peak=9750828479 limit=34359738368
BLOCK_V4_CANDIDATE_MEMORY stage=segment-released index=71 live=48684642 peak=9750828479 limit=34359738368
BLOCK_V4_CANDIDATE_MEMORY stage=segment-loaded index=72 live=186274026 peak=9750828479 limit=34359738368
BLOCK_V4_CANDIDATE_MEMORY stage=witness-ready index=72 live=8233444914 peak=9750828479 limit=34359738368
BLOCK_V4_CANDIDATE_MEMORY stage=witness-released index=72 live=251101430 peak=9750828479 limit=34359738368
BLOCK_V4_CANDIDATE_MEMORY stage=native-key-ready index=72 live=444774560 peak=9750828479 limit=34359738368
BLOCK_V4_CANDIDATE_MEMORY stage=segment-released index=72 live=53594974 peak=9750828479 limit=34359738368
BLOCK_V4_CANDIDATE_MEMORY stage=segment-loaded index=73 live=186673542 peak=9750828479 limit=34359738368
BLOCK_V4_CANDIDATE_MEMORY stage=witness-ready index=73 live=8234277901 peak=9750828479 limit=34359738368
BLOCK_V4_CANDIDATE_MEMORY stage=witness-released index=73 live=251488882 peak=9750828479 limit=34359738368
BLOCK_V4_CANDIDATE_MEMORY stage=native-key-ready index=73 live=445076056 peak=9750828479 limit=34359738368
BLOCK_V4_CANDIDATE_MEMORY stage=segment-released index=73 live=53662558 peak=9750828479 limit=34359738368
BLOCK_V4_CANDIDATE_MEMORY stage=segment-loaded index=74 live=187073866 peak=9750828479 limit=34359738368
BLOCK_V4_CANDIDATE_MEMORY stage=witness-ready index=74 live=8236991241 peak=9750828479 limit=34359738368
BLOCK_V4_CANDIDATE_MEMORY stage=witness-released index=74 live=251901686 peak=9750828479 limit=34359738368
BLOCK_V4_CANDIDATE_MEMORY stage=native-key-ready index=74 live=445577780 peak=9750828479 limit=34359738368
BLOCK_V4_CANDIDATE_MEMORY stage=segment-released index=74 live=53730142 peak=9750828479 limit=34359738368
BLOCK_V4_CANDIDATE_MEMORY stage=segment-loaded index=75 live=187469514 peak=9750828479 limit=34359738368
BLOCK_V4_CANDIDATE_MEMORY stage=witness-ready index=75 live=8237114495 peak=9750828479 limit=34359738368
BLOCK_V4_CANDIDATE_MEMORY stage=witness-released index=75 live=252284646 peak=9750828479 limit=34359738368
BLOCK_V4_CANDIDATE_MEMORY stage=native-key-ready index=75 live=445870338 peak=9750828479 limit=34359738368
BLOCK_V4_CANDIDATE_MEMORY stage=segment-released index=75 live=53797726 peak=9750828479 limit=34359738368
BLOCK_V4_CANDIDATE_MEMORY stage=segment-loaded index=76 live=187872686 peak=9750828479 limit=34359738368
BLOCK_V4_CANDIDATE_MEMORY stage=witness-ready index=76 live=8238365387 peak=9750828479 limit=34359738368
BLOCK_V4_CANDIDATE_MEMORY stage=witness-released index=76 live=252714442 peak=9750828479 limit=34359738368
BLOCK_V4_CANDIDATE_MEMORY stage=native-key-ready index=76 live=446489830 peak=9750828479 limit=34359738368
BLOCK_V4_CANDIDATE_MEMORY stage=segment-released index=76 live=53865310 peak=9750828479 limit=34359738368
BLOCK_V4_CANDIDATE_MEMORY stage=segment-loaded index=77 live=188267530 peak=9750828479 limit=34359738368
BLOCK_V4_CANDIDATE_MEMORY stage=witness-ready index=77 live=8240645451 peak=9750828479 limit=34359738368
BLOCK_V4_CANDIDATE_MEMORY stage=witness-released index=77 live=253081206 peak=9750828479 limit=34359738368
BLOCK_V4_CANDIDATE_MEMORY stage=native-key-ready index=77 live=446656524 peak=9750828479 limit=34359738368
BLOCK_V4_CANDIDATE_MEMORY stage=segment-released index=77 live=53932894 peak=9750828479 limit=34359738368
BLOCK_V4_CANDIDATE_MEMORY stage=segment-loaded index=78 live=188668882 peak=9750828479 limit=34359738368
BLOCK_V4_CANDIDATE_MEMORY stage=witness-ready index=78 live=8241686475 peak=9750828479 limit=34359738368
BLOCK_V4_CANDIDATE_MEMORY stage=witness-released index=78 live=253499302 peak=9750828479 limit=34359738368
BLOCK_V4_CANDIDATE_MEMORY stage=native-key-ready index=78 live=447193921 peak=9750828479 limit=34359738368
BLOCK_V4_CANDIDATE_MEMORY stage=segment-released index=78 live=54000478 peak=9750828479 limit=34359738368
BLOCK_V4_CANDIDATE_MEMORY stage=segment-loaded index=79 live=189061090 peak=9750828479 limit=34359738368
BLOCK_V4_CANDIDATE_MEMORY stage=witness-ready index=79 live=8241048051 peak=9750828479 limit=34359738368
BLOCK_V4_CANDIDATE_MEMORY stage=witness-released index=79 live=253853862 peak=9750828479 limit=34359738368
BLOCK_V4_CANDIDATE_MEMORY stage=native-key-ready index=79 live=447280239 peak=9750828479 limit=34359738368
BLOCK_V4_CANDIDATE_MEMORY stage=segment-released index=79 live=54068062 peak=9750828479 limit=34359738368
BLOCK_V4_CANDIDATE_PROGRESS completed=80 total=218
BLOCK_V4_CANDIDATE_MEMORY stage=segment-loaded index=80 live=189461370 peak=9750828479 limit=34359738368
BLOCK_V4_CANDIDATE_MEMORY stage=witness-ready index=80 live=8243633257 peak=9750828479 limit=34359738368
BLOCK_V4_CANDIDATE_MEMORY stage=witness-released index=80 live=254293870 peak=9750828479 limit=34359738368
BLOCK_V4_CANDIDATE_MEMORY stage=native-key-ready index=80 live=448003309 peak=9750828479 limit=34359738368
BLOCK_V4_CANDIDATE_MEMORY stage=segment-released index=80 live=54135646 peak=9750828479 limit=34359738368
BLOCK_V4_CANDIDATE_MEMORY stage=segment-loaded index=81 live=189856442 peak=9750828479 limit=34359738368
BLOCK_V4_CANDIDATE_MEMORY stage=witness-ready index=81 live=8243915331 peak=9750828479 limit=34359738368
BLOCK_V4_CANDIDATE_MEMORY stage=witness-released index=81 live=254700486 peak=9750828479 limit=34359738368
BLOCK_V4_CANDIDATE_MEMORY stage=native-key-ready index=81 live=448492176 peak=9750828479 limit=34359738368
BLOCK_V4_CANDIDATE_MEMORY stage=segment-released index=81 live=54203230 peak=9750828479 limit=34359738368
BLOCK_V4_CANDIDATE_MEMORY stage=segment-loaded index=82 live=190253654 peak=9750828479 limit=34359738368
BLOCK_V4_CANDIDATE_MEMORY stage=witness-ready index=82 live=8244939379 peak=9750828479 limit=34359738368
BLOCK_V4_CANDIDATE_MEMORY stage=witness-released index=82 live=255090522 peak=9750828479 limit=34359738368
BLOCK_V4_CANDIDATE_MEMORY stage=native-key-ready index=82 live=448831083 peak=9750828479 limit=34359738368
BLOCK_V4_CANDIDATE_MEMORY stage=segment-released index=82 live=54270814 peak=9750828479 limit=34359738368
BLOCK_V4_CANDIDATE_MEMORY stage=segment-loaded index=83 live=190657142 peak=9750828479 limit=34359738368
BLOCK_V4_CANDIDATE_MEMORY stage=witness-ready index=83 live=8250423901 peak=9750828479 limit=34359738368
BLOCK_V4_CANDIDATE_MEMORY stage=witness-released index=83 live=255509402 peak=9750828479 limit=34359738368
BLOCK_V4_CANDIDATE_MEMORY stage=native-key-ready index=83 live=449359631 peak=9750828479 limit=34359738368
BLOCK_V4_CANDIDATE_MEMORY stage=segment-released index=83 live=54338398 peak=9750828479 limit=34359738368
BLOCK_V4_CANDIDATE_MEMORY stage=segment-loaded index=84 live=191051650 peak=9750828479 limit=34359738368
BLOCK_V4_CANDIDATE_MEMORY stage=witness-ready index=84 live=8247124790 peak=9750828479 limit=34359738368
BLOCK_V4_CANDIDATE_MEMORY stage=witness-released index=84 live=255882382 peak=9750828479 limit=34359738368
BLOCK_V4_CANDIDATE_MEMORY stage=native-key-ready index=84 live=449579224 peak=9750828479 limit=34359738368
BLOCK_V4_CANDIDATE_MEMORY stage=segment-released index=84 live=54405982 peak=9750828479 limit=34359738368
BLOCK_V4_CANDIDATE_MEMORY stage=segment-loaded index=85 live=191441682 peak=9750828479 limit=34359738368
BLOCK_V4_CANDIDATE_MEMORY stage=witness-ready index=85 live=8250557394 peak=9750828479 limit=34359738368
BLOCK_V4_CANDIDATE_MEMORY stage=witness-released index=85 live=256263158 peak=9750828479 limit=34359738368
BLOCK_V4_CANDIDATE_MEMORY stage=native-key-ready index=85 live=449894051 peak=9750828479 limit=34359738368
BLOCK_V4_CANDIDATE_MEMORY stage=segment-released index=85 live=54473566 peak=9750828479 limit=34359738368
BLOCK_V4_CANDIDATE_MEMORY stage=segment-loaded index=86 live=191856226 peak=9750828479 limit=34359738368
BLOCK_V4_CANDIDATE_MEMORY stage=witness-ready index=86 live=8251856559 peak=9750828479 limit=34359738368
BLOCK_V4_CANDIDATE_MEMORY stage=witness-released index=86 live=256732302 peak=9750828479 limit=34359738368
BLOCK_V4_CANDIDATE_MEMORY stage=native-key-ready index=86 live=450752220 peak=9750828479 limit=34359738368
BLOCK_V4_CANDIDATE_MEMORY stage=segment-released index=86 live=54541150 peak=9750828479 limit=34359738368
BLOCK_V4_CANDIDATE_MEMORY stage=segment-loaded index=87 live=192254254 peak=9750828479 limit=34359738368
BLOCK_V4_CANDIDATE_MEMORY stage=witness-ready index=87 live=8251432427 peak=9750828479 limit=34359738368
BLOCK_V4_CANDIDATE_MEMORY stage=witness-released index=87 live=257119722 peak=9750828479 limit=34359738368
BLOCK_V4_CANDIDATE_MEMORY stage=native-key-ready index=87 live=451064058 peak=9750828479 limit=34359738368
BLOCK_V4_CANDIDATE_MEMORY stage=segment-released index=87 live=54608734 peak=9750828479 limit=34359738368
BLOCK_V4_CANDIDATE_MEMORY stage=segment-loaded index=88 live=192654190 peak=9750828479 limit=34359738368
BLOCK_V4_CANDIDATE_MEMORY stage=witness-ready index=88 live=8253954075 peak=9750828479 limit=34359738368
BLOCK_V4_CANDIDATE_MEMORY stage=witness-released index=88 live=257527874 peak=9750828479 limit=34359738368
BLOCK_V4_CANDIDATE_MEMORY stage=native-key-ready index=88 live=451530749 peak=9750828479 limit=34359738368
BLOCK_V4_CANDIDATE_MEMORY stage=segment-released index=88 live=54676318 peak=9750828479 limit=34359738368
BLOCK_V4_CANDIDATE_MEMORY stage=segment-loaded index=89 live=193062510 peak=9750828479 limit=34359738368
BLOCK_V4_CANDIDATE_MEMORY stage=witness-ready index=89 live=8255243426 peak=9750828479 limit=34359738368
BLOCK_V4_CANDIDATE_MEMORY stage=witness-released index=89 live=257958762 peak=9750828479 limit=34359738368
BLOCK_V4_CANDIDATE_MEMORY stage=native-key-ready index=89 live=452122434 peak=9750828479 limit=34359738368
BLOCK_V4_CANDIDATE_MEMORY stage=segment-released index=89 live=54743902 peak=9750828479 limit=34359738368
BLOCK_V4_CANDIDATE_MEMORY stage=segment-loaded index=90 live=193449774 peak=9750828479 limit=34359738368
BLOCK_V4_CANDIDATE_MEMORY stage=witness-ready index=90 live=8254291513 peak=9750828479 limit=34359738368
BLOCK_V4_CANDIDATE_MEMORY stage=witness-released index=90 live=258260746 peak=9750828479 limit=34359738368
BLOCK_V4_CANDIDATE_MEMORY stage=native-key-ready index=90 live=451816798 peak=9750828479 limit=34359738368
BLOCK_V4_CANDIDATE_MEMORY stage=segment-released index=90 live=54811486 peak=9750828479 limit=34359738368
BLOCK_V4_CANDIDATE_MEMORY stage=segment-loaded index=91 live=193853362 peak=9750828479 limit=34359738368
BLOCK_V4_CANDIDATE_MEMORY stage=witness-ready index=91 live=8257100129 peak=9750828479 limit=34359738368
BLOCK_V4_CANDIDATE_MEMORY stage=witness-released index=91 live=258685966 peak=9750828479 limit=34359738368
BLOCK_V4_CANDIDATE_MEMORY stage=native-key-ready index=91 live=452396146 peak=9750828479 limit=34359738368
BLOCK_V4_CANDIDATE_MEMORY stage=segment-released index=91 live=54879070 peak=9750828479 limit=34359738368
BLOCK_V4_CANDIDATE_MEMORY stage=segment-loaded index=92 live=176476502 peak=9750828479 limit=34359738368
BLOCK_V4_CANDIDATE_MEMORY stage=witness-ready index=92 live=4941440821 peak=9750828479 limit=34359738368
BLOCK_V4_CANDIDATE_MEMORY stage=witness-released index=92 live=241108386 peak=9750828479 limit=34359738368
BLOCK_V4_CANDIDATE_MEMORY stage=native-key-ready index=92 live=433388436 peak=9750828479 limit=34359738368
BLOCK_V4_CANDIDATE_MEMORY stage=segment-released index=92 live=54946654 peak=9750828479 limit=34359738368
BLOCK_V4_CANDIDATE_MEMORY stage=segment-loaded index=93 live=140855986 peak=9750828479 limit=34359738368
BLOCK_V4_CANDIDATE_MEMORY stage=witness-ready index=93 live=8217181949 peak=9750828479 limit=34359738368
BLOCK_V4_CANDIDATE_MEMORY stage=witness-released index=93 live=206427926 peak=9750828479 limit=34359738368
BLOCK_V4_CANDIDATE_MEMORY stage=native-key-ready index=93 live=405405875 peak=9750828479 limit=34359738368
BLOCK_V4_CANDIDATE_MEMORY stage=segment-released index=93 live=54946654 peak=9750828479 limit=34359738368
BLOCK_V4_CANDIDATE_MEMORY stage=segment-loaded index=94 live=131109274 peak=9750828479 limit=34359738368
BLOCK_V4_CANDIDATE_MEMORY stage=witness-ready index=94 live=8176867945 peak=9750828479 limit=34359738368
BLOCK_V4_CANDIDATE_MEMORY stage=witness-released index=94 live=196344254 peak=9750828479 limit=34359738368
BLOCK_V4_CANDIDATE_MEMORY stage=native-key-ready index=94 live=392921363 peak=9750828479 limit=34359738368
BLOCK_V4_CANDIDATE_MEMORY stage=segment-released index=94 live=54946654 peak=9750828479 limit=34359738368
BLOCK_V4_CANDIDATE_MEMORY stage=segment-loaded index=95 live=131110770 peak=9750828479 limit=34359738368
BLOCK_V4_CANDIDATE_MEMORY stage=witness-ready index=95 live=8198626688 peak=9750828479 limit=34359738368
BLOCK_V4_CANDIDATE_MEMORY stage=witness-released index=95 live=196325158 peak=9750828479 limit=34359738368
BLOCK_V4_CANDIDATE_MEMORY stage=native-key-ready index=95 live=392755549 peak=9750828479 limit=34359738368
BLOCK_V4_CANDIDATE_MEMORY stage=segment-released index=95 live=54946654 peak=9750828479 limit=34359738368
BLOCK_V4_CANDIDATE_PROGRESS completed=96 total=218
BLOCK_V4_CANDIDATE_MEMORY stage=segment-loaded index=96 live=131116634 peak=9750828479 limit=34359738368
BLOCK_V4_CANDIDATE_MEMORY stage=witness-ready index=96 live=8198854585 peak=9750828479 limit=34359738368
BLOCK_V4_CANDIDATE_MEMORY stage=witness-released index=96 live=196374494 peak=9750828479 limit=34359738368
BLOCK_V4_CANDIDATE_MEMORY stage=native-key-ready index=96 live=393114623 peak=9750828479 limit=34359738368
BLOCK_V4_CANDIDATE_MEMORY stage=segment-released index=96 live=54946654 peak=9750828479 limit=34359738368
BLOCK_V4_CANDIDATE_MEMORY stage=segment-loaded index=97 live=131116170 peak=9750828479 limit=34359738368
BLOCK_V4_CANDIDATE_MEMORY stage=witness-ready index=97 live=8199188557 peak=9750828479 limit=34359738368
BLOCK_V4_CANDIDATE_MEMORY stage=witness-released index=97 live=196313398 peak=9750828479 limit=34359738368
BLOCK_V4_CANDIDATE_MEMORY stage=native-key-ready index=97 live=392621524 peak=9750828479 limit=34359738368
BLOCK_V4_CANDIDATE_MEMORY stage=segment-released index=97 live=54946654 peak=9750828479 limit=34359738368
BLOCK_V4_CANDIDATE_MEMORY stage=segment-loaded index=98 live=131124282 peak=9750828479 limit=34359738368
BLOCK_V4_CANDIDATE_MEMORY stage=witness-ready index=98 live=8199518252 peak=9750828479 limit=34359738368
BLOCK_V4_CANDIDATE_MEMORY stage=witness-released index=98 live=196379646 peak=9750828479 limit=34359738368
BLOCK_V4_CANDIDATE_MEMORY stage=native-key-ready index=98 live=393101991 peak=9750828479 limit=34359738368
BLOCK_V4_CANDIDATE_MEMORY stage=segment-released index=98 live=54946654 peak=9750828479 limit=34359738368
BLOCK_V4_CANDIDATE_MEMORY stage=segment-loaded index=99 live=131128890 peak=9750828479 limit=34359738368
BLOCK_V4_CANDIDATE_MEMORY stage=witness-ready index=99 live=8199193883 peak=9750828479 limit=34359738368
BLOCK_V4_CANDIDATE_MEMORY stage=witness-released index=99 live=196411398 peak=9750828479 limit=34359738368
BLOCK_V4_CANDIDATE_MEMORY stage=native-key-ready index=99 live=393327144 peak=9750828479 limit=34359738368
BLOCK_V4_CANDIDATE_MEMORY stage=segment-released index=99 live=54946654 peak=9750828479 limit=34359738368
BLOCK_V4_CANDIDATE_MEMORY stage=segment-loaded index=100 live=131126266 peak=9750828479 limit=34359738368
BLOCK_V4_CANDIDATE_MEMORY stage=witness-ready index=100 live=8198504938 peak=9750828479 limit=34359738368
BLOCK_V4_CANDIDATE_MEMORY stage=witness-released index=100 live=196338262 peak=9750828479 limit=34359738368
BLOCK_V4_CANDIDATE_MEMORY stage=native-key-ready index=100 live=392751610 peak=9750828479 limit=34359738368
BLOCK_V4_CANDIDATE_MEMORY stage=segment-released index=100 live=54946654 peak=9750828479 limit=34359738368
BLOCK_V4_CANDIDATE_MEMORY stage=segment-loaded index=101 live=131132090 peak=9750828479 limit=34359738368
BLOCK_V4_CANDIDATE_MEMORY stage=witness-ready index=101 live=8198627333 peak=9750828479 limit=34359738368
BLOCK_V4_CANDIDATE_MEMORY stage=witness-released index=101 live=196394318 peak=9750828479 limit=34359738368
BLOCK_V4_CANDIDATE_MEMORY stage=native-key-ready index=101 live=393165569 peak=9750828479 limit=34359738368
BLOCK_V4_CANDIDATE_MEMORY stage=segment-released index=101 live=54946654 peak=9750828479 limit=34359738368
BLOCK_V4_CANDIDATE_MEMORY stage=segment-loaded index=102 live=131132314 peak=9750828479 limit=34359738368
BLOCK_V4_CANDIDATE_MEMORY stage=witness-ready index=102 live=8198694154 peak=9750828479 limit=34359738368
BLOCK_V4_CANDIDATE_MEMORY stage=witness-released index=102 live=196361054 peak=9750828479 limit=34359738368
BLOCK_V4_CANDIDATE_MEMORY stage=native-key-ready index=102 live=392893703 peak=9750828479 limit=34359738368
BLOCK_V4_CANDIDATE_MEMORY stage=segment-released index=102 live=54946654 peak=9750828479 limit=34359738368
BLOCK_V4_CANDIDATE_MEMORY stage=segment-loaded index=103 live=131146354 peak=9750828479 limit=34359738368
BLOCK_V4_CANDIDATE_MEMORY stage=witness-ready index=103 live=8200514551 peak=9750828479 limit=34359738368
BLOCK_V4_CANDIDATE_MEMORY stage=witness-released index=103 live=196521214 peak=9750828479 limit=34359738368
BLOCK_V4_CANDIDATE_MEMORY stage=native-key-ready index=103 live=394094968 peak=9750828479 limit=34359738368
BLOCK_V4_CANDIDATE_MEMORY stage=segment-released index=103 live=54946654 peak=9750828479 limit=34359738368
BLOCK_V4_CANDIDATE_MEMORY stage=segment-loaded index=104 live=167241390 peak=9750828479 limit=34359738368
BLOCK_V4_CANDIDATE_MEMORY stage=witness-ready index=104 live=8262747733 peak=9750828479 limit=34359738368
BLOCK_V4_CANDIDATE_MEMORY stage=witness-released index=104 live=232402426 peak=9750828479 limit=34359738368
BLOCK_V4_CANDIDATE_MEMORY stage=native-key-ready index=104 live=428452684 peak=9750828479 limit=34359738368
BLOCK_V4_CANDIDATE_MEMORY stage=segment-released index=104 live=55014238 peak=9750828479 limit=34359738368
BLOCK_V4_CANDIDATE_MEMORY stage=segment-loaded index=105 live=177846318 peak=9750828479 limit=34359738368
BLOCK_V4_CANDIDATE_MEMORY stage=witness-ready index=105 live=8220303234 peak=9750828479 limit=34359738368
BLOCK_V4_CANDIDATE_MEMORY stage=witness-released index=105 live=242840122 peak=9750828479 limit=34359738368
BLOCK_V4_CANDIDATE_MEMORY stage=native-key-ready index=105 live=437698852 peak=9750828479 limit=34359738368
BLOCK_V4_CANDIDATE_MEMORY stage=segment-released index=105 live=55352158 peak=9750828479 limit=34359738368
BLOCK_V4_CANDIDATE_MEMORY stage=segment-loaded index=106 live=177508598 peak=9750828479 limit=34359738368
BLOCK_V4_CANDIDATE_MEMORY stage=witness-ready index=106 live=4924730907 peak=9750828479 limit=34359738368
BLOCK_V4_CANDIDATE_MEMORY stage=witness-released index=106 live=242109282 peak=9750828479 limit=34359738368
BLOCK_V4_CANDIDATE_MEMORY stage=native-key-ready index=106 live=434167032 peak=9750828479 limit=34359738368
BLOCK_V4_CANDIDATE_MEMORY stage=segment-released index=106 live=55419742 peak=9750828479 limit=34359738368
BLOCK_V4_CANDIDATE_MEMORY stage=segment-loaded index=107 live=195828506 peak=9750828479 limit=34359738368
BLOCK_V4_CANDIDATE_MEMORY stage=witness-ready index=107 live=8268276872 peak=9750828479 limit=34359738368
BLOCK_V4_CANDIDATE_MEMORY stage=witness-released index=107 live=260726630 peak=9750828479 limit=34359738368
BLOCK_V4_CANDIDATE_MEMORY stage=native-key-ready index=107 live=454903640 peak=9750828479 limit=34359738368
BLOCK_V4_CANDIDATE_MEMORY stage=segment-released index=107 live=55487326 peak=9750828479 limit=34359738368
BLOCK_V4_CANDIDATE_MEMORY stage=segment-loaded index=108 live=196217402 peak=9750828479 limit=34359738368
BLOCK_V4_CANDIDATE_MEMORY stage=witness-ready index=108 live=8264115702 peak=9750828479 limit=34359738368
BLOCK_V4_CANDIDATE_MEMORY stage=witness-released index=108 live=261014646 peak=9750828479 limit=34359738368
BLOCK_V4_CANDIDATE_MEMORY stage=native-key-ready index=108 live=454472886 peak=9750828479 limit=34359738368
BLOCK_V4_CANDIDATE_MEMORY stage=segment-released index=108 live=55554910 peak=9750828479 limit=34359738368
BLOCK_V4_CANDIDATE_MEMORY stage=segment-loaded index=109 live=196632262 peak=9750828479 limit=34359738368
BLOCK_V4_CANDIDATE_MEMORY stage=witness-ready index=109 live=8268483836 peak=9750828479 limit=34359738368
BLOCK_V4_CANDIDATE_MEMORY stage=witness-released index=109 live=261498354 peak=9750828479 limit=34359738368
BLOCK_V4_CANDIDATE_MEMORY stage=native-key-ready index=109 live=455447136 peak=9750828479 limit=34359738368
BLOCK_V4_CANDIDATE_MEMORY stage=segment-released index=109 live=55622494 peak=9750828479 limit=34359738368
BLOCK_V4_CANDIDATE_MEMORY stage=segment-loaded index=110 live=197026990 peak=9750828479 limit=34359738368
BLOCK_V4_CANDIDATE_MEMORY stage=witness-ready index=110 live=8265109911 peak=9750828479 limit=34359738368
BLOCK_V4_CANDIDATE_MEMORY stage=witness-released index=110 live=261829434 peak=9750828479 limit=34359738368
BLOCK_V4_CANDIDATE_MEMORY stage=native-key-ready index=110 live=455324724 peak=9750828479 limit=34359738368
BLOCK_V4_CANDIDATE_MEMORY stage=segment-released index=110 live=55690078 peak=9750828479 limit=34359738368
BLOCK_V4_CANDIDATE_MEMORY stage=segment-loaded index=111 live=197530586 peak=9750828479 limit=34359738368
BLOCK_V4_CANDIDATE_MEMORY stage=witness-ready index=111 live=8269485667 peak=9750828479 limit=34359738368
BLOCK_V4_CANDIDATE_MEMORY stage=witness-released index=111 live=262426942 peak=9750828479 limit=34359738368
BLOCK_V4_CANDIDATE_MEMORY stage=native-key-ready index=111 live=456591355 peak=9750828479 limit=34359738368
BLOCK_V4_CANDIDATE_MEMORY stage=segment-released index=111 live=55757662 peak=9750828479 limit=34359738368
BLOCK_V4_CANDIDATE_PROGRESS completed=112 total=218
BLOCK_V4_CANDIDATE_MEMORY stage=segment-loaded index=112 live=180360934 peak=9750828479 limit=34359738368
BLOCK_V4_CANDIDATE_MEMORY stage=witness-ready index=112 live=8239878756 peak=9750828479 limit=34359738368
BLOCK_V4_CANDIDATE_MEMORY stage=witness-released index=112 live=245472362 peak=9750828479 limit=34359738368
BLOCK_V4_CANDIDATE_MEMORY stage=native-key-ready index=112 live=441169163 peak=9750828479 limit=34359738368
BLOCK_V4_CANDIDATE_MEMORY stage=segment-released index=112 live=55825246 peak=9750828479 limit=34359738368
BLOCK_V4_CANDIDATE_MEMORY stage=segment-loaded index=113 live=198148462 peak=9750828479 limit=34359738368
BLOCK_V4_CANDIDATE_MEMORY stage=witness-ready index=113 live=8269705457 peak=9750828479 limit=34359738368
BLOCK_V4_CANDIDATE_MEMORY stage=witness-released index=113 live=262939986 peak=9750828479 limit=34359738368
BLOCK_V4_CANDIDATE_MEMORY stage=native-key-ready index=113 live=456357471 peak=9750828479 limit=34359738368
BLOCK_V4_CANDIDATE_MEMORY stage=segment-released index=113 live=55892830 peak=9750828479 limit=34359738368
BLOCK_V4_CANDIDATE_MEMORY stage=segment-loaded index=114 live=198558218 peak=9750828479 limit=34359738368
BLOCK_V4_CANDIDATE_MEMORY stage=witness-ready index=114 live=8274654133 peak=9750828479 limit=34359738368
BLOCK_V4_CANDIDATE_MEMORY stage=witness-released index=114 live=263406838 peak=9750828479 limit=34359738368
BLOCK_V4_CANDIDATE_MEMORY stage=native-key-ready index=114 live=457231132 peak=9750828479 limit=34359738368
BLOCK_V4_CANDIDATE_MEMORY stage=segment-released index=114 live=55960414 peak=9750828479 limit=34359738368
BLOCK_V4_CANDIDATE_MEMORY stage=segment-loaded index=115 live=198943854 peak=9750828479 limit=34359738368
BLOCK_V4_CANDIDATE_MEMORY stage=witness-ready index=115 live=8271278224 peak=9750828479 limit=34359738368
BLOCK_V4_CANDIDATE_MEMORY stage=witness-released index=115 live=263714370 peak=9750828479 limit=34359738368
BLOCK_V4_CANDIDATE_MEMORY stage=native-key-ready index=115 live=456982173 peak=9750828479 limit=34359738368
BLOCK_V4_CANDIDATE_MEMORY stage=segment-released index=115 live=56027998 peak=9750828479 limit=34359738368
BLOCK_V4_CANDIDATE_MEMORY stage=segment-loaded index=116 live=181885078 peak=9750828479 limit=34359738368
BLOCK_V4_CANDIDATE_MEMORY stage=witness-ready index=116 live=8251133290 peak=9750828479 limit=34359738368
BLOCK_V4_CANDIDATE_MEMORY stage=witness-released index=116 live=246843730 peak=9750828479 limit=34359738368
BLOCK_V4_CANDIDATE_MEMORY stage=native-key-ready index=116 live=441452002 peak=9750828479 limit=34359738368
BLOCK_V4_CANDIDATE_MEMORY stage=segment-released index=116 live=56095582 peak=9750828479 limit=34359738368
BLOCK_V4_CANDIDATE_MEMORY stage=segment-loaded index=117 live=199709638 peak=9750828479 limit=34359738368
BLOCK_V4_CANDIDATE_MEMORY stage=witness-ready index=117 live=8277554271 peak=9750828479 limit=34359738368
BLOCK_V4_CANDIDATE_MEMORY stage=witness-released index=117 live=264580202 peak=9750828479 limit=34359738368
BLOCK_V4_CANDIDATE_MEMORY stage=native-key-ready index=117 live=458560847 peak=9750828479 limit=34359738368
BLOCK_V4_CANDIDATE_MEMORY stage=segment-released index=117 live=56163166 peak=9750828479 limit=34359738368
BLOCK_V4_CANDIDATE_MEMORY stage=segment-loaded index=118 live=200119750 peak=9750828479 limit=34359738368
BLOCK_V4_CANDIDATE_MEMORY stage=witness-ready index=118 live=8276705584 peak=9750828479 limit=34359738368
BLOCK_V4_CANDIDATE_MEMORY stage=witness-released index=118 live=264993538 peak=9750828479 limit=34359738368
BLOCK_V4_CANDIDATE_MEMORY stage=native-key-ready index=118 live=458997154 peak=9750828479 limit=34359738368
BLOCK_V4_CANDIDATE_MEMORY stage=segment-released index=118 live=56230750 peak=9750828479 limit=34359738368
BLOCK_V4_CANDIDATE_MEMORY stage=segment-loaded index=119 live=200517906 peak=9750828479 limit=34359738368
BLOCK_V4_CANDIDATE_MEMORY stage=witness-ready index=119 live=8277843716 peak=9750828479 limit=34359738368
BLOCK_V4_CANDIDATE_MEMORY stage=witness-released index=119 live=265353630 peak=9750828479 limit=34359738368
BLOCK_V4_CANDIDATE_MEMORY stage=native-key-ready index=119 live=459086040 peak=9750828479 limit=34359738368
BLOCK_V4_CANDIDATE_MEMORY stage=segment-released index=119 live=56298334 peak=9750828479 limit=34359738368
BLOCK_V4_CANDIDATE_MEMORY stage=segment-loaded index=120 live=200914902 peak=9750828479 limit=34359738368
BLOCK_V4_CANDIDATE_MEMORY stage=witness-ready index=120 live=8279381801 peak=9750828479 limit=34359738368
BLOCK_V4_CANDIDATE_MEMORY stage=witness-released index=120 live=265708922 peak=9750828479 limit=34359738368
BLOCK_V4_CANDIDATE_MEMORY stage=native-key-ready index=120 live=459144191 peak=9750828479 limit=34359738368
BLOCK_V4_CANDIDATE_MEMORY stage=segment-released index=120 live=56365918 peak=9750828479 limit=34359738368
BLOCK_V4_CANDIDATE_MEMORY stage=segment-loaded index=121 live=201314362 peak=9750828479 limit=34359738368
BLOCK_V4_CANDIDATE_MEMORY stage=witness-ready index=121 live=8280687316 peak=9750828479 limit=34359738368
BLOCK_V4_CANDIDATE_MEMORY stage=witness-released index=121 live=266150086 peak=9750828479 limit=34359738368
BLOCK_V4_CANDIDATE_MEMORY stage=native-key-ready index=121 live=459882496 peak=9750828479 limit=34359738368
BLOCK_V4_CANDIDATE_MEMORY stage=segment-released index=121 live=56433502 peak=9750828479 limit=34359738368
BLOCK_V4_CANDIDATE_MEMORY stage=segment-loaded index=122 live=216873026 peak=9750828479 limit=34359738368
BLOCK_V4_CANDIDATE_MEMORY stage=witness-ready index=122 live=8315278781 peak=9750828479 limit=34359738368
BLOCK_V4_CANDIDATE_MEMORY stage=witness-released index=122 live=281579374 peak=9750828479 limit=34359738368
BLOCK_V4_CANDIDATE_MEMORY stage=native-key-ready index=122 live=474389980 peak=9750828479 limit=34359738368
BLOCK_V4_CANDIDATE_MEMORY stage=segment-released index=122 live=56501086 peak=9750828479 limit=34359738368
BLOCK_V4_CANDIDATE_MEMORY stage=segment-loaded index=123 live=217270826 peak=9750828479 limit=34359738368
BLOCK_V4_CANDIDATE_MEMORY stage=witness-ready index=123 live=8306821097 peak=9750828479 limit=34359738368
BLOCK_V4_CANDIDATE_MEMORY stage=witness-released index=123 live=282124022 peak=9750828479 limit=34359738368
BLOCK_V4_CANDIDATE_MEMORY stage=native-key-ready index=123 live=475980920 peak=9750828479 limit=34359738368
BLOCK_V4_CANDIDATE_MEMORY stage=segment-released index=123 live=56568670 peak=9750828479 limit=34359738368
BLOCK_V4_CANDIDATE_MEMORY stage=segment-loaded index=124 live=342762542 peak=9750828479 limit=34359738368
BLOCK_V4_CANDIDATE_MEMORY stage=witness-ready index=124 live=9940013045 peak=9956802981 limit=34359738368
BLOCK_V4_CANDIDATE_MEMORY stage=witness-released index=124 live=409384154 peak=10006634657 limit=34359738368
BLOCK_V4_CANDIDATE_MEMORY stage=native-key-ready index=124 live=480652465 peak=10006634657 limit=34359738368
BLOCK_V4_CANDIDATE_MEMORY stage=segment-released index=124 live=56636254 peak=10006634657 limit=34359738368
BLOCK_V4_CANDIDATE_MEMORY stage=segment-loaded index=125 live=268161042 peak=10006634657 limit=34359738368
BLOCK_V4_CANDIDATE_MEMORY stage=witness-ready index=125 live=5324125888 peak=10006634657 limit=34359738368
BLOCK_V4_CANDIDATE_MEMORY stage=witness-released index=125 live=332729486 peak=10006634657 limit=34359738368
BLOCK_V4_CANDIDATE_MEMORY stage=native-key-ready index=125 live=524557526 peak=10006634657 limit=34359738368
BLOCK_V4_CANDIDATE_MEMORY stage=segment-released index=125 live=56703838 peak=10006634657 limit=34359738368
BLOCK_V4_CANDIDATE_MEMORY stage=segment-loaded index=126 live=269043202 peak=10006634657 limit=34359738368
BLOCK_V4_CANDIDATE_MEMORY stage=witness-ready index=126 live=9268785854 peak=10006634657 limit=34359738368
BLOCK_V4_CANDIDATE_MEMORY stage=witness-released index=126 live=335273566 peak=10006634657 limit=34359738368
BLOCK_V4_CANDIDATE_MEMORY stage=native-key-ready index=126 live=405074697 peak=10006634657 limit=34359738368
BLOCK_V4_CANDIDATE_MEMORY stage=segment-released index=126 live=56771422 peak=10006634657 limit=34359738368
BLOCK_V4_CANDIDATE_MEMORY stage=segment-loaded index=127 live=455681082 peak=10006634657 limit=34359738368
BLOCK_V4_CANDIDATE_MEMORY stage=witness-ready index=127 live=10145747644 peak=10163455084 limit=34359738368
BLOCK_V4_CANDIDATE_MEMORY stage=witness-released index=127 live=522329422 peak=10212395984 limit=34359738368
BLOCK_V4_CANDIDATE_MEMORY stage=native-key-ready index=127 live=593697963 peak=10212395984 limit=34359738368
BLOCK_V4_CANDIDATE_MEMORY stage=segment-released index=127 live=56906590 peak=10212395984 limit=34359738368
BLOCK_V4_CANDIDATE_PROGRESS completed=128 total=218
BLOCK_V4_CANDIDATE_MEMORY stage=segment-loaded index=128 live=344421426 peak=10212395984 limit=34359738368
BLOCK_V4_CANDIDATE_MEMORY stage=witness-ready index=128 live=9558632878 peak=10212395984 limit=34359738368
BLOCK_V4_CANDIDATE_MEMORY stage=witness-released index=128 live=410532814 peak=10212395984 limit=34359738368
BLOCK_V4_CANDIDATE_MEMORY stage=native-key-ready index=128 live=479887785 peak=10212395984 limit=34359738368
BLOCK_V4_CANDIDATE_MEMORY stage=segment-released index=128 live=56974174 peak=10212395984 limit=34359738368
BLOCK_V4_CANDIDATE_MEMORY stage=segment-loaded index=129 live=246527526 peak=10212395984 limit=34359738368
BLOCK_V4_CANDIDATE_MEMORY stage=witness-ready index=129 live=8541105240 peak=10212395984 limit=34359738368
BLOCK_V4_CANDIDATE_MEMORY stage=witness-released index=129 live=311117082 peak=10212395984 limit=34359738368
BLOCK_V4_CANDIDATE_MEMORY stage=native-key-ready index=129 live=503095545 peak=10212395984 limit=34359738368
BLOCK_V4_CANDIDATE_MEMORY stage=segment-released index=129 live=56974174 peak=10212395984 limit=34359738368
BLOCK_V4_CANDIDATE_MEMORY stage=segment-loaded index=130 live=220034882 peak=10212395984 limit=34359738368
BLOCK_V4_CANDIDATE_MEMORY stage=witness-ready index=130 live=8317302160 peak=10212395984 limit=34359738368
BLOCK_V4_CANDIDATE_MEMORY stage=witness-released index=130 live=284837222 peak=10212395984 limit=34359738368
BLOCK_V4_CANDIDATE_MEMORY stage=native-key-ready index=130 live=478331771 peak=10212395984 limit=34359738368
BLOCK_V4_CANDIDATE_MEMORY stage=segment-released index=130 live=57041758 peak=10212395984 limit=34359738368
BLOCK_V4_CANDIDATE_MEMORY stage=segment-loaded index=131 live=205314822 peak=10212395984 limit=34359738368
BLOCK_V4_CANDIDATE_MEMORY stage=witness-ready index=131 live=8298648889 peak=10212395984 limit=34359738368
BLOCK_V4_CANDIDATE_MEMORY stage=witness-released index=131 live=270077226 peak=10212395984 limit=34359738368
BLOCK_V4_CANDIDATE_MEMORY stage=native-key-ready index=131 live=463287231 peak=10212395984 limit=34359738368
BLOCK_V4_CANDIDATE_MEMORY stage=segment-released index=131 live=57109342 peak=10212395984 limit=34359738368
BLOCK_V4_CANDIDATE_MEMORY stage=segment-loaded index=132 live=220623002 peak=10212395984 limit=34359738368
BLOCK_V4_CANDIDATE_MEMORY stage=witness-ready index=132 live=8335693539 peak=10212395984 limit=34359738368
BLOCK_V4_CANDIDATE_MEMORY stage=witness-released index=132 live=285273294 peak=10212395984 limit=34359738368
BLOCK_V4_CANDIDATE_MEMORY stage=native-key-ready index=132 live=477684501 peak=10212395984 limit=34359738368
BLOCK_V4_CANDIDATE_MEMORY stage=segment-released index=132 live=57176926 peak=10212395984 limit=34359738368
BLOCK_V4_CANDIDATE_MEMORY stage=segment-loaded index=133 live=270147338 peak=10212395984 limit=34359738368
BLOCK_V4_CANDIDATE_MEMORY stage=witness-ready index=133 live=8642407714 peak=10212395984 limit=34359738368
BLOCK_V4_CANDIDATE_MEMORY stage=witness-released index=133 live=334933870 peak=10212395984 limit=34359738368
BLOCK_V4_CANDIDATE_MEMORY stage=native-key-ready index=133 live=528315787 peak=10212395984 limit=34359738368
BLOCK_V4_CANDIDATE_MEMORY stage=segment-released index=133 live=57176926 peak=10212395984 limit=34359738368
BLOCK_V4_CANDIDATE_MEMORY stage=segment-loaded index=134 live=457209690 peak=10212395984 limit=34359738368
BLOCK_V4_CANDIDATE_MEMORY stage=witness-ready index=134 live=6151374709 peak=10212395984 limit=34359738368
BLOCK_V4_CANDIDATE_MEMORY stage=witness-released index=134 live=521395310 peak=10212395984 limit=34359738368
BLOCK_V4_CANDIDATE_MEMORY stage=native-key-ready index=134 live=710495729 peak=10212395984 limit=34359738368
BLOCK_V4_CANDIDATE_MEMORY stage=segment-released index=134 live=57244510 peak=10212395984 limit=34359738368
BLOCK_V4_CANDIDATE_MEMORY stage=segment-loaded index=135 live=345757946 peak=10212395984 limit=34359738368
BLOCK_V4_CANDIDATE_MEMORY stage=witness-ready index=135 live=9530698082 peak=10212395984 limit=34359738368
BLOCK_V4_CANDIDATE_MEMORY stage=witness-released index=135 live=412029910 peak=10212395984 limit=34359738368
BLOCK_V4_CANDIDATE_MEMORY stage=native-key-ready index=135 live=481987041 peak=10212395984 limit=34359738368
BLOCK_V4_CANDIDATE_MEMORY stage=segment-released index=135 live=57312094 peak=10212395984 limit=34359738368
BLOCK_V4_CANDIDATE_MEMORY stage=segment-loaded index=136 live=459667538 peak=10212395984 limit=34359738368
BLOCK_V4_CANDIDATE_MEMORY stage=witness-ready index=136 live=9853361907 peak=10212395984 limit=34359738368
BLOCK_V4_CANDIDATE_MEMORY stage=witness-released index=136 live=525779342 peak=10212395984 limit=34359738368
BLOCK_V4_CANDIDATE_MEMORY stage=native-key-ready index=136 live=595135873 peak=10212395984 limit=34359738368
BLOCK_V4_CANDIDATE_MEMORY stage=segment-released index=136 live=57379678 peak=10212395984 limit=34359738368
BLOCK_V4_CANDIDATE_MEMORY stage=segment-loaded index=137 live=347138742 peak=10212395984 limit=34359738368
BLOCK_V4_CANDIDATE_MEMORY stage=witness-ready index=137 live=9685989615 peak=10212395984 limit=34359738368
BLOCK_V4_CANDIDATE_MEMORY stage=witness-released index=137 live=413250754 peak=10212395984 limit=34359738368
BLOCK_V4_CANDIDATE_MEMORY stage=native-key-ready index=137 live=482608065 peak=10212395984 limit=34359738368
BLOCK_V4_CANDIDATE_MEMORY stage=segment-released index=137 live=57447262 peak=10212395984 limit=34359738368
BLOCK_V4_CANDIDATE_MEMORY stage=segment-loaded index=138 live=207705866 peak=10212395984 limit=34359738368
BLOCK_V4_CANDIDATE_MEMORY stage=witness-ready index=138 live=8309933245 peak=10212395984 limit=34359738368
BLOCK_V4_CANDIDATE_MEMORY stage=witness-released index=138 live=272713918 peak=10212395984 limit=34359738368
BLOCK_V4_CANDIDATE_MEMORY stage=native-key-ready index=138 live=467674165 peak=10212395984 limit=34359738368
BLOCK_V4_CANDIDATE_MEMORY stage=segment-released index=138 live=57514846 peak=10212395984 limit=34359738368
BLOCK_V4_CANDIDATE_MEMORY stage=segment-loaded index=139 live=223041510 peak=10212395984 limit=34359738368
BLOCK_V4_CANDIDATE_MEMORY stage=witness-ready index=139 live=8356244045 peak=10212395984 limit=34359738368
BLOCK_V4_CANDIDATE_MEMORY stage=witness-released index=139 live=287871306 peak=10212395984 limit=34359738368
BLOCK_V4_CANDIDATE_MEMORY stage=native-key-ready index=139 live=481561479 peak=10212395984 limit=34359738368
BLOCK_V4_CANDIDATE_MEMORY stage=segment-released index=139 live=57514846 peak=10212395984 limit=34359738368
BLOCK_V4_CANDIDATE_MEMORY stage=segment-loaded index=140 live=223068754 peak=10212395984 limit=34359738368
BLOCK_V4_CANDIDATE_MEMORY stage=witness-ready index=140 live=5163024647 peak=10212395984 limit=34359738368
BLOCK_V4_CANDIDATE_MEMORY stage=witness-released index=140 live=287587070 peak=10212395984 limit=34359738368
BLOCK_V4_CANDIDATE_MEMORY stage=native-key-ready index=140 live=479057948 peak=10212395984 limit=34359738368
BLOCK_V4_CANDIDATE_MEMORY stage=segment-released index=140 live=57582430 peak=10212395984 limit=34359738368
BLOCK_V4_CANDIDATE_MEMORY stage=segment-loaded index=141 live=223735658 peak=10212395984 limit=34359738368
BLOCK_V4_CANDIDATE_MEMORY stage=witness-ready index=141 live=8331464389 peak=10212395984 limit=34359738368
BLOCK_V4_CANDIDATE_MEMORY stage=witness-released index=141 live=288935902 peak=10212395984 limit=34359738368
BLOCK_V4_CANDIDATE_MEMORY stage=native-key-ready index=141 live=485265517 peak=10212395984 limit=34359738368
BLOCK_V4_CANDIDATE_MEMORY stage=segment-released index=141 live=57650014 peak=10212395984 limit=34359738368
BLOCK_V4_CANDIDATE_MEMORY stage=segment-loaded index=142 live=460363610 peak=10212395984 limit=34359738368
BLOCK_V4_CANDIDATE_MEMORY stage=witness-ready index=142 live=9975377976 peak=10212395984 limit=34359738368
BLOCK_V4_CANDIDATE_MEMORY stage=witness-released index=142 live=526676446 peak=10212395984 limit=34359738368
BLOCK_V4_CANDIDATE_MEMORY stage=native-key-ready index=142 live=596786847 peak=10212395984 limit=34359738368
BLOCK_V4_CANDIDATE_MEMORY stage=segment-released index=142 live=57717598 peak=10212395984 limit=34359738368
BLOCK_V4_CANDIDATE_MEMORY stage=segment-loaded index=143 live=191079638 peak=10212395984 limit=34359738368
BLOCK_V4_CANDIDATE_MEMORY stage=witness-ready index=143 live=4955407081 peak=10212395984 limit=34359738368
BLOCK_V4_CANDIDATE_MEMORY stage=witness-released index=143 live=255691242 peak=10212395984 limit=34359738368
BLOCK_V4_CANDIDATE_MEMORY stage=native-key-ready index=143 live=447826797 peak=10212395984 limit=34359738368
BLOCK_V4_CANDIDATE_MEMORY stage=segment-released index=143 live=57785182 peak=10212395984 limit=34359738368
BLOCK_V4_CANDIDATE_PROGRESS completed=144 total=218
BLOCK_V4_CANDIDATE_MEMORY stage=segment-loaded index=144 live=370580802 peak=10212395984 limit=34359738368
BLOCK_V4_CANDIDATE_MEMORY stage=witness-ready index=144 live=9590168646 peak=10212395984 limit=34359738368
BLOCK_V4_CANDIDATE_MEMORY stage=witness-released index=144 live=437006270 peak=10212395984 limit=34359738368
BLOCK_V4_CANDIDATE_MEMORY stage=native-key-ready index=144 live=507539041 peak=10212395984 limit=34359738368
BLOCK_V4_CANDIDATE_MEMORY stage=segment-released index=144 live=78891870 peak=10212395984 limit=34359738368
BLOCK_V4_CANDIDATE_MEMORY stage=segment-loaded index=145 live=246082870 peak=10212395984 limit=34359738368
BLOCK_V4_CANDIDATE_MEMORY stage=witness-ready index=145 live=8472841807 peak=10212395984 limit=34359738368
BLOCK_V4_CANDIDATE_MEMORY stage=witness-released index=145 live=310944074 peak=10212395984 limit=34359738368
BLOCK_V4_CANDIDATE_MEMORY stage=native-key-ready index=145 live=504858029 peak=10212395984 limit=34359738368
BLOCK_V4_CANDIDATE_MEMORY stage=segment-released index=145 live=78891870 peak=10212395984 limit=34359738368
BLOCK_V4_CANDIDATE_MEMORY stage=segment-loaded index=146 live=213226214 peak=10212395984 limit=34359738368
BLOCK_V4_CANDIDATE_MEMORY stage=witness-ready index=146 live=8284552627 peak=10212395984 limit=34359738368
BLOCK_V4_CANDIDATE_MEMORY stage=witness-released index=146 live=277987890 peak=10212395984 limit=34359738368
BLOCK_V4_CANDIDATE_MEMORY stage=native-key-ready index=146 live=471192708 peak=10212395984 limit=34359738368
BLOCK_V4_CANDIDATE_MEMORY stage=segment-released index=146 live=78959454 peak=10212395984 limit=34359738368
BLOCK_V4_CANDIDATE_MEMORY stage=segment-loaded index=147 live=483176502 peak=10212395984 limit=34359738368
BLOCK_V4_CANDIDATE_MEMORY stage=witness-ready index=147 live=9758689542 peak=10212395984 limit=34359738368
BLOCK_V4_CANDIDATE_MEMORY stage=witness-released index=147 live=549216858 peak=10212395984 limit=34359738368
BLOCK_V4_CANDIDATE_MEMORY stage=native-key-ready index=147 live=618305459 peak=10212395984 limit=34359738368
BLOCK_V4_CANDIDATE_MEMORY stage=segment-released index=147 live=79027038 peak=10212395984 limit=34359738368
BLOCK_V4_CANDIDATE_MEMORY stage=segment-loaded index=148 live=484777430 peak=10212395984 limit=34359738368
BLOCK_V4_CANDIDATE_MEMORY stage=witness-ready index=148 live=9902306418 peak=10212395984 limit=34359738368
BLOCK_V4_CANDIDATE_MEMORY stage=witness-released index=148 live=550461586 peak=10212395984 limit=34359738368
BLOCK_V4_CANDIDATE_MEMORY stage=native-key-ready index=148 live=750239074 peak=10212395984 limit=34359738368
BLOCK_V4_CANDIDATE_MEMORY stage=segment-released index=148 live=79162206 peak=10212395984 limit=34359738368
BLOCK_V4_CANDIDATE_MEMORY stage=segment-loaded index=149 live=372271394 peak=10212395984 limit=34359738368
BLOCK_V4_CANDIDATE_MEMORY stage=witness-ready index=149 live=9635441593 peak=10212395984 limit=34359738368
BLOCK_V4_CANDIDATE_MEMORY stage=witness-released index=149 live=438373422 peak=10212395984 limit=34359738368
BLOCK_V4_CANDIDATE_MEMORY stage=native-key-ready index=149 live=507693293 peak=10212395984 limit=34359738368
BLOCK_V4_CANDIDATE_MEMORY stage=segment-released index=149 live=79229790 peak=10212395984 limit=34359738368
BLOCK_V4_CANDIDATE_MEMORY stage=segment-loaded index=150 live=298295566 peak=10212395984 limit=34359738368
BLOCK_V4_CANDIDATE_MEMORY stage=witness-ready index=150 live=9725332342 peak=10212395984 limit=34359738368
BLOCK_V4_CANDIDATE_MEMORY stage=witness-released index=150 live=364786866 peak=10212395984 limit=34359738368
BLOCK_V4_CANDIDATE_MEMORY stage=native-key-ready index=150 live=435566507 peak=10212395984 limit=34359738368
BLOCK_V4_CANDIDATE_MEMORY stage=segment-released index=150 live=79297374 peak=10212395984 limit=34359738368
BLOCK_V4_CANDIDATE_MEMORY stage=segment-loaded index=151 live=248387966 peak=10212395984 limit=34359738368
BLOCK_V4_CANDIDATE_MEMORY stage=witness-ready index=151 live=8553557729 peak=10212395984 limit=34359738368
BLOCK_V4_CANDIDATE_MEMORY stage=witness-released index=151 live=313631162 peak=10212395984 limit=34359738368
BLOCK_V4_CANDIDATE_MEMORY stage=native-key-ready index=151 live=510266810 peak=10212395984 limit=34359738368
BLOCK_V4_CANDIDATE_MEMORY stage=segment-released index=151 live=79364958 peak=10212395984 limit=34359738368
BLOCK_V4_CANDIDATE_MEMORY stage=segment-loaded index=152 live=434093898 peak=10212395984 limit=34359738368
BLOCK_V4_CANDIDATE_MEMORY stage=witness-ready index=152 live=9831003692 peak=10212395984 limit=34359738368
BLOCK_V4_CANDIDATE_MEMORY stage=witness-released index=152 live=500297742 peak=10212395984 limit=34359738368
BLOCK_V4_CANDIDATE_MEMORY stage=native-key-ready index=152 live=569999423 peak=10212395984 limit=34359738368
BLOCK_V4_CANDIDATE_MEMORY stage=segment-released index=152 live=79364958 peak=10212395984 limit=34359738368
BLOCK_V4_CANDIDATE_MEMORY stage=segment-loaded index=153 live=248926686 peak=10212395984 limit=34359738368
BLOCK_V4_CANDIDATE_MEMORY stage=witness-ready index=153 live=8532621856 peak=10212395984 limit=34359738368
BLOCK_V4_CANDIDATE_MEMORY stage=witness-released index=153 live=313714466 peak=10212395984 limit=34359738368
BLOCK_V4_CANDIDATE_MEMORY stage=native-key-ready index=153 live=507105275 peak=10212395984 limit=34359738368
BLOCK_V4_CANDIDATE_MEMORY stage=segment-released index=153 live=79432542 peak=10212395984 limit=34359738368
BLOCK_V4_CANDIDATE_MEMORY stage=segment-loaded index=154 live=248880670 peak=10212395984 limit=34359738368
BLOCK_V4_CANDIDATE_MEMORY stage=witness-ready index=154 live=5086330756 peak=10212395984 limit=34359738368
BLOCK_V4_CANDIDATE_MEMORY stage=witness-released index=154 live=313380890 peak=10212395984 limit=34359738368
BLOCK_V4_CANDIDATE_MEMORY stage=native-key-ready index=154 live=504722834 peak=10212395984 limit=34359738368
BLOCK_V4_CANDIDATE_MEMORY stage=segment-released index=154 live=79500126 peak=10212395984 limit=34359738368
BLOCK_V4_CANDIDATE_MEMORY stage=segment-loaded index=155 live=436344462 peak=10212395984 limit=34359738368
BLOCK_V4_CANDIDATE_MEMORY stage=witness-ready index=155 live=9839588580 peak=10212395984 limit=34359738368
BLOCK_V4_CANDIDATE_MEMORY stage=witness-released index=155 live=502728122 peak=10212395984 limit=34359738368
BLOCK_V4_CANDIDATE_MEMORY stage=native-key-ready index=155 live=573104113 peak=10212395984 limit=34359738368
BLOCK_V4_CANDIDATE_MEMORY stage=segment-released index=155 live=79567710 peak=10212395984 limit=34359738368
BLOCK_V4_CANDIDATE_MEMORY stage=segment-loaded index=156 live=298704586 peak=10212395984 limit=34359738368
BLOCK_V4_CANDIDATE_MEMORY stage=witness-ready index=156 live=5239906172 peak=10212395984 limit=34359738368
BLOCK_V4_CANDIDATE_MEMORY stage=witness-released index=156 live=362860150 peak=10212395984 limit=34359738368
BLOCK_V4_CANDIDATE_MEMORY stage=native-key-ready index=156 live=551746420 peak=10212395984 limit=34359738368
BLOCK_V4_CANDIDATE_MEMORY stage=segment-released index=156 live=79567710 peak=10212395984 limit=34359738368
BLOCK_V4_CANDIDATE_MEMORY stage=segment-loaded index=157 live=374919566 peak=10212395984 limit=34359738368
BLOCK_V4_CANDIDATE_MEMORY stage=witness-ready index=157 live=9867141961 peak=10212395984 limit=34359738368
BLOCK_V4_CANDIDATE_MEMORY stage=witness-released index=157 live=441637794 peak=10212395984 limit=34359738368
BLOCK_V4_CANDIDATE_MEMORY stage=native-key-ready index=157 live=513268415 peak=10212395984 limit=34359738368
BLOCK_V4_CANDIDATE_MEMORY stage=segment-released index=157 live=79635294 peak=10212395984 limit=34359738368
BLOCK_V4_CANDIDATE_MEMORY stage=segment-loaded index=158 live=435121914 peak=10212395984 limit=34359738368
BLOCK_V4_CANDIDATE_MEMORY stage=witness-ready index=158 live=9832508316 peak=10212395984 limit=34359738368
BLOCK_V4_CANDIDATE_MEMORY stage=witness-released index=158 live=501180366 peak=10212395984 limit=34359738368
BLOCK_V4_CANDIDATE_MEMORY stage=native-key-ready index=158 live=570336827 peak=10212395984 limit=34359738368
BLOCK_V4_CANDIDATE_MEMORY stage=segment-released index=158 live=79702878 peak=10212395984 limit=34359738368
BLOCK_V4_CANDIDATE_MEMORY stage=segment-loaded index=159 live=375540662 peak=10212395984 limit=34359738368
BLOCK_V4_CANDIDATE_MEMORY stage=witness-ready index=159 live=9648736224 peak=10212395984 limit=34359738368
BLOCK_V4_CANDIDATE_MEMORY stage=witness-released index=159 live=441713410 peak=10212395984 limit=34359738368
BLOCK_V4_CANDIDATE_MEMORY stage=native-key-ready index=159 live=511298481 peak=10212395984 limit=34359738368
BLOCK_V4_CANDIDATE_MEMORY stage=segment-released index=159 live=79770462 peak=10212395984 limit=34359738368
BLOCK_V4_CANDIDATE_PROGRESS completed=160 total=218
BLOCK_V4_CANDIDATE_MEMORY stage=segment-loaded index=160 live=300719858 peak=10212395984 limit=34359738368
BLOCK_V4_CANDIDATE_MEMORY stage=witness-ready index=160 live=8651781374 peak=10212395984 limit=34359738368
BLOCK_V4_CANDIDATE_MEMORY stage=witness-released index=160 live=365845014 peak=10212395984 limit=34359738368
BLOCK_V4_CANDIDATE_MEMORY stage=native-key-ready index=160 live=561639627 peak=10212395984 limit=34359738368
BLOCK_V4_CANDIDATE_MEMORY stage=segment-released index=160 live=79838046 peak=10212395984 limit=34359738368
BLOCK_V4_CANDIDATE_MEMORY stage=segment-loaded index=161 live=486738582 peak=10212395984 limit=34359738368
BLOCK_V4_CANDIDATE_MEMORY stage=witness-ready index=161 live=9105097278 peak=10212395984 limit=34359738368
BLOCK_V4_CANDIDATE_MEMORY stage=witness-released index=161 live=551852194 peak=10212395984 limit=34359738368
BLOCK_V4_CANDIDATE_MEMORY stage=native-key-ready index=161 live=747564556 peak=10212395984 limit=34359738368
BLOCK_V4_CANDIDATE_MEMORY stage=segment-released index=161 live=79838046 peak=10212395984 limit=34359738368
BLOCK_V4_CANDIDATE_MEMORY stage=segment-loaded index=162 live=251398298 peak=10212395984 limit=34359738368
BLOCK_V4_CANDIDATE_MEMORY stage=witness-ready index=162 live=5122353861 peak=10212395984 limit=34359738368
BLOCK_V4_CANDIDATE_MEMORY stage=witness-released index=162 live=315799198 peak=10212395984 limit=34359738368
BLOCK_V4_CANDIDATE_MEMORY stage=native-key-ready index=162 live=506433487 peak=10212395984 limit=34359738368
BLOCK_V4_CANDIDATE_MEMORY stage=segment-released index=162 live=79838046 peak=10212395984 limit=34359738368
BLOCK_V4_CANDIDATE_MEMORY stage=segment-loaded index=163 live=301483702 peak=10212395984 limit=34359738368
BLOCK_V4_CANDIDATE_MEMORY stage=witness-ready index=163 live=8779232597 peak=10212395984 limit=34359738368
BLOCK_V4_CANDIDATE_MEMORY stage=witness-released index=163 live=366502778 peak=10212395984 limit=34359738368
BLOCK_V4_CANDIDATE_MEMORY stage=native-key-ready index=163 live=561541571 peak=10212395984 limit=34359738368
BLOCK_V4_CANDIDATE_MEMORY stage=segment-released index=163 live=79905630 peak=10212395984 limit=34359738368
BLOCK_V4_CANDIDATE_MEMORY stage=segment-loaded index=164 live=488366162 peak=10212395984 limit=34359738368
BLOCK_V4_CANDIDATE_MEMORY stage=witness-ready index=164 live=9926986125 peak=10212395984 limit=34359738368
BLOCK_V4_CANDIDATE_MEMORY stage=witness-released index=164 live=554317390 peak=10212395984 limit=34359738368
BLOCK_V4_CANDIDATE_MEMORY stage=native-key-ready index=164 live=623071761 peak=10212395984 limit=34359738368
BLOCK_V4_CANDIDATE_MEMORY stage=segment-released index=164 live=79973214 peak=10212395984 limit=34359738368
BLOCK_V4_CANDIDATE_MEMORY stage=segment-loaded index=165 live=383913362 peak=10212395984 limit=34359738368
BLOCK_V4_CANDIDATE_MEMORY stage=witness-ready index=165 live=9748418057 peak=10212395984 limit=34359738368
BLOCK_V4_CANDIDATE_MEMORY stage=witness-released index=165 live=450224014 peak=10212395984 limit=34359738368
BLOCK_V4_CANDIDATE_MEMORY stage=native-key-ready index=165 live=520326225 peak=10212395984 limit=34359738368
BLOCK_V4_CANDIDATE_MEMORY stage=segment-released index=165 live=87304922 peak=10212395984 limit=34359738368
BLOCK_V4_CANDIDATE_MEMORY stage=segment-loaded index=166 live=447000378 peak=10212395984 limit=34359738368
BLOCK_V4_CANDIDATE_MEMORY stage=witness-ready index=166 live=9857575780 peak=10212395984 limit=34359738368
BLOCK_V4_CANDIDATE_MEMORY stage=witness-released index=166 live=513356062 peak=10212395984 limit=34359738368
BLOCK_V4_CANDIDATE_MEMORY stage=native-key-ready index=166 live=583627143 peak=10212395984 limit=34359738368
BLOCK_V4_CANDIDATE_MEMORY stage=segment-released index=166 live=87372506 peak=10212395984 limit=34359738368
BLOCK_V4_CANDIDATE_MEMORY stage=segment-loaded index=167 live=385311306 peak=10212395984 limit=34359738368
BLOCK_V4_CANDIDATE_MEMORY stage=witness-ready index=167 live=9636095854 peak=10212395984 limit=34359738368
BLOCK_V4_CANDIDATE_MEMORY stage=witness-released index=167 live=451513070 peak=10212395984 limit=34359738368
BLOCK_V4_CANDIDATE_MEMORY stage=native-key-ready index=167 live=521206951 peak=10212395984 limit=34359738368
BLOCK_V4_CANDIDATE_MEMORY stage=segment-released index=167 live=87440090 peak=10212395984 limit=34359738368
BLOCK_V4_CANDIDATE_MEMORY stage=segment-loaded index=168 live=496356586 peak=10212395984 limit=34359738368
BLOCK_V4_CANDIDATE_MEMORY stage=witness-ready index=168 live=9818865946 peak=10212395984 limit=34359738368
BLOCK_V4_CANDIDATE_MEMORY stage=witness-released index=168 live=562209638 peak=10212395984 limit=34359738368
BLOCK_V4_CANDIDATE_MEMORY stage=native-key-ready index=168 live=763190510 peak=10212395984 limit=34359738368
BLOCK_V4_CANDIDATE_MEMORY stage=segment-released index=168 live=87507674 peak=10212395984 limit=34359738368
BLOCK_V4_CANDIDATE_MEMORY stage=segment-loaded index=169 live=309712978 peak=10212395984 limit=34359738368
BLOCK_V4_CANDIDATE_MEMORY stage=witness-ready index=169 live=3258301849 peak=10212395984 limit=34359738368
BLOCK_V4_CANDIDATE_MEMORY stage=witness-released index=169 live=372991302 peak=10212395984 limit=34359738368
BLOCK_V4_CANDIDATE_MEMORY stage=native-key-ready index=169 live=555627237 peak=10212395984 limit=34359738368
BLOCK_V4_CANDIDATE_MEMORY stage=segment-released index=169 live=87507674 peak=10212395984 limit=34359738368
BLOCK_V4_CANDIDATE_MEMORY stage=segment-loaded index=170 live=262165458 peak=10212395984 limit=34359738368
BLOCK_V4_CANDIDATE_MEMORY stage=witness-ready index=170 live=9274352930 peak=10212395984 limit=34359738368
BLOCK_V4_CANDIDATE_MEMORY stage=witness-released index=170 live=328550990 peak=10212395984 limit=34359738368
BLOCK_V4_CANDIDATE_MEMORY stage=native-key-ready index=170 live=398934001 peak=10212395984 limit=34359738368
BLOCK_V4_CANDIDATE_MEMORY stage=segment-released index=170 live=87710426 peak=10212395984 limit=34359738368
BLOCK_V4_CANDIDATE_MEMORY stage=segment-loaded index=171 live=206354166 peak=10212395984 limit=34359738368
BLOCK_V4_CANDIDATE_MEMORY stage=witness-ready index=171 live=4974420805 peak=10212395984 limit=34359738368
BLOCK_V4_CANDIDATE_MEMORY stage=witness-released index=171 live=270760890 peak=10212395984 limit=34359738368
BLOCK_V4_CANDIDATE_MEMORY stage=native-key-ready index=171 live=461436675 peak=10212395984 limit=34359738368
BLOCK_V4_CANDIDATE_MEMORY stage=segment-released index=171 live=87710426 peak=10212395984 limit=34359738368
BLOCK_V4_CANDIDATE_MEMORY stage=segment-loaded index=172 live=388935386 peak=10212395984 limit=34359738368
BLOCK_V4_CANDIDATE_MEMORY stage=witness-ready index=172 live=10031425805 peak=10212395984 limit=34359738368
BLOCK_V4_CANDIDATE_MEMORY stage=witness-released index=172 live=455346606 peak=10212395984 limit=34359738368
BLOCK_V4_CANDIDATE_MEMORY stage=native-key-ready index=172 live=525825947 peak=10212395984 limit=34359738368
BLOCK_V4_CANDIDATE_MEMORY stage=segment-released index=172 live=87778010 peak=10212395984 limit=34359738368
BLOCK_V4_CANDIDATE_MEMORY stage=segment-loaded index=173 live=387193046 peak=10212395984 limit=34359738368
BLOCK_V4_CANDIDATE_MEMORY stage=witness-ready index=173 live=9890018415 peak=10212395984 limit=34359738368
BLOCK_V4_CANDIDATE_MEMORY stage=witness-released index=173 live=453724490 peak=10212395984 limit=34359738368
BLOCK_V4_CANDIDATE_MEMORY stage=native-key-ready index=173 live=524654671 peak=10212395984 limit=34359738368
BLOCK_V4_CANDIDATE_MEMORY stage=segment-released index=173 live=87845594 peak=10212395984 limit=34359738368
BLOCK_V4_CANDIDATE_MEMORY stage=segment-loaded index=174 live=498201994 peak=10212395984 limit=34359738368
BLOCK_V4_CANDIDATE_MEMORY stage=witness-ready index=174 live=9255103419 peak=10212395984 limit=34359738368
BLOCK_V4_CANDIDATE_MEMORY stage=witness-released index=174 live=563777366 peak=10212395984 limit=34359738368
BLOCK_V4_CANDIDATE_MEMORY stage=native-key-ready index=174 live=762779768 peak=10212395984 limit=34359738368
BLOCK_V4_CANDIDATE_MEMORY stage=segment-released index=174 live=87913178 peak=10212395984 limit=34359738368
BLOCK_V4_CANDIDATE_MEMORY stage=segment-loaded index=175 live=387717642 peak=10212395984 limit=34359738368
BLOCK_V4_CANDIDATE_MEMORY stage=witness-ready index=175 live=9730344459 peak=10212395984 limit=34359738368
BLOCK_V4_CANDIDATE_MEMORY stage=witness-released index=175 live=453381206 peak=10212395984 limit=34359738368
BLOCK_V4_CANDIDATE_MEMORY stage=native-key-ready index=175 live=653011976 peak=10212395984 limit=34359738368
BLOCK_V4_CANDIDATE_MEMORY stage=segment-released index=175 live=87913178 peak=10212395984 limit=34359738368
BLOCK_V4_CANDIDATE_PROGRESS completed=176 total=218
BLOCK_V4_CANDIDATE_MEMORY stage=segment-loaded index=176 live=290185682 peak=10212395984 limit=34359738368
BLOCK_V4_CANDIDATE_MEMORY stage=witness-ready index=176 live=8623102914 peak=10212395984 limit=34359738368
BLOCK_V4_CANDIDATE_MEMORY stage=witness-released index=176 live=355064462 peak=10212395984 limit=34359738368
BLOCK_V4_CANDIDATE_MEMORY stage=native-key-ready index=176 live=549103646 peak=10212395984 limit=34359738368
BLOCK_V4_CANDIDATE_MEMORY stage=segment-released index=176 live=87980762 peak=10212395984 limit=34359738368
BLOCK_V4_CANDIDATE_MEMORY stage=segment-loaded index=177 live=388518814 peak=10212395984 limit=34359738368
BLOCK_V4_CANDIDATE_MEMORY stage=witness-ready index=177 live=9939961240 peak=10212395984 limit=34359738368
BLOCK_V4_CANDIDATE_MEMORY stage=witness-released index=177 live=455047658 peak=10212395984 limit=34359738368
BLOCK_V4_CANDIDATE_MEMORY stage=native-key-ready index=177 live=525968089 peak=10212395984 limit=34359738368
BLOCK_V4_CANDIDATE_MEMORY stage=segment-released index=177 live=88048346 peak=10212395984 limit=34359738368
BLOCK_V4_CANDIDATE_MEMORY stage=segment-loaded index=178 live=263867434 peak=10212395984 limit=34359738368
BLOCK_V4_CANDIDATE_MEMORY stage=witness-ready index=178 live=5127148901 peak=10212395984 limit=34359738368
BLOCK_V4_CANDIDATE_MEMORY stage=witness-released index=178 live=328299950 peak=10212395984 limit=34359738368
BLOCK_V4_CANDIDATE_MEMORY stage=native-key-ready index=178 live=519159503 peak=10212395984 limit=34359738368
BLOCK_V4_CANDIDATE_MEMORY stage=segment-released index=178 live=88115930 peak=10212395984 limit=34359738368
BLOCK_V4_CANDIDATE_MEMORY stage=segment-loaded index=179 live=449875826 peak=10212395984 limit=34359738368
BLOCK_V4_CANDIDATE_MEMORY stage=witness-ready index=179 live=9819781168 peak=10212395984 limit=34359738368
BLOCK_V4_CANDIDATE_MEMORY stage=witness-released index=179 live=516055646 peak=10212395984 limit=34359738368
BLOCK_V4_CANDIDATE_MEMORY stage=native-key-ready index=179 live=585667237 peak=10212395984 limit=34359738368
BLOCK_V4_CANDIDATE_MEMORY stage=segment-released index=179 live=88183514 peak=10212395984 limit=34359738368
BLOCK_V4_CANDIDATE_MEMORY stage=segment-loaded index=180 live=314396710 peak=10212395984 limit=34359738368
BLOCK_V4_CANDIDATE_MEMORY stage=witness-ready index=180 live=5515356309 peak=10212395984 limit=34359738368
BLOCK_V4_CANDIDATE_MEMORY stage=witness-released index=180 live=378804578 peak=10212395984 limit=34359738368
BLOCK_V4_CANDIDATE_MEMORY stage=native-key-ready index=180 live=569488514 peak=10212395984 limit=34359738368
BLOCK_V4_CANDIDATE_MEMORY stage=segment-released index=180 live=88183514 peak=10212395984 limit=34359738368
BLOCK_V4_CANDIDATE_MEMORY stage=segment-loaded index=181 live=390559378 peak=10212395984 limit=34359738368
BLOCK_V4_CANDIDATE_MEMORY stage=witness-ready index=181 live=9974234213 peak=10212395984 limit=34359738368
BLOCK_V4_CANDIDATE_MEMORY stage=witness-released index=181 live=456934510 peak=10212395984 limit=34359738368
BLOCK_V4_CANDIDATE_MEMORY stage=native-key-ready index=181 live=527278521 peak=10212395984 limit=34359738368
BLOCK_V4_CANDIDATE_MEMORY stage=segment-released index=181 live=88251098 peak=10212395984 limit=34359738368
BLOCK_V4_CANDIDATE_MEMORY stage=segment-loaded index=182 live=314642470 peak=10212395984 limit=34359738368
BLOCK_V4_CANDIDATE_MEMORY stage=witness-ready index=182 live=5448094258 peak=10212395984 limit=34359738368
BLOCK_V4_CANDIDATE_MEMORY stage=witness-released index=182 live=378987730 peak=10212395984 limit=34359738368
BLOCK_V4_CANDIDATE_MEMORY stage=native-key-ready index=182 live=569225584 peak=10212395984 limit=34359738368
BLOCK_V4_CANDIDATE_MEMORY stage=segment-released index=182 live=88318682 peak=10212395984 limit=34359738368
BLOCK_V4_CANDIDATE_MEMORY stage=segment-loaded index=183 live=390368366 peak=10212395984 limit=34359738368
BLOCK_V4_CANDIDATE_MEMORY stage=witness-ready index=183 live=9583912586 peak=10212395984 limit=34359738368
BLOCK_V4_CANDIDATE_MEMORY stage=witness-released index=183 live=456781874 peak=10212395984 limit=34359738368
BLOCK_V4_CANDIDATE_MEMORY stage=native-key-ready index=183 live=527269795 peak=10212395984 limit=34359738368
BLOCK_V4_CANDIDATE_MEMORY stage=segment-released index=183 live=88386266 peak=10212395984 limit=34359738368
BLOCK_V4_CANDIDATE_MEMORY stage=segment-loaded index=184 live=265592670 peak=10212395984 limit=34359738368
BLOCK_V4_CANDIDATE_MEMORY stage=witness-ready index=184 live=5265272903 peak=10212395984 limit=34359738368
BLOCK_V4_CANDIDATE_MEMORY stage=witness-released index=184 live=329969026 peak=10212395984 limit=34359738368
BLOCK_V4_CANDIDATE_MEMORY stage=native-key-ready index=184 live=520428439 peak=10212395984 limit=34359738368
BLOCK_V4_CANDIDATE_MEMORY stage=segment-released index=184 live=88386266 peak=10212395984 limit=34359738368
BLOCK_V4_CANDIDATE_MEMORY stage=segment-loaded index=185 live=315018014 peak=10212395984 limit=34359738368
BLOCK_V4_CANDIDATE_MEMORY stage=witness-ready index=185 live=8691566176 peak=10212395984 limit=34359738368
BLOCK_V4_CANDIDATE_MEMORY stage=witness-released index=185 live=379878802 peak=10212395984 limit=34359738368
BLOCK_V4_CANDIDATE_MEMORY stage=native-key-ready index=185 live=573789793 peak=10212395984 limit=34359738368
BLOCK_V4_CANDIDATE_MEMORY stage=segment-released index=185 live=88453850 peak=10212395984 limit=34359738368
BLOCK_V4_CANDIDATE_MEMORY stage=segment-loaded index=186 live=451902018 peak=10212395984 limit=34359738368
BLOCK_V4_CANDIDATE_MEMORY stage=witness-ready index=186 live=9840561937 peak=10212395984 limit=34359738368
BLOCK_V4_CANDIDATE_MEMORY stage=witness-released index=186 live=517742902 peak=10212395984 limit=34359738368
BLOCK_V4_CANDIDATE_MEMORY stage=native-key-ready index=186 live=718637077 peak=10212395984 limit=34359738368
BLOCK_V4_CANDIDATE_MEMORY stage=segment-released index=186 live=88589018 peak=10212395984 limit=34359738368
BLOCK_V4_CANDIDATE_MEMORY stage=segment-loaded index=187 live=266656026 peak=10212395984 limit=34359738368
BLOCK_V4_CANDIDATE_MEMORY stage=witness-ready index=187 live=8400378112 peak=10212395984 limit=34359738368
BLOCK_V4_CANDIDATE_MEMORY stage=witness-released index=187 live=331584726 peak=10212395984 limit=34359738368
BLOCK_V4_CANDIDATE_MEMORY stage=native-key-ready index=187 live=525979590 peak=10212395984 limit=34359738368
BLOCK_V4_CANDIDATE_MEMORY stage=segment-released index=187 live=88656602 peak=10212395984 limit=34359738368
BLOCK_V4_CANDIDATE_MEMORY stage=segment-loaded index=188 live=267303938 peak=10212395984 limit=34359738368
BLOCK_V4_CANDIDATE_MEMORY stage=witness-ready index=188 live=8566559237 peak=10212395984 limit=34359738368
BLOCK_V4_CANDIDATE_MEMORY stage=witness-released index=188 live=332070398 peak=10212395984 limit=34359738368
BLOCK_V4_CANDIDATE_MEMORY stage=native-key-ready index=188 live=525309302 peak=10212395984 limit=34359738368
BLOCK_V4_CANDIDATE_MEMORY stage=segment-released index=188 live=88656602 peak=10212395984 limit=34359738368
BLOCK_V4_CANDIDATE_MEMORY stage=segment-loaded index=189 live=267421018 peak=10212395984 limit=34359738368
BLOCK_V4_CANDIDATE_MEMORY stage=witness-ready index=189 live=5233225726 peak=10212395984 limit=34359738368
BLOCK_V4_CANDIDATE_MEMORY stage=witness-released index=189 live=332055398 peak=10212395984 limit=34359738368
BLOCK_V4_CANDIDATE_MEMORY stage=native-key-ready index=189 live=524353232 peak=10212395984 limit=34359738368
BLOCK_V4_CANDIDATE_MEMORY stage=segment-released index=189 live=88724186 peak=10212395984 limit=34359738368
BLOCK_V4_CANDIDATE_MEMORY stage=segment-loaded index=190 live=267818070 peak=10212395984 limit=34359738368
BLOCK_V4_CANDIDATE_MEMORY stage=witness-ready index=190 live=8501671430 peak=10212395984 limit=34359738368
BLOCK_V4_CANDIDATE_MEMORY stage=witness-released index=190 live=332599194 peak=10212395984 limit=34359738368
BLOCK_V4_CANDIDATE_MEMORY stage=native-key-ready index=190 live=525942579 peak=10212395984 limit=34359738368
BLOCK_V4_CANDIDATE_MEMORY stage=segment-released index=190 live=88791770 peak=10212395984 limit=34359738368
BLOCK_V4_CANDIDATE_MEMORY stage=segment-loaded index=191 live=267649794 peak=10212395984 limit=34359738368
BLOCK_V4_CANDIDATE_MEMORY stage=witness-ready index=191 live=8505622858 peak=10212395984 limit=34359738368
BLOCK_V4_CANDIDATE_MEMORY stage=witness-released index=191 live=331986630 peak=10212395984 limit=34359738368
BLOCK_V4_CANDIDATE_MEMORY stage=native-key-ready index=191 live=522164463 peak=10212395984 limit=34359738368
BLOCK_V4_CANDIDATE_MEMORY stage=segment-released index=191 live=88791770 peak=10212395984 limit=34359738368
BLOCK_V4_CANDIDATE_PROGRESS completed=192 total=218
BLOCK_V4_CANDIDATE_MEMORY stage=segment-loaded index=192 live=267660482 peak=10212395984 limit=34359738368
BLOCK_V4_CANDIDATE_MEMORY stage=witness-ready index=192 live=8634290044 peak=10212395984 limit=34359738368
BLOCK_V4_CANDIDATE_MEMORY stage=witness-released index=192 live=332005222 peak=10212395984 limit=34359738368
BLOCK_V4_CANDIDATE_MEMORY stage=native-key-ready index=192 live=522239371 peak=10212395984 limit=34359738368
BLOCK_V4_CANDIDATE_MEMORY stage=segment-released index=192 live=88791770 peak=10212395984 limit=34359738368
BLOCK_V4_CANDIDATE_MEMORY stage=segment-loaded index=193 live=267662910 peak=10212395984 limit=34359738368
BLOCK_V4_CANDIDATE_MEMORY stage=witness-ready index=193 live=8524514719 peak=10212395984 limit=34359738368
BLOCK_V4_CANDIDATE_MEMORY stage=witness-released index=193 live=331989554 peak=10212395984 limit=34359738368
BLOCK_V4_CANDIDATE_MEMORY stage=native-key-ready index=193 live=522094769 peak=10212395984 limit=34359738368
BLOCK_V4_CANDIDATE_MEMORY stage=segment-released index=193 live=88791770 peak=10212395984 limit=34359738368
BLOCK_V4_CANDIDATE_MEMORY stage=segment-loaded index=194 live=267663714 peak=10212395984 limit=34359738368
BLOCK_V4_CANDIDATE_MEMORY stage=witness-ready index=194 live=8628471730 peak=10212395984 limit=34359738368
BLOCK_V4_CANDIDATE_MEMORY stage=witness-released index=194 live=331988070 peak=10212395984 limit=34359738368
BLOCK_V4_CANDIDATE_MEMORY stage=native-key-ready index=194 live=522076983 peak=10212395984 limit=34359738368
BLOCK_V4_CANDIDATE_MEMORY stage=segment-released index=194 live=88791770 peak=10212395984 limit=34359738368
BLOCK_V4_CANDIDATE_MEMORY stage=segment-loaded index=195 live=267657282 peak=10212395984 limit=34359738368
BLOCK_V4_CANDIDATE_MEMORY stage=witness-ready index=195 live=8631767144 peak=10212395984 limit=34359738368
BLOCK_V4_CANDIDATE_MEMORY stage=witness-released index=195 live=331912686 peak=10212395984 limit=34359738368
BLOCK_V4_CANDIDATE_MEMORY stage=native-key-ready index=195 live=521510316 peak=10212395984 limit=34359738368
BLOCK_V4_CANDIDATE_MEMORY stage=segment-released index=195 live=88791770 peak=10212395984 limit=34359738368
BLOCK_V4_CANDIDATE_MEMORY stage=segment-loaded index=196 live=267666646 peak=10212395984 limit=34359738368
BLOCK_V4_CANDIDATE_MEMORY stage=witness-ready index=196 live=8527712144 peak=10212395984 limit=34359738368
BLOCK_V4_CANDIDATE_MEMORY stage=witness-released index=196 live=331976338 peak=10212395984 limit=34359738368
BLOCK_V4_CANDIDATE_MEMORY stage=native-key-ready index=196 live=521960770 peak=10212395984 limit=34359738368
BLOCK_V4_CANDIDATE_MEMORY stage=segment-released index=196 live=88791770 peak=10212395984 limit=34359738368
BLOCK_V4_CANDIDATE_MEMORY stage=segment-loaded index=197 live=267669478 peak=10212395984 limit=34359738368
BLOCK_V4_CANDIDATE_MEMORY stage=witness-ready index=197 live=8624033710 peak=10212395984 limit=34359738368
BLOCK_V4_CANDIDATE_MEMORY stage=witness-released index=197 live=331962426 peak=10212395984 limit=34359738368
BLOCK_V4_CANDIDATE_MEMORY stage=native-key-ready index=197 live=521827557 peak=10212395984 limit=34359738368
BLOCK_V4_CANDIDATE_MEMORY stage=segment-released index=197 live=88791770 peak=10212395984 limit=34359738368
BLOCK_V4_CANDIDATE_MEMORY stage=segment-loaded index=198 live=267673842 peak=10212395984 limit=34359738368
BLOCK_V4_CANDIDATE_MEMORY stage=witness-ready index=198 live=8526509178 peak=10212395984 limit=34359738368
BLOCK_V4_CANDIDATE_MEMORY stage=witness-released index=198 live=331990502 peak=10212395984 limit=34359738368
BLOCK_V4_CANDIDATE_MEMORY stage=native-key-ready index=198 live=522024581 peak=10212395984 limit=34359738368
BLOCK_V4_CANDIDATE_MEMORY stage=segment-released index=198 live=88791770 peak=10212395984 limit=34359738368
BLOCK_V4_CANDIDATE_MEMORY stage=segment-loaded index=199 live=267670690 peak=10212395984 limit=34359738368
BLOCK_V4_CANDIDATE_MEMORY stage=witness-ready index=199 live=8633905511 peak=10212395984 limit=34359738368
BLOCK_V4_CANDIDATE_MEMORY stage=witness-released index=199 live=331968838 peak=10212395984 limit=34359738368
BLOCK_V4_CANDIDATE_MEMORY stage=native-key-ready index=199 live=521871019 peak=10212395984 limit=34359738368
BLOCK_V4_CANDIDATE_MEMORY stage=segment-released index=199 live=88791770 peak=10212395984 limit=34359738368
BLOCK_V4_CANDIDATE_MEMORY stage=segment-loaded index=200 live=267683110 peak=10212395984 limit=34359738368
BLOCK_V4_CANDIDATE_MEMORY stage=witness-ready index=200 live=8634846958 peak=10212395984 limit=34359738368
BLOCK_V4_CANDIDATE_MEMORY stage=witness-released index=200 live=332079954 peak=10212395984 limit=34359738368
BLOCK_V4_CANDIDATE_MEMORY stage=native-key-ready index=200 live=522685344 peak=10212395984 limit=34359738368
BLOCK_V4_CANDIDATE_MEMORY stage=segment-released index=200 live=88791770 peak=10212395984 limit=34359738368
BLOCK_V4_CANDIDATE_MEMORY stage=segment-loaded index=201 live=267834238 peak=10212395984 limit=34359738368
BLOCK_V4_CANDIDATE_MEMORY stage=witness-ready index=201 live=8520016657 peak=10212395984 limit=34359738368
BLOCK_V4_CANDIDATE_MEMORY stage=witness-released index=201 live=332282666 peak=10212395984 limit=34359738368
BLOCK_V4_CANDIDATE_MEMORY stage=native-key-ready index=201 live=523255592 peak=10212395984 limit=34359738368
BLOCK_V4_CANDIDATE_MEMORY stage=segment-released index=201 live=88791770 peak=10212395984 limit=34359738368
BLOCK_V4_CANDIDATE_MEMORY stage=segment-loaded index=202 live=267835354 peak=10212395984 limit=34359738368
BLOCK_V4_CANDIDATE_MEMORY stage=witness-ready index=202 live=8529407500 peak=10212395984 limit=34359738368
BLOCK_V4_CANDIDATE_MEMORY stage=witness-released index=202 live=332291790 peak=10212395984 limit=34359738368
BLOCK_V4_CANDIDATE_MEMORY stage=native-key-ready index=202 live=523321773 peak=10212395984 limit=34359738368
BLOCK_V4_CANDIDATE_MEMORY stage=segment-released index=202 live=88791770 peak=10212395984 limit=34359738368
BLOCK_V4_CANDIDATE_MEMORY stage=segment-loaded index=203 live=267833978 peak=10212395984 limit=34359738368
BLOCK_V4_CANDIDATE_MEMORY stage=witness-ready index=203 live=8523270980 peak=10212395984 limit=34359738368
BLOCK_V4_CANDIDATE_MEMORY stage=witness-released index=203 live=332272526 peak=10212395984 limit=34359738368
BLOCK_V4_CANDIDATE_MEMORY stage=native-key-ready index=203 live=523175057 peak=10212395984 limit=34359738368
BLOCK_V4_CANDIDATE_MEMORY stage=segment-released index=203 live=88791770 peak=10212395984 limit=34359738368
BLOCK_V4_CANDIDATE_MEMORY stage=segment-loaded index=204 live=267833962 peak=10212395984 limit=34359738368
BLOCK_V4_CANDIDATE_MEMORY stage=witness-ready index=204 live=8530106954 peak=10212395984 limit=34359738368
BLOCK_V4_CANDIDATE_MEMORY stage=witness-released index=204 live=332272302 peak=10212395984 limit=34359738368
BLOCK_V4_CANDIDATE_MEMORY stage=native-key-ready index=204 live=523173351 peak=10212395984 limit=34359738368
BLOCK_V4_CANDIDATE_MEMORY stage=segment-released index=204 live=88791770 peak=10212395984 limit=34359738368
BLOCK_V4_CANDIDATE_MEMORY stage=segment-loaded index=205 live=318495930 peak=10212395984 limit=34359738368
BLOCK_V4_CANDIDATE_MEMORY stage=witness-ready index=205 live=9936597903 peak=10212395984 limit=34359738368
BLOCK_V4_CANDIDATE_MEMORY stage=witness-released index=205 live=384171558 peak=10212395984 limit=34359738368
BLOCK_V4_CANDIDATE_MEMORY stage=native-key-ready index=205 live=583888284 peak=10212395984 limit=34359738368
BLOCK_V4_CANDIDATE_MEMORY stage=segment-released index=205 live=88791770 peak=10212395984 limit=34359738368
BLOCK_V4_CANDIDATE_MEMORY stage=segment-loaded index=206 live=197776838 peak=10212395984 limit=34359738368
BLOCK_V4_CANDIDATE_MEMORY stage=witness-ready index=206 live=8703883553 peak=10212395984 limit=34359738368
BLOCK_V4_CANDIDATE_MEMORY stage=witness-released index=206 live=262274978 peak=10212395984 limit=34359738368
BLOCK_V4_CANDIDATE_MEMORY stage=native-key-ready index=206 live=453602102 peak=10212395984 limit=34359738368
BLOCK_V4_CANDIDATE_MEMORY stage=segment-released index=206 live=88791770 peak=10212395984 limit=34359738368
BLOCK_V4_CANDIDATE_MEMORY stage=segment-loaded index=207 live=188014642 peak=10212395984 limit=34359738368
BLOCK_V4_CANDIDATE_MEMORY stage=witness-ready index=207 live=8165776781 peak=10212395984 limit=34359738368
BLOCK_V4_CANDIDATE_MEMORY stage=witness-released index=207 live=251986230 peak=10212395984 limit=34359738368
BLOCK_V4_CANDIDATE_MEMORY stage=native-key-ready index=207 live=439561671 peak=10212395984 limit=34359738368
BLOCK_V4_CANDIDATE_MEMORY stage=segment-released index=207 live=88791770 peak=10212395984 limit=34359738368
BLOCK_V4_CANDIDATE_PROGRESS completed=208 total=218
BLOCK_V4_CANDIDATE_MEMORY stage=segment-loaded index=208 live=188014138 peak=10212395984 limit=34359738368
BLOCK_V4_CANDIDATE_MEMORY stage=witness-ready index=208 live=8165631146 peak=10212395984 limit=34359738368
BLOCK_V4_CANDIDATE_MEMORY stage=witness-released index=208 live=251979174 peak=10212395984 limit=34359738368
BLOCK_V4_CANDIDATE_MEMORY stage=native-key-ready index=208 live=439507932 peak=10212395984 limit=34359738368
BLOCK_V4_CANDIDATE_MEMORY stage=segment-released index=208 live=88791770 peak=10212395984 limit=34359738368
BLOCK_V4_CANDIDATE_MEMORY stage=segment-loaded index=209 live=188012846 peak=10212395984 limit=34359738368
BLOCK_V4_CANDIDATE_MEMORY stage=witness-ready index=209 live=8165518394 peak=10212395984 limit=34359738368
BLOCK_V4_CANDIDATE_MEMORY stage=witness-released index=209 live=251960826 peak=10212395984 limit=34359738368
BLOCK_V4_CANDIDATE_MEMORY stage=native-key-ready index=209 live=439368060 peak=10212395984 limit=34359738368
BLOCK_V4_CANDIDATE_MEMORY stage=segment-released index=209 live=88791770 peak=10212395984 limit=34359738368
BLOCK_V4_CANDIDATE_MEMORY stage=segment-loaded index=210 live=188013802 peak=10212395984 limit=34359738368
BLOCK_V4_CANDIDATE_MEMORY stage=witness-ready index=210 live=8165572973 peak=10212395984 limit=34359738368
BLOCK_V4_CANDIDATE_MEMORY stage=witness-released index=210 live=251970830 peak=10212395984 limit=34359738368
BLOCK_V4_CANDIDATE_MEMORY stage=native-key-ready index=210 live=439442531 peak=10212395984 limit=34359738368
BLOCK_V4_CANDIDATE_MEMORY stage=segment-released index=210 live=88791770 peak=10212395984 limit=34359738368
BLOCK_V4_CANDIDATE_MEMORY stage=segment-loaded index=211 live=188013454 peak=10212395984 limit=34359738368
BLOCK_V4_CANDIDATE_MEMORY stage=witness-ready index=211 live=8165720811 peak=10212395984 limit=34359738368
BLOCK_V4_CANDIDATE_MEMORY stage=witness-released index=211 live=251962058 peak=10212395984 limit=34359738368
BLOCK_V4_CANDIDATE_MEMORY stage=native-key-ready index=211 live=439373738 peak=10212395984 limit=34359738368
BLOCK_V4_CANDIDATE_MEMORY stage=segment-released index=211 live=88791770 peak=10212395984 limit=34359738368
BLOCK_V4_CANDIDATE_MEMORY stage=segment-loaded index=212 live=188019898 peak=10212395984 limit=34359738368
BLOCK_V4_CANDIDATE_MEMORY stage=witness-ready index=212 live=8165892228 peak=10212395984 limit=34359738368
BLOCK_V4_CANDIDATE_MEMORY stage=witness-released index=212 live=252036414 peak=10212395984 limit=34359738368
BLOCK_V4_CANDIDATE_MEMORY stage=native-key-ready index=212 live=439931967 peak=10212395984 limit=34359738368
BLOCK_V4_CANDIDATE_MEMORY stage=segment-released index=212 live=88791770 peak=10212395984 limit=34359738368
BLOCK_V4_CANDIDATE_MEMORY stage=segment-loaded index=213 live=188023738 peak=10212395984 limit=34359738368
BLOCK_V4_CANDIDATE_MEMORY stage=witness-ready index=213 live=8165815344 peak=10212395984 limit=34359738368
BLOCK_V4_CANDIDATE_MEMORY stage=witness-released index=213 live=252071974 peak=10212395984 limit=34359738368
BLOCK_V4_CANDIDATE_MEMORY stage=native-key-ready index=213 live=440193532 peak=10212395984 limit=34359738368
BLOCK_V4_CANDIDATE_MEMORY stage=segment-released index=213 live=88791770 peak=10212395984 limit=34359738368
BLOCK_V4_CANDIDATE_MEMORY stage=segment-loaded index=214 live=188025010 peak=10212395984 limit=34359738368
BLOCK_V4_CANDIDATE_MEMORY stage=witness-ready index=214 live=8165833184 peak=10212395984 limit=34359738368
BLOCK_V4_CANDIDATE_MEMORY stage=witness-released index=214 live=252080422 peak=10212395984 limit=34359738368
BLOCK_V4_CANDIDATE_MEMORY stage=native-key-ready index=214 live=440253109 peak=10212395984 limit=34359738368
BLOCK_V4_CANDIDATE_MEMORY stage=segment-released index=214 live=88791770 peak=10212395984 limit=34359738368
BLOCK_V4_CANDIDATE_MEMORY stage=segment-loaded index=215 live=185016758 peak=10212395984 limit=34359738368
BLOCK_V4_CANDIDATE_MEMORY stage=witness-ready index=215 live=4869180426 peak=10212395984 limit=34359738368
BLOCK_V4_CANDIDATE_MEMORY stage=witness-released index=215 live=248682794 peak=10212395984 limit=34359738368
BLOCK_V4_CANDIDATE_MEMORY stage=native-key-ready index=215 live=434081177 peak=10212395984 limit=34359738368
BLOCK_V4_CANDIDATE_MEMORY stage=segment-released index=215 live=88791770 peak=10212395984 limit=34359738368
BLOCK_V4_CANDIDATE_MEMORY stage=segment-loaded index=216 live=185035430 peak=10212395984 limit=34359738368
BLOCK_V4_CANDIDATE_MEMORY stage=witness-ready index=216 live=8161965015 peak=10212395984 limit=34359738368
BLOCK_V4_CANDIDATE_MEMORY stage=witness-released index=216 live=248944202 peak=10212395984 limit=34359738368
BLOCK_V4_CANDIDATE_MEMORY stage=native-key-ready index=216 live=436072079 peak=10212395984 limit=34359738368
BLOCK_V4_CANDIDATE_MEMORY stage=segment-released index=216 live=88791770 peak=10212395984 limit=34359738368
BLOCK_V4_CANDIDATE_MEMORY stage=segment-loaded index=217 live=185112033 peak=10212395984 limit=34359738368
BLOCK_V4_CANDIDATE_MEMORY stage=witness-ready index=217 live=8655286512 peak=10212395984 limit=34359738368
BLOCK_V4_CANDIDATE_MEMORY stage=witness-released index=217 live=249108049 peak=10212395984 limit=34359738368
BLOCK_V4_CANDIDATE_MEMORY stage=native-key-ready index=217 live=436858592 peak=10212395984 limit=34359738368
BLOCK_V4_CANDIDATE_MEMORY stage=segment-released index=217 live=88859354 peak=10212395984 limit=34359738368
BLOCK_V4_CANDIDATE_PROGRESS completed=218 total=218
BLOCK_V4_CANDIDATE_ROSTER scope=proposal_only_host_replay_no_proof_authority segments=218 cycles=139214856 elapsed_ns=4592790813291 tracked_work_peak_bytes=10212395984 manifest_sha256=a8ba6144b6897afa1724e611af7c1ccd7c133ce24fe067855d819794bb1fb749
     4592.79 real     12639.26 user       587.20 sys
         10053238784  maximum resident set size
                   0  average shared memory size
                   0  average unshared data size
                   0  average unshared stack size
           418978073  page reclaims
                   0  page faults
                   0  swaps
                   0  block input operations
                   0  block output operations
                   0  messages sent
                   0  messages received
                   0  signals received
                   2  voluntary context switches
            58145273  involuntary context switches
     137006813432812  instructions retired
      53444979087411  cycles elapsed
         10067519072  peak memory footprint
