{
  "failures": [],
  "generated_at_unix": 1770646235,
  "kernels": [
    {
      "checksum": [
        432165680,
        734621901,
        322704094,
        1532179376
      ],
      "iterations": 20000,
      "log_size": 11,
      "name": "eval_at_point",
      "repeats": 3,
      "summary": {
        "avg_seconds": 0.551204333,
        "max_seconds": 0.553791,
        "median_seconds": 0.550575,
        "min_seconds": 0.549247,
        "samples_seconds": [
          0.550575,
          0.553791,
          0.549247
        ]
      },
      "warmups": 1
    },
    {
      "checksum": [
        764660708,
        0,
        0,
        0
      ],
      "iterations": 20000,
      "log_size": 11,
      "name": "eval_at_point_by_folding",
      "repeats": 3,
      "summary": {
        "avg_seconds": 0.066116,
        "max_seconds": 0.066547,
        "median_seconds": 0.066042,
        "min_seconds": 0.065759,
        "samples_seconds": [
          0.066547,
          0.065759,
          0.066042
        ]
      },
      "warmups": 1
    },
    {
      "checksum": [
        2104320,
        0,
        0,
        0
      ],
      "iterations": 2048,
      "log_size": 10,
      "name": "fft",
      "repeats": 3,
      "summary": {
        "avg_seconds": 0.024593,
        "max_seconds": 0.025143,
        "median_seconds": 0.024626,
        "min_seconds": 0.02401,
        "samples_seconds": [
          0.025143,
          0.02401,
          0.024626
        ]
      },
      "warmups": 1
    }
  ],
  "protocol": "kernel_matrix_v1",
  "schema_version": 1,
  "settings": {
    "repeats": 3,
    "report_label": "benchmark_kernels",
    "warmups": 1,
    "zig_cpu": "native",
    "zig_opt_mode": "ReleaseFast"
  },
  "settings_hash": "5799e57b144ccee2fe09d2ec30b2f904468872e64122271812167ab51e82faa2",
  "status": "ok",
  "summary": {
    "avg_seconds": 0.213971111,
    "failure_count": 0,
    "kernels": 3,
    "max_seconds": 0.551204333,
    "min_seconds": 0.024593
  },
  "workload_matrix_hash": "ccf08828a617c569fa9a54535bb3215fe84910e65e32e1aad03fa4f8987bec03"
}
