REFINEMENT_THEOREM RiscvRefinement.Opcodes.DivHoldsWithoutUnsignedDivisorSign.remainderZeroLimb3
REFINEMENT_THEOREM RiscvRefinement.Air.Generated.Programs.divuSymbolicCertificate
REFINEMENT_AXIOM RiscvRefinement.Air.Generated.Programs.divuSymbolicCertificate propext
REFINEMENT_AXIOM RiscvRefinement.Air.Generated.Programs.divuSymbolicCertificate Quot.sound
REFINEMENT_THEOREM RiscvRefinement.Air.LocalProgram.evalNodes_eq_symbolic
REFINEMENT_AXIOM RiscvRefinement.Air.LocalProgram.evalNodes_eq_symbolic propext
REFINEMENT_AXIOM RiscvRefinement.Air.LocalProgram.evalNodes_eq_symbolic Quot.sound
REFINEMENT_THEOREM RiscvRefinement.Opcodes.StoreMutation.StoreHoldsWithoutStoreResultZeroOnStores.selectorSum
REFINEMENT_AXIOM RiscvRefinement.Opcodes.StoreMutation.StoreHoldsWithoutStoreResultZeroOnStores.selectorSum propext
REFINEMENT_THEOREM RiscvRefinement.Opcodes.mulh_refines
REFINEMENT_AXIOM RiscvRefinement.Opcodes.mulh_refines propext
REFINEMENT_AXIOM RiscvRefinement.Opcodes.mulh_refines Quot.sound
REFINEMENT_AXIOM RiscvRefinement.Opcodes.mulh_refines Classical.choice
REFINEMENT_THEOREM RiscvRefinement.Opcodes.StoreMutation.StoreHoldsWithoutPartialStorePreserve.operandClock
REFINEMENT_AXIOM RiscvRefinement.Opcodes.StoreMutation.StoreHoldsWithoutPartialStorePreserve.operandClock propext
REFINEMENT_THEOREM RiscvRefinement.Opcodes.divRelabelledResultRow_satisfies
REFINEMENT_THEOREM RiscvRefinement.Opcodes.divWitnessHighBitUnsigned_holds
REFINEMENT_THEOREM RiscvRefinement.Opcodes.DivHoldsWithoutUnsignedDivisorSign.zeroDivisorLimb2
REFINEMENT_THEOREM RiscvRefinement.Opcodes.ByteLoadMutation.ByteLoadHoldsWithoutByteSignWitness.memoryClock
REFINEMENT_AXIOM RiscvRefinement.Opcodes.ByteLoadMutation.ByteLoadHoldsWithoutByteSignWitness.memoryClock propext
REFINEMENT_THEOREM RiscvRefinement.Opcodes.loadStoreHolds_half_access_aligned
REFINEMENT_AXIOM RiscvRefinement.Opcodes.loadStoreHolds_half_access_aligned propext
REFINEMENT_AXIOM RiscvRefinement.Opcodes.loadStoreHolds_half_access_aligned Quot.sound
REFINEMENT_THEOREM RiscvRefinement.Opcodes.AddiRefinement.destinationConsume
REFINEMENT_AXIOM RiscvRefinement.Opcodes.AddiRefinement.destinationConsume propext
REFINEMENT_AXIOM RiscvRefinement.Opcodes.AddiRefinement.destinationConsume Quot.sound
REFINEMENT_THEOREM RiscvRefinement.Air.Family.LoadStoreHolds.halfShiftId
REFINEMENT_AXIOM RiscvRefinement.Air.Family.LoadStoreHolds.halfShiftId propext
REFINEMENT_THEOREM RiscvRefinement.Opcodes.mul_refines
REFINEMENT_AXIOM RiscvRefinement.Opcodes.mul_refines propext
REFINEMENT_AXIOM RiscvRefinement.Opcodes.mul_refines Quot.sound
REFINEMENT_AXIOM RiscvRefinement.Opcodes.mul_refines Classical.choice
REFINEMENT_THEOREM RiscvRefinement.Opcodes.DivHoldsWithoutDestinationLimb0.sourceTwoLimb3
REFINEMENT_THEOREM RiscvRefinement.Publication.TeamB.MulhDiv.consequenceOfFixedLookup
REFINEMENT_AXIOM RiscvRefinement.Publication.TeamB.MulhDiv.consequenceOfFixedLookup propext
REFINEMENT_AXIOM RiscvRefinement.Publication.TeamB.MulhDiv.consequenceOfFixedLookup Quot.sound
REFINEMENT_THEOREM RiscvRefinement.Air.Bridge.LtComparator.ComparatorContract.limb0Selected
REFINEMENT_THEOREM RiscvRefinement.Air.Family.div_wrap_signed_int
REFINEMENT_AXIOM RiscvRefinement.Air.Family.div_wrap_signed_int propext
REFINEMENT_AXIOM RiscvRefinement.Air.Family.div_wrap_signed_int Quot.sound
REFINEMENT_THEOREM RiscvRefinement.Opcodes.LoadRefinement.effectiveAddress
REFINEMENT_AXIOM RiscvRefinement.Opcodes.LoadRefinement.effectiveAddress propext
REFINEMENT_AXIOM RiscvRefinement.Opcodes.LoadRefinement.effectiveAddress Quot.sound
REFINEMENT_THEOREM RiscvRefinement.Opcodes.StoreMutation.StoreHoldsWithoutByteStoreSelect.loadDestination
REFINEMENT_AXIOM RiscvRefinement.Opcodes.StoreMutation.StoreHoldsWithoutByteStoreSelect.loadDestination propext
REFINEMENT_THEOREM RiscvRefinement.Opcodes.addi_immediate_value_lt
REFINEMENT_AXIOM RiscvRefinement.Opcodes.addi_immediate_value_lt propext
REFINEMENT_AXIOM RiscvRefinement.Opcodes.addi_immediate_value_lt Quot.sound
REFINEMENT_THEOREM RiscvRefinement.Opcodes.DivHoldsWithoutNegationRecurrence.scanMarker3
REFINEMENT_THEOREM RiscvRefinement.Air.Bridge.BaseAluReg.projectionOrdinals
REFINEMENT_AXIOM RiscvRefinement.Air.Bridge.BaseAluReg.projectionOrdinals propext
REFINEMENT_AXIOM RiscvRefinement.Air.Bridge.BaseAluReg.projectionOrdinals Quot.sound
REFINEMENT_THEOREM RiscvRefinement.Memory.applyMask_limb2_preserved
REFINEMENT_AXIOM RiscvRefinement.Memory.applyMask_limb2_preserved propext
REFINEMENT_THEOREM RiscvRefinement.Opcodes.StoreMutation.StoreHoldsWithoutByteStoreSelect.memoryClock
REFINEMENT_AXIOM RiscvRefinement.Opcodes.StoreMutation.StoreHoldsWithoutByteStoreSelect.memoryClock propext
REFINEMENT_THEOREM RiscvRefinement.M31.add_val_of_lt
REFINEMENT_AXIOM RiscvRefinement.M31.add_val_of_lt propext
REFINEMENT_THEOREM RiscvRefinement.Publication.TeamB.MulhDiv.Division.productRemainderHighFieldImage
REFINEMENT_THEOREM RiscvRefinement.Opcodes.sbRow_commits_masked_word
REFINEMENT_AXIOM RiscvRefinement.Opcodes.sbRow_commits_masked_word propext
REFINEMENT_THEOREM RiscvRefinement.Opcodes.Branches.Eq.RawRefinement.sourcesReadOnly
REFINEMENT_AXIOM RiscvRefinement.Opcodes.Branches.Eq.RawRefinement.sourcesReadOnly propext
REFINEMENT_AXIOM RiscvRefinement.Opcodes.Branches.Eq.RawRefinement.sourcesReadOnly Quot.sound
REFINEMENT_THEOREM RiscvRefinement.Opcodes.DivHoldsWithoutScanTotal.ltDiffLower
REFINEMENT_THEOREM RiscvRefinement.Opcodes.BaseAluMutation.Imm.ori_mutation
REFINEMENT_AXIOM RiscvRefinement.Opcodes.BaseAluMutation.Imm.ori_mutation propext
REFINEMENT_AXIOM RiscvRefinement.Opcodes.BaseAluMutation.Imm.ori_mutation Quot.sound
REFINEMENT_THEOREM RiscvRefinement.Publication.TeamB.MulhDiv.Division.DirectEquationsA.zeroDivisor1
REFINEMENT_THEOREM RiscvRefinement.Opcodes.DivHoldsWithoutUnsignedDivisorSign.sourceOneLimb2
REFINEMENT_THEOREM RiscvRefinement.Opcodes.DivHoldsWithoutDividendSignBit.zeroDivisorQuotientSign
REFINEMENT_THEOREM RiscvRefinement.Publication.TeamB.Shifts.immHoldsOfAccepted
REFINEMENT_AXIOM RiscvRefinement.Publication.TeamB.Shifts.immHoldsOfAccepted propext
REFINEMENT_AXIOM RiscvRefinement.Publication.TeamB.Shifts.immHoldsOfAccepted Quot.sound
REFINEMENT_THEOREM RiscvRefinement.Recursion.CompactPoseidon.lowered_eq_fifthPower
REFINEMENT_AXIOM RiscvRefinement.Recursion.CompactPoseidon.lowered_eq_fifthPower propext
REFINEMENT_THEOREM RiscvRefinement.Opcodes.MulhHoldsWithoutSelectorSourceTwoSign.clockPositive
REFINEMENT_THEOREM RiscvRefinement.Opcodes.divHoldsWithoutProductRecurrence_nonvacuous
REFINEMENT_THEOREM RiscvRefinement.Opcodes.LoadStoreHoldsWithoutHalfShiftId.byteShiftAmount
REFINEMENT_AXIOM RiscvRefinement.Opcodes.LoadStoreHoldsWithoutHalfShiftId.byteShiftAmount propext
REFINEMENT_THEOREM RiscvRefinement.Air.Family.DivHolds.scanMarker0
REFINEMENT_THEOREM RiscvRefinement.Publication.TeamB.MulhDiv.HighMultiply.DirectEquations.sourceOne0
REFINEMENT_AXIOM RiscvRefinement.Publication.TeamB.MulhDiv.HighMultiply.DirectEquations.sourceOne0 propext
REFINEMENT_THEOREM RiscvRefinement.Opcodes.LtMutation.Imm.slti_wrongManifest_strictly_weaker
REFINEMENT_AXIOM RiscvRefinement.Opcodes.LtMutation.Imm.slti_wrongManifest_strictly_weaker propext
REFINEMENT_AXIOM RiscvRefinement.Opcodes.LtMutation.Imm.slti_wrongManifest_strictly_weaker Quot.sound
REFINEMENT_THEOREM RiscvRefinement.Publication.TeamB.MulhDiv.Division.divExactTupleProjection
REFINEMENT_AXIOM RiscvRefinement.Publication.TeamB.MulhDiv.Division.divExactTupleProjection propext
REFINEMENT_AXIOM RiscvRefinement.Publication.TeamB.MulhDiv.Division.divExactTupleProjection Quot.sound
REFINEMENT_THEOREM RiscvRefinement.Publication.TeamB.MulhDiv.Division.productRecurrence3ConvolutionImage
REFINEMENT_AXIOM RiscvRefinement.Publication.TeamB.MulhDiv.Division.productRecurrence3ConvolutionImage propext
REFINEMENT_THEOREM RiscvRefinement.Opcodes.AddiRefinement.destinationEmit
REFINEMENT_AXIOM RiscvRefinement.Opcodes.AddiRefinement.destinationEmit propext
REFINEMENT_AXIOM RiscvRefinement.Opcodes.AddiRefinement.destinationEmit Quot.sound
REFINEMENT_THEOREM RiscvRefinement.Air.Bridge.Jalr.sound
REFINEMENT_AXIOM RiscvRefinement.Air.Bridge.Jalr.sound propext
REFINEMENT_AXIOM RiscvRefinement.Air.Bridge.Jalr.sound Quot.sound
REFINEMENT_AXIOM RiscvRefinement.Air.Bridge.Jalr.sound Classical.choice
REFINEMENT_THEOREM RiscvRefinement.Opcodes.ShiftHoldsWithoutSignUpperBound.signLowerBound
REFINEMENT_THEOREM RiscvRefinement.Opcodes.DivHoldsWithoutNegationRecurrence.ltDiffUpper
REFINEMENT_THEOREM RiscvRefinement.Air.Bridge.BaseAluReg.ProductionRefinement.constraints
REFINEMENT_AXIOM RiscvRefinement.Air.Bridge.BaseAluReg.ProductionRefinement.constraints propext
REFINEMENT_AXIOM RiscvRefinement.Air.Bridge.BaseAluReg.ProductionRefinement.constraints Quot.sound
REFINEMENT_THEOREM RiscvRefinement.Opcodes.StoreMutation.swDroppedStoreRow_satisfies
REFINEMENT_AXIOM RiscvRefinement.Opcodes.StoreMutation.swDroppedStoreRow_satisfies propext
REFINEMENT_THEOREM RiscvRefinement.Opcodes.StoreRefinement.memoryUpdated
REFINEMENT_AXIOM RiscvRefinement.Opcodes.StoreRefinement.memoryUpdated propext
REFINEMENT_AXIOM RiscvRefinement.Opcodes.StoreRefinement.memoryUpdated Quot.sound
REFINEMENT_THEOREM RiscvRefinement.Air.Bridge.Jalr.ProductionRefinement.destinationClock
REFINEMENT_AXIOM RiscvRefinement.Air.Bridge.Jalr.ProductionRefinement.destinationClock propext
REFINEMENT_AXIOM RiscvRefinement.Air.Bridge.Jalr.ProductionRefinement.destinationClock Quot.sound
REFINEMENT_THEOREM RiscvRefinement.Opcodes.DivHoldsWithoutNegationRecurrence.sourceOneClock
REFINEMENT_THEOREM RiscvRefinement.Publication.TeamA.selectorUnique
REFINEMENT_AXIOM RiscvRefinement.Publication.TeamA.selectorUnique propext
REFINEMENT_THEOREM RiscvRefinement.Publication.TeamB.LoadStore.DirectEquations.byteStore0
REFINEMENT_THEOREM RiscvRefinement.Publication.TeamB.MulhDiv.Division.DirectConsequences.zeroDivisorQuotient1
REFINEMENT_THEOREM RiscvRefinement.Opcodes.shiftLeftEquations_weakens_lowByte
REFINEMENT_THEOREM RiscvRefinement.Opcodes.sll_exists
REFINEMENT_AXIOM RiscvRefinement.Opcodes.sll_exists propext
REFINEMENT_AXIOM RiscvRefinement.Opcodes.sll_exists Quot.sound
REFINEMENT_AXIOM RiscvRefinement.Opcodes.sll_exists Classical.choice
REFINEMENT_THEOREM RiscvRefinement.Opcodes.sllFreeLowByteRow_not_sound
REFINEMENT_AXIOM RiscvRefinement.Opcodes.sllFreeLowByteRow_not_sound propext
REFINEMENT_AXIOM RiscvRefinement.Opcodes.sllFreeLowByteRow_not_sound Quot.sound
REFINEMENT_THEOREM RiscvRefinement.Air.Bridge.Jalr.AirEquations.carry3
REFINEMENT_AXIOM RiscvRefinement.Air.Bridge.Jalr.AirEquations.carry3 propext
REFINEMENT_THEOREM RiscvRefinement.Decode.encode_div_is_canonical
REFINEMENT_AXIOM RiscvRefinement.Decode.encode_div_is_canonical propext
REFINEMENT_AXIOM RiscvRefinement.Decode.encode_div_is_canonical Quot.sound
REFINEMENT_THEOREM RiscvRefinement.Air.Bridge.BaseAluImm.ProductionRefinement.constraints
REFINEMENT_AXIOM RiscvRefinement.Air.Bridge.BaseAluImm.ProductionRefinement.constraints propext
REFINEMENT_AXIOM RiscvRefinement.Air.Bridge.BaseAluImm.ProductionRefinement.constraints Quot.sound
REFINEMENT_THEOREM RiscvRefinement.Air.newestValue_eq_symbolic
REFINEMENT_AXIOM RiscvRefinement.Air.newestValue_eq_symbolic propext
REFINEMENT_THEOREM RiscvRefinement.Air.Bridge.BaseAluReg.subBorrowNonvacuous
REFINEMENT_AXIOM RiscvRefinement.Air.Bridge.BaseAluReg.subBorrowNonvacuous propext
REFINEMENT_AXIOM RiscvRefinement.Air.Bridge.BaseAluReg.subBorrowNonvacuous Quot.sound
REFINEMENT_THEOREM RiscvRefinement.Opcodes.LoadStoreHoldsWithoutStoreResultZero.operandClock
REFINEMENT_AXIOM RiscvRefinement.Opcodes.LoadStoreHoldsWithoutStoreResultZero.operandClock propext
REFINEMENT_THEOREM RiscvRefinement.Opcodes.BaseAluReg.xor_selectorAccepted
REFINEMENT_AXIOM RiscvRefinement.Opcodes.BaseAluReg.xor_selectorAccepted propext
REFINEMENT_AXIOM RiscvRefinement.Opcodes.BaseAluReg.xor_selectorAccepted Quot.sound
REFINEMENT_THEOREM RiscvRefinement.Air.Family.shift_left_value
REFINEMENT_AXIOM RiscvRefinement.Air.Family.shift_left_value propext
REFINEMENT_AXIOM RiscvRefinement.Air.Family.shift_left_value Quot.sound
REFINEMENT_THEOREM RiscvRefinement.Air.Bridge.Branches.Lt.rawSound
REFINEMENT_AXIOM RiscvRefinement.Air.Bridge.Branches.Lt.rawSound propext
REFINEMENT_AXIOM RiscvRefinement.Air.Bridge.Branches.Lt.rawSound Quot.sound
REFINEMENT_THEOREM RiscvRefinement.Publication.TeamB.MulhDiv.Division.FixedSemanticConsequences.productCarry2
REFINEMENT_THEOREM RiscvRefinement.Opcodes.shifts_reg_refines
REFINEMENT_AXIOM RiscvRefinement.Opcodes.shifts_reg_refines propext
REFINEMENT_AXIOM RiscvRefinement.Opcodes.shifts_reg_refines Quot.sound
REFINEMENT_AXIOM RiscvRefinement.Opcodes.shifts_reg_refines Classical.choice
REFINEMENT_THEOREM RiscvRefinement.Opcodes.StoreMutation.StoreHoldsWithoutWordStore.halfShiftId
REFINEMENT_AXIOM RiscvRefinement.Opcodes.StoreMutation.StoreHoldsWithoutWordStore.halfShiftId propext
REFINEMENT_THEOREM RiscvRefinement.Publication.TeamB.MulhDiv.Division.wordSumNat_pos
REFINEMENT_AXIOM RiscvRefinement.Publication.TeamB.MulhDiv.Division.wordSumNat_pos propext
REFINEMENT_AXIOM RiscvRefinement.Publication.TeamB.MulhDiv.Division.wordSumNat_pos Quot.sound
REFINEMENT_THEOREM RiscvRefinement.Opcodes.DivHoldsWithoutScanTotal.dividendSignBit
REFINEMENT_THEOREM RiscvRefinement.Air.Generated.Programs.orSymbolicCertificate
REFINEMENT_AXIOM RiscvRefinement.Air.Generated.Programs.orSymbolicCertificate propext
REFINEMENT_AXIOM RiscvRefinement.Air.Generated.Programs.orSymbolicCertificate Quot.sound
REFINEMENT_THEOREM RiscvRefinement.Air.FixedTableId.rangeCheck884_contains_iff
REFINEMENT_AXIOM RiscvRefinement.Air.FixedTableId.rangeCheck884_contains_iff propext
REFINEMENT_THEOREM RiscvRefinement.Air.Bridge.BaseAluReg.ProductionRefinement.source2Consume
REFINEMENT_AXIOM RiscvRefinement.Air.Bridge.BaseAluReg.ProductionRefinement.source2Consume propext
REFINEMENT_AXIOM RiscvRefinement.Air.Bridge.BaseAluReg.ProductionRefinement.source2Consume Quot.sound
REFINEMENT_THEOREM RiscvRefinement.Publication.TeamB.MulhDiv.Division.reducedProductZero
REFINEMENT_AXIOM RiscvRefinement.Publication.TeamB.MulhDiv.Division.reducedProductZero propext
REFINEMENT_THEOREM RiscvRefinement.Opcodes.remu_product_recurrence_is_load_bearing
REFINEMENT_AXIOM RiscvRefinement.Opcodes.remu_product_recurrence_is_load_bearing propext
REFINEMENT_AXIOM RiscvRefinement.Opcodes.remu_product_recurrence_is_load_bearing Quot.sound
REFINEMENT_AXIOM RiscvRefinement.Opcodes.remu_product_recurrence_is_load_bearing Classical.choice
REFINEMENT_THEOREM RiscvRefinement.Air.Bridge.Branches.Eq.rawSound
REFINEMENT_AXIOM RiscvRefinement.Air.Bridge.Branches.Eq.rawSound propext
REFINEMENT_AXIOM RiscvRefinement.Air.Bridge.Branches.Eq.rawSound Quot.sound
REFINEMENT_THEOREM RiscvRefinement.Opcodes.DivHoldsWithoutZeroDivisorQuotient0.unsignedDivisorSign
REFINEMENT_THEOREM RiscvRefinement.Air.Bridge.BaseAluReg.source1AliasNonvacuous
REFINEMENT_AXIOM RiscvRefinement.Air.Bridge.BaseAluReg.source1AliasNonvacuous propext
REFINEMENT_AXIOM RiscvRefinement.Air.Bridge.BaseAluReg.source1AliasNonvacuous Quot.sound
REFINEMENT_THEOREM RiscvRefinement.Air.Family.MulHolds.destinationFlag
REFINEMENT_THEOREM RiscvRefinement.Publication.TeamB.Shifts.RegAdmission.clockPositive
REFINEMENT_THEOREM RiscvRefinement.Air.Bridge.TeamACommon.nextPcToNat
REFINEMENT_AXIOM RiscvRefinement.Air.Bridge.TeamACommon.nextPcToNat propext
REFINEMENT_AXIOM RiscvRefinement.Air.Bridge.TeamACommon.nextPcToNat Quot.sound
REFINEMENT_THEOREM RiscvRefinement.Opcodes.sb_memory_after
REFINEMENT_AXIOM RiscvRefinement.Opcodes.sb_memory_after propext
REFINEMENT_AXIOM RiscvRefinement.Opcodes.sb_memory_after Quot.sound
REFINEMENT_AXIOM RiscvRefinement.Opcodes.sb_memory_after Classical.choice
REFINEMENT_THEOREM RiscvRefinement.Opcodes.ByteLoadMutation.ByteLoadHoldsWithoutByteSignWitness.baseHighLimbRange
REFINEMENT_AXIOM RiscvRefinement.Opcodes.ByteLoadMutation.ByteLoadHoldsWithoutByteSignWitness.baseHighLimbRange propext
REFINEMENT_THEOREM RiscvRefinement.Opcodes.BaseAluImm.andi_refines
REFINEMENT_AXIOM RiscvRefinement.Opcodes.BaseAluImm.andi_refines propext
REFINEMENT_AXIOM RiscvRefinement.Opcodes.BaseAluImm.andi_refines Quot.sound
REFINEMENT_AXIOM RiscvRefinement.Opcodes.BaseAluImm.andi_refines Classical.choice
REFINEMENT_THEOREM RiscvRefinement.Opcodes.StoreMutation.StoreHoldsWithoutByteStoreSelect.storeResultZero
REFINEMENT_AXIOM RiscvRefinement.Opcodes.StoreMutation.StoreHoldsWithoutByteStoreSelect.storeResultZero propext
REFINEMENT_THEOREM RiscvRefinement.Publication.TeamA.Compare.slt_accepted_air_implies_retirement
REFINEMENT_AXIOM RiscvRefinement.Publication.TeamA.Compare.slt_accepted_air_implies_retirement propext
REFINEMENT_AXIOM RiscvRefinement.Publication.TeamA.Compare.slt_accepted_air_implies_retirement Quot.sound
REFINEMENT_THEOREM RiscvRefinement.Air.Bridge.Addi.Acceptance.fixedLookups
REFINEMENT_AXIOM RiscvRefinement.Air.Bridge.Addi.Acceptance.fixedLookups propext
REFINEMENT_AXIOM RiscvRefinement.Air.Bridge.Addi.Acceptance.fixedLookups Quot.sound
REFINEMENT_THEOREM RiscvRefinement.Opcodes.StoreMutation.StoreHoldsWithoutWordStore.halfLoadLow
REFINEMENT_AXIOM RiscvRefinement.Opcodes.StoreMutation.StoreHoldsWithoutWordStore.halfLoadLow propext
REFINEMENT_THEOREM RiscvRefinement.Opcodes.ShiftHoldsWithoutRightLowByte.destinationLimb1
REFINEMENT_THEOREM RiscvRefinement.Publication.TeamB.MulhDiv.Division.DirectEquationsE.scanEqual2
REFINEMENT_THEOREM RiscvRefinement.Decode.encode_lui_is_canonical
REFINEMENT_AXIOM RiscvRefinement.Decode.encode_lui_is_canonical propext
REFINEMENT_AXIOM RiscvRefinement.Decode.encode_lui_is_canonical Quot.sound
REFINEMENT_THEOREM RiscvRefinement.Opcodes.StoreMutation.StoreHoldsWithoutHalfStoreHigh.halfSignWitness
REFINEMENT_AXIOM RiscvRefinement.Opcodes.StoreMutation.StoreHoldsWithoutHalfStoreHigh.halfSignWitness propext
REFINEMENT_THEOREM RiscvRefinement.Opcodes.lb_result_value
REFINEMENT_AXIOM RiscvRefinement.Opcodes.lb_result_value propext
REFINEMENT_AXIOM RiscvRefinement.Opcodes.lb_result_value Quot.sound
REFINEMENT_AXIOM RiscvRefinement.Opcodes.lb_result_value Classical.choice
REFINEMENT_THEOREM RiscvRefinement.Opcodes.DivHoldsWithoutUnsignedDivisorSign.nextPcResult
REFINEMENT_THEOREM RiscvRefinement.Opcodes.LoadMutationWord.HoldsWithoutHalfLoadHigh.loadDestination
REFINEMENT_AXIOM RiscvRefinement.Opcodes.LoadMutationWord.HoldsWithoutHalfLoadHigh.loadDestination propext
REFINEMENT_THEOREM RiscvRefinement.Opcodes.DivHoldsWithoutSignXorDefinition.sourceOneLimb0
REFINEMENT_THEOREM RiscvRefinement.Publication.TeamB.Multiply.ExactFixedProjection.carry0
REFINEMENT_AXIOM RiscvRefinement.Publication.TeamB.Multiply.ExactFixedProjection.carry0 propext
REFINEMENT_AXIOM RiscvRefinement.Publication.TeamB.Multiply.ExactFixedProjection.carry0 Quot.sound
REFINEMENT_THEOREM RiscvRefinement.Air.Family.div_destination_word
REFINEMENT_AXIOM RiscvRefinement.Air.Family.div_destination_word propext
REFINEMENT_AXIOM RiscvRefinement.Air.Family.div_destination_word Quot.sound
REFINEMENT_THEOREM RiscvRefinement.Opcodes.BranchesMutation.wrongStateEmit_satisfies
REFINEMENT_AXIOM RiscvRefinement.Opcodes.BranchesMutation.wrongStateEmit_satisfies propext
REFINEMENT_AXIOM RiscvRefinement.Opcodes.BranchesMutation.wrongStateEmit_satisfies Quot.sound
REFINEMENT_THEOREM RiscvRefinement.Air.Family.DivHolds.scanEqual2
REFINEMENT_THEOREM RiscvRefinement.Air.Bridge.Jalr.AirEquations.destination1
REFINEMENT_AXIOM RiscvRefinement.Air.Bridge.Jalr.AirEquations.destination1 propext
REFINEMENT_THEOREM RiscvRefinement.Air.Bridge.BaseAluReg.ProductionRefinement.bitwise0
REFINEMENT_AXIOM RiscvRefinement.Air.Bridge.BaseAluReg.ProductionRefinement.bitwise0 propext
REFINEMENT_AXIOM RiscvRefinement.Air.Bridge.BaseAluReg.ProductionRefinement.bitwise0 Quot.sound
REFINEMENT_THEOREM RiscvRefinement.Publication.TeamB.MulhDiv.Division.evaluatedEarlyTupleLookups
REFINEMENT_AXIOM RiscvRefinement.Publication.TeamB.MulhDiv.Division.evaluatedEarlyTupleLookups propext
REFINEMENT_AXIOM RiscvRefinement.Publication.TeamB.MulhDiv.Division.evaluatedEarlyTupleLookups Quot.sound
REFINEMENT_THEOREM RiscvRefinement.Arith.minusOneWord_signedValue
REFINEMENT_THEOREM RiscvRefinement.Opcodes.LoadMutationWord.HoldsWithoutHalfLoadHigh.halfStoreLow
REFINEMENT_AXIOM RiscvRefinement.Opcodes.LoadMutationWord.HoldsWithoutHalfLoadHigh.halfStoreLow propext
REFINEMENT_THEOREM RiscvRefinement.Opcodes.LoadStoreHoldsWithoutHalfShiftId.sourceReadOnly
REFINEMENT_AXIOM RiscvRefinement.Opcodes.LoadStoreHoldsWithoutHalfShiftId.sourceReadOnly propext
REFINEMENT_THEOREM RiscvRefinement.Air.Bridge.Lui.clockRequestHolds
REFINEMENT_AXIOM RiscvRefinement.Air.Bridge.Lui.clockRequestHolds propext
REFINEMENT_AXIOM RiscvRefinement.Air.Bridge.Lui.clockRequestHolds Quot.sound
REFINEMENT_THEOREM RiscvRefinement.Opcodes.DivHoldsWithoutUnsignedDivisorSign.dividendSignBit
REFINEMENT_THEOREM RiscvRefinement.Opcodes.divWitnessZeroDestination_quotient
REFINEMENT_THEOREM RiscvRefinement.Opcodes.mulh_product_limb4_is_load_bearing
REFINEMENT_AXIOM RiscvRefinement.Opcodes.mulh_product_limb4_is_load_bearing propext
REFINEMENT_AXIOM RiscvRefinement.Opcodes.mulh_product_limb4_is_load_bearing Quot.sound
REFINEMENT_AXIOM RiscvRefinement.Opcodes.mulh_product_limb4_is_load_bearing Classical.choice
REFINEMENT_THEOREM RiscvRefinement.Opcodes.SelectorNonVacuity.divFamily_architectural_agreement
REFINEMENT_AXIOM RiscvRefinement.Opcodes.SelectorNonVacuity.divFamily_architectural_agreement propext
REFINEMENT_THEOREM RiscvRefinement.Opcodes.DivHoldsWithoutProductRecurrence.negationRecurrence
REFINEMENT_THEOREM RiscvRefinement.Air.Bridge.BaseAluReg.bitwiseBytesWord
REFINEMENT_AXIOM RiscvRefinement.Air.Bridge.BaseAluReg.bitwiseBytesWord propext
REFINEMENT_AXIOM RiscvRefinement.Air.Bridge.BaseAluReg.bitwiseBytesWord Quot.sound
REFINEMENT_THEOREM RiscvRefinement.Publication.TeamB.Shifts.RegAdmission.carry0Canonical
REFINEMENT_THEOREM RiscvRefinement.Opcodes.LoadStoreHoldsWithoutWordLoad.destinationFlag
REFINEMENT_AXIOM RiscvRefinement.Opcodes.LoadStoreHoldsWithoutWordLoad.destinationFlag propext
REFINEMENT_THEOREM RiscvRefinement.Air.Bridge.Jalr.zeroDestinationAcceptance
REFINEMENT_AXIOM RiscvRefinement.Air.Bridge.Jalr.zeroDestinationAcceptance propext
REFINEMENT_AXIOM RiscvRefinement.Air.Bridge.Jalr.zeroDestinationAcceptance Quot.sound
REFINEMENT_THEOREM RiscvRefinement.Opcodes.DivHoldsWithoutSignXorDefinition.sourceTwoLimb0
REFINEMENT_THEOREM RiscvRefinement.Opcodes.ByteLoadMutation.ByteLoadHoldsWithoutByteSignWitness.byteShiftAmount
REFINEMENT_AXIOM RiscvRefinement.Opcodes.ByteLoadMutation.ByteLoadHoldsWithoutByteSignWitness.byteShiftAmount propext
REFINEMENT_THEOREM RiscvRefinement.Opcodes.mulhHolds_weakens_selectorSourceTwoSign
REFINEMENT_THEOREM RiscvRefinement.Opcodes.LoadRefinement.memoryConsume
REFINEMENT_AXIOM RiscvRefinement.Opcodes.LoadRefinement.memoryConsume propext
REFINEMENT_AXIOM RiscvRefinement.Opcodes.LoadRefinement.memoryConsume Quot.sound
REFINEMENT_THEOREM RiscvRefinement.Air.Family.mulhSourceTwoStable
REFINEMENT_AXIOM RiscvRefinement.Air.Family.mulhSourceTwoStable propext
REFINEMENT_THEOREM RiscvRefinement.Publication.TeamB.Shifts.ImmAdmission.claimedNextPcCanonical
REFINEMENT_THEOREM RiscvRefinement.Opcodes.NonVacuity.lhZero_holds
REFINEMENT_AXIOM RiscvRefinement.Opcodes.NonVacuity.lhZero_holds propext
REFINEMENT_THEOREM RiscvRefinement.Air.Bridge.Branches.Admission.rs2PreviousBound
REFINEMENT_AXIOM RiscvRefinement.Air.Bridge.Branches.Admission.rs2PreviousBound propext
REFINEMENT_AXIOM RiscvRefinement.Air.Bridge.Branches.Admission.rs2PreviousBound Quot.sound
REFINEMENT_THEOREM RiscvRefinement.Decode.encode_shift_imm_is_canonical
REFINEMENT_AXIOM RiscvRefinement.Decode.encode_shift_imm_is_canonical propext
REFINEMENT_AXIOM RiscvRefinement.Decode.encode_shift_imm_is_canonical Quot.sound
REFINEMENT_THEOREM RiscvRefinement.Air.Bridge.M31.eq_of_val
REFINEMENT_AXIOM RiscvRefinement.Air.Bridge.M31.eq_of_val propext
REFINEMENT_THEOREM RiscvRefinement.Memory.lowHalf_extract
REFINEMENT_AXIOM RiscvRefinement.Memory.lowHalf_extract propext
REFINEMENT_AXIOM RiscvRefinement.Memory.lowHalf_extract Quot.sound
REFINEMENT_THEOREM RiscvRefinement.Air.Bridge.Jal.ProductionRefinement.selectors
REFINEMENT_AXIOM RiscvRefinement.Air.Bridge.Jal.ProductionRefinement.selectors propext
REFINEMENT_AXIOM RiscvRefinement.Air.Bridge.Jal.ProductionRefinement.selectors Quot.sound
REFINEMENT_THEOREM RiscvRefinement.Opcodes.DivHoldsWithoutDividendSignBit.absSameLimb3
REFINEMENT_THEOREM RiscvRefinement.Air.Bridge.Auipc.Admission.pcProfileBound
REFINEMENT_AXIOM RiscvRefinement.Air.Bridge.Auipc.Admission.pcProfileBound propext
REFINEMENT_AXIOM RiscvRefinement.Air.Bridge.Auipc.Admission.pcProfileBound Quot.sound
REFINEMENT_THEOREM RiscvRefinement.Opcodes.Branches.Lt.bgeu_nonvacuity_theorem
REFINEMENT_AXIOM RiscvRefinement.Opcodes.Branches.Lt.bgeu_nonvacuity_theorem propext
REFINEMENT_AXIOM RiscvRefinement.Opcodes.Branches.Lt.bgeu_nonvacuity_theorem Quot.sound
REFINEMENT_AXIOM RiscvRefinement.Opcodes.Branches.Lt.bgeu_nonvacuity_theorem Classical.choice
REFINEMENT_THEOREM RiscvRefinement.Opcodes.StoreMutation.StoreHoldsWithoutWordStore.alignedQuarterRange
REFINEMENT_AXIOM RiscvRefinement.Opcodes.StoreMutation.StoreHoldsWithoutWordStore.alignedQuarterRange propext
REFINEMENT_THEOREM RiscvRefinement.Opcodes.LoadMutationWord.HoldsWithoutHalfLoadExtension.clockPositive
REFINEMENT_AXIOM RiscvRefinement.Opcodes.LoadMutationWord.HoldsWithoutHalfLoadExtension.clockPositive propext
REFINEMENT_THEOREM RiscvRefinement.Opcodes.LoadMutationWord.HoldsWithoutWordLoad.halfLoadHigh
REFINEMENT_AXIOM RiscvRefinement.Opcodes.LoadMutationWord.HoldsWithoutWordLoad.halfLoadHigh propext
REFINEMENT_THEOREM RiscvRefinement.Air.Bridge.mulhUnsignedWitnessFits
REFINEMENT_THEOREM RiscvRefinement.Air.Bridge.BaseAluImm.Admission.pcBound
REFINEMENT_THEOREM RiscvRefinement.Publication.TeamB.MulhDiv.Division.Admission.clockPositive
REFINEMENT_THEOREM RiscvRefinement.Opcodes.Jalr.Environment.sourceBinds
REFINEMENT_THEOREM RiscvRefinement.Opcodes.DivHoldsWithoutZeroDivisorQuotient0.zeroDivisorQuotientSign
REFINEMENT_THEOREM RiscvRefinement.Publication.TeamB.MulhDiv.Division.node306
REFINEMENT_AXIOM RiscvRefinement.Publication.TeamB.MulhDiv.Division.node306 propext
REFINEMENT_AXIOM RiscvRefinement.Publication.TeamB.MulhDiv.Division.node306 Quot.sound
REFINEMENT_THEOREM RiscvRefinement.Publication.AcceptedProductionEvaluation.directConstraints
REFINEMENT_AXIOM RiscvRefinement.Publication.AcceptedProductionEvaluation.directConstraints propext
REFINEMENT_THEOREM RiscvRefinement.Air.Family.LoadStoreHolds.byteSignWitness
REFINEMENT_AXIOM RiscvRefinement.Air.Family.LoadStoreHolds.byteSignWitness propext
REFINEMENT_THEOREM RiscvRefinement.Opcodes.StoreMutation.sb_byte_store_select_is_load_bearing
REFINEMENT_AXIOM RiscvRefinement.Opcodes.StoreMutation.sb_byte_store_select_is_load_bearing propext
REFINEMENT_AXIOM RiscvRefinement.Opcodes.StoreMutation.sb_byte_store_select_is_load_bearing Quot.sound
REFINEMENT_THEOREM RiscvRefinement.Air.Bridge.Auipc.allLookupProjection
REFINEMENT_AXIOM RiscvRefinement.Air.Bridge.Auipc.allLookupProjection propext
REFINEMENT_AXIOM RiscvRefinement.Air.Bridge.Auipc.allLookupProjection Quot.sound
REFINEMENT_THEOREM RiscvRefinement.Opcodes.LoadStoreHoldsWithoutStoreResultZero.byteShiftAmount
REFINEMENT_AXIOM RiscvRefinement.Opcodes.LoadStoreHoldsWithoutStoreResultZero.byteShiftAmount propext
REFINEMENT_THEOREM RiscvRefinement.Opcodes.LoadMutationWord.HoldsWithoutHalfLoadHigh.memoryAddress
REFINEMENT_AXIOM RiscvRefinement.Opcodes.LoadMutationWord.HoldsWithoutHalfLoadHigh.memoryAddress propext
REFINEMENT_THEOREM RiscvRefinement.Air.Family.limb_markers_hot
REFINEMENT_AXIOM RiscvRefinement.Air.Family.limb_markers_hot propext
REFINEMENT_AXIOM RiscvRefinement.Air.Family.limb_markers_hot Quot.sound
REFINEMENT_THEOREM RiscvRefinement.Air.Bridge.Branches.Admission.fallthroughBound
REFINEMENT_AXIOM RiscvRefinement.Air.Bridge.Branches.Admission.fallthroughBound propext
REFINEMENT_AXIOM RiscvRefinement.Air.Bridge.Branches.Admission.fallthroughBound Quot.sound
REFINEMENT_THEOREM RiscvRefinement.Air.Bridge.Branches.Lt.rawDecisionFromComparison
REFINEMENT_AXIOM RiscvRefinement.Air.Bridge.Branches.Lt.rawDecisionFromComparison propext
REFINEMENT_AXIOM RiscvRefinement.Air.Bridge.Branches.Lt.rawDecisionFromComparison Quot.sound
REFINEMENT_THEOREM RiscvRefinement.Publication.TeamB.MulhDiv.Division.evaluatedFixedLookupsA
REFINEMENT_AXIOM RiscvRefinement.Publication.TeamB.MulhDiv.Division.evaluatedFixedLookupsA propext
REFINEMENT_AXIOM RiscvRefinement.Publication.TeamB.MulhDiv.Division.evaluatedFixedLookupsA Quot.sound
REFINEMENT_THEOREM RiscvRefinement.Arith.tdiv_tmod_unique
REFINEMENT_AXIOM RiscvRefinement.Arith.tdiv_tmod_unique propext
REFINEMENT_AXIOM RiscvRefinement.Arith.tdiv_tmod_unique Quot.sound
REFINEMENT_AXIOM RiscvRefinement.Arith.tdiv_tmod_unique Classical.choice
REFINEMENT_THEOREM RiscvRefinement.Publication.TeamB.MulhDiv.HighMultiply.FixedConsequences.carry0Bound
REFINEMENT_THEOREM RiscvRefinement.Air.Bridge.M31.mul_zero
REFINEMENT_AXIOM RiscvRefinement.Air.Bridge.M31.mul_zero propext
REFINEMENT_THEOREM RiscvRefinement.Opcodes.addi_zero_destination_production_nonvacuous
REFINEMENT_AXIOM RiscvRefinement.Opcodes.addi_zero_destination_production_nonvacuous propext
REFINEMENT_AXIOM RiscvRefinement.Opcodes.addi_zero_destination_production_nonvacuous Quot.sound
REFINEMENT_AXIOM RiscvRefinement.Opcodes.addi_zero_destination_production_nonvacuous Classical.choice
REFINEMENT_THEOREM RiscvRefinement.Air.Bridge.Fence.nextPcField
REFINEMENT_AXIOM RiscvRefinement.Air.Bridge.Fence.nextPcField propext
REFINEMENT_AXIOM RiscvRefinement.Air.Bridge.Fence.nextPcField Quot.sound
REFINEMENT_THEOREM RiscvRefinement.Air.Family.mulhDestinationValue
REFINEMENT_AXIOM RiscvRefinement.Air.Family.mulhDestinationValue propext
REFINEMENT_AXIOM RiscvRefinement.Air.Family.mulhDestinationValue Quot.sound
REFINEMENT_THEOREM RiscvRefinement.Opcodes.ShiftHoldsWithoutRightLowByte.carry1Range
REFINEMENT_THEOREM RiscvRefinement.Opcodes.ByteLoadMutation.ByteLoadHoldsWithoutByteSignWitness.immFeltRange
REFINEMENT_AXIOM RiscvRefinement.Opcodes.ByteLoadMutation.ByteLoadHoldsWithoutByteSignWitness.immFeltRange propext
REFINEMENT_THEOREM RiscvRefinement.Air.Bridge.Jalr.sourceClockRequest
REFINEMENT_AXIOM RiscvRefinement.Air.Bridge.Jalr.sourceClockRequest propext
REFINEMENT_AXIOM RiscvRefinement.Air.Bridge.Jalr.sourceClockRequest Quot.sound
REFINEMENT_THEOREM RiscvRefinement.Publication.TeamB.LoadStore.Admission.basePreviousBound
REFINEMENT_THEOREM RiscvRefinement.Air.Bridge.LtReg.Admission.pcBound
REFINEMENT_THEOREM RiscvRefinement.Opcodes.ByteLoadMutation.ByteLoadHoldsWithoutByteLoadExtension.baseClock
REFINEMENT_AXIOM RiscvRefinement.Opcodes.ByteLoadMutation.ByteLoadHoldsWithoutByteLoadExtension.baseClock propext
REFINEMENT_THEOREM RiscvRefinement.Opcodes.LoadStoreHoldsWithoutPartialStorePreserve.clockPositive
REFINEMENT_AXIOM RiscvRefinement.Opcodes.LoadStoreHoldsWithoutPartialStorePreserve.clockPositive propext
REFINEMENT_THEOREM RiscvRefinement.Air.Bridge.Fence.ProductionRefinement.noRegisterAccessProjection
REFINEMENT_AXIOM RiscvRefinement.Air.Bridge.Fence.ProductionRefinement.noRegisterAccessProjection propext
REFINEMENT_AXIOM RiscvRefinement.Air.Bridge.Fence.ProductionRefinement.noRegisterAccessProjection Quot.sound
REFINEMENT_THEOREM RiscvRefinement.Opcodes.ShiftHoldsWithoutSignUpperBound.carry3Range
REFINEMENT_THEOREM RiscvRefinement.Publication.TeamB.LoadStore.sb_exactSelectorIdentity
REFINEMENT_AXIOM RiscvRefinement.Publication.TeamB.LoadStore.sb_exactSelectorIdentity propext
REFINEMENT_AXIOM RiscvRefinement.Publication.TeamB.LoadStore.sb_exactSelectorIdentity Quot.sound
REFINEMENT_THEOREM RiscvRefinement.NonVacuity.honest_addi_holds
REFINEMENT_AXIOM RiscvRefinement.NonVacuity.honest_addi_holds propext
REFINEMENT_THEOREM RiscvRefinement.Opcodes.BaseAluImm.ori_exactProgramTuple
REFINEMENT_AXIOM RiscvRefinement.Opcodes.BaseAluImm.ori_exactProgramTuple propext
REFINEMENT_AXIOM RiscvRefinement.Opcodes.BaseAluImm.ori_exactProgramTuple Quot.sound
REFINEMENT_THEOREM RiscvRefinement.Memory.signExtendByte_nonnegative
REFINEMENT_AXIOM RiscvRefinement.Memory.signExtendByte_nonnegative propext
REFINEMENT_AXIOM RiscvRefinement.Memory.signExtendByte_nonnegative Quot.sound
REFINEMENT_AXIOM RiscvRefinement.Memory.signExtendByte_nonnegative Classical.choice
REFINEMENT_THEOREM RiscvRefinement.Air.Bridge.LtComparator.ComparatorContract.left2Bound
REFINEMENT_THEOREM RiscvRefinement.Publication.TeamB.MulhDiv.Division.DirectEquationsE.negCarryInverse3
REFINEMENT_THEOREM RiscvRefinement.Decode.shift_selectors_are_disjoint
REFINEMENT_AXIOM RiscvRefinement.Decode.shift_selectors_are_disjoint propext
REFINEMENT_THEOREM RiscvRefinement.Air.Family.mulDestinationValue
REFINEMENT_AXIOM RiscvRefinement.Air.Family.mulDestinationValue propext
REFINEMENT_AXIOM RiscvRefinement.Air.Family.mulDestinationValue Quot.sound
REFINEMENT_THEOREM RiscvRefinement.Air.Bridge.Mutations.luiOriginal_sound
REFINEMENT_AXIOM RiscvRefinement.Air.Bridge.Mutations.luiOriginal_sound propext
REFINEMENT_AXIOM RiscvRefinement.Air.Bridge.Mutations.luiOriginal_sound Quot.sound
REFINEMENT_THEOREM RiscvRefinement.Air.Bridge.DivCircuit.nodesWellFormed_of_wellFormed
REFINEMENT_AXIOM RiscvRefinement.Air.Bridge.DivCircuit.nodesWellFormed_of_wellFormed propext
REFINEMENT_THEOREM RiscvRefinement.Opcodes.ShiftsImmHoldsWithoutSignLowerBound.clockPositive
REFINEMENT_THEOREM RiscvRefinement.Decode.encode_sh_is_canonical
REFINEMENT_AXIOM RiscvRefinement.Decode.encode_sh_is_canonical propext
REFINEMENT_AXIOM RiscvRefinement.Decode.encode_sh_is_canonical Quot.sound
REFINEMENT_THEOREM RiscvRefinement.Publication.TeamB.LoadStore.sh_exactSelectorIdentity
REFINEMENT_AXIOM RiscvRefinement.Publication.TeamB.LoadStore.sh_exactSelectorIdentity propext
REFINEMENT_AXIOM RiscvRefinement.Publication.TeamB.LoadStore.sh_exactSelectorIdentity Quot.sound
REFINEMENT_THEOREM RiscvRefinement.Publication.TeamB.LoadStore.ExactFixedProjection.destinationClock
REFINEMENT_AXIOM RiscvRefinement.Publication.TeamB.LoadStore.ExactFixedProjection.destinationClock propext
REFINEMENT_AXIOM RiscvRefinement.Publication.TeamB.LoadStore.ExactFixedProjection.destinationClock Quot.sound
REFINEMENT_THEOREM RiscvRefinement.Opcodes.LoadStoreHoldsWithoutPartialStorePreserve.byteShiftAmount
REFINEMENT_AXIOM RiscvRefinement.Opcodes.LoadStoreHoldsWithoutPartialStorePreserve.byteShiftAmount propext
REFINEMENT_THEOREM RiscvRefinement.Publication.TeamA.BaseAlu.add_accepted_air_implies_retirement
REFINEMENT_AXIOM RiscvRefinement.Publication.TeamA.BaseAlu.add_accepted_air_implies_retirement propext
REFINEMENT_AXIOM RiscvRefinement.Publication.TeamA.BaseAlu.add_accepted_air_implies_retirement Quot.sound
REFINEMENT_THEOREM RiscvRefinement.Opcodes.SelectorNonVacuity.remuZeroDivisorRow_holds
REFINEMENT_THEOREM RiscvRefinement.Opcodes.DivHoldsWithoutDestinationLimb0.absSameLimb1
REFINEMENT_THEOREM RiscvRefinement.Opcodes.LoadStoreDecode.encode_load_is_canonical
REFINEMENT_AXIOM RiscvRefinement.Opcodes.LoadStoreDecode.encode_load_is_canonical propext
REFINEMENT_AXIOM RiscvRefinement.Opcodes.LoadStoreDecode.encode_load_is_canonical Quot.sound
REFINEMENT_THEOREM RiscvRefinement.Opcodes.LoadRefinement.stateEmit
REFINEMENT_AXIOM RiscvRefinement.Opcodes.LoadRefinement.stateEmit propext
REFINEMENT_AXIOM RiscvRefinement.Opcodes.LoadRefinement.stateEmit Quot.sound
REFINEMENT_THEOREM RiscvRefinement.Air.Family.LoadStoreHolds.halfStoreLow
REFINEMENT_AXIOM RiscvRefinement.Air.Family.LoadStoreHolds.halfStoreLow propext
REFINEMENT_THEOREM RiscvRefinement.Opcodes.DivHoldsWithoutDestinationLimb0.zeroDivisorQuotient0
REFINEMENT_THEOREM RiscvRefinement.Opcodes.ShiftHoldsWithoutSignLowerBound.rightMovement
REFINEMENT_THEOREM RiscvRefinement.Opcodes.BaseAluReg.xor_exactProgramTuple
REFINEMENT_AXIOM RiscvRefinement.Opcodes.BaseAluReg.xor_exactProgramTuple propext
REFINEMENT_AXIOM RiscvRefinement.Opcodes.BaseAluReg.xor_exactProgramTuple Quot.sound
REFINEMENT_THEOREM RiscvRefinement.Opcodes.remRelabelledResultRow_refutes
REFINEMENT_AXIOM RiscvRefinement.Opcodes.remRelabelledResultRow_refutes propext
REFINEMENT_THEOREM RiscvRefinement.Opcodes.ShiftsRegRefinement.maskedAmount
REFINEMENT_AXIOM RiscvRefinement.Opcodes.ShiftsRegRefinement.maskedAmount propext
REFINEMENT_AXIOM RiscvRefinement.Opcodes.ShiftsRegRefinement.maskedAmount Quot.sound
REFINEMENT_THEOREM RiscvRefinement.Opcodes.MulhHoldsWithoutProductLimb4.sourceTwoLimb1
REFINEMENT_THEOREM RiscvRefinement.Publication.TeamB.MulhDiv.HighMultiply.ExactFixedProjection.carry3
REFINEMENT_AXIOM RiscvRefinement.Publication.TeamB.MulhDiv.HighMultiply.ExactFixedProjection.carry3 propext
REFINEMENT_AXIOM RiscvRefinement.Publication.TeamB.MulhDiv.HighMultiply.ExactFixedProjection.carry3 Quot.sound
REFINEMENT_THEOREM RiscvRefinement.Air.Bridge.Jalr.ExactLookups.sourceOuter
REFINEMENT_AXIOM RiscvRefinement.Air.Bridge.Jalr.ExactLookups.sourceOuter propext
REFINEMENT_AXIOM RiscvRefinement.Air.Bridge.Jalr.ExactLookups.sourceOuter Quot.sound
REFINEMENT_THEOREM RiscvRefinement.Opcodes.ShiftHoldsWithoutSignLowerBound.limbIndexRange
REFINEMENT_THEOREM RiscvRefinement.Publication.TeamB.MulhDiv.Division.ExactFixedProjection.carry2
REFINEMENT_AXIOM RiscvRefinement.Publication.TeamB.MulhDiv.Division.ExactFixedProjection.carry2 propext
REFINEMENT_AXIOM RiscvRefinement.Publication.TeamB.MulhDiv.Division.ExactFixedProjection.carry2 Quot.sound
REFINEMENT_THEOREM RiscvRefinement.Opcodes.lui_result_bytes_refine
REFINEMENT_AXIOM RiscvRefinement.Opcodes.lui_result_bytes_refine propext
REFINEMENT_AXIOM RiscvRefinement.Opcodes.lui_result_bytes_refine Quot.sound
REFINEMENT_THEOREM RiscvRefinement.Air.Bridge.Jalr.ExactLookups.targetHigh8
REFINEMENT_AXIOM RiscvRefinement.Air.Bridge.Jalr.ExactLookups.targetHigh8 propext
REFINEMENT_AXIOM RiscvRefinement.Air.Bridge.Jalr.ExactLookups.targetHigh8 Quot.sound
REFINEMENT_THEOREM RiscvRefinement.Opcodes.LoadStoreHoldsWithoutHalfShiftId.operandClock
REFINEMENT_AXIOM RiscvRefinement.Opcodes.LoadStoreHoldsWithoutHalfShiftId.operandClock propext
REFINEMENT_THEOREM RiscvRefinement.Opcodes.DivHoldsWithoutDividendSignBit.divisorNonzero
REFINEMENT_THEOREM RiscvRefinement.Publication.TeamB.MulhDiv.Division.DirectEquationsF.scanMarker0
REFINEMENT_THEOREM RiscvRefinement.Air.Bridge.Fence.ProductionRefinement.nextPc
REFINEMENT_AXIOM RiscvRefinement.Air.Bridge.Fence.ProductionRefinement.nextPc propext
REFINEMENT_AXIOM RiscvRefinement.Air.Bridge.Fence.ProductionRefinement.nextPc Quot.sound
REFINEMENT_THEOREM RiscvRefinement.Publication.TeamB.manifestIds_exact
REFINEMENT_THEOREM RiscvRefinement.Opcodes.LoadMutationWord.lhuWrongHalfRow_refutes
REFINEMENT_AXIOM RiscvRefinement.Opcodes.LoadMutationWord.lhuWrongHalfRow_refutes propext
REFINEMENT_AXIOM RiscvRefinement.Opcodes.LoadMutationWord.lhuWrongHalfRow_refutes Quot.sound
REFINEMENT_THEOREM RiscvRefinement.Opcodes.LoadMutationWord.HoldsWithoutWordLoad.baseReadOnly
REFINEMENT_AXIOM RiscvRefinement.Opcodes.LoadMutationWord.HoldsWithoutWordLoad.baseReadOnly propext
REFINEMENT_THEOREM RiscvRefinement.Opcodes.srliSignFillRow_satisfies
REFINEMENT_AXIOM RiscvRefinement.Opcodes.srliSignFillRow_satisfies propext
REFINEMENT_THEOREM RiscvRefinement.Opcodes.MulhHoldsWithoutSelectorSourceTwoSign.sourceOneLimb2
REFINEMENT_THEOREM RiscvRefinement.Air.Bridge.Jalr.ProductionRefinement.targetMiddle
REFINEMENT_AXIOM RiscvRefinement.Air.Bridge.Jalr.ProductionRefinement.targetMiddle propext
REFINEMENT_AXIOM RiscvRefinement.Air.Bridge.Jalr.ProductionRefinement.targetMiddle Quot.sound
REFINEMENT_THEOREM RiscvRefinement.Publication.TeamB.Shifts.RegPublicationResult.holds
REFINEMENT_AXIOM RiscvRefinement.Publication.TeamB.Shifts.RegPublicationResult.holds propext
REFINEMENT_AXIOM RiscvRefinement.Publication.TeamB.Shifts.RegPublicationResult.holds Quot.sound
REFINEMENT_THEOREM RiscvRefinement.Opcodes.srli_retires_logical_shift
REFINEMENT_AXIOM RiscvRefinement.Opcodes.srli_retires_logical_shift propext
REFINEMENT_AXIOM RiscvRefinement.Opcodes.srli_retires_logical_shift Quot.sound
REFINEMENT_THEOREM RiscvRefinement.Sail.Reviewed.executeDivision_next_pc
REFINEMENT_THEOREM RiscvRefinement.Air.Bridge.Branches.Eq.Acceptance.constraints
REFINEMENT_AXIOM RiscvRefinement.Air.Bridge.Branches.Eq.Acceptance.constraints propext
REFINEMENT_AXIOM RiscvRefinement.Air.Bridge.Branches.Eq.Acceptance.constraints Quot.sound
REFINEMENT_THEOREM RiscvRefinement.Opcodes.DivHoldsWithoutProductRecurrence.sourceOneClock
REFINEMENT_THEOREM RiscvRefinement.Opcodes.LoadStoreHoldsWithoutHalfLoadHigh.halfStoreHigh
REFINEMENT_AXIOM RiscvRefinement.Opcodes.LoadStoreHoldsWithoutHalfLoadHigh.halfStoreHigh propext
REFINEMENT_THEOREM RiscvRefinement.Opcodes.LoadStoreHoldsWithoutPartialStorePreserve.halfMarkerSum
REFINEMENT_AXIOM RiscvRefinement.Opcodes.LoadStoreHoldsWithoutPartialStorePreserve.halfMarkerSum propext
REFINEMENT_THEOREM RiscvRefinement.Air.Bridge.LtComparator.orientedZero
REFINEMENT_AXIOM RiscvRefinement.Air.Bridge.LtComparator.orientedZero propext
REFINEMENT_AXIOM RiscvRefinement.Air.Bridge.LtComparator.orientedZero Quot.sound
REFINEMENT_THEOREM RiscvRefinement.Opcodes.Lt.Reg.Refinement.exactProgramTuple
REFINEMENT_AXIOM RiscvRefinement.Opcodes.Lt.Reg.Refinement.exactProgramTuple propext
REFINEMENT_AXIOM RiscvRefinement.Opcodes.Lt.Reg.Refinement.exactProgramTuple Quot.sound
REFINEMENT_THEOREM RiscvRefinement.Opcodes.DivHoldsWithoutProductRecurrence.zeroDivisorLimb2
REFINEMENT_THEOREM RiscvRefinement.Publication.TeamB.MulhDiv.HighMultiply.FixedConsequences.destinationGap
REFINEMENT_THEOREM RiscvRefinement.Air.Bridge.Lui.destinationFlag_of_constraints
REFINEMENT_AXIOM RiscvRefinement.Air.Bridge.Lui.destinationFlag_of_constraints propext
REFINEMENT_AXIOM RiscvRefinement.Air.Bridge.Lui.destinationFlag_of_constraints Quot.sound
REFINEMENT_THEOREM RiscvRefinement.Air.Generated.Programs.addSymbolicCertificate
REFINEMENT_AXIOM RiscvRefinement.Air.Generated.Programs.addSymbolicCertificate propext
REFINEMENT_AXIOM RiscvRefinement.Air.Generated.Programs.addSymbolicCertificate Quot.sound
REFINEMENT_THEOREM RiscvRefinement.Opcodes.StoreMutation.StoreHoldsWithoutByteStoreSelect.operandClock
REFINEMENT_AXIOM RiscvRefinement.Opcodes.StoreMutation.StoreHoldsWithoutByteStoreSelect.operandClock propext
REFINEMENT_THEOREM RiscvRefinement.Air.Family.div_word_eq_zero_iff
REFINEMENT_AXIOM RiscvRefinement.Air.Family.div_word_eq_zero_iff propext
REFINEMENT_AXIOM RiscvRefinement.Air.Family.div_word_eq_zero_iff Quot.sound
REFINEMENT_THEOREM RiscvRefinement.Opcodes.MulhHoldsWithoutSourceOneSignBinding.sourceOneLimb2
REFINEMENT_THEOREM RiscvRefinement.Opcodes.BaseAluReg.source1AliasRefinementNonvacuous
REFINEMENT_AXIOM RiscvRefinement.Opcodes.BaseAluReg.source1AliasRefinementNonvacuous propext
REFINEMENT_AXIOM RiscvRefinement.Opcodes.BaseAluReg.source1AliasRefinementNonvacuous Quot.sound
REFINEMENT_THEOREM RiscvRefinement.Publication.TeamB.MulhDiv.Division.DirectEquationsD.negCarryInverse1
REFINEMENT_THEOREM RiscvRefinement.Outcome.retirement?_retired
REFINEMENT_THEOREM RiscvRefinement.Publication.TeamB.MulhDiv.HighMultiply.DirectEquations.sourceOne1
REFINEMENT_AXIOM RiscvRefinement.Publication.TeamB.MulhDiv.HighMultiply.DirectEquations.sourceOne1 propext
REFINEMENT_THEOREM RiscvRefinement.Opcodes.MulhHoldsWithoutProductLimb4.sourceOneLimb0
REFINEMENT_THEOREM RiscvRefinement.Publication.TeamB.Shifts.ImmFixedConsequences.signUpper
REFINEMENT_THEOREM RiscvRefinement.Air.Bridge.M31.reduce_sub_eq_zero
REFINEMENT_AXIOM RiscvRefinement.Air.Bridge.M31.reduce_sub_eq_zero propext
REFINEMENT_AXIOM RiscvRefinement.Air.Bridge.M31.reduce_sub_eq_zero Quot.sound
REFINEMENT_THEOREM RiscvRefinement.Air.Bridge.Mutations.selectorRelabel_strictly_weaker
REFINEMENT_AXIOM RiscvRefinement.Air.Bridge.Mutations.selectorRelabel_strictly_weaker propext
REFINEMENT_AXIOM RiscvRefinement.Air.Bridge.Mutations.selectorRelabel_strictly_weaker Quot.sound
REFINEMENT_THEOREM RiscvRefinement.Opcodes.LoadStoreHoldsWithoutPartialStorePreserve.wordShiftAmount
REFINEMENT_AXIOM RiscvRefinement.Opcodes.LoadStoreHoldsWithoutPartialStorePreserve.wordShiftAmount propext
REFINEMENT_THEOREM RiscvRefinement.Opcodes.LoadStoreHoldsWithoutStoreResultZero.halfMarkerSum
REFINEMENT_AXIOM RiscvRefinement.Opcodes.LoadStoreHoldsWithoutStoreResultZero.halfMarkerSum propext
REFINEMENT_THEOREM RiscvRefinement.Publication.TeamB.MulhDiv.Division.DirectEquations.d
REFINEMENT_THEOREM RiscvRefinement.Memory.byteOffset_split
REFINEMENT_AXIOM RiscvRefinement.Memory.byteOffset_split propext
REFINEMENT_AXIOM RiscvRefinement.Memory.byteOffset_split Quot.sound
REFINEMENT_THEOREM RiscvRefinement.Opcodes.BaseAluImm.refinementNonvacuous
REFINEMENT_AXIOM RiscvRefinement.Opcodes.BaseAluImm.refinementNonvacuous propext
REFINEMENT_AXIOM RiscvRefinement.Opcodes.BaseAluImm.refinementNonvacuous Quot.sound
REFINEMENT_AXIOM RiscvRefinement.Opcodes.BaseAluImm.refinementNonvacuous Classical.choice
REFINEMENT_THEOREM RiscvRefinement.Air.Bridge.LtImm.projectionMetadata
REFINEMENT_AXIOM RiscvRefinement.Air.Bridge.LtImm.projectionMetadata propext
REFINEMENT_AXIOM RiscvRefinement.Air.Bridge.LtImm.projectionMetadata Quot.sound
REFINEMENT_THEOREM RiscvRefinement.Opcodes.LuiEnvironment.destinationBinds
REFINEMENT_AXIOM RiscvRefinement.Opcodes.LuiEnvironment.destinationBinds propext
REFINEMENT_AXIOM RiscvRefinement.Opcodes.LuiEnvironment.destinationBinds Quot.sound
REFINEMENT_THEOREM RiscvRefinement.Air.Bridge.LtImm.Admission.pcBound
REFINEMENT_THEOREM RiscvRefinement.Publication.TeamB.Shifts.ExactSelectorIdentity.familyAdmission
REFINEMENT_AXIOM RiscvRefinement.Publication.TeamB.Shifts.ExactSelectorIdentity.familyAdmission propext
REFINEMENT_AXIOM RiscvRefinement.Publication.TeamB.Shifts.ExactSelectorIdentity.familyAdmission Quot.sound
REFINEMENT_THEOREM RiscvRefinement.Opcodes.ByteLoadMutation.lbu_byte_load_extension_is_load_bearing
REFINEMENT_AXIOM RiscvRefinement.Opcodes.ByteLoadMutation.lbu_byte_load_extension_is_load_bearing propext
REFINEMENT_AXIOM RiscvRefinement.Opcodes.ByteLoadMutation.lbu_byte_load_extension_is_load_bearing Quot.sound
REFINEMENT_THEOREM RiscvRefinement.Publication.TeamB.MulhDiv.Division.FixedRequests.carry3
REFINEMENT_AXIOM RiscvRefinement.Publication.TeamB.MulhDiv.Division.FixedRequests.carry3 propext
REFINEMENT_AXIOM RiscvRefinement.Publication.TeamB.MulhDiv.Division.FixedRequests.carry3 Quot.sound
REFINEMENT_THEOREM RiscvRefinement.Opcodes.LoadMutationWord.HoldsWithoutHalfLoadExtension.wordStore
REFINEMENT_AXIOM RiscvRefinement.Opcodes.LoadMutationWord.HoldsWithoutHalfLoadExtension.wordStore propext
REFINEMENT_THEOREM RiscvRefinement.Opcodes.ShiftHoldsWithoutRightLowByte.leftMovement
REFINEMENT_THEOREM RiscvRefinement.Publication.TeamB.MulhDiv.Division.evaluatedDifficultTupleLookups
REFINEMENT_AXIOM RiscvRefinement.Publication.TeamB.MulhDiv.Division.evaluatedDifficultTupleLookups propext
REFINEMENT_AXIOM RiscvRefinement.Publication.TeamB.MulhDiv.Division.evaluatedDifficultTupleLookups Quot.sound
REFINEMENT_THEOREM RiscvRefinement.Opcodes.divHoldsWithoutDividendSignBit_nonvacuous
REFINEMENT_THEOREM RiscvRefinement.Opcodes.LoadMutationWord.HoldsWithoutHalfLoadHigh.halfLoadLow
REFINEMENT_AXIOM RiscvRefinement.Opcodes.LoadMutationWord.HoldsWithoutHalfLoadHigh.halfLoadLow propext
REFINEMENT_THEOREM RiscvRefinement.Opcodes.ShiftsRegHoldsWithoutRightLowByte.secondSourceReadOnly
REFINEMENT_THEOREM RiscvRefinement.Opcodes.Jal.Refinement.destinationEmit
REFINEMENT_AXIOM RiscvRefinement.Opcodes.Jal.Refinement.destinationEmit propext
REFINEMENT_AXIOM RiscvRefinement.Opcodes.Jal.Refinement.destinationEmit Quot.sound
REFINEMENT_THEOREM RiscvRefinement.Publication.TeamB.Multiply.ExactTupleProjection.stateConsume
REFINEMENT_AXIOM RiscvRefinement.Publication.TeamB.Multiply.ExactTupleProjection.stateConsume propext
REFINEMENT_AXIOM RiscvRefinement.Publication.TeamB.Multiply.ExactTupleProjection.stateConsume Quot.sound
REFINEMENT_THEOREM RiscvRefinement.Opcodes.MulHoldsWithoutProductLimb0.sourceOneLimb2
REFINEMENT_THEOREM RiscvRefinement.Opcodes.DivHoldsWithoutUnsignedDivisorSign.sourceOneLimb0
REFINEMENT_THEOREM RiscvRefinement.Opcodes.LoadStoreHoldsWithoutStoreResultZero.halfStoreHigh
REFINEMENT_AXIOM RiscvRefinement.Opcodes.LoadStoreHoldsWithoutStoreResultZero.halfStoreHigh propext
REFINEMENT_THEOREM RiscvRefinement.Publication.TeamB.MulhDiv.Division.mulNegOneEqZero
REFINEMENT_AXIOM RiscvRefinement.Publication.TeamB.MulhDiv.Division.mulNegOneEqZero propext
REFINEMENT_THEOREM RiscvRefinement.Air.Bridge.loadStoreLoadWitnessFixedRequestsHold
REFINEMENT_AXIOM RiscvRefinement.Air.Bridge.loadStoreLoadWitnessFixedRequestsHold propext
REFINEMENT_AXIOM RiscvRefinement.Air.Bridge.loadStoreLoadWitnessFixedRequestsHold Quot.sound
REFINEMENT_THEOREM RiscvRefinement.Opcodes.ByteLoadMutation.ByteLoadHoldsWithoutByteLoadSelect.partialStorePreserve
REFINEMENT_AXIOM RiscvRefinement.Opcodes.ByteLoadMutation.ByteLoadHoldsWithoutByteLoadSelect.partialStorePreserve propext
REFINEMENT_THEOREM RiscvRefinement.Opcodes.addi_value_refines
REFINEMENT_AXIOM RiscvRefinement.Opcodes.addi_value_refines propext
REFINEMENT_AXIOM RiscvRefinement.Opcodes.addi_value_refines Quot.sound
REFINEMENT_AXIOM RiscvRefinement.Opcodes.addi_value_refines Classical.choice
REFINEMENT_THEOREM RiscvRefinement.Publication.TeamB.MulhDiv.Division.divuSelectorConsequences
REFINEMENT_AXIOM RiscvRefinement.Publication.TeamB.MulhDiv.Division.divuSelectorConsequences propext
REFINEMENT_AXIOM RiscvRefinement.Publication.TeamB.MulhDiv.Division.divuSelectorConsequences Quot.sound
REFINEMENT_THEOREM RiscvRefinement.Opcodes.MulhHoldsWithoutSourceOneSignBinding.destinationLimb3
REFINEMENT_THEOREM RiscvRefinement.Publication.TeamB.LoadStore.DirectEquations.halfMarker
REFINEMENT_THEOREM RiscvRefinement.Opcodes.ShiftHoldsWithoutSignLowerBound.carry0Range
REFINEMENT_THEOREM RiscvRefinement.Opcodes.mulHolds_weakens
REFINEMENT_THEOREM RiscvRefinement.Opcodes.divWitnessZeroDestination_holds
REFINEMENT_THEOREM RiscvRefinement.Opcodes.MulHoldsWithoutProductLimb0.sourceTwoLimb2
REFINEMENT_THEOREM RiscvRefinement.Opcodes.StoreMutation.StoreHoldsWithoutByteStoreSelect.byteShiftAmount
REFINEMENT_AXIOM RiscvRefinement.Opcodes.StoreMutation.StoreHoldsWithoutByteStoreSelect.byteShiftAmount propext
REFINEMENT_THEOREM RiscvRefinement.Opcodes.mulh_conclusion_sound
REFINEMENT_AXIOM RiscvRefinement.Opcodes.mulh_conclusion_sound propext
REFINEMENT_AXIOM RiscvRefinement.Opcodes.mulh_conclusion_sound Quot.sound
REFINEMENT_AXIOM RiscvRefinement.Opcodes.mulh_conclusion_sound Classical.choice
REFINEMENT_THEOREM RiscvRefinement.Opcodes.LoadMutationWord.HoldsWithoutHalfLoadHigh.halfShiftAmount
REFINEMENT_AXIOM RiscvRefinement.Opcodes.LoadMutationWord.HoldsWithoutHalfLoadHigh.halfShiftAmount propext
REFINEMENT_THEOREM RiscvRefinement.Air.Bridge.Auipc.constraintsHold_iff
REFINEMENT_AXIOM RiscvRefinement.Air.Bridge.Auipc.constraintsHold_iff propext
REFINEMENT_AXIOM RiscvRefinement.Air.Bridge.Auipc.constraintsHold_iff Quot.sound
REFINEMENT_THEOREM RiscvRefinement.Publication.TeamB.MulhDiv.HighMultiply.mulhsu_selectorAdmission
REFINEMENT_AXIOM RiscvRefinement.Publication.TeamB.MulhDiv.HighMultiply.mulhsu_selectorAdmission propext
REFINEMENT_AXIOM RiscvRefinement.Publication.TeamB.MulhDiv.HighMultiply.mulhsu_selectorAdmission Quot.sound
REFINEMENT_THEOREM RiscvRefinement.Opcodes.DivHoldsWithoutDividendSignBit.nextPcResult
REFINEMENT_THEOREM RiscvRefinement.Air.Generated.Programs.jalrSymbolicCertificate
REFINEMENT_AXIOM RiscvRefinement.Air.Generated.Programs.jalrSymbolicCertificate propext
REFINEMENT_AXIOM RiscvRefinement.Air.Generated.Programs.jalrSymbolicCertificate Quot.sound
REFINEMENT_THEOREM RiscvRefinement.Publication.TeamB.MulhDiv.Division.rem_selectorAdmission
REFINEMENT_AXIOM RiscvRefinement.Publication.TeamB.MulhDiv.Division.rem_selectorAdmission propext
REFINEMENT_AXIOM RiscvRefinement.Publication.TeamB.MulhDiv.Division.rem_selectorAdmission Quot.sound
REFINEMENT_THEOREM RiscvRefinement.Publication.TeamB.Shifts.imm_exactRelationProjection
REFINEMENT_AXIOM RiscvRefinement.Publication.TeamB.Shifts.imm_exactRelationProjection propext
REFINEMENT_AXIOM RiscvRefinement.Publication.TeamB.Shifts.imm_exactRelationProjection Quot.sound
REFINEMENT_THEOREM RiscvRefinement.Publication.TeamB.MulhDiv.HighMultiply.mulhsu_programIdentity
REFINEMENT_THEOREM RiscvRefinement.Opcodes.Branches.Lt.RawRefinement.comparison
REFINEMENT_AXIOM RiscvRefinement.Opcodes.Branches.Lt.RawRefinement.comparison propext
REFINEMENT_AXIOM RiscvRefinement.Opcodes.Branches.Lt.RawRefinement.comparison Quot.sound
REFINEMENT_THEOREM RiscvRefinement.Opcodes.ShiftsRegHoldsWithoutSignUpperBound.destinationClock
REFINEMENT_THEOREM RiscvRefinement.Air.Bridge.mulhUnsignedWitnessHolds
REFINEMENT_THEOREM RiscvRefinement.Air.Bridge.Branches.Eq.rawConstraintRootZero
REFINEMENT_AXIOM RiscvRefinement.Air.Bridge.Branches.Eq.rawConstraintRootZero propext
REFINEMENT_AXIOM RiscvRefinement.Air.Bridge.Branches.Eq.rawConstraintRootZero Quot.sound
REFINEMENT_THEOREM RiscvRefinement.Air.Bridge.M31.carryStep
REFINEMENT_AXIOM RiscvRefinement.Air.Bridge.M31.carryStep propext
REFINEMENT_AXIOM RiscvRefinement.Air.Bridge.M31.carryStep Quot.sound
REFINEMENT_THEOREM RiscvRefinement.Air.Bridge.Auipc.pcM31RequestHolds_iff
REFINEMENT_AXIOM RiscvRefinement.Air.Bridge.Auipc.pcM31RequestHolds_iff propext
REFINEMENT_AXIOM RiscvRefinement.Air.Bridge.Auipc.pcM31RequestHolds_iff Quot.sound
REFINEMENT_THEOREM RiscvRefinement.Opcodes.LoadStoreHoldsWithoutHalfLoadHigh.wordStore
REFINEMENT_AXIOM RiscvRefinement.Opcodes.LoadStoreHoldsWithoutHalfLoadHigh.wordStore propext
REFINEMENT_THEOREM RiscvRefinement.Opcodes.ByteLoadMutation.ByteLoadHoldsWithoutByteLoadSelect.baseClock
REFINEMENT_AXIOM RiscvRefinement.Opcodes.ByteLoadMutation.ByteLoadHoldsWithoutByteLoadSelect.baseClock propext
REFINEMENT_THEOREM RiscvRefinement.Publication.TeamB.MulhDiv.validPreviousClockOfGap
REFINEMENT_AXIOM RiscvRefinement.Publication.TeamB.MulhDiv.validPreviousClockOfGap propext
REFINEMENT_AXIOM RiscvRefinement.Publication.TeamB.MulhDiv.validPreviousClockOfGap Quot.sound
REFINEMENT_AXIOM RiscvRefinement.Publication.TeamB.MulhDiv.validPreviousClockOfGap Classical.choice
REFINEMENT_THEOREM RiscvRefinement.Opcodes.DivHoldsWithoutSignXorDefinition.scanEqual0
REFINEMENT_THEOREM RiscvRefinement.Air.Bridge.BaseAluReg.ProductionRefinement.stateEmit
REFINEMENT_AXIOM RiscvRefinement.Air.Bridge.BaseAluReg.ProductionRefinement.stateEmit propext
REFINEMENT_AXIOM RiscvRefinement.Air.Bridge.BaseAluReg.ProductionRefinement.stateEmit Quot.sound
REFINEMENT_THEOREM RiscvRefinement.Opcodes.DivHoldsWithoutNegationRecurrence.scanMarker1
REFINEMENT_THEOREM RiscvRefinement.Air.Bridge.BaseAluReg.sound
REFINEMENT_AXIOM RiscvRefinement.Air.Bridge.BaseAluReg.sound propext
REFINEMENT_AXIOM RiscvRefinement.Air.Bridge.BaseAluReg.sound Quot.sound
REFINEMENT_THEOREM RiscvRefinement.Air.Bridge.Branches.Lt.exactProgramIdentity
REFINEMENT_THEOREM RiscvRefinement.Opcodes.StoreMutation.StoreHoldsWithoutStoreResultZeroOnStores.halfLoadHigh
REFINEMENT_AXIOM RiscvRefinement.Opcodes.StoreMutation.StoreHoldsWithoutStoreResultZeroOnStores.halfLoadHigh propext
REFINEMENT_THEOREM RiscvRefinement.Air.Bridge.BaseAluImm.ProductionRefinement.fixedLookups
REFINEMENT_AXIOM RiscvRefinement.Air.Bridge.BaseAluImm.ProductionRefinement.fixedLookups propext
REFINEMENT_AXIOM RiscvRefinement.Air.Bridge.BaseAluImm.ProductionRefinement.fixedLookups Quot.sound
REFINEMENT_THEOREM RiscvRefinement.Air.Bridge.Jalr.ProductionRefinement.stateEmit
REFINEMENT_AXIOM RiscvRefinement.Air.Bridge.Jalr.ProductionRefinement.stateEmit propext
REFINEMENT_AXIOM RiscvRefinement.Air.Bridge.Jalr.ProductionRefinement.stateEmit Quot.sound
REFINEMENT_THEOREM RiscvRefinement.Opcodes.DivHoldsWithoutZeroDivisorQuotient0.sourceTwoLimb2
REFINEMENT_THEOREM RiscvRefinement.Air.Family.MulHolds.nextPcResult
REFINEMENT_THEOREM RiscvRefinement.Air.Bridge.BaseAluReg.Admission.source1PreviousBound
REFINEMENT_THEOREM RiscvRefinement.Opcodes.DivHoldsWithoutNegationRecurrence.destinationLimb0
REFINEMENT_THEOREM RiscvRefinement.Opcodes.ShiftHoldsWithoutRightLowByte.rightMovement
REFINEMENT_THEOREM RiscvRefinement.Opcodes.aliasedMulRow_holds
REFINEMENT_AXIOM RiscvRefinement.Opcodes.aliasedMulRow_holds propext
REFINEMENT_THEOREM RiscvRefinement.Publication.TeamB.MulhDiv.Division.SelectorAdmission.exactProgram
REFINEMENT_AXIOM RiscvRefinement.Publication.TeamB.MulhDiv.Division.SelectorAdmission.exactProgram propext
REFINEMENT_AXIOM RiscvRefinement.Publication.TeamB.MulhDiv.Division.SelectorAdmission.exactProgram Quot.sound
REFINEMENT_THEOREM RiscvRefinement.Opcodes.DivHoldsWithoutNegationRecurrence.selectorUnique
REFINEMENT_THEOREM RiscvRefinement.Air.Bridge.BaseAluImm.ProductionRefinement.resultValue
REFINEMENT_AXIOM RiscvRefinement.Air.Bridge.BaseAluImm.ProductionRefinement.resultValue propext
REFINEMENT_AXIOM RiscvRefinement.Air.Bridge.BaseAluImm.ProductionRefinement.resultValue Quot.sound
REFINEMENT_THEOREM RiscvRefinement.Publication.TeamB.Shifts.RegExactFixedProjection.destinationClock
REFINEMENT_AXIOM RiscvRefinement.Publication.TeamB.Shifts.RegExactFixedProjection.destinationClock propext
REFINEMENT_AXIOM RiscvRefinement.Publication.TeamB.Shifts.RegExactFixedProjection.destinationClock Quot.sound
REFINEMENT_THEOREM RiscvRefinement.Opcodes.DivHoldsWithoutSignXorDefinition.productRecurrence
REFINEMENT_THEOREM RiscvRefinement.Publication.TeamB.MulhDiv.Division.node332
REFINEMENT_AXIOM RiscvRefinement.Publication.TeamB.MulhDiv.Division.node332 propext
REFINEMENT_AXIOM RiscvRefinement.Publication.TeamB.MulhDiv.Division.node332 Quot.sound
REFINEMENT_THEOREM RiscvRefinement.Air.Bridge.LtReg.ComparatorContract.right0Bound
REFINEMENT_THEOREM RiscvRefinement.Opcodes.rem_retires_as_reviewed
REFINEMENT_AXIOM RiscvRefinement.Opcodes.rem_retires_as_reviewed propext
REFINEMENT_AXIOM RiscvRefinement.Opcodes.rem_retires_as_reviewed Quot.sound
REFINEMENT_AXIOM RiscvRefinement.Opcodes.rem_retires_as_reviewed Classical.choice
REFINEMENT_THEOREM RiscvRefinement.Air.Bridge.BaseAluImm.ProductionRefinement.destinationClock
REFINEMENT_AXIOM RiscvRefinement.Air.Bridge.BaseAluImm.ProductionRefinement.destinationClock propext
REFINEMENT_AXIOM RiscvRefinement.Air.Bridge.BaseAluImm.ProductionRefinement.destinationClock Quot.sound
REFINEMENT_THEOREM RiscvRefinement.Opcodes.MulhHoldsWithoutSourceOneSignBinding.destinationFlag
REFINEMENT_THEOREM RiscvRefinement.Opcodes.BaseAluImm.ori_selectorAccepted
REFINEMENT_AXIOM RiscvRefinement.Opcodes.BaseAluImm.ori_selectorAccepted propext
REFINEMENT_AXIOM RiscvRefinement.Opcodes.BaseAluImm.ori_selectorAccepted Quot.sound
REFINEMENT_THEOREM RiscvRefinement.Opcodes.LoadMutationWord.HoldsWithoutHalfLoadHigh.halfLoadExtension
REFINEMENT_AXIOM RiscvRefinement.Opcodes.LoadMutationWord.HoldsWithoutHalfLoadHigh.halfLoadExtension propext
REFINEMENT_THEOREM RiscvRefinement.Air.Family.LoadStoreHolds.operandClock
REFINEMENT_AXIOM RiscvRefinement.Air.Family.LoadStoreHolds.operandClock propext
REFINEMENT_THEOREM RiscvRefinement.Arith.remainderSigned_overflow
REFINEMENT_AXIOM RiscvRefinement.Arith.remainderSigned_overflow propext
REFINEMENT_THEOREM RiscvRefinement.Air.Bridge.BaseAluImm.ProductionRefinement.stateEmit
REFINEMENT_AXIOM RiscvRefinement.Air.Bridge.BaseAluImm.ProductionRefinement.stateEmit propext
REFINEMENT_AXIOM RiscvRefinement.Air.Bridge.BaseAluImm.ProductionRefinement.stateEmit Quot.sound
REFINEMENT_THEOREM RiscvRefinement.Opcodes.DivHoldsWithoutZeroDivisorQuotient0.destinationLimb2
REFINEMENT_THEOREM RiscvRefinement.Publication.TeamB.MulhDiv.Division.selectorManifestVal
REFINEMENT_THEOREM RiscvRefinement.Opcodes.Branches.Eq.beq_bne_complement_theorem
REFINEMENT_AXIOM RiscvRefinement.Opcodes.Branches.Eq.beq_bne_complement_theorem propext
REFINEMENT_THEOREM RiscvRefinement.Opcodes.DivHoldsWithoutScanTotal.scanMarker3
REFINEMENT_THEOREM RiscvRefinement.Opcodes.sraZeroFillRow_not_sound
REFINEMENT_AXIOM RiscvRefinement.Opcodes.sraZeroFillRow_not_sound propext
REFINEMENT_AXIOM RiscvRefinement.Opcodes.sraZeroFillRow_not_sound Quot.sound
REFINEMENT_AXIOM RiscvRefinement.Opcodes.sraZeroFillRow_not_sound Classical.choice
REFINEMENT_THEOREM RiscvRefinement.Opcodes.sra_refines
REFINEMENT_AXIOM RiscvRefinement.Opcodes.sra_refines propext
REFINEMENT_AXIOM RiscvRefinement.Opcodes.sra_refines Quot.sound
REFINEMENT_AXIOM RiscvRefinement.Opcodes.sra_refines Classical.choice
REFINEMENT_THEOREM RiscvRefinement.Opcodes.Auipc.Refinement.stateConsume
REFINEMENT_AXIOM RiscvRefinement.Opcodes.Auipc.Refinement.stateConsume propext
REFINEMENT_AXIOM RiscvRefinement.Opcodes.Auipc.Refinement.stateConsume Quot.sound
REFINEMENT_THEOREM RiscvRefinement.Sail.Reviewed.shifts_have_no_memory_effect
REFINEMENT_AXIOM RiscvRefinement.Sail.Reviewed.shifts_have_no_memory_effect propext
REFINEMENT_THEOREM RiscvRefinement.Opcodes.ByteLoadMutation.ByteLoadHoldsWithoutByteSignWitness.halfShiftId
REFINEMENT_AXIOM RiscvRefinement.Opcodes.ByteLoadMutation.ByteLoadHoldsWithoutByteSignWitness.halfShiftId propext
REFINEMENT_THEOREM RiscvRefinement.Opcodes.StoreMutation.StoreHoldsWithoutStoreResultZeroOnStores.wordLoad
REFINEMENT_AXIOM RiscvRefinement.Opcodes.StoreMutation.StoreHoldsWithoutStoreResultZeroOnStores.wordLoad propext
REFINEMENT_THEOREM RiscvRefinement.Air.Bridge.Branches.Admission.rs1PreviousBound
REFINEMENT_AXIOM RiscvRefinement.Air.Bridge.Branches.Admission.rs1PreviousBound propext
REFINEMENT_AXIOM RiscvRefinement.Air.Bridge.Branches.Admission.rs1PreviousBound Quot.sound
REFINEMENT_THEOREM RiscvRefinement.Air.Family.LoadStoreHolds.halfStoreHigh
REFINEMENT_AXIOM RiscvRefinement.Air.Family.LoadStoreHolds.halfStoreHigh propext
REFINEMENT_THEOREM RiscvRefinement.Opcodes.LoadMutationWord.HoldsWithoutWordLoad.baseClock
REFINEMENT_AXIOM RiscvRefinement.Opcodes.LoadMutationWord.HoldsWithoutWordLoad.baseClock propext
REFINEMENT_THEOREM RiscvRefinement.Decode.encode_fence_is_canonical
REFINEMENT_AXIOM RiscvRefinement.Decode.encode_fence_is_canonical propext
REFINEMENT_AXIOM RiscvRefinement.Decode.encode_fence_is_canonical Quot.sound
REFINEMENT_THEOREM RiscvRefinement.Publication.TeamA.Pilots.AddiExactProduction.orderedLookups
REFINEMENT_AXIOM RiscvRefinement.Publication.TeamA.Pilots.AddiExactProduction.orderedLookups propext
REFINEMENT_AXIOM RiscvRefinement.Publication.TeamA.Pilots.AddiExactProduction.orderedLookups Quot.sound
REFINEMENT_THEOREM RiscvRefinement.Opcodes.DivHoldsWithoutZeroDivisorQuotient0.ltDiffUpper
REFINEMENT_THEOREM RiscvRefinement.Opcodes.DivRefinement.sourceOneEmit
REFINEMENT_THEOREM RiscvRefinement.Opcodes.ByteLoadMutation.ByteLoadHoldsWithoutByteLoadExtension.baseReadOnly
REFINEMENT_AXIOM RiscvRefinement.Opcodes.ByteLoadMutation.ByteLoadHoldsWithoutByteLoadExtension.baseReadOnly propext
REFINEMENT_THEOREM RiscvRefinement.Opcodes.Auipc.Refinement.zeroRegister
REFINEMENT_AXIOM RiscvRefinement.Opcodes.Auipc.Refinement.zeroRegister propext
REFINEMENT_AXIOM RiscvRefinement.Opcodes.Auipc.Refinement.zeroRegister Quot.sound
REFINEMENT_THEOREM RiscvRefinement.Opcodes.Jalr.Refinement.retirement
REFINEMENT_AXIOM RiscvRefinement.Opcodes.Jalr.Refinement.retirement propext
REFINEMENT_AXIOM RiscvRefinement.Opcodes.Jalr.Refinement.retirement Quot.sound
REFINEMENT_THEOREM RiscvRefinement.Opcodes.sh_refines
REFINEMENT_AXIOM RiscvRefinement.Opcodes.sh_refines propext
REFINEMENT_AXIOM RiscvRefinement.Opcodes.sh_refines Quot.sound
REFINEMENT_AXIOM RiscvRefinement.Opcodes.sh_refines Classical.choice
REFINEMENT_THEOREM RiscvRefinement.Opcodes.ByteLoadMutation.ByteLoadHoldsWithoutByteLoadExtension.halfLoadHigh
REFINEMENT_AXIOM RiscvRefinement.Opcodes.ByteLoadMutation.ByteLoadHoldsWithoutByteLoadExtension.halfLoadHigh propext
REFINEMENT_THEOREM RiscvRefinement.Opcodes.SelectorNonVacuity.remNegativeRow_holds
REFINEMENT_THEOREM RiscvRefinement.Opcodes.BranchesMutation.bgeStateProjection_mutation_theorem
REFINEMENT_AXIOM RiscvRefinement.Opcodes.BranchesMutation.bgeStateProjection_mutation_theorem propext
REFINEMENT_AXIOM RiscvRefinement.Opcodes.BranchesMutation.bgeStateProjection_mutation_theorem Quot.sound
REFINEMENT_THEOREM RiscvRefinement.Opcodes.ByteLoadMutation.ByteLoadHoldsWithoutByteLoadExtension.wordLoad
REFINEMENT_AXIOM RiscvRefinement.Opcodes.ByteLoadMutation.ByteLoadHoldsWithoutByteLoadExtension.wordLoad propext
REFINEMENT_THEOREM RiscvRefinement.Air.Bridge.BaseAluReg.source2Clock
REFINEMENT_AXIOM RiscvRefinement.Air.Bridge.BaseAluReg.source2Clock propext
REFINEMENT_AXIOM RiscvRefinement.Air.Bridge.BaseAluReg.source2Clock Quot.sound
REFINEMENT_THEOREM RiscvRefinement.Opcodes.DivHoldsWithoutProductRecurrence.remainderZeroLimb1
REFINEMENT_THEOREM RiscvRefinement.Air.Bridge.Jalr.ExactLookups.destinationConsume
REFINEMENT_AXIOM RiscvRefinement.Air.Bridge.Jalr.ExactLookups.destinationConsume propext
REFINEMENT_AXIOM RiscvRefinement.Air.Bridge.Jalr.ExactLookups.destinationConsume Quot.sound
REFINEMENT_THEOREM RiscvRefinement.Opcodes.Branches.Eq.RawRefinement.production
REFINEMENT_AXIOM RiscvRefinement.Opcodes.Branches.Eq.RawRefinement.production propext
REFINEMENT_AXIOM RiscvRefinement.Opcodes.Branches.Eq.RawRefinement.production Quot.sound
REFINEMENT_THEOREM RiscvRefinement.Air.Bridge.Fence.ProductionRefinement.constraints
REFINEMENT_AXIOM RiscvRefinement.Air.Bridge.Fence.ProductionRefinement.constraints propext
REFINEMENT_AXIOM RiscvRefinement.Air.Bridge.Fence.ProductionRefinement.constraints Quot.sound
REFINEMENT_THEOREM RiscvRefinement.Opcodes.StoreRefinement.programTuple
REFINEMENT_AXIOM RiscvRefinement.Opcodes.StoreRefinement.programTuple propext
REFINEMENT_AXIOM RiscvRefinement.Opcodes.StoreRefinement.programTuple Quot.sound
REFINEMENT_THEOREM RiscvRefinement.Opcodes.DivHoldsWithoutProductRecurrence.absSameLimb0
REFINEMENT_THEOREM RiscvRefinement.Publication.TeamB.LoadStore.DirectEquations.halfStoreLow1
REFINEMENT_THEOREM RiscvRefinement.Air.Bridge.BaseAluImm.ProductionRefinement.nextPc
REFINEMENT_AXIOM RiscvRefinement.Air.Bridge.BaseAluImm.ProductionRefinement.nextPc propext
REFINEMENT_AXIOM RiscvRefinement.Air.Bridge.BaseAluImm.ProductionRefinement.nextPc Quot.sound
REFINEMENT_THEOREM RiscvRefinement.Publication.TeamB.Shifts.ImmExactFixedProjection.carry1
REFINEMENT_AXIOM RiscvRefinement.Publication.TeamB.Shifts.ImmExactFixedProjection.carry1 propext
REFINEMENT_AXIOM RiscvRefinement.Publication.TeamB.Shifts.ImmExactFixedProjection.carry1 Quot.sound
REFINEMENT_THEOREM RiscvRefinement.Air.Bridge.Lui.destinationClock_of_air
REFINEMENT_AXIOM RiscvRefinement.Air.Bridge.Lui.destinationClock_of_air propext
REFINEMENT_AXIOM RiscvRefinement.Air.Bridge.Lui.destinationClock_of_air Quot.sound
REFINEMENT_THEOREM RiscvRefinement.Air.Bridge.M31.one_mul
REFINEMENT_AXIOM RiscvRefinement.Air.Bridge.M31.one_mul propext
REFINEMENT_THEOREM RiscvRefinement.Air.Bridge.LtComparator.ComparatorContract.left1Bound
REFINEMENT_THEOREM RiscvRefinement.Opcodes.MulhHoldsWithoutSelectorSourceTwoSign.productLimb7
REFINEMENT_THEOREM RiscvRefinement.Publication.TeamB.MulhDiv.Division.exactTupleProjectionFor
REFINEMENT_AXIOM RiscvRefinement.Publication.TeamB.MulhDiv.Division.exactTupleProjectionFor propext
REFINEMENT_AXIOM RiscvRefinement.Publication.TeamB.MulhDiv.Division.exactTupleProjectionFor Quot.sound
REFINEMENT_THEOREM RiscvRefinement.Memory.applyMask_half_preserves_other
REFINEMENT_AXIOM RiscvRefinement.Memory.applyMask_half_preserves_other propext
REFINEMENT_AXIOM RiscvRefinement.Memory.applyMask_half_preserves_other Quot.sound
REFINEMENT_THEOREM RiscvRefinement.Opcodes.Lt.Imm.Refinement.noMemoryEffect
REFINEMENT_AXIOM RiscvRefinement.Opcodes.Lt.Imm.Refinement.noMemoryEffect propext
REFINEMENT_AXIOM RiscvRefinement.Opcodes.Lt.Imm.Refinement.noMemoryEffect Quot.sound
REFINEMENT_THEOREM RiscvRefinement.Publication.TeamB.MulhDiv.Division.FixedRequests.carry6
REFINEMENT_AXIOM RiscvRefinement.Publication.TeamB.MulhDiv.Division.FixedRequests.carry6 propext
REFINEMENT_AXIOM RiscvRefinement.Publication.TeamB.MulhDiv.Division.FixedRequests.carry6 Quot.sound
REFINEMENT_THEOREM RiscvRefinement.Opcodes.DivHoldsWithoutNegationRecurrence.zeroDivisorLimb1
REFINEMENT_THEOREM RiscvRefinement.Opcodes.ByteLoadMutation.lbuWrongByteRow_violates_byteLoadSelect
REFINEMENT_THEOREM RiscvRefinement.Opcodes.MulhHoldsWithoutSourceTwoSignBinding.sourceOneClock
REFINEMENT_THEOREM RiscvRefinement.Opcodes.Lt.Imm.slti_exactProgramTuple
REFINEMENT_AXIOM RiscvRefinement.Opcodes.Lt.Imm.slti_exactProgramTuple propext
REFINEMENT_AXIOM RiscvRefinement.Opcodes.Lt.Imm.slti_exactProgramTuple Quot.sound
REFINEMENT_THEOREM RiscvRefinement.Opcodes.LoadMutationWord.HoldsWithoutHalfLoadExtension.byteStoreSelect
REFINEMENT_AXIOM RiscvRefinement.Opcodes.LoadMutationWord.HoldsWithoutHalfLoadExtension.byteStoreSelect propext
REFINEMENT_THEOREM RiscvRefinement.Opcodes.ShiftHoldsWithoutLeftLowByte.carry3Range
REFINEMENT_THEOREM RiscvRefinement.Air.Bridge.LtReg.highBitAcceptance
REFINEMENT_AXIOM RiscvRefinement.Air.Bridge.LtReg.highBitAcceptance propext
REFINEMENT_AXIOM RiscvRefinement.Air.Bridge.LtReg.highBitAcceptance Quot.sound
REFINEMENT_THEOREM RiscvRefinement.Opcodes.LuiRefinement.destinationEmit
REFINEMENT_AXIOM RiscvRefinement.Opcodes.LuiRefinement.destinationEmit propext
REFINEMENT_AXIOM RiscvRefinement.Opcodes.LuiRefinement.destinationEmit Quot.sound
REFINEMENT_THEOREM RiscvRefinement.Opcodes.ShiftHoldsWithoutSignLowerBound.destinationLimb2
REFINEMENT_THEOREM RiscvRefinement.Air.Family.MulhHolds.sourceOneLimb3
REFINEMENT_THEOREM RiscvRefinement.Air.Bridge.LtReg.ComparatorContract.limb0Equal
REFINEMENT_THEOREM RiscvRefinement.Opcodes.ShiftHoldsWithoutSignUpperBound.leftMovement
REFINEMENT_THEOREM RiscvRefinement.Publication.TeamB.MulhDiv.Division.directEquations
REFINEMENT_AXIOM RiscvRefinement.Publication.TeamB.MulhDiv.Division.directEquations propext
REFINEMENT_AXIOM RiscvRefinement.Publication.TeamB.MulhDiv.Division.directEquations Quot.sound
REFINEMENT_THEOREM RiscvRefinement.Air.Family.DivHolds.remainderZeroLimb2
REFINEMENT_THEOREM RiscvRefinement.Air.Bridge.LtImm.immediateKeyCorrect
REFINEMENT_AXIOM RiscvRefinement.Air.Bridge.LtImm.immediateKeyCorrect propext
REFINEMENT_AXIOM RiscvRefinement.Air.Bridge.LtImm.immediateKeyCorrect Quot.sound
REFINEMENT_THEOREM RiscvRefinement.Air.Bridge.Auipc.ProductionRefinement.programIdentity
REFINEMENT_AXIOM RiscvRefinement.Air.Bridge.Auipc.ProductionRefinement.programIdentity propext
REFINEMENT_AXIOM RiscvRefinement.Air.Bridge.Auipc.ProductionRefinement.programIdentity Quot.sound
REFINEMENT_THEOREM RiscvRefinement.Opcodes.BaseAluReg.Refinement.destination
REFINEMENT_AXIOM RiscvRefinement.Opcodes.BaseAluReg.Refinement.destination propext
REFINEMENT_AXIOM RiscvRefinement.Opcodes.BaseAluReg.Refinement.destination Quot.sound
REFINEMENT_THEOREM RiscvRefinement.Publication.TeamB.MulhDiv.Division.Admission.sourceOnePreviousBound
REFINEMENT_THEOREM RiscvRefinement.Air.Bridge.LtReg.ComparatorContract.left0Bound
REFINEMENT_THEOREM RiscvRefinement.Opcodes.lbFreeSignRow_refutes
REFINEMENT_AXIOM RiscvRefinement.Opcodes.lbFreeSignRow_refutes propext
REFINEMENT_AXIOM RiscvRefinement.Opcodes.lbFreeSignRow_refutes Quot.sound
REFINEMENT_THEOREM RiscvRefinement.Air.Bridge.BaseAluImm.ProductionRefinement.bitwise0
REFINEMENT_AXIOM RiscvRefinement.Air.Bridge.BaseAluImm.ProductionRefinement.bitwise0 propext
REFINEMENT_AXIOM RiscvRefinement.Air.Bridge.BaseAluImm.ProductionRefinement.bitwise0 Quot.sound
REFINEMENT_THEOREM RiscvRefinement.Opcodes.LoadStoreHoldsWithoutHalfShiftId.halfStoreLow
REFINEMENT_AXIOM RiscvRefinement.Opcodes.LoadStoreHoldsWithoutHalfShiftId.halfStoreLow propext
REFINEMENT_THEOREM RiscvRefinement.Opcodes.LoadStoreHoldsWithoutByteSignWitness.baseReadOnly
REFINEMENT_AXIOM RiscvRefinement.Opcodes.LoadStoreHoldsWithoutByteSignWitness.baseReadOnly propext
REFINEMENT_THEOREM RiscvRefinement.Opcodes.divHolds_weakens_dividendSignBit
REFINEMENT_THEOREM RiscvRefinement.Opcodes.mulValueRefines
REFINEMENT_AXIOM RiscvRefinement.Opcodes.mulValueRefines propext
REFINEMENT_AXIOM RiscvRefinement.Opcodes.mulValueRefines Quot.sound
REFINEMENT_AXIOM RiscvRefinement.Opcodes.mulValueRefines Classical.choice
REFINEMENT_THEOREM RiscvRefinement.Publication.TeamB.Multiply.fixedConsequences
REFINEMENT_AXIOM RiscvRefinement.Publication.TeamB.Multiply.fixedConsequences propext
REFINEMENT_AXIOM RiscvRefinement.Publication.TeamB.Multiply.fixedConsequences Quot.sound
REFINEMENT_THEOREM RiscvRefinement.Publication.TeamB.MulhDiv.Division.DirectConsequences.absSameLimb2
REFINEMENT_THEOREM RiscvRefinement.Opcodes.Jalr.Refinement.target
REFINEMENT_AXIOM RiscvRefinement.Opcodes.Jalr.Refinement.target propext
REFINEMENT_AXIOM RiscvRefinement.Opcodes.Jalr.Refinement.target Quot.sound
REFINEMENT_THEOREM RiscvRefinement.Air.Bridge.Jal.constraintsHold_iff
REFINEMENT_AXIOM RiscvRefinement.Air.Bridge.Jal.constraintsHold_iff propext
REFINEMENT_AXIOM RiscvRefinement.Air.Bridge.Jal.constraintsHold_iff Quot.sound
REFINEMENT_THEOREM RiscvRefinement.Air.LocalValues.get_eq_symbolic
REFINEMENT_AXIOM RiscvRefinement.Air.LocalValues.get_eq_symbolic propext
REFINEMENT_THEOREM RiscvRefinement.Publication.TeamB.MulhDiv.Division.DirectEquationsF.scanEqual0
REFINEMENT_THEOREM RiscvRefinement.Air.Bridge.flagValue_eq_toNat
REFINEMENT_THEOREM RiscvRefinement.Opcodes.DivHoldsWithoutSignXorDefinition.sourceOneClock
REFINEMENT_THEOREM RiscvRefinement.Opcodes.MulhBusRefinement.sourceTwoConsume
REFINEMENT_THEOREM RiscvRefinement.Opcodes.LoadStoreHoldsWithoutHalfLoadHigh.baseClock
REFINEMENT_AXIOM RiscvRefinement.Opcodes.LoadStoreHoldsWithoutHalfLoadHigh.baseClock propext
REFINEMENT_THEOREM RiscvRefinement.Publication.TeamB.MulhDiv.Division.DirectConsequences.absSameLimb1
REFINEMENT_THEOREM RiscvRefinement.Opcodes.FenceMutation.wrongStateEmit_strictly_weaker
REFINEMENT_AXIOM RiscvRefinement.Opcodes.FenceMutation.wrongStateEmit_strictly_weaker propext
REFINEMENT_AXIOM RiscvRefinement.Opcodes.FenceMutation.wrongStateEmit_strictly_weaker Quot.sound
REFINEMENT_THEOREM RiscvRefinement.Publication.TeamB.LoadStore.ExactSelectorIdentity.familyAdmission
REFINEMENT_AXIOM RiscvRefinement.Publication.TeamB.LoadStore.ExactSelectorIdentity.familyAdmission propext
REFINEMENT_AXIOM RiscvRefinement.Publication.TeamB.LoadStore.ExactSelectorIdentity.familyAdmission Quot.sound
REFINEMENT_THEOREM RiscvRefinement.Publication.TeamB.MulhDiv.HighMultiply.FixedConsequences.carry1Bound
REFINEMENT_THEOREM RiscvRefinement.Opcodes.DivHoldsWithoutSignXorDefinition.negationRecurrence
REFINEMENT_THEOREM RiscvRefinement.Opcodes.BranchesMutation.eqWrongStateEmit_satisfies
REFINEMENT_AXIOM RiscvRefinement.Opcodes.BranchesMutation.eqWrongStateEmit_satisfies propext
REFINEMENT_AXIOM RiscvRefinement.Opcodes.BranchesMutation.eqWrongStateEmit_satisfies Quot.sound
REFINEMENT_THEOREM RiscvRefinement.Air.Bridge.M31.reduce_congr
REFINEMENT_AXIOM RiscvRefinement.Air.Bridge.M31.reduce_congr propext
REFINEMENT_THEOREM RiscvRefinement.Opcodes.MulhHoldsWithoutProductLimb4.clockPositive
REFINEMENT_THEOREM RiscvRefinement.Air.Bridge.TeamACommon.accessClockField_val
REFINEMENT_AXIOM RiscvRefinement.Air.Bridge.TeamACommon.accessClockField_val propext
REFINEMENT_AXIOM RiscvRefinement.Air.Bridge.TeamACommon.accessClockField_val Quot.sound
REFINEMENT_THEOREM RiscvRefinement.Opcodes.MulhHoldsWithoutSourceOneSignBinding.clockPositive
REFINEMENT_THEOREM RiscvRefinement.Air.Bridge.LtReg.ComparatorContract.differenceBound
REFINEMENT_THEOREM RiscvRefinement.Opcodes.MulhHoldsWithoutSourceTwoSignBinding.sourceOneLimb2
REFINEMENT_THEOREM RiscvRefinement.Opcodes.LoadMutationWord.HoldsWithoutHalfLoadHigh.signWitnessCanonical
REFINEMENT_AXIOM RiscvRefinement.Opcodes.LoadMutationWord.HoldsWithoutHalfLoadHigh.signWitnessCanonical propext
REFINEMENT_THEOREM RiscvRefinement.Opcodes.StoreMutation.store_result_zero_is_not_redundant
REFINEMENT_AXIOM RiscvRefinement.Opcodes.StoreMutation.store_result_zero_is_not_redundant propext
REFINEMENT_THEOREM RiscvRefinement.Opcodes.MulhHoldsWithoutProductLimb4.sourceTwoClock
REFINEMENT_THEOREM RiscvRefinement.Air.Bridge.Jal.targetField
REFINEMENT_AXIOM RiscvRefinement.Air.Bridge.Jal.targetField propext
REFINEMENT_AXIOM RiscvRefinement.Air.Bridge.Jal.targetField Quot.sound
REFINEMENT_AXIOM RiscvRefinement.Air.Bridge.Jal.targetField Classical.choice
REFINEMENT_THEOREM RiscvRefinement.Publication.TeamB.Shifts.RegFixedConsequences.shiftAmountBinds
REFINEMENT_THEOREM RiscvRefinement.Opcodes.Lt.Imm.sltiu_exactProgramTuple
REFINEMENT_AXIOM RiscvRefinement.Opcodes.Lt.Imm.sltiu_exactProgramTuple propext
REFINEMENT_AXIOM RiscvRefinement.Opcodes.Lt.Imm.sltiu_exactProgramTuple Quot.sound
REFINEMENT_THEOREM RiscvRefinement.Air.Bridge.Branches.Lt.exactProjectionMetadata
REFINEMENT_AXIOM RiscvRefinement.Air.Bridge.Branches.Lt.exactProjectionMetadata propext
REFINEMENT_AXIOM RiscvRefinement.Air.Bridge.Branches.Lt.exactProjectionMetadata Quot.sound
REFINEMENT_THEOREM RiscvRefinement.Publication.TeamB.MulhDiv.Division.DirectConsequences.destinationFlag
REFINEMENT_THEOREM RiscvRefinement.Air.Bridge.LtImm.ProductionRefinement.selectors
REFINEMENT_AXIOM RiscvRefinement.Air.Bridge.LtImm.ProductionRefinement.selectors propext
REFINEMENT_AXIOM RiscvRefinement.Air.Bridge.LtImm.ProductionRefinement.selectors Quot.sound
REFINEMENT_THEOREM RiscvRefinement.Air.Bridge.Jalr.exactLookups
REFINEMENT_AXIOM RiscvRefinement.Air.Bridge.Jalr.exactLookups propext
REFINEMENT_AXIOM RiscvRefinement.Air.Bridge.Jalr.exactLookups Quot.sound
REFINEMENT_THEOREM RiscvRefinement.Opcodes.DivHoldsWithoutDestinationLimb0.zeroDivisorLimb0
REFINEMENT_THEOREM RiscvRefinement.Opcodes.LhRefinement.memoryPreserved
REFINEMENT_AXIOM RiscvRefinement.Opcodes.LhRefinement.memoryPreserved propext
REFINEMENT_AXIOM RiscvRefinement.Opcodes.LhRefinement.memoryPreserved Quot.sound
REFINEMENT_THEOREM RiscvRefinement.Publication.TeamB.MulhDiv.Division.productRecurrence7FieldEquation
REFINEMENT_AXIOM RiscvRefinement.Publication.TeamB.MulhDiv.Division.productRecurrence7FieldEquation propext
REFINEMENT_THEOREM RiscvRefinement.Opcodes.LoadStoreHoldsWithoutPartialStorePreserve.halfLoadExtension
REFINEMENT_AXIOM RiscvRefinement.Opcodes.LoadStoreHoldsWithoutPartialStorePreserve.halfLoadExtension propext
REFINEMENT_THEOREM RiscvRefinement.Publication.TeamB.MulhDiv.Division.FixedBounds.carry7Bound
REFINEMENT_THEOREM RiscvRefinement.Opcodes.DivHoldsWithoutUnsignedDivisorSign.remainderZeroLimb2
REFINEMENT_THEOREM RiscvRefinement.Air.Bridge.Fence.ProductionRefinement.program
REFINEMENT_AXIOM RiscvRefinement.Air.Bridge.Fence.ProductionRefinement.program propext
REFINEMENT_AXIOM RiscvRefinement.Air.Bridge.Fence.ProductionRefinement.program Quot.sound
REFINEMENT_THEOREM RiscvRefinement.Opcodes.MulhBusRefinement.nextProgramCounter
REFINEMENT_THEOREM RiscvRefinement.Publication.TeamB.Shifts.RegExactFixedProjection.amountMask
REFINEMENT_AXIOM RiscvRefinement.Publication.TeamB.Shifts.RegExactFixedProjection.amountMask propext
REFINEMENT_AXIOM RiscvRefinement.Publication.TeamB.Shifts.RegExactFixedProjection.amountMask Quot.sound
REFINEMENT_THEOREM RiscvRefinement.Air.Bridge.mulhWitnessHolds
REFINEMENT_THEOREM RiscvRefinement.Air.Bridge.Jal.ProductionRefinement.constraints
REFINEMENT_AXIOM RiscvRefinement.Air.Bridge.Jal.ProductionRefinement.constraints propext
REFINEMENT_AXIOM RiscvRefinement.Air.Bridge.Jal.ProductionRefinement.constraints Quot.sound
REFINEMENT_THEOREM RiscvRefinement.Air.Bridge.LtReg.ComparatorContract.limb0Selected
REFINEMENT_THEOREM RiscvRefinement.Air.Bridge.BaseAluImm.fixedLookupsHold_eq
REFINEMENT_AXIOM RiscvRefinement.Air.Bridge.BaseAluImm.fixedLookupsHold_eq propext
REFINEMENT_AXIOM RiscvRefinement.Air.Bridge.BaseAluImm.fixedLookupsHold_eq Quot.sound
REFINEMENT_THEOREM RiscvRefinement.Opcodes.MulhHoldsWithoutProductLimb4.productLimb7
REFINEMENT_THEOREM RiscvRefinement.Air.Bridge.BaseAluImm.sourceAliasNonvacuous
REFINEMENT_AXIOM RiscvRefinement.Air.Bridge.BaseAluImm.sourceAliasNonvacuous propext
REFINEMENT_AXIOM RiscvRefinement.Air.Bridge.BaseAluImm.sourceAliasNonvacuous Quot.sound
REFINEMENT_THEOREM RiscvRefinement.Opcodes.sb_flags
REFINEMENT_AXIOM RiscvRefinement.Opcodes.sb_flags propext
REFINEMENT_THEOREM RiscvRefinement.Opcodes.MulhuRefinement.programTuple
REFINEMENT_AXIOM RiscvRefinement.Opcodes.MulhuRefinement.programTuple propext
REFINEMENT_THEOREM RiscvRefinement.Publication.TeamB.MulhDiv.Division.ExactFixedProjection.sourceOneClock
REFINEMENT_AXIOM RiscvRefinement.Publication.TeamB.MulhDiv.Division.ExactFixedProjection.sourceOneClock propext
REFINEMENT_AXIOM RiscvRefinement.Publication.TeamB.MulhDiv.Division.ExactFixedProjection.sourceOneClock Quot.sound
REFINEMENT_THEOREM RiscvRefinement.Decode.encode_mulh_is_canonical
REFINEMENT_AXIOM RiscvRefinement.Decode.encode_mulh_is_canonical propext
REFINEMENT_AXIOM RiscvRefinement.Decode.encode_mulh_is_canonical Quot.sound
REFINEMENT_THEOREM RiscvRefinement.Opcodes.BranchesMutation.ltWrongStateEmit_satisfies
REFINEMENT_AXIOM RiscvRefinement.Opcodes.BranchesMutation.ltWrongStateEmit_satisfies propext
REFINEMENT_AXIOM RiscvRefinement.Opcodes.BranchesMutation.ltWrongStateEmit_satisfies Quot.sound
REFINEMENT_THEOREM RiscvRefinement.Air.Family.div_signed_int_eq
REFINEMENT_AXIOM RiscvRefinement.Air.Family.div_signed_int_eq propext
REFINEMENT_AXIOM RiscvRefinement.Air.Family.div_signed_int_eq Quot.sound
REFINEMENT_THEOREM RiscvRefinement.Publication.TeamB.MulhDiv.Division.carrySevenRawLookup_selected
REFINEMENT_THEOREM RiscvRefinement.Publication.TeamB.MulhDiv.Division.getSymbolic_of_selected
REFINEMENT_AXIOM RiscvRefinement.Publication.TeamB.MulhDiv.Division.getSymbolic_of_selected propext
REFINEMENT_AXIOM RiscvRefinement.Publication.TeamB.MulhDiv.Division.getSymbolic_of_selected Quot.sound
REFINEMENT_THEOREM RiscvRefinement.Opcodes.LoadStoreHoldsWithoutWordLoad.nextPcResult
REFINEMENT_AXIOM RiscvRefinement.Opcodes.LoadStoreHoldsWithoutWordLoad.nextPcResult propext
REFINEMENT_THEOREM RiscvRefinement.Air.Bridge.LtImm.comparisonCorrect
REFINEMENT_AXIOM RiscvRefinement.Air.Bridge.LtImm.comparisonCorrect propext
REFINEMENT_AXIOM RiscvRefinement.Air.Bridge.LtImm.comparisonCorrect Quot.sound
REFINEMENT_THEOREM RiscvRefinement.Publication.TeamB.MulhDiv.Division.ExactTupleProjection.destinationConsume
REFINEMENT_AXIOM RiscvRefinement.Publication.TeamB.MulhDiv.Division.ExactTupleProjection.destinationConsume propext
REFINEMENT_AXIOM RiscvRefinement.Publication.TeamB.MulhDiv.Division.ExactTupleProjection.destinationConsume Quot.sound
REFINEMENT_THEOREM RiscvRefinement.Air.Bridge.Addi.destinationFlag_of_constraints
REFINEMENT_AXIOM RiscvRefinement.Air.Bridge.Addi.destinationFlag_of_constraints propext
REFINEMENT_AXIOM RiscvRefinement.Air.Bridge.Addi.destinationFlag_of_constraints Quot.sound
REFINEMENT_THEOREM RiscvRefinement.Opcodes.LoadStoreHoldsWithoutHalfShiftId.baseReadOnly
REFINEMENT_AXIOM RiscvRefinement.Opcodes.LoadStoreHoldsWithoutHalfShiftId.baseReadOnly propext
REFINEMENT_THEOREM RiscvRefinement.Air.Bridge.Lui.selectorAccepted
REFINEMENT_AXIOM RiscvRefinement.Air.Bridge.Lui.selectorAccepted propext
REFINEMENT_AXIOM RiscvRefinement.Air.Bridge.Lui.selectorAccepted Quot.sound
REFINEMENT_THEOREM RiscvRefinement.Air.Bridge.Jalr.Acceptance.fixedLookups
REFINEMENT_AXIOM RiscvRefinement.Air.Bridge.Jalr.Acceptance.fixedLookups propext
REFINEMENT_AXIOM RiscvRefinement.Air.Bridge.Jalr.Acceptance.fixedLookups Quot.sound
REFINEMENT_THEOREM RiscvRefinement.Sail.Reviewed.executeMulValue_eq_mul
REFINEMENT_AXIOM RiscvRefinement.Sail.Reviewed.executeMulValue_eq_mul propext
REFINEMENT_AXIOM RiscvRefinement.Sail.Reviewed.executeMulValue_eq_mul Quot.sound
REFINEMENT_AXIOM RiscvRefinement.Sail.Reviewed.executeMulValue_eq_mul Classical.choice
REFINEMENT_THEOREM RiscvRefinement.Opcodes.ByteLoadMutation.ByteLoadHoldsWithoutByteSignWitness.selectorSum
REFINEMENT_AXIOM RiscvRefinement.Opcodes.ByteLoadMutation.ByteLoadHoldsWithoutByteSignWitness.selectorSum propext
REFINEMENT_THEOREM RiscvRefinement.Publication.TeamA.Pilots.addi_accepted_air_implies_retirement
REFINEMENT_AXIOM RiscvRefinement.Publication.TeamA.Pilots.addi_accepted_air_implies_retirement propext
REFINEMENT_AXIOM RiscvRefinement.Publication.TeamA.Pilots.addi_accepted_air_implies_retirement Quot.sound
REFINEMENT_AXIOM RiscvRefinement.Publication.TeamA.Pilots.addi_accepted_air_implies_retirement Classical.choice
REFINEMENT_THEOREM RiscvRefinement.Air.Generated.Programs.sbSymbolicCertificate
REFINEMENT_AXIOM RiscvRefinement.Air.Generated.Programs.sbSymbolicCertificate propext
REFINEMENT_AXIOM RiscvRefinement.Air.Generated.Programs.sbSymbolicCertificate Quot.sound
REFINEMENT_THEOREM RiscvRefinement.Publication.TeamB.Multiply.FixedConsequences.carry3Bound
REFINEMENT_THEOREM RiscvRefinement.Opcodes.LoadStoreHoldsWithoutStoreResultZero.memoryAddress
REFINEMENT_AXIOM RiscvRefinement.Opcodes.LoadStoreHoldsWithoutStoreResultZero.memoryAddress propext
REFINEMENT_THEOREM RiscvRefinement.Air.Family.ShiftsRegHolds.core
REFINEMENT_THEOREM RiscvRefinement.Air.Bridge.Addi.destinationClock_of_air
REFINEMENT_AXIOM RiscvRefinement.Air.Bridge.Addi.destinationClock_of_air propext
REFINEMENT_AXIOM RiscvRefinement.Air.Bridge.Addi.destinationClock_of_air Quot.sound
REFINEMENT_THEOREM RiscvRefinement.Air.Family.MulhHolds.nextPcResult
REFINEMENT_THEOREM RiscvRefinement.Opcodes.loadStoreHolds_weakens_storeResultZero
REFINEMENT_AXIOM RiscvRefinement.Opcodes.loadStoreHolds_weakens_storeResultZero propext
REFINEMENT_THEOREM RiscvRefinement.Air.Bridge.M31.val_mul
REFINEMENT_THEOREM RiscvRefinement.Publication.TeamB.Shifts.RegExactFixedProjection.carry0
REFINEMENT_AXIOM RiscvRefinement.Publication.TeamB.Shifts.RegExactFixedProjection.carry0 propext
REFINEMENT_AXIOM RiscvRefinement.Publication.TeamB.Shifts.RegExactFixedProjection.carry0 Quot.sound
REFINEMENT_THEOREM RiscvRefinement.Opcodes.DivHoldsWithoutSignXorDefinition.zeroDivisorQuotient3
REFINEMENT_THEOREM RiscvRefinement.Opcodes.StoreMutation.StoreHoldsWithoutWordStore.partialStorePreserve
REFINEMENT_AXIOM RiscvRefinement.Opcodes.StoreMutation.StoreHoldsWithoutWordStore.partialStorePreserve propext
REFINEMENT_THEOREM RiscvRefinement.Opcodes.LoadStoreHoldsWithoutHalfShiftId.memoryClock
REFINEMENT_AXIOM RiscvRefinement.Opcodes.LoadStoreHoldsWithoutHalfShiftId.memoryClock propext
REFINEMENT_THEOREM RiscvRefinement.Opcodes.LoadMutationWord.lhu_result_zero_extends
REFINEMENT_AXIOM RiscvRefinement.Opcodes.LoadMutationWord.lhu_result_zero_extends propext
REFINEMENT_AXIOM RiscvRefinement.Opcodes.LoadMutationWord.lhu_result_zero_extends Quot.sound
REFINEMENT_THEOREM RiscvRefinement.Air.Generated.Programs.oriSymbolicCertificate
REFINEMENT_AXIOM RiscvRefinement.Air.Generated.Programs.oriSymbolicCertificate propext
REFINEMENT_AXIOM RiscvRefinement.Air.Generated.Programs.oriSymbolicCertificate Quot.sound
REFINEMENT_THEOREM RiscvRefinement.Air.Generated.Programs.shSymbolicCertificate
REFINEMENT_AXIOM RiscvRefinement.Air.Generated.Programs.shSymbolicCertificate propext
REFINEMENT_AXIOM RiscvRefinement.Air.Generated.Programs.shSymbolicCertificate Quot.sound
REFINEMENT_THEOREM RiscvRefinement.Air.Bridge.Jal.Admission.linkBound
REFINEMENT_AXIOM RiscvRefinement.Air.Bridge.Jal.Admission.linkBound propext
REFINEMENT_AXIOM RiscvRefinement.Air.Bridge.Jal.Admission.linkBound Quot.sound
REFINEMENT_THEOREM RiscvRefinement.Air.Bridge.Branches.Admission.targetNoWrap
REFINEMENT_AXIOM RiscvRefinement.Air.Bridge.Branches.Admission.targetNoWrap propext
REFINEMENT_AXIOM RiscvRefinement.Air.Bridge.Branches.Admission.targetNoWrap Quot.sound
REFINEMENT_THEOREM RiscvRefinement.Air.Bridge.Jalr.immediateCompositionField_eq
REFINEMENT_AXIOM RiscvRefinement.Air.Bridge.Jalr.immediateCompositionField_eq propext
REFINEMENT_AXIOM RiscvRefinement.Air.Bridge.Jalr.immediateCompositionField_eq Quot.sound
REFINEMENT_THEOREM RiscvRefinement.Opcodes.NonVacuity.lh_wrap_exists
REFINEMENT_AXIOM RiscvRefinement.Opcodes.NonVacuity.lh_wrap_exists propext
REFINEMENT_AXIOM RiscvRefinement.Opcodes.NonVacuity.lh_wrap_exists Quot.sound
REFINEMENT_AXIOM RiscvRefinement.Opcodes.NonVacuity.lh_wrap_exists Classical.choice
REFINEMENT_THEOREM RiscvRefinement.Opcodes.ShiftHoldsWithoutSignLowerBound.signUpperBound
REFINEMENT_THEOREM RiscvRefinement.Opcodes.ShiftHoldsWithoutRightLowByte.signIsLogicalZero
REFINEMENT_THEOREM RiscvRefinement.Opcodes.Branches.Lt.blt_selector_theorem
REFINEMENT_AXIOM RiscvRefinement.Opcodes.Branches.Lt.blt_selector_theorem propext
REFINEMENT_AXIOM RiscvRefinement.Opcodes.Branches.Lt.blt_selector_theorem Quot.sound
REFINEMENT_THEOREM RiscvRefinement.Opcodes.LoadStoreHoldsWithoutStoreResultZero.halfShiftId
REFINEMENT_AXIOM RiscvRefinement.Opcodes.LoadStoreHoldsWithoutStoreResultZero.halfShiftId propext
REFINEMENT_THEOREM RiscvRefinement.Opcodes.DivHoldsWithoutDestinationLimb0.destinationClock
REFINEMENT_THEOREM RiscvRefinement.Air.Bridge.LtReg.topKey_eq_byteKey
REFINEMENT_THEOREM RiscvRefinement.Air.Bridge.Auipc.sound
REFINEMENT_AXIOM RiscvRefinement.Air.Bridge.Auipc.sound propext
REFINEMENT_AXIOM RiscvRefinement.Air.Bridge.Auipc.sound Quot.sound
REFINEMENT_THEOREM RiscvRefinement.Opcodes.LhRefinement.retirement
REFINEMENT_AXIOM RiscvRefinement.Opcodes.LhRefinement.retirement propext
REFINEMENT_AXIOM RiscvRefinement.Opcodes.LhRefinement.retirement Quot.sound
REFINEMENT_THEOREM RiscvRefinement.Publication.TeamB.MulhDiv.HighMultiply.DirectEquations.destinationZero
REFINEMENT_AXIOM RiscvRefinement.Publication.TeamB.MulhDiv.HighMultiply.DirectEquations.destinationZero propext
REFINEMENT_THEOREM RiscvRefinement.Air.Bridge.Jal.Admission.targetAligned
REFINEMENT_AXIOM RiscvRefinement.Air.Bridge.Jal.Admission.targetAligned propext
REFINEMENT_AXIOM RiscvRefinement.Air.Bridge.Jal.Admission.targetAligned Quot.sound
REFINEMENT_THEOREM RiscvRefinement.Opcodes.DivHoldsWithoutSignXorDefinition.zeroDivisorLimb0
REFINEMENT_THEOREM RiscvRefinement.Publication.TeamB.MulhDiv.Division.selectorManifestImage
REFINEMENT_THEOREM RiscvRefinement.Air.LocalProgram.SymbolicCertificate.selector
REFINEMENT_AXIOM RiscvRefinement.Air.LocalProgram.SymbolicCertificate.selector propext
REFINEMENT_THEOREM RiscvRefinement.Opcodes.LoadMutationWord.HoldsWithoutHalfLoadHigh.byteMarkerSum
REFINEMENT_AXIOM RiscvRefinement.Opcodes.LoadMutationWord.HoldsWithoutHalfLoadHigh.byteMarkerSum propext
REFINEMENT_THEOREM RiscvRefinement.Publication.TeamB.MulhDiv.Division.remExactFixedProjection
REFINEMENT_AXIOM RiscvRefinement.Publication.TeamB.MulhDiv.Division.remExactFixedProjection propext
REFINEMENT_AXIOM RiscvRefinement.Publication.TeamB.MulhDiv.Division.remExactFixedProjection Quot.sound
REFINEMENT_THEOREM RiscvRefinement.Opcodes.ShiftsRegHoldsWithoutSecondSourceReadOnly.secondSourceClock
REFINEMENT_THEOREM RiscvRefinement.Opcodes.LoadMutationWord.loadStoreHolds_weakens_halfLoadExtension
REFINEMENT_AXIOM RiscvRefinement.Opcodes.LoadMutationWord.loadStoreHolds_weakens_halfLoadExtension propext
REFINEMENT_THEOREM RiscvRefinement.Opcodes.BaseAluMutation.Imm.wrongStateEmit_refutes
REFINEMENT_AXIOM RiscvRefinement.Opcodes.BaseAluMutation.Imm.wrongStateEmit_refutes propext
REFINEMENT_AXIOM RiscvRefinement.Opcodes.BaseAluMutation.Imm.wrongStateEmit_refutes Quot.sound
REFINEMENT_THEOREM RiscvRefinement.Opcodes.mulh_bus_refines
REFINEMENT_AXIOM RiscvRefinement.Opcodes.mulh_bus_refines propext
REFINEMENT_THEOREM RiscvRefinement.Opcodes.LoadStoreHoldsWithoutStoreResultZero.baseHighLimbRange
REFINEMENT_AXIOM RiscvRefinement.Opcodes.LoadStoreHoldsWithoutStoreResultZero.baseHighLimbRange propext
REFINEMENT_THEOREM RiscvRefinement.Opcodes.shifts_reg_previous_amount_toNat
REFINEMENT_AXIOM RiscvRefinement.Opcodes.shifts_reg_previous_amount_toNat propext
REFINEMENT_AXIOM RiscvRefinement.Opcodes.shifts_reg_previous_amount_toNat Quot.sound
REFINEMENT_THEOREM RiscvRefinement.Opcodes.ShiftsRegEnvironment.secondSourceBinds
REFINEMENT_AXIOM RiscvRefinement.Opcodes.ShiftsRegEnvironment.secondSourceBinds propext
REFINEMENT_AXIOM RiscvRefinement.Opcodes.ShiftsRegEnvironment.secondSourceBinds Quot.sound
REFINEMENT_THEOREM RiscvRefinement.Opcodes.DivHoldsWithoutDividendSignBit.scanEqual2
REFINEMENT_THEOREM RiscvRefinement.Opcodes.mulhsu_refines
REFINEMENT_AXIOM RiscvRefinement.Opcodes.mulhsu_refines propext
REFINEMENT_AXIOM RiscvRefinement.Opcodes.mulhsu_refines Quot.sound
REFINEMENT_AXIOM RiscvRefinement.Opcodes.mulhsu_refines Classical.choice
REFINEMENT_THEOREM RiscvRefinement.Opcodes.LoadStoreHoldsWithoutHalfLoadHigh.clockPositive
REFINEMENT_AXIOM RiscvRefinement.Opcodes.LoadStoreHoldsWithoutHalfLoadHigh.clockPositive propext
REFINEMENT_THEOREM RiscvRefinement.Publication.TeamB.LoadStore.exactFixedProjection
REFINEMENT_AXIOM RiscvRefinement.Publication.TeamB.LoadStore.exactFixedProjection propext
REFINEMENT_AXIOM RiscvRefinement.Publication.TeamB.LoadStore.exactFixedProjection Quot.sound
REFINEMENT_THEOREM RiscvRefinement.Air.Family.DivHolds.zeroDivisorQuotient1
REFINEMENT_THEOREM RiscvRefinement.Publication.TeamB.mnemonics_nodup
REFINEMENT_THEOREM RiscvRefinement.Air.LocalProgram.lookup?_evalSymbolic_of_event
REFINEMENT_AXIOM RiscvRefinement.Air.LocalProgram.lookup?_evalSymbolic_of_event propext
REFINEMENT_AXIOM RiscvRefinement.Air.LocalProgram.lookup?_evalSymbolic_of_event Quot.sound
REFINEMENT_THEOREM RiscvRefinement.Opcodes.DivHoldsWithoutUnsignedDivisorSign.zeroDivisorQuotient0
REFINEMENT_THEOREM RiscvRefinement.Opcodes.DivHoldsWithoutDestinationLimb0.remainderNonzero
REFINEMENT_THEOREM RiscvRefinement.Opcodes.shifts_reg_shift_amount_binds_is_load_bearing
REFINEMENT_AXIOM RiscvRefinement.Opcodes.shifts_reg_shift_amount_binds_is_load_bearing propext
REFINEMENT_AXIOM RiscvRefinement.Opcodes.shifts_reg_shift_amount_binds_is_load_bearing Quot.sound
REFINEMENT_THEOREM RiscvRefinement.Air.Bridge.Branches.Eq.RawProductionRefinement.lookups
REFINEMENT_AXIOM RiscvRefinement.Air.Bridge.Branches.Eq.RawProductionRefinement.lookups propext
REFINEMENT_AXIOM RiscvRefinement.Air.Bridge.Branches.Eq.RawProductionRefinement.lookups Quot.sound
REFINEMENT_THEOREM RiscvRefinement.Air.Bridge.Jalr.ProductionRefinement.fixedLookups
REFINEMENT_AXIOM RiscvRefinement.Air.Bridge.Jalr.ProductionRefinement.fixedLookups propext
REFINEMENT_AXIOM RiscvRefinement.Air.Bridge.Jalr.ProductionRefinement.fixedLookups Quot.sound
REFINEMENT_THEOREM RiscvRefinement.architecturalWrite_value
REFINEMENT_AXIOM RiscvRefinement.architecturalWrite_value propext
REFINEMENT_THEOREM RiscvRefinement.Air.Bridge.Jalr.ProductionRefinement.stateConsume
REFINEMENT_AXIOM RiscvRefinement.Air.Bridge.Jalr.ProductionRefinement.stateConsume propext
REFINEMENT_AXIOM RiscvRefinement.Air.Bridge.Jalr.ProductionRefinement.stateConsume Quot.sound
REFINEMENT_THEOREM RiscvRefinement.Opcodes.LoadRefinement.decode
REFINEMENT_AXIOM RiscvRefinement.Opcodes.LoadRefinement.decode propext
REFINEMENT_AXIOM RiscvRefinement.Opcodes.LoadRefinement.decode Quot.sound
REFINEMENT_THEOREM RiscvRefinement.Air.Bridge.BaseAluReg.ProductionRefinement.bitwise2
REFINEMENT_AXIOM RiscvRefinement.Air.Bridge.BaseAluReg.ProductionRefinement.bitwise2 propext
REFINEMENT_AXIOM RiscvRefinement.Air.Bridge.BaseAluReg.ProductionRefinement.bitwise2 Quot.sound
REFINEMENT_THEOREM RiscvRefinement.Opcodes.DivHoldsWithoutDestinationLimb0.zeroDivisorLimb1
REFINEMENT_THEOREM RiscvRefinement.Publication.exactProductionProgramIdentities
REFINEMENT_AXIOM RiscvRefinement.Publication.exactProductionProgramIdentities propext
REFINEMENT_AXIOM RiscvRefinement.Publication.exactProductionProgramIdentities Quot.sound
REFINEMENT_THEOREM RiscvRefinement.Publication.TeamB.MulhDiv.Division.productRecurrence1AccumulatedImage
REFINEMENT_AXIOM RiscvRefinement.Publication.TeamB.MulhDiv.Division.productRecurrence1AccumulatedImage propext
REFINEMENT_THEOREM RiscvRefinement.Opcodes.DivHoldsWithoutDividendSignBit.scanMarker2
REFINEMENT_THEOREM RiscvRefinement.Opcodes.ShiftsRegHoldsWithoutShiftAmountBinds.clockPositive
REFINEMENT_THEOREM RiscvRefinement.Arith.div_mod_unique
REFINEMENT_AXIOM RiscvRefinement.Arith.div_mod_unique propext
REFINEMENT_AXIOM RiscvRefinement.Arith.div_mod_unique Quot.sound
REFINEMENT_THEOREM RiscvRefinement.Air.Family.DivHolds.productRecurrence
REFINEMENT_THEOREM RiscvRefinement.Publication.TeamB.MulhDiv.Division.FixedBounds.positiveDiffBound
REFINEMENT_THEOREM RiscvRefinement.Publication.TeamB.MulhDiv.Division.FixedBounds.quotientSignBound
REFINEMENT_THEOREM RiscvRefinement.Air.Bridge.LtReg.Acceptance.fixedLookups
REFINEMENT_AXIOM RiscvRefinement.Air.Bridge.LtReg.Acceptance.fixedLookups propext
REFINEMENT_AXIOM RiscvRefinement.Air.Bridge.LtReg.Acceptance.fixedLookups Quot.sound
REFINEMENT_THEOREM RiscvRefinement.Opcodes.LoadMutationWord.HoldsWithoutWordLoad.byteSignWitness
REFINEMENT_AXIOM RiscvRefinement.Opcodes.LoadMutationWord.HoldsWithoutWordLoad.byteSignWitness propext
REFINEMENT_THEOREM RiscvRefinement.Air.Bridge.BaseAluReg.constraintsHold_eq
REFINEMENT_AXIOM RiscvRefinement.Air.Bridge.BaseAluReg.constraintsHold_eq propext
REFINEMENT_AXIOM RiscvRefinement.Air.Bridge.BaseAluReg.constraintsHold_eq Quot.sound
REFINEMENT_THEOREM RiscvRefinement.Opcodes.StoreMutation.StoreHoldsWithoutByteStoreSelect.wordLoad
REFINEMENT_AXIOM RiscvRefinement.Opcodes.StoreMutation.StoreHoldsWithoutByteStoreSelect.wordLoad propext
REFINEMENT_THEOREM RiscvRefinement.Opcodes.LoadStoreHoldsWithoutHalfLoadHigh.immFeltRange
REFINEMENT_AXIOM RiscvRefinement.Opcodes.LoadStoreHoldsWithoutHalfLoadHigh.immFeltRange propext
REFINEMENT_THEOREM RiscvRefinement.Opcodes.DivHoldsWithoutZeroDivisorQuotient0.signXorDefinition
REFINEMENT_THEOREM RiscvRefinement.Opcodes.BaseAluReg.and_refines
REFINEMENT_AXIOM RiscvRefinement.Opcodes.BaseAluReg.and_refines propext
REFINEMENT_AXIOM RiscvRefinement.Opcodes.BaseAluReg.and_refines Quot.sound
REFINEMENT_THEOREM RiscvRefinement.Air.Family.DivHolds.divisorNonzero
REFINEMENT_THEOREM RiscvRefinement.Air.Bridge.mulhDestinationEmitValue
REFINEMENT_AXIOM RiscvRefinement.Air.Bridge.mulhDestinationEmitValue propext
REFINEMENT_AXIOM RiscvRefinement.Air.Bridge.mulhDestinationEmitValue Quot.sound
REFINEMENT_THEOREM RiscvRefinement.Air.Bridge.Branches.Eq.RawProductionRefinement.nextClock
REFINEMENT_AXIOM RiscvRefinement.Air.Bridge.Branches.Eq.RawProductionRefinement.nextClock propext
REFINEMENT_AXIOM RiscvRefinement.Air.Bridge.Branches.Eq.RawProductionRefinement.nextClock Quot.sound
REFINEMENT_THEOREM RiscvRefinement.Opcodes.shiftsImmHolds_weakens_immediateBinds
REFINEMENT_THEOREM RiscvRefinement.Opcodes.LoadStoreHoldsWithoutPartialStorePreserve.byteSignWitness
REFINEMENT_AXIOM RiscvRefinement.Opcodes.LoadStoreHoldsWithoutPartialStorePreserve.byteSignWitness propext
REFINEMENT_THEOREM RiscvRefinement.Air.Bridge.Branches.Eq.RawAcceptance.fixedLookups
REFINEMENT_AXIOM RiscvRefinement.Air.Bridge.Branches.Eq.RawAcceptance.fixedLookups propext
REFINEMENT_AXIOM RiscvRefinement.Air.Bridge.Branches.Eq.RawAcceptance.fixedLookups Quot.sound
REFINEMENT_THEOREM RiscvRefinement.Opcodes.DivHoldsWithoutDestinationLimb0.negationRecurrence
REFINEMENT_THEOREM RiscvRefinement.Opcodes.ByteLoadMutation.lbZeroExtendedByteRow_is_the_lbu_answer
REFINEMENT_THEOREM RiscvRefinement.Opcodes.DivHoldsWithoutDividendSignBit.zeroDivisorQuotient3
REFINEMENT_THEOREM RiscvRefinement.Opcodes.MulhHoldsWithoutSourceTwoSignBinding.destinationLimb0
REFINEMENT_THEOREM RiscvRefinement.Air.Bridge.Jalr.ProductionRefinement.stateEmission
REFINEMENT_AXIOM RiscvRefinement.Air.Bridge.Jalr.ProductionRefinement.stateEmission propext
REFINEMENT_AXIOM RiscvRefinement.Air.Bridge.Jalr.ProductionRefinement.stateEmission Quot.sound
REFINEMENT_THEOREM RiscvRefinement.Opcodes.LoadStoreHoldsWithoutHalfShiftId.destinationFlag
REFINEMENT_AXIOM RiscvRefinement.Opcodes.LoadStoreHoldsWithoutHalfShiftId.destinationFlag propext
REFINEMENT_THEOREM RiscvRefinement.Publication.TeamB.MulhDiv.Division.ExactFixedProjection.quotientSign
REFINEMENT_AXIOM RiscvRefinement.Publication.TeamB.MulhDiv.Division.ExactFixedProjection.quotientSign propext
REFINEMENT_AXIOM RiscvRefinement.Publication.TeamB.MulhDiv.Division.ExactFixedProjection.quotientSign Quot.sound
REFINEMENT_THEOREM RiscvRefinement.Air.Bridge.LtReg.ProductionRefinement.destination
REFINEMENT_AXIOM RiscvRefinement.Air.Bridge.LtReg.ProductionRefinement.destination propext
REFINEMENT_AXIOM RiscvRefinement.Air.Bridge.LtReg.ProductionRefinement.destination Quot.sound
REFINEMENT_THEOREM RiscvRefinement.Publication.TeamB.LoadStore.FixedConsequences.baseGap
REFINEMENT_THEOREM RiscvRefinement.Opcodes.MulhBusRefinement.zeroDestination
REFINEMENT_THEOREM RiscvRefinement.Air.Bridge.Auipc.pcLimbsWord
REFINEMENT_AXIOM RiscvRefinement.Air.Bridge.Auipc.pcLimbsWord propext
REFINEMENT_AXIOM RiscvRefinement.Air.Bridge.Auipc.pcLimbsWord Quot.sound
REFINEMENT_THEOREM RiscvRefinement.Opcodes.BaseAluReg.and_selectorAccepted
REFINEMENT_AXIOM RiscvRefinement.Opcodes.BaseAluReg.and_selectorAccepted propext
REFINEMENT_AXIOM RiscvRefinement.Opcodes.BaseAluReg.and_selectorAccepted Quot.sound
REFINEMENT_THEOREM RiscvRefinement.Publication.TeamB.LoadStore.DirectEquations.storeResult2
REFINEMENT_THEOREM RiscvRefinement.Publication.TeamB.MulhDiv.HighMultiply.ExactFixedProjection.destinationClock
REFINEMENT_AXIOM RiscvRefinement.Publication.TeamB.MulhDiv.HighMultiply.ExactFixedProjection.destinationClock propext
REFINEMENT_AXIOM RiscvRefinement.Publication.TeamB.MulhDiv.HighMultiply.ExactFixedProjection.destinationClock Quot.sound
REFINEMENT_THEOREM RiscvRefinement.Opcodes.StoreMutation.StoreHoldsWithoutByteStoreSelect.immFeltRange
REFINEMENT_AXIOM RiscvRefinement.Opcodes.StoreMutation.StoreHoldsWithoutByteStoreSelect.immFeltRange propext
REFINEMENT_THEOREM RiscvRefinement.Opcodes.DivHoldsWithoutDividendSignBit.scanEqual1
REFINEMENT_THEOREM RiscvRefinement.Air.Generated.Programs.slliSymbolicCertificate
REFINEMENT_AXIOM RiscvRefinement.Air.Generated.Programs.slliSymbolicCertificate propext
REFINEMENT_AXIOM RiscvRefinement.Air.Generated.Programs.slliSymbolicCertificate Quot.sound
REFINEMENT_THEOREM RiscvRefinement.Air.Bridge.Auipc.Admission.destinationPreviousBound
REFINEMENT_AXIOM RiscvRefinement.Air.Bridge.Auipc.Admission.destinationPreviousBound propext
REFINEMENT_AXIOM RiscvRefinement.Air.Bridge.Auipc.Admission.destinationPreviousBound Quot.sound
REFINEMENT_THEOREM RiscvRefinement.Opcodes.ShiftHoldsWithoutSignUpperBound.sourceReadOnly
REFINEMENT_THEOREM RiscvRefinement.Air.Bridge.Jalr.ProductionRefinement.targetLow20
REFINEMENT_AXIOM RiscvRefinement.Air.Bridge.Jalr.ProductionRefinement.targetLow20 propext
REFINEMENT_AXIOM RiscvRefinement.Air.Bridge.Jalr.ProductionRefinement.targetLow20 Quot.sound
REFINEMENT_THEOREM RiscvRefinement.Opcodes.DivHoldsWithoutDestinationLimb0.zeroDivisorLimb3
REFINEMENT_THEOREM RiscvRefinement.Publication.TeamB.MulhDiv.Division.Admission.pcBound
REFINEMENT_THEOREM RiscvRefinement.Opcodes.LoadRefinement.busAddress
REFINEMENT_AXIOM RiscvRefinement.Opcodes.LoadRefinement.busAddress propext
REFINEMENT_AXIOM RiscvRefinement.Opcodes.LoadRefinement.busAddress Quot.sound
REFINEMENT_THEOREM RiscvRefinement.Air.Bridge.TeamACommon.wordBytesField_eq_reduce
REFINEMENT_AXIOM RiscvRefinement.Air.Bridge.TeamACommon.wordBytesField_eq_reduce propext
REFINEMENT_AXIOM RiscvRefinement.Air.Bridge.TeamACommon.wordBytesField_eq_reduce Quot.sound
REFINEMENT_THEOREM RiscvRefinement.Memory.applyMask_byte_single
REFINEMENT_AXIOM RiscvRefinement.Memory.applyMask_byte_single propext
REFINEMENT_AXIOM RiscvRefinement.Memory.applyMask_byte_single Quot.sound
REFINEMENT_THEOREM RiscvRefinement.Opcodes.DivHoldsWithoutDividendSignBit.signXorDefinition
REFINEMENT_THEOREM RiscvRefinement.Opcodes.lh_flags
REFINEMENT_AXIOM RiscvRefinement.Opcodes.lh_flags propext
REFINEMENT_THEOREM RiscvRefinement.Air.Bridge.LtReg.sound
REFINEMENT_AXIOM RiscvRefinement.Air.Bridge.LtReg.sound propext
REFINEMENT_AXIOM RiscvRefinement.Air.Bridge.LtReg.sound Quot.sound
REFINEMENT_THEOREM RiscvRefinement.Air.Bridge.M31.modulus_pos
REFINEMENT_THEOREM RiscvRefinement.Publication.TeamB.MulhDiv.Division.sourceOneLimb0Equation
REFINEMENT_AXIOM RiscvRefinement.Publication.TeamB.MulhDiv.Division.sourceOneLimb0Equation propext
REFINEMENT_AXIOM RiscvRefinement.Publication.TeamB.MulhDiv.Division.sourceOneLimb0Equation Quot.sound
REFINEMENT_THEOREM RiscvRefinement.Air.Bridge.Branches.Lt.rawSelectorAccepted
REFINEMENT_AXIOM RiscvRefinement.Air.Bridge.Branches.Lt.rawSelectorAccepted propext
REFINEMENT_AXIOM RiscvRefinement.Air.Bridge.Branches.Lt.rawSelectorAccepted Quot.sound
REFINEMENT_THEOREM RiscvRefinement.Air.Bridge.BaseAluImm.ProductionRefinement.nextClock
REFINEMENT_AXIOM RiscvRefinement.Air.Bridge.BaseAluImm.ProductionRefinement.nextClock propext
REFINEMENT_AXIOM RiscvRefinement.Air.Bridge.BaseAluImm.ProductionRefinement.nextClock Quot.sound
REFINEMENT_THEOREM RiscvRefinement.Opcodes.ByteLoadMutation.ByteLoadHoldsWithoutByteLoadSelect.memoryClock
REFINEMENT_AXIOM RiscvRefinement.Opcodes.ByteLoadMutation.ByteLoadHoldsWithoutByteLoadSelect.memoryClock propext
REFINEMENT_THEOREM RiscvRefinement.Opcodes.ShiftHoldsWithoutSignUpperBound.carry1Range
REFINEMENT_THEOREM RiscvRefinement.Opcodes.srai_sign_lower_bound_is_load_bearing
REFINEMENT_AXIOM RiscvRefinement.Opcodes.srai_sign_lower_bound_is_load_bearing propext
REFINEMENT_AXIOM RiscvRefinement.Opcodes.srai_sign_lower_bound_is_load_bearing Quot.sound
REFINEMENT_AXIOM RiscvRefinement.Opcodes.srai_sign_lower_bound_is_load_bearing Classical.choice
REFINEMENT_THEOREM RiscvRefinement.Air.Bridge.BaseAluImm.Acceptance.selectors
REFINEMENT_AXIOM RiscvRefinement.Air.Bridge.BaseAluImm.Acceptance.selectors propext
REFINEMENT_AXIOM RiscvRefinement.Air.Bridge.BaseAluImm.Acceptance.selectors Quot.sound
REFINEMENT_THEOREM RiscvRefinement.Opcodes.sllFreeLowByteRow_satisfies
REFINEMENT_AXIOM RiscvRefinement.Opcodes.sllFreeLowByteRow_satisfies propext
REFINEMENT_THEOREM RiscvRefinement.Opcodes.ByteLoadMutation.lbuRow_retires_unsigned_byte
REFINEMENT_AXIOM RiscvRefinement.Opcodes.ByteLoadMutation.lbuRow_retires_unsigned_byte propext
REFINEMENT_AXIOM RiscvRefinement.Opcodes.ByteLoadMutation.lbuRow_retires_unsigned_byte Quot.sound
REFINEMENT_THEOREM RiscvRefinement.Publication.TeamB.Shifts.ImmPublicationResult.activeProductionRow
REFINEMENT_AXIOM RiscvRefinement.Publication.TeamB.Shifts.ImmPublicationResult.activeProductionRow propext
REFINEMENT_AXIOM RiscvRefinement.Publication.TeamB.Shifts.ImmPublicationResult.activeProductionRow Quot.sound
REFINEMENT_THEOREM RiscvRefinement.Publication.TeamB.Multiply.FixedConsequences.carry1Bound
REFINEMENT_THEOREM RiscvRefinement.Decode.encode_sltu_is_canonical
REFINEMENT_AXIOM RiscvRefinement.Decode.encode_sltu_is_canonical propext
REFINEMENT_AXIOM RiscvRefinement.Decode.encode_sltu_is_canonical Quot.sound
REFINEMENT_THEOREM RiscvRefinement.Opcodes.StoreRefinement.stateEmit
REFINEMENT_AXIOM RiscvRefinement.Opcodes.StoreRefinement.stateEmit propext
REFINEMENT_AXIOM RiscvRefinement.Opcodes.StoreRefinement.stateEmit Quot.sound
REFINEMENT_THEOREM RiscvRefinement.Opcodes.Jalr.Refinement.aliasReadBeforeWrite
REFINEMENT_AXIOM RiscvRefinement.Opcodes.Jalr.Refinement.aliasReadBeforeWrite propext
REFINEMENT_AXIOM RiscvRefinement.Opcodes.Jalr.Refinement.aliasReadBeforeWrite Quot.sound
REFINEMENT_THEOREM RiscvRefinement.Opcodes.StoreMutation.StoreHoldsWithoutHalfStoreHigh.halfLoadHigh
REFINEMENT_AXIOM RiscvRefinement.Opcodes.StoreMutation.StoreHoldsWithoutHalfStoreHigh.halfLoadHigh propext
REFINEMENT_THEOREM RiscvRefinement.Publication.TeamB.LoadStore.exactTupleProjection
REFINEMENT_AXIOM RiscvRefinement.Publication.TeamB.LoadStore.exactTupleProjection propext
REFINEMENT_AXIOM RiscvRefinement.Publication.TeamB.LoadStore.exactTupleProjection Quot.sound
REFINEMENT_THEOREM RiscvRefinement.Opcodes.lh_satisfies_load_interface
REFINEMENT_AXIOM RiscvRefinement.Opcodes.lh_satisfies_load_interface propext
REFINEMENT_AXIOM RiscvRefinement.Opcodes.lh_satisfies_load_interface Quot.sound
REFINEMENT_AXIOM RiscvRefinement.Opcodes.lh_satisfies_load_interface Classical.choice
REFINEMENT_THEOREM RiscvRefinement.Air.Bridge.Program.localise_value_eq_evalNodes
REFINEMENT_AXIOM RiscvRefinement.Air.Bridge.Program.localise_value_eq_evalNodes propext
REFINEMENT_AXIOM RiscvRefinement.Air.Bridge.Program.localise_value_eq_evalNodes Quot.sound
REFINEMENT_THEOREM RiscvRefinement.Opcodes.StoreMutation.StoreHoldsWithoutPartialStorePreserve.signWitnessCanonical
REFINEMENT_AXIOM RiscvRefinement.Opcodes.StoreMutation.StoreHoldsWithoutPartialStorePreserve.signWitnessCanonical propext
REFINEMENT_THEOREM RiscvRefinement.Opcodes.divWitnessOverflow_holds
REFINEMENT_THEOREM RiscvRefinement.Opcodes.StoreMutation.StoreHoldsWithoutStoreResultZeroOnStores.sourceReadOnly
REFINEMENT_AXIOM RiscvRefinement.Opcodes.StoreMutation.StoreHoldsWithoutStoreResultZeroOnStores.sourceReadOnly propext
REFINEMENT_THEOREM RiscvRefinement.Air.Bridge.Auipc.Acceptance.selectors
REFINEMENT_AXIOM RiscvRefinement.Air.Bridge.Auipc.Acceptance.selectors propext
REFINEMENT_AXIOM RiscvRefinement.Air.Bridge.Auipc.Acceptance.selectors Quot.sound
REFINEMENT_THEOREM RiscvRefinement.Opcodes.StoreMutation.StoreHoldsWithoutPartialStorePreserve.memoryClock
REFINEMENT_AXIOM RiscvRefinement.Opcodes.StoreMutation.StoreHoldsWithoutPartialStorePreserve.memoryClock propext
REFINEMENT_THEOREM RiscvRefinement.Opcodes.mulhsuUnboundSourceOneSignRow_refutes
REFINEMENT_AXIOM RiscvRefinement.Opcodes.mulhsuUnboundSourceOneSignRow_refutes propext
REFINEMENT_THEOREM RiscvRefinement.Publication.TeamB.MulhDiv.Division.ExactTupleProjection.program
REFINEMENT_AXIOM RiscvRefinement.Publication.TeamB.MulhDiv.Division.ExactTupleProjection.program propext
REFINEMENT_AXIOM RiscvRefinement.Publication.TeamB.MulhDiv.Division.ExactTupleProjection.program Quot.sound
REFINEMENT_THEOREM RiscvRefinement.Opcodes.StoreMutation.StoreHoldsWithoutPartialStorePreserve.halfLoadLow
REFINEMENT_AXIOM RiscvRefinement.Opcodes.StoreMutation.StoreHoldsWithoutPartialStorePreserve.halfLoadLow propext
REFINEMENT_THEOREM RiscvRefinement.Opcodes.StoreMutation.StoreHoldsWithoutWordStore.wordShiftAmount
REFINEMENT_AXIOM RiscvRefinement.Opcodes.StoreMutation.StoreHoldsWithoutWordStore.wordShiftAmount propext
REFINEMENT_THEOREM RiscvRefinement.Opcodes.ByteLoadMutation.ByteLoadHoldsWithoutByteLoadSelect.signWitnessCanonical
REFINEMENT_AXIOM RiscvRefinement.Opcodes.ByteLoadMutation.ByteLoadHoldsWithoutByteLoadSelect.signWitnessCanonical propext
REFINEMENT_THEOREM RiscvRefinement.Opcodes.Branches.Eq.rawTakenIsArchitectural
REFINEMENT_AXIOM RiscvRefinement.Opcodes.Branches.Eq.rawTakenIsArchitectural Quot.sound
REFINEMENT_AXIOM RiscvRefinement.Opcodes.Branches.Eq.rawTakenIsArchitectural propext
REFINEMENT_THEOREM RiscvRefinement.Air.Bridge.LtImm.unsignedHighBitResult
REFINEMENT_THEOREM RiscvRefinement.Opcodes.ShiftsRegHoldsWithoutSecondSourceReadOnly.clockPositive
REFINEMENT_THEOREM RiscvRefinement.Opcodes.DivHoldsWithoutProductRecurrence.scanMarker2
REFINEMENT_THEOREM RiscvRefinement.Publication.TeamB.MulhDiv.HighMultiply.DirectEquations.sourceTwo2
REFINEMENT_AXIOM RiscvRefinement.Publication.TeamB.MulhDiv.HighMultiply.DirectEquations.sourceTwo2 propext
REFINEMENT_THEOREM RiscvRefinement.Publication.TeamB.Shifts.ImmBindings.nextPcProjection
REFINEMENT_AXIOM RiscvRefinement.Publication.TeamB.Shifts.ImmBindings.nextPcProjection propext
REFINEMENT_AXIOM RiscvRefinement.Publication.TeamB.Shifts.ImmBindings.nextPcProjection Quot.sound
REFINEMENT_THEOREM RiscvRefinement.Air.Bridge.Mutations.luiLowLimb_satisfies
REFINEMENT_AXIOM RiscvRefinement.Air.Bridge.Mutations.luiLowLimb_satisfies propext
REFINEMENT_AXIOM RiscvRefinement.Air.Bridge.Mutations.luiLowLimb_satisfies Quot.sound
REFINEMENT_THEOREM RiscvRefinement.Opcodes.sllUnmaskedAmountRow_shifts_by_an_unmasked_amount
REFINEMENT_THEOREM RiscvRefinement.Opcodes.mulhHolds_weakens_productLimb4
REFINEMENT_THEOREM RiscvRefinement.Opcodes.StoreMutation.StoreHoldsWithoutHalfStoreHigh.halfLoadExtension
REFINEMENT_AXIOM RiscvRefinement.Opcodes.StoreMutation.StoreHoldsWithoutHalfStoreHigh.halfLoadExtension propext
REFINEMENT_THEOREM RiscvRefinement.Opcodes.MulhHoldsWithoutSelectorSourceTwoSign.sourceOneLimb3
REFINEMENT_THEOREM RiscvRefinement.Opcodes.AddiEnvironment.pcBinds
REFINEMENT_AXIOM RiscvRefinement.Opcodes.AddiEnvironment.pcBinds propext
REFINEMENT_AXIOM RiscvRefinement.Opcodes.AddiEnvironment.pcBinds Quot.sound
REFINEMENT_THEOREM RiscvRefinement.Publication.TeamB.Shifts.ExactSelectorIdentity.manifestUnique
REFINEMENT_AXIOM RiscvRefinement.Publication.TeamB.Shifts.ExactSelectorIdentity.manifestUnique propext
REFINEMENT_AXIOM RiscvRefinement.Publication.TeamB.Shifts.ExactSelectorIdentity.manifestUnique Quot.sound
REFINEMENT_THEOREM RiscvRefinement.Opcodes.BranchesMutation.eqWrongStateEmit_refutes
REFINEMENT_AXIOM RiscvRefinement.Opcodes.BranchesMutation.eqWrongStateEmit_refutes propext
REFINEMENT_AXIOM RiscvRefinement.Opcodes.BranchesMutation.eqWrongStateEmit_refutes Quot.sound
REFINEMENT_THEOREM RiscvRefinement.Publication.TeamB.Shifts.srli_exactSelectorIdentity
REFINEMENT_AXIOM RiscvRefinement.Publication.TeamB.Shifts.srli_exactSelectorIdentity propext
REFINEMENT_AXIOM RiscvRefinement.Publication.TeamB.Shifts.srli_exactSelectorIdentity Quot.sound
REFINEMENT_THEOREM RiscvRefinement.Air.Family.MulhHolds.destinationLimb3
REFINEMENT_THEOREM RiscvRefinement.Opcodes.LtMutation.Imm.slti_wrongManifest_refutes
REFINEMENT_AXIOM RiscvRefinement.Opcodes.LtMutation.Imm.slti_wrongManifest_refutes propext
REFINEMENT_AXIOM RiscvRefinement.Opcodes.LtMutation.Imm.slti_wrongManifest_refutes Quot.sound
REFINEMENT_THEOREM RiscvRefinement.Opcodes.ByteLoadMutation.ByteLoadHoldsWithoutByteSignWitness.memoryAddress
REFINEMENT_AXIOM RiscvRefinement.Opcodes.ByteLoadMutation.ByteLoadHoldsWithoutByteSignWitness.memoryAddress propext
REFINEMENT_THEOREM RiscvRefinement.Publication.TeamB.MulhDiv.Division.FixedBounds.carry2Bound
REFINEMENT_THEOREM RiscvRefinement.Opcodes.DivHoldsWithoutScanTotal.absSameLimb0
REFINEMENT_THEOREM RiscvRefinement.Air.Family.MulHolds.sourceTwoLimb3
REFINEMENT_THEOREM RiscvRefinement.Opcodes.Auipc.Refinement.retirement
REFINEMENT_AXIOM RiscvRefinement.Opcodes.Auipc.Refinement.retirement propext
REFINEMENT_AXIOM RiscvRefinement.Opcodes.Auipc.Refinement.retirement Quot.sound
REFINEMENT_THEOREM RiscvRefinement.Publication.TeamB.MulhDiv.Division.m31MulComm
REFINEMENT_AXIOM RiscvRefinement.Publication.TeamB.MulhDiv.Division.m31MulComm propext
REFINEMENT_THEOREM RiscvRefinement.Opcodes.DivHoldsWithoutZeroDivisorQuotient0.unsignedDividendSign
REFINEMENT_THEOREM RiscvRefinement.Publication.TeamB.LoadStore.DirectEquations.source0
REFINEMENT_THEOREM RiscvRefinement.Air.Bridge.Addi.zeroAcceptance
REFINEMENT_AXIOM RiscvRefinement.Air.Bridge.Addi.zeroAcceptance propext
REFINEMENT_AXIOM RiscvRefinement.Air.Bridge.Addi.zeroAcceptance Quot.sound
REFINEMENT_THEOREM RiscvRefinement.Publication.TeamB.MulhDiv.Division.sourceOneLimb0OfAcceptance
REFINEMENT_AXIOM RiscvRefinement.Publication.TeamB.MulhDiv.Division.sourceOneLimb0OfAcceptance propext
REFINEMENT_AXIOM RiscvRefinement.Publication.TeamB.MulhDiv.Division.sourceOneLimb0OfAcceptance Quot.sound
REFINEMENT_THEOREM RiscvRefinement.Opcodes.Branches.Eq.RawRefinement.targetNoWrap
REFINEMENT_AXIOM RiscvRefinement.Opcodes.Branches.Eq.RawRefinement.targetNoWrap propext
REFINEMENT_AXIOM RiscvRefinement.Opcodes.Branches.Eq.RawRefinement.targetNoWrap Quot.sound
REFINEMENT_THEOREM RiscvRefinement.Air.Family.MulHolds.sourceTwoClock
REFINEMENT_THEOREM RiscvRefinement.Opcodes.freeLowLimbRow_satisfies
REFINEMENT_AXIOM RiscvRefinement.Opcodes.freeLowLimbRow_satisfies propext
REFINEMENT_THEOREM RiscvRefinement.Publication.FixedTableInterpretation.rangeCheck20
REFINEMENT_AXIOM RiscvRefinement.Publication.FixedTableInterpretation.rangeCheck20 propext
REFINEMENT_THEOREM RiscvRefinement.Opcodes.MulhHoldsWithoutProductLimb4.productLimb2
REFINEMENT_THEOREM RiscvRefinement.Opcodes.Branches.Lt.comparisonIsArchitectural
REFINEMENT_AXIOM RiscvRefinement.Opcodes.Branches.Lt.comparisonIsArchitectural propext
REFINEMENT_THEOREM RiscvRefinement.Air.Bridge.BaseAluReg.ProductionRefinement.nextPc
REFINEMENT_AXIOM RiscvRefinement.Air.Bridge.BaseAluReg.ProductionRefinement.nextPc propext
REFINEMENT_AXIOM RiscvRefinement.Air.Bridge.BaseAluReg.ProductionRefinement.nextPc Quot.sound
REFINEMENT_THEOREM RiscvRefinement.Air.Family.DivHolds.negationRecurrence
REFINEMENT_THEOREM RiscvRefinement.Publication.TeamB.MulhDiv.Division.divuExactFixedProjection
REFINEMENT_AXIOM RiscvRefinement.Publication.TeamB.MulhDiv.Division.divuExactFixedProjection propext
REFINEMENT_AXIOM RiscvRefinement.Publication.TeamB.MulhDiv.Division.divuExactFixedProjection Quot.sound
REFINEMENT_THEOREM RiscvRefinement.Publication.TeamB.MulhDiv.Division.DirectConsequences.zeroDivisorLimb3
REFINEMENT_THEOREM RiscvRefinement.Memory.signExtendByte_negative
REFINEMENT_AXIOM RiscvRefinement.Memory.signExtendByte_negative propext
REFINEMENT_AXIOM RiscvRefinement.Memory.signExtendByte_negative Quot.sound
REFINEMENT_AXIOM RiscvRefinement.Memory.signExtendByte_negative Classical.choice
REFINEMENT_THEOREM RiscvRefinement.Opcodes.StoreMutation.StoreHoldsWithoutStoreResultZeroOnStores.halfShiftId
REFINEMENT_AXIOM RiscvRefinement.Opcodes.StoreMutation.StoreHoldsWithoutStoreResultZeroOnStores.halfShiftId propext
REFINEMENT_THEOREM RiscvRefinement.Publication.TeamB.MulhDiv.Division.FixedSemanticConsequences.productCarry1
REFINEMENT_THEOREM RiscvRefinement.Decode.encode_slt_is_canonical
REFINEMENT_AXIOM RiscvRefinement.Decode.encode_slt_is_canonical propext
REFINEMENT_AXIOM RiscvRefinement.Decode.encode_slt_is_canonical Quot.sound
REFINEMENT_THEOREM RiscvRefinement.Publication.TeamB.Shifts.ImmFixedConsequences.carry3
REFINEMENT_THEOREM RiscvRefinement.Publication.TeamB.MulhDiv.Division.productRecurrence1FieldEquation
REFINEMENT_AXIOM RiscvRefinement.Publication.TeamB.MulhDiv.Division.productRecurrence1FieldEquation propext
REFINEMENT_THEOREM RiscvRefinement.Publication.TeamA.Control.jalr_accepted_air_implies_retirement
REFINEMENT_AXIOM RiscvRefinement.Publication.TeamA.Control.jalr_accepted_air_implies_retirement propext
REFINEMENT_AXIOM RiscvRefinement.Publication.TeamA.Control.jalr_accepted_air_implies_retirement Quot.sound
REFINEMENT_AXIOM RiscvRefinement.Publication.TeamA.Control.jalr_accepted_air_implies_retirement Classical.choice
REFINEMENT_THEOREM RiscvRefinement.Air.Family.ShiftsImmHolds.core
REFINEMENT_THEOREM RiscvRefinement.Opcodes.Jal.Refinement.production
REFINEMENT_AXIOM RiscvRefinement.Opcodes.Jal.Refinement.production propext
REFINEMENT_AXIOM RiscvRefinement.Opcodes.Jal.Refinement.production Quot.sound
REFINEMENT_THEOREM RiscvRefinement.Publication.TeamB.MulhDiv.Division.DirectConsequences.destinationLimb0
REFINEMENT_THEOREM RiscvRefinement.Publication.FixedTableInterpretation.rangeCheck811
REFINEMENT_AXIOM RiscvRefinement.Publication.FixedTableInterpretation.rangeCheck811 propext
REFINEMENT_THEOREM RiscvRefinement.Publication.TeamB.MulhDiv.Division.DirectConsequences.absSameLimb3
REFINEMENT_THEOREM RiscvRefinement.Publication.TeamB.Shifts.RegAdmission.destinationPreviousBound
REFINEMENT_THEOREM RiscvRefinement.Air.Bridge.Lui.Admission.clockPositive
REFINEMENT_THEOREM RiscvRefinement.Publication.TeamB.LoadStore.DirectEquations.source3
REFINEMENT_THEOREM RiscvRefinement.Opcodes.LoadStoreHoldsWithoutStoreResultZero.byteStoreSelect
REFINEMENT_AXIOM RiscvRefinement.Opcodes.LoadStoreHoldsWithoutStoreResultZero.byteStoreSelect propext
REFINEMENT_THEOREM RiscvRefinement.Air.Bridge.Node.evalLocal_localise
REFINEMENT_AXIOM RiscvRefinement.Air.Bridge.Node.evalLocal_localise propext
REFINEMENT_AXIOM RiscvRefinement.Air.Bridge.Node.evalLocal_localise Quot.sound
REFINEMENT_THEOREM RiscvRefinement.Opcodes.StoreMutation.StoreHoldsWithoutHalfStoreHigh.wordStore
REFINEMENT_AXIOM RiscvRefinement.Opcodes.StoreMutation.StoreHoldsWithoutHalfStoreHigh.wordStore propext
REFINEMENT_THEOREM RiscvRefinement.Opcodes.DivHoldsWithoutSignXorDefinition.unsignedDivisorSign
REFINEMENT_THEOREM RiscvRefinement.Opcodes.LoadStoreHoldsWithoutWordLoad.operandClock
REFINEMENT_AXIOM RiscvRefinement.Opcodes.LoadStoreHoldsWithoutWordLoad.operandClock propext
REFINEMENT_THEOREM RiscvRefinement.Publication.TeamB.MulhDiv.HighMultiply.FixedConsequences.carry5Bound
REFINEMENT_THEOREM RiscvRefinement.Opcodes.Branches.Lt.bgeu_tuple_theorem
REFINEMENT_AXIOM RiscvRefinement.Opcodes.Branches.Lt.bgeu_tuple_theorem propext
REFINEMENT_AXIOM RiscvRefinement.Opcodes.Branches.Lt.bgeu_tuple_theorem Quot.sound
REFINEMENT_THEOREM RiscvRefinement.Air.Family.div_compare_positive
REFINEMENT_AXIOM RiscvRefinement.Air.Family.div_compare_positive propext
REFINEMENT_AXIOM RiscvRefinement.Air.Family.div_compare_positive Quot.sound
REFINEMENT_THEOREM RiscvRefinement.Publication.TeamB.Shifts.RegAdmission.sourcePreviousBound
REFINEMENT_THEOREM RiscvRefinement.Opcodes.BaseAluReg.exactProgramTuple
REFINEMENT_THEOREM RiscvRefinement.Opcodes.ShiftHoldsWithoutRightLowByte.bitIndexRange
REFINEMENT_THEOREM RiscvRefinement.Opcodes.MulhHoldsWithoutProductLimb4.sourceTwoLimb2
REFINEMENT_THEOREM RiscvRefinement.Opcodes.ShiftHoldsWithoutSignIsLogicalZero.limbIndexRange
REFINEMENT_THEOREM RiscvRefinement.Opcodes.LoadMutationWord.HoldsWithoutWordLoad.byteStoreSelect
REFINEMENT_AXIOM RiscvRefinement.Opcodes.LoadMutationWord.HoldsWithoutWordLoad.byteStoreSelect propext
REFINEMENT_THEOREM RiscvRefinement.Opcodes.DivHoldsWithoutProductRecurrence.scanTotal
REFINEMENT_THEOREM RiscvRefinement.Publication.TeamB.Shifts.RegExactFixedProjection.carry1
REFINEMENT_AXIOM RiscvRefinement.Publication.TeamB.Shifts.RegExactFixedProjection.carry1 propext
REFINEMENT_AXIOM RiscvRefinement.Publication.TeamB.Shifts.RegExactFixedProjection.carry1 Quot.sound
REFINEMENT_THEOREM RiscvRefinement.Publication.TeamB.MulhDiv.Division.m31ReduceSubOfLe
REFINEMENT_AXIOM RiscvRefinement.Publication.TeamB.MulhDiv.Division.m31ReduceSubOfLe propext
REFINEMENT_AXIOM RiscvRefinement.Publication.TeamB.MulhDiv.Division.m31ReduceSubOfLe Quot.sound
REFINEMENT_THEOREM RiscvRefinement.Opcodes.sllUnmaskedAmountRow_refutes
REFINEMENT_THEOREM RiscvRefinement.Opcodes.LoadStoreHoldsWithoutByteSignWitness.alignedQuarterRange
REFINEMENT_AXIOM RiscvRefinement.Opcodes.LoadStoreHoldsWithoutByteSignWitness.alignedQuarterRange propext
REFINEMENT_THEOREM RiscvRefinement.Air.Bridge.Jalr.stateEmitFields
REFINEMENT_AXIOM RiscvRefinement.Air.Bridge.Jalr.stateEmitFields propext
REFINEMENT_AXIOM RiscvRefinement.Air.Bridge.Jalr.stateEmitFields Quot.sound
REFINEMENT_AXIOM RiscvRefinement.Air.Bridge.Jalr.stateEmitFields Classical.choice
REFINEMENT_THEOREM RiscvRefinement.Opcodes.shift_amount_lt_four
REFINEMENT_AXIOM RiscvRefinement.Opcodes.shift_amount_lt_four propext
REFINEMENT_AXIOM RiscvRefinement.Opcodes.shift_amount_lt_four Quot.sound
REFINEMENT_THEOREM RiscvRefinement.Publication.TeamB.Shifts.ImmPublicationResult.selectorIdentity
REFINEMENT_AXIOM RiscvRefinement.Publication.TeamB.Shifts.ImmPublicationResult.selectorIdentity propext
REFINEMENT_AXIOM RiscvRefinement.Publication.TeamB.Shifts.ImmPublicationResult.selectorIdentity Quot.sound
REFINEMENT_THEOREM RiscvRefinement.Opcodes.LoadMutationWord.HoldsWithoutWordLoad.halfShiftId
REFINEMENT_AXIOM RiscvRefinement.Opcodes.LoadMutationWord.HoldsWithoutWordLoad.halfShiftId propext
REFINEMENT_THEOREM RiscvRefinement.Air.Family.MulHolds.sourceTwoLimb1
REFINEMENT_THEOREM RiscvRefinement.Opcodes.MulhHoldsWithoutSelectorSourceTwoSign.signedSourceTwo
REFINEMENT_THEOREM RiscvRefinement.Opcodes.DivHoldsWithoutSignXorDefinition.scanMarker0
REFINEMENT_THEOREM RiscvRefinement.Publication.TeamB.MulhDiv.Division.wordSumField_eq_zero_of_value_eq_zero
REFINEMENT_AXIOM RiscvRefinement.Publication.TeamB.MulhDiv.Division.wordSumField_eq_zero_of_value_eq_zero propext
REFINEMENT_AXIOM RiscvRefinement.Publication.TeamB.MulhDiv.Division.wordSumField_eq_zero_of_value_eq_zero Quot.sound
REFINEMENT_THEOREM RiscvRefinement.Air.Family.MulhHolds.sourceOneLimb2
REFINEMENT_THEOREM RiscvRefinement.Publication.TeamB.MulhDiv.Division.div_programIdentity
REFINEMENT_THEOREM RiscvRefinement.Air.Family.shift_source_msb_true
REFINEMENT_AXIOM RiscvRefinement.Air.Family.shift_source_msb_true propext
REFINEMENT_AXIOM RiscvRefinement.Air.Family.shift_source_msb_true Quot.sound
REFINEMENT_THEOREM RiscvRefinement.Publication.TeamB.MulhDiv.Division.directEquationsG
REFINEMENT_AXIOM RiscvRefinement.Publication.TeamB.MulhDiv.Division.directEquationsG propext
REFINEMENT_AXIOM RiscvRefinement.Publication.TeamB.MulhDiv.Division.directEquationsG Quot.sound
REFINEMENT_THEOREM RiscvRefinement.Opcodes.DivHoldsWithoutUnsignedDivisorSign.scanTotal
REFINEMENT_THEOREM RiscvRefinement.Opcodes.memoryBefore_store
REFINEMENT_AXIOM RiscvRefinement.Opcodes.memoryBefore_store propext
REFINEMENT_THEOREM RiscvRefinement.Opcodes.LoadMutationWord.HoldsWithoutHalfLoadExtension.byteMarkerSum
REFINEMENT_AXIOM RiscvRefinement.Opcodes.LoadMutationWord.HoldsWithoutHalfLoadExtension.byteMarkerSum propext
REFINEMENT_THEOREM RiscvRefinement.Air.Family.MulhHolds.productLimb2
REFINEMENT_THEOREM RiscvRefinement.Air.Bridge.Branches.Eq.ProductionRefinement.programIdentity
REFINEMENT_AXIOM RiscvRefinement.Air.Bridge.Branches.Eq.ProductionRefinement.programIdentity propext
REFINEMENT_AXIOM RiscvRefinement.Air.Bridge.Branches.Eq.ProductionRefinement.programIdentity Quot.sound
REFINEMENT_THEOREM RiscvRefinement.Air.Bridge.BaseAluImm.constraintsHold_eq
REFINEMENT_AXIOM RiscvRefinement.Air.Bridge.BaseAluImm.constraintsHold_eq propext
REFINEMENT_AXIOM RiscvRefinement.Air.Bridge.BaseAluImm.constraintsHold_eq Quot.sound
REFINEMENT_THEOREM RiscvRefinement.Opcodes.LoadStoreHoldsWithoutStoreResultZero.wordStore
REFINEMENT_AXIOM RiscvRefinement.Opcodes.LoadStoreHoldsWithoutStoreResultZero.wordStore propext
REFINEMENT_THEOREM RiscvRefinement.Publication.TeamB.LoadStore.DirectEquations.byteStore3
REFINEMENT_THEOREM RiscvRefinement.Opcodes.LuiEnvironment.wordBinds
REFINEMENT_AXIOM RiscvRefinement.Opcodes.LuiEnvironment.wordBinds propext
REFINEMENT_AXIOM RiscvRefinement.Opcodes.LuiEnvironment.wordBinds Quot.sound
REFINEMENT_THEOREM RiscvRefinement.Opcodes.ShiftHoldsWithoutLeftLowByte.carry0Range
REFINEMENT_THEOREM RiscvRefinement.Opcodes.ByteLoadMutation.lbWrongByteRow_violates_byteLoadSelect
REFINEMENT_THEOREM RiscvRefinement.Opcodes.DivHoldsWithoutSignXorDefinition.sourceOneLimb2
REFINEMENT_THEOREM RiscvRefinement.Opcodes.divWitnessOverflow_quotient
REFINEMENT_THEOREM RiscvRefinement.Air.Bridge.Fence.ProductionRefinement.selectors
REFINEMENT_AXIOM RiscvRefinement.Air.Bridge.Fence.ProductionRefinement.selectors propext
REFINEMENT_AXIOM RiscvRefinement.Air.Bridge.Fence.ProductionRefinement.selectors Quot.sound
REFINEMENT_THEOREM RiscvRefinement.M31.ofInt?_toInt
REFINEMENT_AXIOM RiscvRefinement.M31.ofInt?_toInt propext
REFINEMENT_THEOREM RiscvRefinement.Publication.TeamB.MulhDiv.Division.directEquationsH
REFINEMENT_AXIOM RiscvRefinement.Publication.TeamB.MulhDiv.Division.directEquationsH propext
REFINEMENT_AXIOM RiscvRefinement.Publication.TeamB.MulhDiv.Division.directEquationsH Quot.sound
REFINEMENT_THEOREM RiscvRefinement.Opcodes.StoreMutation.StoreHoldsWithoutByteStoreSelect.halfSignWitness
REFINEMENT_AXIOM RiscvRefinement.Opcodes.StoreMutation.StoreHoldsWithoutByteStoreSelect.halfSignWitness propext
REFINEMENT_THEOREM RiscvRefinement.Air.Bridge.LtReg.ComparatorContract.limb1Equal
REFINEMENT_THEOREM RiscvRefinement.Publication.TeamB.selectors_length
REFINEMENT_THEOREM RiscvRefinement.Air.Family.MulHolds.destinationLimb1
REFINEMENT_THEOREM RiscvRefinement.Opcodes.ByteLoadMutation.ByteLoadHoldsWithoutByteLoadExtension.alignedQuarterRange
REFINEMENT_AXIOM RiscvRefinement.Opcodes.ByteLoadMutation.ByteLoadHoldsWithoutByteLoadExtension.alignedQuarterRange propext
REFINEMENT_THEOREM RiscvRefinement.Air.Bridge.Branches.Lt.ProductionRefinement.nextClock
REFINEMENT_AXIOM RiscvRefinement.Air.Bridge.Branches.Lt.ProductionRefinement.nextClock propext
REFINEMENT_AXIOM RiscvRefinement.Air.Bridge.Branches.Lt.ProductionRefinement.nextClock Quot.sound
REFINEMENT_THEOREM RiscvRefinement.Opcodes.LoadMutationWord.HoldsWithoutHalfLoadHigh.wordShiftAmount
REFINEMENT_AXIOM RiscvRefinement.Opcodes.LoadMutationWord.HoldsWithoutHalfLoadHigh.wordShiftAmount propext
REFINEMENT_THEOREM RiscvRefinement.Publication.TeamB.MulhDiv.Division.FixedSemanticConsequences.divisorSignBit
REFINEMENT_THEOREM RiscvRefinement.Publication.TeamA.Branches.bne_accepted_air_implies_retirement
REFINEMENT_AXIOM RiscvRefinement.Publication.TeamA.Branches.bne_accepted_air_implies_retirement propext
REFINEMENT_AXIOM RiscvRefinement.Publication.TeamA.Branches.bne_accepted_air_implies_retirement Quot.sound
REFINEMENT_AXIOM RiscvRefinement.Publication.TeamA.Branches.bne_accepted_air_implies_retirement Classical.choice
REFINEMENT_THEOREM RiscvRefinement.Publication.TeamB.MulhDiv.Division.remu_programIdentity
REFINEMENT_THEOREM RiscvRefinement.Publication.TeamA.AcceptedAirCertificate.exactProgramTuple
REFINEMENT_THEOREM RiscvRefinement.Decode.encode_mulhsu_is_canonical
REFINEMENT_AXIOM RiscvRefinement.Decode.encode_mulhsu_is_canonical propext
REFINEMENT_AXIOM RiscvRefinement.Decode.encode_mulhsu_is_canonical Quot.sound
REFINEMENT_THEOREM RiscvRefinement.Opcodes.ShiftHoldsWithoutLeftLowByte.signLowerBound
REFINEMENT_THEOREM RiscvRefinement.Opcodes.Jalr.Environment.pcBinds
REFINEMENT_THEOREM RiscvRefinement.Opcodes.mulhsu_source_one_sign_is_load_bearing
REFINEMENT_AXIOM RiscvRefinement.Opcodes.mulhsu_source_one_sign_is_load_bearing propext
REFINEMENT_AXIOM RiscvRefinement.Opcodes.mulhsu_source_one_sign_is_load_bearing Quot.sound
REFINEMENT_AXIOM RiscvRefinement.Opcodes.mulhsu_source_one_sign_is_load_bearing Classical.choice
REFINEMENT_THEOREM RiscvRefinement.Air.Bridge.Mutations.addiCarry_satisfies
REFINEMENT_AXIOM RiscvRefinement.Air.Bridge.Mutations.addiCarry_satisfies propext
REFINEMENT_AXIOM RiscvRefinement.Air.Bridge.Mutations.addiCarry_satisfies Quot.sound
REFINEMENT_THEOREM RiscvRefinement.Air.Bridge.BaseAluImm.ProductionRefinement.sourceClock
REFINEMENT_AXIOM RiscvRefinement.Air.Bridge.BaseAluImm.ProductionRefinement.sourceClock propext
REFINEMENT_AXIOM RiscvRefinement.Air.Bridge.BaseAluImm.ProductionRefinement.sourceClock Quot.sound
REFINEMENT_THEOREM RiscvRefinement.Opcodes.MulhEnvironment.sourceOneBinds
REFINEMENT_THEOREM RiscvRefinement.Opcodes.DivHoldsWithoutNegationRecurrence.remainderNonzero
REFINEMENT_THEOREM RiscvRefinement.Publication.TeamB.LoadStore.DirectEquations.storeResult0
REFINEMENT_THEOREM RiscvRefinement.Publication.TeamB.LoadStore.ExactSelectorIdentity.manifestUnique
REFINEMENT_AXIOM RiscvRefinement.Publication.TeamB.LoadStore.ExactSelectorIdentity.manifestUnique propext
REFINEMENT_AXIOM RiscvRefinement.Publication.TeamB.LoadStore.ExactSelectorIdentity.manifestUnique Quot.sound
REFINEMENT_THEOREM RiscvRefinement.Opcodes.ShiftsRegEnvironment.destinationBinds
REFINEMENT_AXIOM RiscvRefinement.Opcodes.ShiftsRegEnvironment.destinationBinds propext
REFINEMENT_AXIOM RiscvRefinement.Opcodes.ShiftsRegEnvironment.destinationBinds Quot.sound
REFINEMENT_THEOREM RiscvRefinement.Air.Bridge.Addi.exampleAcceptance
REFINEMENT_AXIOM RiscvRefinement.Air.Bridge.Addi.exampleAcceptance propext
REFINEMENT_AXIOM RiscvRefinement.Air.Bridge.Addi.exampleAcceptance Quot.sound
REFINEMENT_THEOREM RiscvRefinement.Air.Family.shift_source_msb_false
REFINEMENT_AXIOM RiscvRefinement.Air.Family.shift_source_msb_false propext
REFINEMENT_AXIOM RiscvRefinement.Air.Family.shift_source_msb_false Quot.sound
REFINEMENT_THEOREM RiscvRefinement.Publication.TeamB.LoadStore.DirectEquations.base0
REFINEMENT_THEOREM RiscvRefinement.Opcodes.BaseAluReg.or_exactLookupProjection
REFINEMENT_AXIOM RiscvRefinement.Opcodes.BaseAluReg.or_exactLookupProjection propext
REFINEMENT_AXIOM RiscvRefinement.Opcodes.BaseAluReg.or_exactLookupProjection Quot.sound
REFINEMENT_THEOREM RiscvRefinement.Opcodes.mulh_source_one_sign_is_load_bearing
REFINEMENT_AXIOM RiscvRefinement.Opcodes.mulh_source_one_sign_is_load_bearing propext
REFINEMENT_AXIOM RiscvRefinement.Opcodes.mulh_source_one_sign_is_load_bearing Quot.sound
REFINEMENT_AXIOM RiscvRefinement.Opcodes.mulh_source_one_sign_is_load_bearing Classical.choice
REFINEMENT_THEOREM RiscvRefinement.Air.Bridge.Jal.lookupProjection
REFINEMENT_AXIOM RiscvRefinement.Air.Bridge.Jal.lookupProjection propext
REFINEMENT_AXIOM RiscvRefinement.Air.Bridge.Jal.lookupProjection Quot.sound
REFINEMENT_THEOREM RiscvRefinement.Air.Bridge.limbSumInverseTable_length
REFINEMENT_THEOREM RiscvRefinement.Opcodes.DivHoldsWithoutDestinationLimb0.ltDiffLower
REFINEMENT_THEOREM RiscvRefinement.Opcodes.divWitnessAliasedOperands_sources
REFINEMENT_THEOREM RiscvRefinement.Publication.TeamB.MulhDiv.Division.ScanConsequences.marker1
REFINEMENT_THEOREM RiscvRefinement.Air.Family.DivHolds.scanMarker3
REFINEMENT_THEOREM RiscvRefinement.Opcodes.BaseAluImm.Refinement.zeroRegister
REFINEMENT_AXIOM RiscvRefinement.Opcodes.BaseAluImm.Refinement.zeroRegister propext
REFINEMENT_AXIOM RiscvRefinement.Opcodes.BaseAluImm.Refinement.zeroRegister Quot.sound
REFINEMENT_THEOREM RiscvRefinement.Publication.TeamB.LoadStore.ExactFixedProjection.baseRange
REFINEMENT_AXIOM RiscvRefinement.Publication.TeamB.LoadStore.ExactFixedProjection.baseRange propext
REFINEMENT_AXIOM RiscvRefinement.Publication.TeamB.LoadStore.ExactFixedProjection.baseRange Quot.sound
REFINEMENT_THEOREM RiscvRefinement.Opcodes.srl_exists
REFINEMENT_AXIOM RiscvRefinement.Opcodes.srl_exists propext
REFINEMENT_AXIOM RiscvRefinement.Opcodes.srl_exists Quot.sound
REFINEMENT_AXIOM RiscvRefinement.Opcodes.srl_exists Classical.choice
REFINEMENT_THEOREM RiscvRefinement.Opcodes.StoreMutation.StoreHoldsWithoutStoreResultZeroOnStores.clockPositive
REFINEMENT_AXIOM RiscvRefinement.Opcodes.StoreMutation.StoreHoldsWithoutStoreResultZeroOnStores.clockPositive propext
REFINEMENT_THEOREM RiscvRefinement.Air.Bridge.Jal.immediateToNatBound
REFINEMENT_AXIOM RiscvRefinement.Air.Bridge.Jal.immediateToNatBound propext
REFINEMENT_AXIOM RiscvRefinement.Air.Bridge.Jal.immediateToNatBound Quot.sound
REFINEMENT_THEOREM RiscvRefinement.Air.Bridge.evalNodesFrom_length
REFINEMENT_AXIOM RiscvRefinement.Air.Bridge.evalNodesFrom_length propext
REFINEMENT_AXIOM RiscvRefinement.Air.Bridge.evalNodesFrom_length Quot.sound
REFINEMENT_THEOREM RiscvRefinement.Opcodes.selector_cases
REFINEMENT_AXIOM RiscvRefinement.Opcodes.selector_cases propext
REFINEMENT_THEOREM RiscvRefinement.Opcodes.BaseAluImm.Refinement.noMemoryEffect
REFINEMENT_AXIOM RiscvRefinement.Opcodes.BaseAluImm.Refinement.noMemoryEffect propext
REFINEMENT_AXIOM RiscvRefinement.Opcodes.BaseAluImm.Refinement.noMemoryEffect Quot.sound
REFINEMENT_THEOREM RiscvRefinement.Opcodes.ByteLoadMutation.lbuWrongByteRow_satisfies
REFINEMENT_AXIOM RiscvRefinement.Opcodes.ByteLoadMutation.lbuWrongByteRow_satisfies propext
REFINEMENT_THEOREM RiscvRefinement.Air.Family.shift_destination_value
REFINEMENT_AXIOM RiscvRefinement.Air.Family.shift_destination_value propext
REFINEMENT_AXIOM RiscvRefinement.Air.Family.shift_destination_value Quot.sound
REFINEMENT_THEOREM RiscvRefinement.Opcodes.LoadMutationWord.HoldsWithoutHalfLoadHigh.storeResultZero
REFINEMENT_AXIOM RiscvRefinement.Opcodes.LoadMutationWord.HoldsWithoutHalfLoadHigh.storeResultZero propext
REFINEMENT_THEOREM RiscvRefinement.Opcodes.StoreMutation.StoreHoldsWithoutByteStoreSelect.memoryAddress
REFINEMENT_AXIOM RiscvRefinement.Opcodes.StoreMutation.StoreHoldsWithoutByteStoreSelect.memoryAddress propext
REFINEMENT_THEOREM RiscvRefinement.Sail.Reviewed.executeMul_no_memory
REFINEMENT_AXIOM RiscvRefinement.Sail.Reviewed.executeMul_no_memory propext
REFINEMENT_THEOREM RiscvRefinement.Opcodes.LoadStoreHoldsWithoutStoreResultZero.halfStoreLow
REFINEMENT_AXIOM RiscvRefinement.Opcodes.LoadStoreHoldsWithoutStoreResultZero.halfStoreLow propext
REFINEMENT_THEOREM RiscvRefinement.Opcodes.LoadMutationWord.HoldsWithoutHalfLoadHigh.baseClock
REFINEMENT_AXIOM RiscvRefinement.Opcodes.LoadMutationWord.HoldsWithoutHalfLoadHigh.baseClock propext
REFINEMENT_THEOREM RiscvRefinement.Opcodes.LoadMutationWord.lhu_zero_fill_is_load_bearing
REFINEMENT_AXIOM RiscvRefinement.Opcodes.LoadMutationWord.lhu_zero_fill_is_load_bearing propext
REFINEMENT_AXIOM RiscvRefinement.Opcodes.LoadMutationWord.lhu_zero_fill_is_load_bearing Quot.sound
REFINEMENT_THEOREM RiscvRefinement.Publication.TeamB.Shifts.RegAdmission.carry2Canonical
REFINEMENT_THEOREM RiscvRefinement.Sail.Reviewed.executeDiv_zero_divisor
REFINEMENT_AXIOM RiscvRefinement.Sail.Reviewed.executeDiv_zero_divisor propext
REFINEMENT_THEOREM RiscvRefinement.Opcodes.ByteLoadMutation.ByteLoadHoldsWithoutByteSignWitness.loadDestination
REFINEMENT_AXIOM RiscvRefinement.Opcodes.ByteLoadMutation.ByteLoadHoldsWithoutByteSignWitness.loadDestination propext
REFINEMENT_THEOREM RiscvRefinement.Opcodes.DivRefinement.nextPcResult
REFINEMENT_THEOREM RiscvRefinement.Air.Family.LoadStoreHolds.signWitnessCanonical
REFINEMENT_AXIOM RiscvRefinement.Air.Family.LoadStoreHolds.signWitnessCanonical propext
REFINEMENT_THEOREM RiscvRefinement.Publication.TeamB.MulhDiv.Division.DirectConsequences.absSameLimb0
REFINEMENT_THEOREM RiscvRefinement.Air.Bridge.LtReg.ComparatorContract.limb2Selected
REFINEMENT_THEOREM RiscvRefinement.Air.Bridge.LtImm.constraintsHold_eq
REFINEMENT_AXIOM RiscvRefinement.Air.Bridge.LtImm.constraintsHold_eq propext
REFINEMENT_AXIOM RiscvRefinement.Air.Bridge.LtImm.constraintsHold_eq Quot.sound
REFINEMENT_THEOREM RiscvRefinement.Opcodes.SelectorNonVacuity.divFamily_destinations_are_writable
REFINEMENT_THEOREM RiscvRefinement.Opcodes.load_source_read_only_structural
REFINEMENT_THEOREM RiscvRefinement.Opcodes.shifts_reg_sign_upper_bound_is_load_bearing
REFINEMENT_AXIOM RiscvRefinement.Opcodes.shifts_reg_sign_upper_bound_is_load_bearing propext
REFINEMENT_AXIOM RiscvRefinement.Opcodes.shifts_reg_sign_upper_bound_is_load_bearing Quot.sound
REFINEMENT_AXIOM RiscvRefinement.Opcodes.shifts_reg_sign_upper_bound_is_load_bearing Classical.choice
REFINEMENT_THEOREM RiscvRefinement.Publication.TeamB.MulhDiv.HighMultiply.SelectorAdmission.rowSelector
REFINEMENT_AXIOM RiscvRefinement.Publication.TeamB.MulhDiv.HighMultiply.SelectorAdmission.rowSelector propext
REFINEMENT_AXIOM RiscvRefinement.Publication.TeamB.MulhDiv.HighMultiply.SelectorAdmission.rowSelector Quot.sound
REFINEMENT_THEOREM RiscvRefinement.Air.Bridge.Jalr.ProductionRefinement.link
REFINEMENT_AXIOM RiscvRefinement.Air.Bridge.Jalr.ProductionRefinement.link propext
REFINEMENT_AXIOM RiscvRefinement.Air.Bridge.Jalr.ProductionRefinement.link Quot.sound
REFINEMENT_THEOREM RiscvRefinement.Air.Bridge.Jal.x0ExampleAcceptance
REFINEMENT_AXIOM RiscvRefinement.Air.Bridge.Jal.x0ExampleAcceptance propext
REFINEMENT_AXIOM RiscvRefinement.Air.Bridge.Jal.x0ExampleAcceptance Quot.sound
REFINEMENT_THEOREM RiscvRefinement.Opcodes.LoadStoreHoldsWithoutByteSignWitness.wordStore
REFINEMENT_AXIOM RiscvRefinement.Opcodes.LoadStoreHoldsWithoutByteSignWitness.wordStore propext
REFINEMENT_THEOREM RiscvRefinement.Opcodes.MulhHoldsWithoutSourceOneSignBinding.destinationLimb2
REFINEMENT_THEOREM RiscvRefinement.Opcodes.DivHoldsWithoutUnsignedDivisorSign.zeroDivisorQuotient1
REFINEMENT_THEOREM RiscvRefinement.Opcodes.BaseAluReg.Refinement.exactProgramLookup
REFINEMENT_AXIOM RiscvRefinement.Opcodes.BaseAluReg.Refinement.exactProgramLookup propext
REFINEMENT_AXIOM RiscvRefinement.Opcodes.BaseAluReg.Refinement.exactProgramLookup Quot.sound
REFINEMENT_THEOREM RiscvRefinement.Publication.TeamB.Shifts.ImmFixedConsequences.carry0
REFINEMENT_THEOREM RiscvRefinement.Opcodes.ShiftsImmHoldsWithoutImmediateBinds.nextPcResult
REFINEMENT_THEOREM RiscvRefinement.Opcodes.DivHoldsWithoutDividendSignBit.sourceTwoLimb0
REFINEMENT_THEOREM RiscvRefinement.Opcodes.Lt.Imm.Refinement.production
REFINEMENT_AXIOM RiscvRefinement.Opcodes.Lt.Imm.Refinement.production propext
REFINEMENT_AXIOM RiscvRefinement.Opcodes.Lt.Imm.Refinement.production Quot.sound
REFINEMENT_THEOREM RiscvRefinement.Air.Bridge.BaseAluReg.sourcesPreserved
REFINEMENT_AXIOM RiscvRefinement.Air.Bridge.BaseAluReg.sourcesPreserved propext
REFINEMENT_THEOREM RiscvRefinement.Air.Family.MulHolds.destinationLimb0
REFINEMENT_THEOREM RiscvRefinement.Air.Bridge.mulhUnsignedWitnessFixedRequestsHold
REFINEMENT_AXIOM RiscvRefinement.Air.Bridge.mulhUnsignedWitnessFixedRequestsHold propext
REFINEMENT_AXIOM RiscvRefinement.Air.Bridge.mulhUnsignedWitnessFixedRequestsHold Quot.sound
REFINEMENT_THEOREM RiscvRefinement.Publication.TeamB.Shifts.ImmExactFixedProjection.carry3
REFINEMENT_AXIOM RiscvRefinement.Publication.TeamB.Shifts.ImmExactFixedProjection.carry3 propext
REFINEMENT_AXIOM RiscvRefinement.Publication.TeamB.Shifts.ImmExactFixedProjection.carry3 Quot.sound
REFINEMENT_THEOREM RiscvRefinement.Publication.TeamB.MulhDiv.HighMultiply.SelectorAdmission.familyAdmits
REFINEMENT_AXIOM RiscvRefinement.Publication.TeamB.MulhDiv.HighMultiply.SelectorAdmission.familyAdmits propext
REFINEMENT_AXIOM RiscvRefinement.Publication.TeamB.MulhDiv.HighMultiply.SelectorAdmission.familyAdmits Quot.sound
REFINEMENT_THEOREM RiscvRefinement.Air.Bridge.LtReg.signedHighBitResult
REFINEMENT_THEOREM RiscvRefinement.Publication.TeamB.Multiply.FixedConsequences.sourceOneGap
REFINEMENT_THEOREM RiscvRefinement.Air.Bridge.Auipc.Acceptance.fixedLookups
REFINEMENT_AXIOM RiscvRefinement.Air.Bridge.Auipc.Acceptance.fixedLookups propext
REFINEMENT_AXIOM RiscvRefinement.Air.Bridge.Auipc.Acceptance.fixedLookups Quot.sound
REFINEMENT_THEOREM RiscvRefinement.Publication.TeamB.Multiply.ExactTupleProjection.sourceOneEmit
REFINEMENT_AXIOM RiscvRefinement.Publication.TeamB.Multiply.ExactTupleProjection.sourceOneEmit propext
REFINEMENT_AXIOM RiscvRefinement.Publication.TeamB.Multiply.ExactTupleProjection.sourceOneEmit Quot.sound
REFINEMENT_THEOREM RiscvRefinement.Publication.TeamB.MulhDiv.Division.DirectConsequences.remainderNonzero
REFINEMENT_THEOREM RiscvRefinement.Air.Family.LoadStoreAddressRange.base_lt_two_pow_30
REFINEMENT_AXIOM RiscvRefinement.Air.Family.LoadStoreAddressRange.base_lt_two_pow_30 propext
REFINEMENT_AXIOM RiscvRefinement.Air.Family.LoadStoreAddressRange.base_lt_two_pow_30 Quot.sound
REFINEMENT_THEOREM RiscvRefinement.Air.Bridge.BaseAluImm.ProductionRefinement.bitwise3
REFINEMENT_AXIOM RiscvRefinement.Air.Bridge.BaseAluImm.ProductionRefinement.bitwise3 propext
REFINEMENT_AXIOM RiscvRefinement.Air.Bridge.BaseAluImm.ProductionRefinement.bitwise3 Quot.sound
REFINEMENT_THEOREM RiscvRefinement.Opcodes.honestMulRow_holds
REFINEMENT_AXIOM RiscvRefinement.Opcodes.honestMulRow_holds propext
REFINEMENT_THEOREM RiscvRefinement.Air.Family.DivHolds.scanMarker1
REFINEMENT_THEOREM RiscvRefinement.Air.Bridge.mulhWitnessConstraintValues
REFINEMENT_AXIOM RiscvRefinement.Air.Bridge.mulhWitnessConstraintValues propext
REFINEMENT_AXIOM RiscvRefinement.Air.Bridge.mulhWitnessConstraintValues Quot.sound
REFINEMENT_THEOREM RiscvRefinement.Opcodes.LoadMutationWord.HoldsWithoutHalfLoadExtension.alignedQuarterRange
REFINEMENT_AXIOM RiscvRefinement.Opcodes.LoadMutationWord.HoldsWithoutHalfLoadExtension.alignedQuarterRange propext
REFINEMENT_THEOREM RiscvRefinement.Opcodes.LoadMutationWord.lwTruncatedRow_not_sound
REFINEMENT_AXIOM RiscvRefinement.Opcodes.LoadMutationWord.lwTruncatedRow_not_sound propext
REFINEMENT_THEOREM RiscvRefinement.Publication.exactOpcodePublicationInventory
REFINEMENT_AXIOM RiscvRefinement.Publication.exactOpcodePublicationInventory propext
REFINEMENT_AXIOM RiscvRefinement.Publication.exactOpcodePublicationInventory Quot.sound
REFINEMENT_THEOREM RiscvRefinement.Publication.TeamB.MulhDiv.Division.programNodesShared
REFINEMENT_THEOREM RiscvRefinement.Air.Family.div_unsigned_exact
REFINEMENT_AXIOM RiscvRefinement.Air.Family.div_unsigned_exact propext
REFINEMENT_AXIOM RiscvRefinement.Air.Family.div_unsigned_exact Quot.sound
REFINEMENT_AXIOM RiscvRefinement.Air.Family.div_unsigned_exact Classical.choice
REFINEMENT_THEOREM RiscvRefinement.Publication.TeamB.MulhDiv.Division.DirectEquationsG.sourceOne3
REFINEMENT_THEOREM RiscvRefinement.Air.Bridge.Jal.Admission.clockPositive
REFINEMENT_AXIOM RiscvRefinement.Air.Bridge.Jal.Admission.clockPositive propext
REFINEMENT_AXIOM RiscvRefinement.Air.Bridge.Jal.Admission.clockPositive Quot.sound
REFINEMENT_THEOREM RiscvRefinement.Publication.TeamB.MulhDiv.Division.specialExclusiveEquation
REFINEMENT_AXIOM RiscvRefinement.Publication.TeamB.MulhDiv.Division.specialExclusiveEquation propext
REFINEMENT_AXIOM RiscvRefinement.Publication.TeamB.MulhDiv.Division.specialExclusiveEquation Quot.sound
REFINEMENT_THEOREM RiscvRefinement.Opcodes.ShiftHoldsWithoutRightLowByte.destinationLimb2
REFINEMENT_THEOREM RiscvRefinement.Opcodes.DivHoldsWithoutUnsignedDivisorSign.destinationClock
REFINEMENT_THEOREM RiscvRefinement.Publication.TeamB.MulhDiv.HighMultiply.FixedConsequences.carry7Bound
REFINEMENT_THEOREM RiscvRefinement.Opcodes.LoadStoreHoldsWithoutWordLoad.storeResultZero
REFINEMENT_AXIOM RiscvRefinement.Opcodes.LoadStoreHoldsWithoutWordLoad.storeResultZero propext
REFINEMENT_THEOREM RiscvRefinement.Opcodes.LoadStoreHoldsWithoutStoreResultZero.partialStorePreserve
REFINEMENT_AXIOM RiscvRefinement.Opcodes.LoadStoreHoldsWithoutStoreResultZero.partialStorePreserve propext
REFINEMENT_THEOREM RiscvRefinement.Air.Bridge.Jal.Acceptance.fixedLookups
REFINEMENT_AXIOM RiscvRefinement.Air.Bridge.Jal.Acceptance.fixedLookups propext
REFINEMENT_AXIOM RiscvRefinement.Air.Bridge.Jal.Acceptance.fixedLookups Quot.sound
REFINEMENT_THEOREM RiscvRefinement.Air.Family.LoadStoreAddressRange.quarter_lt_two_pow_28
REFINEMENT_AXIOM RiscvRefinement.Air.Family.LoadStoreAddressRange.quarter_lt_two_pow_28 propext
REFINEMENT_AXIOM RiscvRefinement.Air.Family.LoadStoreAddressRange.quarter_lt_two_pow_28 Quot.sound
REFINEMENT_THEOREM RiscvRefinement.Opcodes.StoreMutation.StoreHoldsWithoutStoreResultZeroOnStores.destinationFlag
REFINEMENT_AXIOM RiscvRefinement.Opcodes.StoreMutation.StoreHoldsWithoutStoreResultZeroOnStores.destinationFlag propext
REFINEMENT_THEOREM RiscvRefinement.Publication.TeamB.Shifts.ImmExactFixedProjection.sourceClock
REFINEMENT_AXIOM RiscvRefinement.Publication.TeamB.Shifts.ImmExactFixedProjection.sourceClock propext
REFINEMENT_AXIOM RiscvRefinement.Publication.TeamB.Shifts.ImmExactFixedProjection.sourceClock Quot.sound
REFINEMENT_THEOREM RiscvRefinement.Opcodes.LoadStoreHoldsWithoutStoreResultZero.halfLoadLow
REFINEMENT_AXIOM RiscvRefinement.Opcodes.LoadStoreHoldsWithoutStoreResultZero.halfLoadLow propext
REFINEMENT_THEOREM RiscvRefinement.Opcodes.FenceMutation.wrongStateEmit_satisfies
REFINEMENT_AXIOM RiscvRefinement.Opcodes.FenceMutation.wrongStateEmit_satisfies propext
REFINEMENT_AXIOM RiscvRefinement.Opcodes.FenceMutation.wrongStateEmit_satisfies Quot.sound
REFINEMENT_THEOREM RiscvRefinement.Opcodes.LoadStoreHoldsWithoutByteSignWitness.sourceReadOnly
REFINEMENT_AXIOM RiscvRefinement.Opcodes.LoadStoreHoldsWithoutByteSignWitness.sourceReadOnly propext
REFINEMENT_THEOREM RiscvRefinement.Air.Family.div_opcode_id_divu
REFINEMENT_AXIOM RiscvRefinement.Air.Family.div_opcode_id_divu propext
REFINEMENT_THEOREM RiscvRefinement.Opcodes.DivHoldsWithoutDividendSignBit.productRecurrence
REFINEMENT_THEOREM RiscvRefinement.Opcodes.MulEnvironment.sourceOneBinds
REFINEMENT_THEOREM RiscvRefinement.Opcodes.LoadMutationWord.HoldsWithoutHalfLoadExtension.baseHighLimbRange
REFINEMENT_AXIOM RiscvRefinement.Opcodes.LoadMutationWord.HoldsWithoutHalfLoadExtension.baseHighLimbRange propext
REFINEMENT_THEOREM RiscvRefinement.Air.Bridge.evalLoop_length
REFINEMENT_AXIOM RiscvRefinement.Air.Bridge.evalLoop_length propext
REFINEMENT_AXIOM RiscvRefinement.Air.Bridge.evalLoop_length Quot.sound
REFINEMENT_THEOREM RiscvRefinement.Opcodes.LoadStoreHoldsWithoutPartialStorePreserve.halfLoadLow
REFINEMENT_AXIOM RiscvRefinement.Opcodes.LoadStoreHoldsWithoutPartialStorePreserve.halfLoadLow propext
REFINEMENT_THEOREM RiscvRefinement.Air.Bridge.Branches.Lt.RawAcceptance.fixedLookups
REFINEMENT_AXIOM RiscvRefinement.Air.Bridge.Branches.Lt.RawAcceptance.fixedLookups propext
REFINEMENT_AXIOM RiscvRefinement.Air.Bridge.Branches.Lt.RawAcceptance.fixedLookups Quot.sound
REFINEMENT_THEOREM RiscvRefinement.Opcodes.DivHoldsWithoutNegationRecurrence.dividendSignBit
REFINEMENT_THEOREM RiscvRefinement.Opcodes.BaseAluReg.refines
REFINEMENT_AXIOM RiscvRefinement.Opcodes.BaseAluReg.refines propext
REFINEMENT_AXIOM RiscvRefinement.Opcodes.BaseAluReg.refines Quot.sound
REFINEMENT_THEOREM RiscvRefinement.Opcodes.StoreMutation.StoreHoldsWithoutStoreResultZeroOnStores.halfStoreHigh
REFINEMENT_AXIOM RiscvRefinement.Opcodes.StoreMutation.StoreHoldsWithoutStoreResultZeroOnStores.halfStoreHigh propext
REFINEMENT_THEOREM RiscvRefinement.Opcodes.shiftsRegHolds_weakens_rightLowByte
REFINEMENT_THEOREM RiscvRefinement.Publication.TeamB.Multiply.Admission.sourceOnePreviousBound
REFINEMENT_THEOREM RiscvRefinement.Publication.TeamB.MulhDiv.Division.specialExclusiveOfEquation
REFINEMENT_THEOREM RiscvRefinement.Opcodes.row_byte_selected
REFINEMENT_AXIOM RiscvRefinement.Opcodes.row_byte_selected propext
REFINEMENT_AXIOM RiscvRefinement.Opcodes.row_byte_selected Quot.sound
REFINEMENT_THEOREM RiscvRefinement.Publication.TeamB.Shifts.ImmPublicationResult.exactOrderedTuples
REFINEMENT_AXIOM RiscvRefinement.Publication.TeamB.Shifts.ImmPublicationResult.exactOrderedTuples propext
REFINEMENT_AXIOM RiscvRefinement.Publication.TeamB.Shifts.ImmPublicationResult.exactOrderedTuples Quot.sound
REFINEMENT_THEOREM RiscvRefinement.Publication.TeamB.MulhDiv.Division.activeEquation
REFINEMENT_AXIOM RiscvRefinement.Publication.TeamB.MulhDiv.Division.activeEquation propext
REFINEMENT_AXIOM RiscvRefinement.Publication.TeamB.MulhDiv.Division.activeEquation Quot.sound
REFINEMENT_THEOREM RiscvRefinement.Publication.TeamB.MulhDiv.HighMultiply.mulhu_programIdentity
REFINEMENT_THEOREM RiscvRefinement.Publication.TeamA.manifestIds_exact
REFINEMENT_THEOREM RiscvRefinement.Publication.TeamB.MulhDiv.Division.difficultFixedRawLookup_selected
REFINEMENT_AXIOM RiscvRefinement.Publication.TeamB.MulhDiv.Division.difficultFixedRawLookup_selected propext
REFINEMENT_THEOREM RiscvRefinement.Sail.Reviewed.executeMulh_no_memory
REFINEMENT_AXIOM RiscvRefinement.Sail.Reviewed.executeMulh_no_memory propext
REFINEMENT_THEOREM RiscvRefinement.Publication.TeamB.MulhDiv.Division.gatedByte255
REFINEMENT_AXIOM RiscvRefinement.Publication.TeamB.MulhDiv.Division.gatedByte255 propext
REFINEMENT_AXIOM RiscvRefinement.Publication.TeamB.MulhDiv.Division.gatedByte255 Quot.sound
REFINEMENT_THEOREM RiscvRefinement.Opcodes.lowBit_toNat
REFINEMENT_AXIOM RiscvRefinement.Opcodes.lowBit_toNat propext
REFINEMENT_AXIOM RiscvRefinement.Opcodes.lowBit_toNat Quot.sound
REFINEMENT_THEOREM RiscvRefinement.Opcodes.Jalr.Refinement.wrappedAddition
REFINEMENT_AXIOM RiscvRefinement.Opcodes.Jalr.Refinement.wrappedAddition propext
REFINEMENT_AXIOM RiscvRefinement.Opcodes.Jalr.Refinement.wrappedAddition Quot.sound
REFINEMENT_THEOREM RiscvRefinement.Opcodes.DivHoldsWithoutDividendSignBit.zeroDivisorQuotient2
REFINEMENT_THEOREM RiscvRefinement.Publication.TeamB.MulhDiv.Division.node38
REFINEMENT_AXIOM RiscvRefinement.Publication.TeamB.MulhDiv.Division.node38 propext
REFINEMENT_AXIOM RiscvRefinement.Publication.TeamB.MulhDiv.Division.node38 Quot.sound
REFINEMENT_THEOREM RiscvRefinement.Publication.TeamB.MulhDiv.Division.FixedBounds.carry5Bound
REFINEMENT_THEOREM RiscvRefinement.Opcodes.LoadStoreHoldsWithoutStoreResultZero.baseReadOnly
REFINEMENT_AXIOM RiscvRefinement.Opcodes.LoadStoreHoldsWithoutStoreResultZero.baseReadOnly propext
REFINEMENT_THEOREM RiscvRefinement.Air.Bridge.Branches.Lt.ProductionRefinement.lookups
REFINEMENT_AXIOM RiscvRefinement.Air.Bridge.Branches.Lt.ProductionRefinement.lookups propext
REFINEMENT_AXIOM RiscvRefinement.Air.Bridge.Branches.Lt.ProductionRefinement.lookups Quot.sound
REFINEMENT_THEOREM RiscvRefinement.Air.Bridge.mulhWitnessFixedRequestsHold
REFINEMENT_AXIOM RiscvRefinement.Air.Bridge.mulhWitnessFixedRequestsHold propext
REFINEMENT_AXIOM RiscvRefinement.Air.Bridge.mulhWitnessFixedRequestsHold Quot.sound
REFINEMENT_THEOREM RiscvRefinement.Opcodes.BaseAluImm.andi_exactProgramTuple
REFINEMENT_AXIOM RiscvRefinement.Opcodes.BaseAluImm.andi_exactProgramTuple propext
REFINEMENT_AXIOM RiscvRefinement.Opcodes.BaseAluImm.andi_exactProgramTuple Quot.sound
REFINEMENT_THEOREM RiscvRefinement.Opcodes.DivHoldsWithoutSignXorDefinition.sourceOneLimb3
REFINEMENT_THEOREM RiscvRefinement.Air.Family.ShiftsImmHolds.nextPcResult
REFINEMENT_THEOREM RiscvRefinement.Opcodes.DivHoldsWithoutSignXorDefinition.zeroDivisorQuotientSign
REFINEMENT_THEOREM RiscvRefinement.Opcodes.MulHoldsWithoutProductLimb0.destinationLimb2
REFINEMENT_THEOREM RiscvRefinement.Air.Bridge.Lui.bitVecM31_val
REFINEMENT_AXIOM RiscvRefinement.Air.Bridge.Lui.bitVecM31_val propext
REFINEMENT_THEOREM RiscvRefinement.Opcodes.Lt.Imm.refines
REFINEMENT_AXIOM RiscvRefinement.Opcodes.Lt.Imm.refines propext
REFINEMENT_AXIOM RiscvRefinement.Opcodes.Lt.Imm.refines Quot.sound
REFINEMENT_THEOREM RiscvRefinement.Air.Bridge.LtReg.Admission.sourceOnePreviousBound
REFINEMENT_THEOREM RiscvRefinement.Air.Bridge.LtReg.selectorAccepted
REFINEMENT_AXIOM RiscvRefinement.Air.Bridge.LtReg.selectorAccepted propext
REFINEMENT_AXIOM RiscvRefinement.Air.Bridge.LtReg.selectorAccepted Quot.sound
REFINEMENT_THEOREM RiscvRefinement.Opcodes.BaseAluImm.ori_nonvacuous
REFINEMENT_AXIOM RiscvRefinement.Opcodes.BaseAluImm.ori_nonvacuous propext
REFINEMENT_AXIOM RiscvRefinement.Opcodes.BaseAluImm.ori_nonvacuous Quot.sound
REFINEMENT_AXIOM RiscvRefinement.Opcodes.BaseAluImm.ori_nonvacuous Classical.choice
REFINEMENT_THEOREM RiscvRefinement.Opcodes.Jalr.Refinement.exactProgramLookup
REFINEMENT_AXIOM RiscvRefinement.Opcodes.Jalr.Refinement.exactProgramLookup propext
REFINEMENT_AXIOM RiscvRefinement.Opcodes.Jalr.Refinement.exactProgramLookup Quot.sound
REFINEMENT_THEOREM RiscvRefinement.Air.Bridge.Jal.sound
REFINEMENT_AXIOM RiscvRefinement.Air.Bridge.Jal.sound propext
REFINEMENT_AXIOM RiscvRefinement.Air.Bridge.Jal.sound Quot.sound
REFINEMENT_AXIOM RiscvRefinement.Air.Bridge.Jal.sound Classical.choice
REFINEMENT_THEOREM RiscvRefinement.Air.Family.DivHolds.divisorSignBit
REFINEMENT_THEOREM RiscvRefinement.Opcodes.ShiftsImmRefinement.retirement
REFINEMENT_AXIOM RiscvRefinement.Opcodes.ShiftsImmRefinement.retirement propext
REFINEMENT_AXIOM RiscvRefinement.Opcodes.ShiftsImmRefinement.retirement Quot.sound
REFINEMENT_THEOREM RiscvRefinement.Opcodes.StoreMutation.storeHolds_weakens_partialStorePreserve
REFINEMENT_AXIOM RiscvRefinement.Opcodes.StoreMutation.storeHolds_weakens_partialStorePreserve propext
REFINEMENT_THEOREM RiscvRefinement.Air.Bridge.Addi.exampleAdmission
REFINEMENT_THEOREM RiscvRefinement.Opcodes.Auipc.Refinement.program
REFINEMENT_AXIOM RiscvRefinement.Opcodes.Auipc.Refinement.program propext
REFINEMENT_AXIOM RiscvRefinement.Opcodes.Auipc.Refinement.program Quot.sound
REFINEMENT_THEOREM RiscvRefinement.Air.Bridge.Auipc.destinationClockRequestHolds
REFINEMENT_AXIOM RiscvRefinement.Air.Bridge.Auipc.destinationClockRequestHolds propext
REFINEMENT_AXIOM RiscvRefinement.Air.Bridge.Auipc.destinationClockRequestHolds Quot.sound
REFINEMENT_THEOREM RiscvRefinement.Arith.divideUnsigned_zero
REFINEMENT_AXIOM RiscvRefinement.Arith.divideUnsigned_zero propext
REFINEMENT_THEOREM RiscvRefinement.Opcodes.MulHoldsWithoutProductLimb0.destinationLimb1
REFINEMENT_THEOREM RiscvRefinement.Opcodes.ShiftHoldsWithoutSignIsLogicalZero.carry2Range
REFINEMENT_THEOREM RiscvRefinement.Air.Bridge.mulLookupTuples
REFINEMENT_AXIOM RiscvRefinement.Air.Bridge.mulLookupTuples propext
REFINEMENT_AXIOM RiscvRefinement.Air.Bridge.mulLookupTuples Quot.sound
REFINEMENT_THEOREM RiscvRefinement.Air.Bridge.M31.zero_add
REFINEMENT_AXIOM RiscvRefinement.Air.Bridge.M31.zero_add propext
REFINEMENT_THEOREM RiscvRefinement.Air.Bridge.BaseAluReg.destinationWord
REFINEMENT_AXIOM RiscvRefinement.Air.Bridge.BaseAluReg.destinationWord propext
REFINEMENT_AXIOM RiscvRefinement.Air.Bridge.BaseAluReg.destinationWord Quot.sound
REFINEMENT_THEOREM RiscvRefinement.Opcodes.LoadStoreHoldsWithoutByteSignWitness.halfMarkerSum
REFINEMENT_AXIOM RiscvRefinement.Opcodes.LoadStoreHoldsWithoutByteSignWitness.halfMarkerSum propext
REFINEMENT_THEOREM RiscvRefinement.Opcodes.Branches.Eq.rawRefines
REFINEMENT_AXIOM RiscvRefinement.Opcodes.Branches.Eq.rawRefines propext
REFINEMENT_AXIOM RiscvRefinement.Opcodes.Branches.Eq.rawRefines Quot.sound
REFINEMENT_AXIOM RiscvRefinement.Opcodes.Branches.Eq.rawRefines Classical.choice
REFINEMENT_THEOREM RiscvRefinement.Air.Bridge.Jal.resultIsLink
REFINEMENT_AXIOM RiscvRefinement.Air.Bridge.Jal.resultIsLink propext
REFINEMENT_AXIOM RiscvRefinement.Air.Bridge.Jal.resultIsLink Quot.sound
REFINEMENT_THEOREM RiscvRefinement.Air.Generated.Programs.beqSymbolicCertificate
REFINEMENT_AXIOM RiscvRefinement.Air.Generated.Programs.beqSymbolicCertificate propext
REFINEMENT_AXIOM RiscvRefinement.Air.Generated.Programs.beqSymbolicCertificate Quot.sound
REFINEMENT_THEOREM RiscvRefinement.Air.Bridge.Addi.destinationLimbs_of_constraints
REFINEMENT_AXIOM RiscvRefinement.Air.Bridge.Addi.destinationLimbs_of_constraints propext
REFINEMENT_AXIOM RiscvRefinement.Air.Bridge.Addi.destinationLimbs_of_constraints Quot.sound
REFINEMENT_THEOREM RiscvRefinement.Opcodes.StoreMutation.StoreHoldsWithoutWordStore.clockPositive
REFINEMENT_AXIOM RiscvRefinement.Opcodes.StoreMutation.StoreHoldsWithoutWordStore.clockPositive propext
REFINEMENT_THEOREM RiscvRefinement.Publication.exactProductionManifestOrder
REFINEMENT_AXIOM RiscvRefinement.Publication.exactProductionManifestOrder propext
REFINEMENT_AXIOM RiscvRefinement.Publication.exactProductionManifestOrder Quot.sound
REFINEMENT_THEOREM RiscvRefinement.Air.Generated.Programs.sltiuSymbolicCertificate
REFINEMENT_AXIOM RiscvRefinement.Air.Generated.Programs.sltiuSymbolicCertificate propext
REFINEMENT_AXIOM RiscvRefinement.Air.Generated.Programs.sltiuSymbolicCertificate Quot.sound
REFINEMENT_THEOREM RiscvRefinement.Decode.encode_srl_is_canonical
REFINEMENT_AXIOM RiscvRefinement.Decode.encode_srl_is_canonical propext
REFINEMENT_AXIOM RiscvRefinement.Decode.encode_srl_is_canonical Quot.sound
REFINEMENT_THEOREM RiscvRefinement.Opcodes.LoadMutationWord.HoldsWithoutHalfLoadHigh.sourceReadOnly
REFINEMENT_AXIOM RiscvRefinement.Opcodes.LoadMutationWord.HoldsWithoutHalfLoadHigh.sourceReadOnly propext
REFINEMENT_THEOREM RiscvRefinement.Air.Bridge.M31.negate
REFINEMENT_AXIOM RiscvRefinement.Air.Bridge.M31.negate propext
REFINEMENT_AXIOM RiscvRefinement.Air.Bridge.M31.negate Quot.sound
REFINEMENT_THEOREM RiscvRefinement.Opcodes.LhRefinement.decode
REFINEMENT_AXIOM RiscvRefinement.Opcodes.LhRefinement.decode propext
REFINEMENT_AXIOM RiscvRefinement.Opcodes.LhRefinement.decode Quot.sound
REFINEMENT_THEOREM RiscvRefinement.Opcodes.StoreMutation.StoreHoldsWithoutWordStore.signWitnessCanonical
REFINEMENT_AXIOM RiscvRefinement.Opcodes.StoreMutation.StoreHoldsWithoutWordStore.signWitnessCanonical propext
REFINEMENT_THEOREM RiscvRefinement.Opcodes.LoadStoreHoldsWithoutWordLoad.halfStoreLow
REFINEMENT_AXIOM RiscvRefinement.Opcodes.LoadStoreHoldsWithoutWordLoad.halfStoreLow propext
REFINEMENT_THEOREM RiscvRefinement.Opcodes.StoreMutation.StoreHoldsWithoutPartialStorePreserve.halfShiftAmount
REFINEMENT_AXIOM RiscvRefinement.Opcodes.StoreMutation.StoreHoldsWithoutPartialStorePreserve.halfShiftAmount propext
REFINEMENT_THEOREM RiscvRefinement.Air.Bridge.Jal.destinationClockRequestHolds
REFINEMENT_AXIOM RiscvRefinement.Air.Bridge.Jal.destinationClockRequestHolds propext
REFINEMENT_AXIOM RiscvRefinement.Air.Bridge.Jal.destinationClockRequestHolds Quot.sound
REFINEMENT_THEOREM RiscvRefinement.Publication.TeamB.LoadStore.DirectEquations.byteStore2
REFINEMENT_THEOREM RiscvRefinement.Opcodes.DivHoldsWithoutScanTotal.selectorUnique
REFINEMENT_THEOREM RiscvRefinement.Air.Bridge.loadStoreStoreWitnessFixedRequestsHold
REFINEMENT_AXIOM RiscvRefinement.Air.Bridge.loadStoreStoreWitnessFixedRequestsHold propext
REFINEMENT_AXIOM RiscvRefinement.Air.Bridge.loadStoreStoreWitnessFixedRequestsHold Quot.sound
REFINEMENT_THEOREM RiscvRefinement.Opcodes.ShiftsImmRefinement.stateEmit
REFINEMENT_AXIOM RiscvRefinement.Opcodes.ShiftsImmRefinement.stateEmit propext
REFINEMENT_AXIOM RiscvRefinement.Opcodes.ShiftsImmRefinement.stateEmit Quot.sound
REFINEMENT_THEOREM RiscvRefinement.Publication.TeamB.Shifts.RegExactRelationProjection.secondSourceEmit
REFINEMENT_AXIOM RiscvRefinement.Publication.TeamB.Shifts.RegExactRelationProjection.secondSourceEmit propext
REFINEMENT_AXIOM RiscvRefinement.Publication.TeamB.Shifts.RegExactRelationProjection.secondSourceEmit Quot.sound
REFINEMENT_THEOREM RiscvRefinement.Opcodes.AddiRefinement.stateConsume
REFINEMENT_AXIOM RiscvRefinement.Opcodes.AddiRefinement.stateConsume propext
REFINEMENT_AXIOM RiscvRefinement.Opcodes.AddiRefinement.stateConsume Quot.sound
REFINEMENT_THEOREM RiscvRefinement.Opcodes.DivHoldsWithoutUnsignedDivisorSign.divisorNonzero
REFINEMENT_THEOREM RiscvRefinement.Opcodes.loadStoreRetirement_store
REFINEMENT_AXIOM RiscvRefinement.Opcodes.loadStoreRetirement_store propext
REFINEMENT_THEOREM RiscvRefinement.Air.Bridge.Branches.Lt.ProductionRefinement.sourceReadOnly
REFINEMENT_AXIOM RiscvRefinement.Air.Bridge.Branches.Lt.ProductionRefinement.sourceReadOnly propext
REFINEMENT_AXIOM RiscvRefinement.Air.Bridge.Branches.Lt.ProductionRefinement.sourceReadOnly Quot.sound
REFINEMENT_THEOREM RiscvRefinement.Air.Bridge.Branches.Lt.rawNormalizedKeys
REFINEMENT_AXIOM RiscvRefinement.Air.Bridge.Branches.Lt.rawNormalizedKeys propext
REFINEMENT_AXIOM RiscvRefinement.Air.Bridge.Branches.Lt.rawNormalizedKeys Quot.sound
REFINEMENT_THEOREM RiscvRefinement.Opcodes.StoreMutation.sbMisplacedByteRow_refutes
REFINEMENT_AXIOM RiscvRefinement.Opcodes.StoreMutation.sbMisplacedByteRow_refutes propext
REFINEMENT_THEOREM RiscvRefinement.Opcodes.DivHoldsWithoutProductRecurrence.destinationFlag
REFINEMENT_THEOREM RiscvRefinement.Opcodes.Lt.Reg.destinationWord
REFINEMENT_AXIOM RiscvRefinement.Opcodes.Lt.Reg.destinationWord propext
REFINEMENT_AXIOM RiscvRefinement.Opcodes.Lt.Reg.destinationWord Quot.sound
REFINEMENT_THEOREM RiscvRefinement.Opcodes.DivHoldsWithoutZeroDivisorQuotient0.sourceOneLimb0
REFINEMENT_THEOREM RiscvRefinement.Opcodes.lb_sign_witness_is_load_bearing
REFINEMENT_AXIOM RiscvRefinement.Opcodes.lb_sign_witness_is_load_bearing propext
REFINEMENT_AXIOM RiscvRefinement.Opcodes.lb_sign_witness_is_load_bearing Quot.sound
REFINEMENT_AXIOM RiscvRefinement.Opcodes.lb_sign_witness_is_load_bearing Classical.choice
REFINEMENT_THEOREM RiscvRefinement.Air.Bridge.Lui.Admission.destinationPreviousBound
REFINEMENT_THEOREM RiscvRefinement.Opcodes.MulhHoldsWithoutSelectorSourceTwoSign.nextPcResult
REFINEMENT_THEOREM RiscvRefinement.Opcodes.LoadMutationWord.HoldsWithoutWordLoad.operandClock
REFINEMENT_AXIOM RiscvRefinement.Opcodes.LoadMutationWord.HoldsWithoutWordLoad.operandClock propext
REFINEMENT_THEOREM RiscvRefinement.Opcodes.DivHoldsWithoutDividendSignBit.remainderZeroLimb2
REFINEMENT_THEOREM RiscvRefinement.Publication.TeamB.MulhDiv.Division.constraintsHold_eq
REFINEMENT_AXIOM RiscvRefinement.Publication.TeamB.MulhDiv.Division.constraintsHold_eq propext
REFINEMENT_AXIOM RiscvRefinement.Publication.TeamB.MulhDiv.Division.constraintsHold_eq Quot.sound
REFINEMENT_THEOREM RiscvRefinement.Opcodes.MulHoldsWithoutProductLimb0.destinationFlag
REFINEMENT_THEOREM RiscvRefinement.Opcodes.honestMulhRow_holds
REFINEMENT_AXIOM RiscvRefinement.Opcodes.honestMulhRow_holds propext
REFINEMENT_THEOREM RiscvRefinement.Opcodes.ShiftsRegHoldsWithoutSignUpperBound.secondSourceClock
REFINEMENT_THEOREM RiscvRefinement.Opcodes.DivHoldsWithoutScanTotal.sourceOneLimb2
REFINEMENT_THEOREM RiscvRefinement.Publication.TeamB.Multiply.mul_selectorAdmission
REFINEMENT_AXIOM RiscvRefinement.Publication.TeamB.Multiply.mul_selectorAdmission propext
REFINEMENT_AXIOM RiscvRefinement.Publication.TeamB.Multiply.mul_selectorAdmission Quot.sound
REFINEMENT_THEOREM RiscvRefinement.Air.Bridge.LtReg.Acceptance.selectors
REFINEMENT_AXIOM RiscvRefinement.Air.Bridge.LtReg.Acceptance.selectors propext
REFINEMENT_AXIOM RiscvRefinement.Air.Bridge.LtReg.Acceptance.selectors Quot.sound
REFINEMENT_THEOREM RiscvRefinement.Opcodes.LoadStoreHoldsWithoutHalfShiftId.wordStore
REFINEMENT_AXIOM RiscvRefinement.Opcodes.LoadStoreHoldsWithoutHalfShiftId.wordStore propext
REFINEMENT_THEOREM RiscvRefinement.Air.Bridge.Branches.Lt.exampleAcceptance
REFINEMENT_AXIOM RiscvRefinement.Air.Bridge.Branches.Lt.exampleAcceptance propext
REFINEMENT_AXIOM RiscvRefinement.Air.Bridge.Branches.Lt.exampleAcceptance Quot.sound
REFINEMENT_THEOREM RiscvRefinement.Publication.TeamB.LoadStore.sh_accepted_air_refines
REFINEMENT_AXIOM RiscvRefinement.Publication.TeamB.LoadStore.sh_accepted_air_refines propext
REFINEMENT_AXIOM RiscvRefinement.Publication.TeamB.LoadStore.sh_accepted_air_refines Quot.sound
REFINEMENT_AXIOM RiscvRefinement.Publication.TeamB.LoadStore.sh_accepted_air_refines Classical.choice
REFINEMENT_THEOREM RiscvRefinement.Opcodes.mulhSourceTwoSign
REFINEMENT_AXIOM RiscvRefinement.Opcodes.mulhSourceTwoSign propext
REFINEMENT_AXIOM RiscvRefinement.Opcodes.mulhSourceTwoSign Quot.sound
REFINEMENT_THEOREM RiscvRefinement.Air.Bridge.divWitnessHolds
REFINEMENT_THEOREM RiscvRefinement.Publication.TeamB.MulhDiv.Division.node111
REFINEMENT_AXIOM RiscvRefinement.Publication.TeamB.MulhDiv.Division.node111 propext
REFINEMENT_AXIOM RiscvRefinement.Publication.TeamB.MulhDiv.Division.node111 Quot.sound
REFINEMENT_THEOREM RiscvRefinement.Opcodes.LoadMutationWord.HoldsWithoutHalfLoadExtension.selectorSum
REFINEMENT_AXIOM RiscvRefinement.Opcodes.LoadMutationWord.HoldsWithoutHalfLoadExtension.selectorSum propext
REFINEMENT_THEOREM RiscvRefinement.Opcodes.ByteLoadMutation.ByteLoadHoldsWithoutByteLoadExtension.memoryAddress
REFINEMENT_AXIOM RiscvRefinement.Opcodes.ByteLoadMutation.ByteLoadHoldsWithoutByteLoadExtension.memoryAddress propext
REFINEMENT_THEOREM RiscvRefinement.Opcodes.Branches.Eq.beq_tuple_theorem
REFINEMENT_AXIOM RiscvRefinement.Opcodes.Branches.Eq.beq_tuple_theorem propext
REFINEMENT_AXIOM RiscvRefinement.Opcodes.Branches.Eq.beq_tuple_theorem Quot.sound
REFINEMENT_THEOREM RiscvRefinement.Opcodes.LoadStoreHoldsWithoutHalfShiftId.byteLoadExtension
REFINEMENT_AXIOM RiscvRefinement.Opcodes.LoadStoreHoldsWithoutHalfShiftId.byteLoadExtension propext
REFINEMENT_THEOREM RiscvRefinement.Opcodes.MulhHoldsWithoutSourceOneSignBinding.unsignedSourceTwo
REFINEMENT_THEOREM RiscvRefinement.Opcodes.StoreMutation.shMisplacedHalfRow_refutes
REFINEMENT_AXIOM RiscvRefinement.Opcodes.StoreMutation.shMisplacedHalfRow_refutes propext
REFINEMENT_THEOREM RiscvRefinement.Opcodes.divMutation_architectural_answers
REFINEMENT_AXIOM RiscvRefinement.Opcodes.divMutation_architectural_answers propext
REFINEMENT_THEOREM RiscvRefinement.Publication.TeamB.MulhDiv.Division.signXorOfEquation
REFINEMENT_THEOREM RiscvRefinement.Publication.TeamA.Branches.bltu_accepted_air_implies_retirement
REFINEMENT_AXIOM RiscvRefinement.Publication.TeamA.Branches.bltu_accepted_air_implies_retirement propext
REFINEMENT_AXIOM RiscvRefinement.Publication.TeamA.Branches.bltu_accepted_air_implies_retirement Quot.sound
REFINEMENT_AXIOM RiscvRefinement.Publication.TeamA.Branches.bltu_accepted_air_implies_retirement Classical.choice
REFINEMENT_THEOREM RiscvRefinement.Opcodes.ByteLoadMutation.ByteLoadHoldsWithoutByteLoadSelect.halfShiftId
REFINEMENT_AXIOM RiscvRefinement.Opcodes.ByteLoadMutation.ByteLoadHoldsWithoutByteLoadSelect.halfShiftId propext
REFINEMENT_THEOREM RiscvRefinement.Opcodes.DivHoldsWithoutDividendSignBit.sourceOneClock
REFINEMENT_THEOREM RiscvRefinement.Publication.TeamB.MulhDiv.Division.DirectConsequences.signXorDefinition
REFINEMENT_THEOREM RiscvRefinement.Opcodes.StoreRefinement.operandEmit
REFINEMENT_AXIOM RiscvRefinement.Opcodes.StoreRefinement.operandEmit propext
REFINEMENT_AXIOM RiscvRefinement.Opcodes.StoreRefinement.operandEmit Quot.sound
REFINEMENT_THEOREM RiscvRefinement.Opcodes.DivHoldsWithoutZeroDivisorQuotient0.absSameLimb3
REFINEMENT_THEOREM RiscvRefinement.Publication.TeamB.MulhDiv.Division.SelectorAdmission.rowSelected
REFINEMENT_AXIOM RiscvRefinement.Publication.TeamB.MulhDiv.Division.SelectorAdmission.rowSelected propext
REFINEMENT_AXIOM RiscvRefinement.Publication.TeamB.MulhDiv.Division.SelectorAdmission.rowSelected Quot.sound
REFINEMENT_THEOREM RiscvRefinement.Decode.multiply_and_divide_selectors_are_disjoint
REFINEMENT_AXIOM RiscvRefinement.Decode.multiply_and_divide_selectors_are_disjoint propext
REFINEMENT_THEOREM RiscvRefinement.Opcodes.operandAfter_load
REFINEMENT_AXIOM RiscvRefinement.Opcodes.operandAfter_load propext
REFINEMENT_THEOREM RiscvRefinement.Air.Family.DivHolds.selectorUnique
REFINEMENT_THEOREM RiscvRefinement.Publication.TeamA.AcceptedAirCertificate.acceptance
REFINEMENT_THEOREM RiscvRefinement.Opcodes.AddiRefinement.decode
REFINEMENT_AXIOM RiscvRefinement.Opcodes.AddiRefinement.decode propext
REFINEMENT_AXIOM RiscvRefinement.Opcodes.AddiRefinement.decode Quot.sound
REFINEMENT_THEOREM RiscvRefinement.Publication.TeamB.LoadStore.sw_accepted_air_refines
REFINEMENT_AXIOM RiscvRefinement.Publication.TeamB.LoadStore.sw_accepted_air_refines propext
REFINEMENT_AXIOM RiscvRefinement.Publication.TeamB.LoadStore.sw_accepted_air_refines Quot.sound
REFINEMENT_AXIOM RiscvRefinement.Publication.TeamB.LoadStore.sw_accepted_air_refines Classical.choice
REFINEMENT_THEOREM RiscvRefinement.Air.Bridge.BaseAluReg.ProductionRefinement.resultHigh
REFINEMENT_AXIOM RiscvRefinement.Air.Bridge.BaseAluReg.ProductionRefinement.resultHigh propext
REFINEMENT_AXIOM RiscvRefinement.Air.Bridge.BaseAluReg.ProductionRefinement.resultHigh Quot.sound
REFINEMENT_THEOREM RiscvRefinement.Publication.rangeCheckM31HighBoundOfFixedRequest
REFINEMENT_AXIOM RiscvRefinement.Publication.rangeCheckM31HighBoundOfFixedRequest propext
REFINEMENT_AXIOM RiscvRefinement.Publication.rangeCheckM31HighBoundOfFixedRequest Quot.sound
REFINEMENT_THEOREM RiscvRefinement.Opcodes.srli_exists
REFINEMENT_AXIOM RiscvRefinement.Opcodes.srli_exists propext
REFINEMENT_AXIOM RiscvRefinement.Opcodes.srli_exists Quot.sound
REFINEMENT_AXIOM RiscvRefinement.Opcodes.srli_exists Classical.choice
REFINEMENT_THEOREM RiscvRefinement.Air.Bridge.divWitnessFits
REFINEMENT_THEOREM RiscvRefinement.Publication.TeamB.LoadStore.Bindings.nextPcProjection
REFINEMENT_AXIOM RiscvRefinement.Publication.TeamB.LoadStore.Bindings.nextPcProjection propext
REFINEMENT_AXIOM RiscvRefinement.Publication.TeamB.LoadStore.Bindings.nextPcProjection Quot.sound
REFINEMENT_THEOREM RiscvRefinement.Opcodes.MulhHoldsWithoutProductLimb4.nextPcResult
REFINEMENT_THEOREM RiscvRefinement.Opcodes.lw_word_load_is_load_bearing
REFINEMENT_AXIOM RiscvRefinement.Opcodes.lw_word_load_is_load_bearing propext
REFINEMENT_AXIOM RiscvRefinement.Opcodes.lw_word_load_is_load_bearing Quot.sound
REFINEMENT_AXIOM RiscvRefinement.Opcodes.lw_word_load_is_load_bearing Classical.choice
REFINEMENT_THEOREM RiscvRefinement.Publication.TeamB.MulhDiv.Division.ScanConsequences.marker0
REFINEMENT_THEOREM RiscvRefinement.Air.Bridge.Jalr.sourceAliasRefines
REFINEMENT_AXIOM RiscvRefinement.Air.Bridge.Jalr.sourceAliasRefines propext
REFINEMENT_AXIOM RiscvRefinement.Air.Bridge.Jalr.sourceAliasRefines Quot.sound
REFINEMENT_AXIOM RiscvRefinement.Air.Bridge.Jalr.sourceAliasRefines Classical.choice
REFINEMENT_THEOREM RiscvRefinement.Publication.TeamB.LoadStore.DirectEquations.loadDestination2
REFINEMENT_THEOREM RiscvRefinement.Opcodes.divHolds_weakens_signXorDefinition
REFINEMENT_THEOREM RiscvRefinement.Opcodes.DivHoldsWithoutUnsignedDivisorSign.scanEqual0
REFINEMENT_THEOREM RiscvRefinement.Opcodes.mulhUnboundSourceOneSignRow_satisfies
REFINEMENT_AXIOM RiscvRefinement.Opcodes.mulhUnboundSourceOneSignRow_satisfies propext
REFINEMENT_AXIOM RiscvRefinement.Opcodes.mulhUnboundSourceOneSignRow_satisfies Quot.sound
REFINEMENT_THEOREM RiscvRefinement.Opcodes.Jalr.jalr_source_alias_nonvacuous
REFINEMENT_AXIOM RiscvRefinement.Opcodes.Jalr.jalr_source_alias_nonvacuous propext
REFINEMENT_AXIOM RiscvRefinement.Opcodes.Jalr.jalr_source_alias_nonvacuous Quot.sound
REFINEMENT_AXIOM RiscvRefinement.Opcodes.Jalr.jalr_source_alias_nonvacuous Classical.choice
REFINEMENT_THEOREM RiscvRefinement.Air.Bridge.BaseAluReg.ProductionRefinement.source2Clock
REFINEMENT_AXIOM RiscvRefinement.Air.Bridge.BaseAluReg.ProductionRefinement.source2Clock propext
REFINEMENT_AXIOM RiscvRefinement.Air.Bridge.BaseAluReg.ProductionRefinement.source2Clock Quot.sound
REFINEMENT_THEOREM RiscvRefinement.Opcodes.DivHoldsWithoutDestinationLimb0.productRecurrence
REFINEMENT_THEOREM RiscvRefinement.Opcodes.MulhsuRefinement.programTuple
REFINEMENT_AXIOM RiscvRefinement.Opcodes.MulhsuRefinement.programTuple propext
REFINEMENT_THEOREM RiscvRefinement.Opcodes.LoadStoreHoldsWithoutHalfLoadHigh.signWitnessCanonical
REFINEMENT_AXIOM RiscvRefinement.Opcodes.LoadStoreHoldsWithoutHalfLoadHigh.signWitnessCanonical propext
REFINEMENT_THEOREM RiscvRefinement.Opcodes.StoreMutation.StoreHoldsWithoutStoreResultZeroOnStores.signWitnessCanonical
REFINEMENT_AXIOM RiscvRefinement.Opcodes.StoreMutation.StoreHoldsWithoutStoreResultZeroOnStores.signWitnessCanonical propext
REFINEMENT_THEOREM RiscvRefinement.Opcodes.DivHoldsWithoutProductRecurrence.zeroDivisorQuotient1
REFINEMENT_THEOREM RiscvRefinement.Publication.TeamA.Control.fenceAcceptance
REFINEMENT_AXIOM RiscvRefinement.Publication.TeamA.Control.fenceAcceptance propext
REFINEMENT_AXIOM RiscvRefinement.Publication.TeamA.Control.fenceAcceptance Quot.sound
REFINEMENT_THEOREM RiscvRefinement.Publication.TeamB.MulhDiv.HighMultiply.DirectEquations.destination2
REFINEMENT_AXIOM RiscvRefinement.Publication.TeamB.MulhDiv.HighMultiply.DirectEquations.destination2 propext
REFINEMENT_THEOREM RiscvRefinement.Opcodes.ShiftsImmHoldsWithoutImmediateBinds.core
REFINEMENT_THEOREM RiscvRefinement.Opcodes.ByteLoadMutation.ByteLoadHoldsWithoutByteSignWitness.storeResultZero
REFINEMENT_AXIOM RiscvRefinement.Opcodes.ByteLoadMutation.ByteLoadHoldsWithoutByteSignWitness.storeResultZero propext
REFINEMENT_THEOREM RiscvRefinement.Opcodes.ByteLoadMutation.lb_byte_sign_witness_is_load_bearing_for_lb
REFINEMENT_AXIOM RiscvRefinement.Opcodes.ByteLoadMutation.lb_byte_sign_witness_is_load_bearing_for_lb propext
REFINEMENT_THEOREM RiscvRefinement.Publication.TeamB.MulhDiv.HighMultiply.SelectorAdmission.publishedManifest
REFINEMENT_AXIOM RiscvRefinement.Publication.TeamB.MulhDiv.HighMultiply.SelectorAdmission.publishedManifest propext
REFINEMENT_AXIOM RiscvRefinement.Publication.TeamB.MulhDiv.HighMultiply.SelectorAdmission.publishedManifest Quot.sound
REFINEMENT_THEOREM RiscvRefinement.Publication.TeamB.LoadStore.DirectEquations.alignedQuarterBinding
REFINEMENT_THEOREM RiscvRefinement.Air.Bridge.TeamACommon.rangeCheck20RequestHolds_iff
REFINEMENT_AXIOM RiscvRefinement.Air.Bridge.TeamACommon.rangeCheck20RequestHolds_iff propext
REFINEMENT_AXIOM RiscvRefinement.Air.Bridge.TeamACommon.rangeCheck20RequestHolds_iff Quot.sound
REFINEMENT_THEOREM RiscvRefinement.Opcodes.load_to_x0_discards
REFINEMENT_AXIOM RiscvRefinement.Opcodes.load_to_x0_discards propext
REFINEMENT_THEOREM RiscvRefinement.Opcodes.LoadMutationWord.HoldsWithoutWordLoad.immFeltRange
REFINEMENT_AXIOM RiscvRefinement.Opcodes.LoadMutationWord.HoldsWithoutWordLoad.immFeltRange propext
REFINEMENT_THEOREM RiscvRefinement.Air.Family.div_signed_result
REFINEMENT_AXIOM RiscvRefinement.Air.Family.div_signed_result propext
REFINEMENT_AXIOM RiscvRefinement.Air.Family.div_signed_result Quot.sound
REFINEMENT_AXIOM RiscvRefinement.Air.Family.div_signed_result Classical.choice
REFINEMENT_THEOREM RiscvRefinement.Opcodes.DivHoldsWithoutScanTotal.zeroDivisorLimb2
REFINEMENT_THEOREM RiscvRefinement.Publication.TeamB.LoadStore.DirectEquations.halfStoreHigh2
REFINEMENT_THEOREM RiscvRefinement.Opcodes.DivHoldsWithoutZeroDivisorQuotient0.quotientSignBit
REFINEMENT_THEOREM RiscvRefinement.Air.Bridge.Jalr.airEquations
REFINEMENT_AXIOM RiscvRefinement.Air.Bridge.Jalr.airEquations propext
REFINEMENT_AXIOM RiscvRefinement.Air.Bridge.Jalr.airEquations Quot.sound
REFINEMENT_THEOREM RiscvRefinement.Publication.TeamB.MulhDiv.Division.acceptedOpcodeNode
REFINEMENT_AXIOM RiscvRefinement.Publication.TeamB.MulhDiv.Division.acceptedOpcodeNode propext
REFINEMENT_AXIOM RiscvRefinement.Publication.TeamB.MulhDiv.Division.acceptedOpcodeNode Quot.sound
REFINEMENT_THEOREM RiscvRefinement.Opcodes.MulhHoldsWithoutSelectorSourceTwoSign.destinationLimb3
REFINEMENT_THEOREM RiscvRefinement.Opcodes.StoreMutation.StoreHoldsWithoutByteStoreSelect.clockPositive
REFINEMENT_AXIOM RiscvRefinement.Opcodes.StoreMutation.StoreHoldsWithoutByteStoreSelect.clockPositive propext
REFINEMENT_THEOREM RiscvRefinement.Air.Family.div_unsigned_value_word
REFINEMENT_AXIOM RiscvRefinement.Air.Family.div_unsigned_value_word propext
REFINEMENT_AXIOM RiscvRefinement.Air.Family.div_unsigned_value_word Quot.sound
REFINEMENT_THEOREM RiscvRefinement.Opcodes.LoadStoreHoldsWithoutWordLoad.baseClock
REFINEMENT_AXIOM RiscvRefinement.Opcodes.LoadStoreHoldsWithoutWordLoad.baseClock propext
REFINEMENT_THEOREM RiscvRefinement.Opcodes.sw_memory_after
REFINEMENT_AXIOM RiscvRefinement.Opcodes.sw_memory_after propext
REFINEMENT_AXIOM RiscvRefinement.Opcodes.sw_memory_after Quot.sound
REFINEMENT_THEOREM RiscvRefinement.Opcodes.NonVacuity.lw_exists
REFINEMENT_AXIOM RiscvRefinement.Opcodes.NonVacuity.lw_exists propext
REFINEMENT_AXIOM RiscvRefinement.Opcodes.NonVacuity.lw_exists Quot.sound
REFINEMENT_AXIOM RiscvRefinement.Opcodes.NonVacuity.lw_exists Classical.choice
REFINEMENT_THEOREM RiscvRefinement.Opcodes.ByteLoadMutation.ByteLoadHoldsWithoutByteLoadExtension.sourceReadOnly
REFINEMENT_AXIOM RiscvRefinement.Opcodes.ByteLoadMutation.ByteLoadHoldsWithoutByteLoadExtension.sourceReadOnly propext
REFINEMENT_THEOREM RiscvRefinement.Opcodes.DivHoldsWithoutSignXorDefinition.zeroDivisorQuotient1
REFINEMENT_THEOREM RiscvRefinement.Publication.TeamB.LoadStore.PublicationResult.selectedProgram
REFINEMENT_AXIOM RiscvRefinement.Publication.TeamB.LoadStore.PublicationResult.selectedProgram propext
REFINEMENT_AXIOM RiscvRefinement.Publication.TeamB.LoadStore.PublicationResult.selectedProgram Quot.sound
REFINEMENT_THEOREM RiscvRefinement.Opcodes.ShiftsRegHoldsWithoutSecondSourceReadOnly.core
REFINEMENT_THEOREM RiscvRefinement.Opcodes.StoreMutation.StoreHoldsWithoutWordStore.wordLoad
REFINEMENT_AXIOM RiscvRefinement.Opcodes.StoreMutation.StoreHoldsWithoutWordStore.wordLoad propext
REFINEMENT_THEOREM RiscvRefinement.Opcodes.StoreRefinement.operandConsume
REFINEMENT_AXIOM RiscvRefinement.Opcodes.StoreRefinement.operandConsume propext
REFINEMENT_AXIOM RiscvRefinement.Opcodes.StoreRefinement.operandConsume Quot.sound
REFINEMENT_THEOREM RiscvRefinement.Opcodes.StoreMutation.StoreHoldsWithoutPartialStorePreserve.baseReadOnly
REFINEMENT_AXIOM RiscvRefinement.Opcodes.StoreMutation.StoreHoldsWithoutPartialStorePreserve.baseReadOnly propext
REFINEMENT_THEOREM RiscvRefinement.Publication.TeamB.MulhDiv.Division.remuSelectorConsequences
REFINEMENT_AXIOM RiscvRefinement.Publication.TeamB.MulhDiv.Division.remuSelectorConsequences propext
REFINEMENT_AXIOM RiscvRefinement.Publication.TeamB.MulhDiv.Division.remuSelectorConsequences Quot.sound
REFINEMENT_THEOREM RiscvRefinement.Opcodes.DivHoldsWithoutZeroDivisorQuotient0.scanEqual0
REFINEMENT_THEOREM RiscvRefinement.Publication.TeamB.MulhDiv.Division.divuExactTupleProjection
REFINEMENT_AXIOM RiscvRefinement.Publication.TeamB.MulhDiv.Division.divuExactTupleProjection propext
REFINEMENT_AXIOM RiscvRefinement.Publication.TeamB.MulhDiv.Division.divuExactTupleProjection Quot.sound
REFINEMENT_THEOREM RiscvRefinement.Publication.TeamB.MulhDiv.Division.node300
REFINEMENT_AXIOM RiscvRefinement.Publication.TeamB.MulhDiv.Division.node300 propext
REFINEMENT_AXIOM RiscvRefinement.Publication.TeamB.MulhDiv.Division.node300 Quot.sound
REFINEMENT_THEOREM RiscvRefinement.Air.Bridge.mulhFixedRequestsHold
REFINEMENT_AXIOM RiscvRefinement.Air.Bridge.mulhFixedRequestsHold propext
REFINEMENT_AXIOM RiscvRefinement.Air.Bridge.mulhFixedRequestsHold Quot.sound
REFINEMENT_THEOREM RiscvRefinement.M31.one_val
REFINEMENT_THEOREM RiscvRefinement.Opcodes.LuiRefinement.stateEmit
REFINEMENT_AXIOM RiscvRefinement.Opcodes.LuiRefinement.stateEmit propext
REFINEMENT_AXIOM RiscvRefinement.Opcodes.LuiRefinement.stateEmit Quot.sound
REFINEMENT_THEOREM RiscvRefinement.Air.LocalExprNode.evalAll_eq_symbolic
REFINEMENT_AXIOM RiscvRefinement.Air.LocalExprNode.evalAll_eq_symbolic propext
REFINEMENT_AXIOM RiscvRefinement.Air.LocalExprNode.evalAll_eq_symbolic Quot.sound
REFINEMENT_THEOREM RiscvRefinement.Publication.TeamB.Multiply.ExactFixedProjection.carry2
REFINEMENT_AXIOM RiscvRefinement.Publication.TeamB.Multiply.ExactFixedProjection.carry2 propext
REFINEMENT_AXIOM RiscvRefinement.Publication.TeamB.Multiply.ExactFixedProjection.carry2 Quot.sound
REFINEMENT_THEOREM RiscvRefinement.Air.Bridge.Branches.Lt.Acceptance.constraints
REFINEMENT_AXIOM RiscvRefinement.Air.Bridge.Branches.Lt.Acceptance.constraints propext
REFINEMENT_AXIOM RiscvRefinement.Air.Bridge.Branches.Lt.Acceptance.constraints Quot.sound
REFINEMENT_THEOREM RiscvRefinement.Publication.TeamB.LoadStore.constraintRootZero
REFINEMENT_AXIOM RiscvRefinement.Publication.TeamB.LoadStore.constraintRootZero propext
REFINEMENT_AXIOM RiscvRefinement.Publication.TeamB.LoadStore.constraintRootZero Quot.sound
REFINEMENT_THEOREM RiscvRefinement.Opcodes.LoadStoreHoldsWithoutWordLoad.halfLoadLow
REFINEMENT_AXIOM RiscvRefinement.Opcodes.LoadStoreHoldsWithoutWordLoad.halfLoadLow propext
REFINEMENT_THEOREM RiscvRefinement.Opcodes.MulEnvironment.destinationBinds
REFINEMENT_THEOREM RiscvRefinement.M31.mul_zero
REFINEMENT_AXIOM RiscvRefinement.M31.mul_zero propext
REFINEMENT_THEOREM RiscvRefinement.Opcodes.DivHoldsWithoutProductRecurrence.zeroDivisorLimb1
REFINEMENT_THEOREM RiscvRefinement.Arith.allOnesWord_signedValue
REFINEMENT_THEOREM RiscvRefinement.Opcodes.LoadMutationWord.HoldsWithoutWordLoad.halfLoadExtension
REFINEMENT_AXIOM RiscvRefinement.Opcodes.LoadMutationWord.HoldsWithoutWordLoad.halfLoadExtension propext
REFINEMENT_THEOREM RiscvRefinement.Air.Family.DivHolds.zeroDivisorLimb1
REFINEMENT_THEOREM RiscvRefinement.Opcodes.rem_dividend_sign_bit_is_load_bearing
REFINEMENT_AXIOM RiscvRefinement.Opcodes.rem_dividend_sign_bit_is_load_bearing propext
REFINEMENT_AXIOM RiscvRefinement.Opcodes.rem_dividend_sign_bit_is_load_bearing Quot.sound
REFINEMENT_AXIOM RiscvRefinement.Opcodes.rem_dividend_sign_bit_is_load_bearing Classical.choice
REFINEMENT_THEOREM RiscvRefinement.Air.Bridge.nth_reverse
REFINEMENT_AXIOM RiscvRefinement.Air.Bridge.nth_reverse propext
REFINEMENT_THEOREM RiscvRefinement.Air.Bridge.Branches.Lt.rawSelectedPc
REFINEMENT_AXIOM RiscvRefinement.Air.Bridge.Branches.Lt.rawSelectedPc propext
REFINEMENT_AXIOM RiscvRefinement.Air.Bridge.Branches.Lt.rawSelectedPc Quot.sound
REFINEMENT_THEOREM RiscvRefinement.Publication.TeamB.MulhDiv.Division.ScanConsequences.total
REFINEMENT_THEOREM RiscvRefinement.Publication.TeamA.BaseAlu.or_accepted_air_implies_retirement
REFINEMENT_AXIOM RiscvRefinement.Publication.TeamA.BaseAlu.or_accepted_air_implies_retirement propext
REFINEMENT_AXIOM RiscvRefinement.Publication.TeamA.BaseAlu.or_accepted_air_implies_retirement Quot.sound
REFINEMENT_THEOREM RiscvRefinement.Air.Bridge.Fence.Admission.pcBound
REFINEMENT_THEOREM RiscvRefinement.Arith.remainderSigned_zero
REFINEMENT_AXIOM RiscvRefinement.Arith.remainderSigned_zero propext
REFINEMENT_THEOREM RiscvRefinement.Air.Bridge.Fence.nextClockField
REFINEMENT_AXIOM RiscvRefinement.Air.Bridge.Fence.nextClockField propext
REFINEMENT_AXIOM RiscvRefinement.Air.Bridge.Fence.nextClockField Quot.sound
REFINEMENT_THEOREM RiscvRefinement.Air.Bridge.Jalr.Acceptance.constraints
REFINEMENT_AXIOM RiscvRefinement.Air.Bridge.Jalr.Acceptance.constraints propext
REFINEMENT_AXIOM RiscvRefinement.Air.Bridge.Jalr.Acceptance.constraints Quot.sound
REFINEMENT_THEOREM RiscvRefinement.Air.Bridge.Lui.Acceptance.constraints
REFINEMENT_AXIOM RiscvRefinement.Air.Bridge.Lui.Acceptance.constraints propext
REFINEMENT_AXIOM RiscvRefinement.Air.Bridge.Lui.Acceptance.constraints Quot.sound
REFINEMENT_THEOREM RiscvRefinement.Air.Bridge.Jalr.AirEquations.immediate
REFINEMENT_AXIOM RiscvRefinement.Air.Bridge.Jalr.AirEquations.immediate propext
REFINEMENT_THEOREM RiscvRefinement.Opcodes.ShiftsImmRefinement.sourceEmit
REFINEMENT_AXIOM RiscvRefinement.Opcodes.ShiftsImmRefinement.sourceEmit propext
REFINEMENT_AXIOM RiscvRefinement.Opcodes.ShiftsImmRefinement.sourceEmit Quot.sound
REFINEMENT_THEOREM RiscvRefinement.Publication.TeamB.MulhDiv.Division.newestValueSymbolic_evalAllSymbolic
REFINEMENT_AXIOM RiscvRefinement.Publication.TeamB.MulhDiv.Division.newestValueSymbolic_evalAllSymbolic propext
REFINEMENT_AXIOM RiscvRefinement.Publication.TeamB.MulhDiv.Division.newestValueSymbolic_evalAllSymbolic Quot.sound
REFINEMENT_THEOREM RiscvRefinement.Air.Bridge.Jalr.sourceAliasAdmission
REFINEMENT_THEOREM RiscvRefinement.Publication.TeamA.selectors_length
REFINEMENT_THEOREM RiscvRefinement.Publication.TeamB.MulhDiv.HighMultiply.ExactTupleProjection.sourceOneConsume
REFINEMENT_AXIOM RiscvRefinement.Publication.TeamB.MulhDiv.HighMultiply.ExactTupleProjection.sourceOneConsume propext
REFINEMENT_AXIOM RiscvRefinement.Publication.TeamB.MulhDiv.HighMultiply.ExactTupleProjection.sourceOneConsume Quot.sound
REFINEMENT_THEOREM RiscvRefinement.Opcodes.ByteLoadMutation.lbZeroExtendedByteRow_is_lb
REFINEMENT_THEOREM RiscvRefinement.Opcodes.Branches.Lt.Refinement.exactProgramTuple
REFINEMENT_AXIOM RiscvRefinement.Opcodes.Branches.Lt.Refinement.exactProgramTuple propext
REFINEMENT_AXIOM RiscvRefinement.Opcodes.Branches.Lt.Refinement.exactProgramTuple Quot.sound
REFINEMENT_THEOREM RiscvRefinement.Publication.TeamB.Shifts.ImmExactRelationProjection.sourceConsume
REFINEMENT_AXIOM RiscvRefinement.Publication.TeamB.Shifts.ImmExactRelationProjection.sourceConsume propext
REFINEMENT_AXIOM RiscvRefinement.Publication.TeamB.Shifts.ImmExactRelationProjection.sourceConsume Quot.sound
REFINEMENT_THEOREM RiscvRefinement.Air.Bridge.Branches.Eq.ProductionRefinement.nextPc
REFINEMENT_AXIOM RiscvRefinement.Air.Bridge.Branches.Eq.ProductionRefinement.nextPc propext
REFINEMENT_AXIOM RiscvRefinement.Air.Bridge.Branches.Eq.ProductionRefinement.nextPc Quot.sound
REFINEMENT_THEOREM RiscvRefinement.Air.Bridge.Mutations.selectorRelabel_satisfies
REFINEMENT_AXIOM RiscvRefinement.Air.Bridge.Mutations.selectorRelabel_satisfies propext
REFINEMENT_AXIOM RiscvRefinement.Air.Bridge.Mutations.selectorRelabel_satisfies Quot.sound
REFINEMENT_THEOREM RiscvRefinement.Publication.TeamB.MulhDiv.Division.node322
REFINEMENT_AXIOM RiscvRefinement.Publication.TeamB.MulhDiv.Division.node322 propext
REFINEMENT_AXIOM RiscvRefinement.Publication.TeamB.MulhDiv.Division.node322 Quot.sound
REFINEMENT_THEOREM RiscvRefinement.Air.Bridge.Branches.Eq.RawProductionRefinement.nextPc
REFINEMENT_AXIOM RiscvRefinement.Air.Bridge.Branches.Eq.RawProductionRefinement.nextPc propext
REFINEMENT_AXIOM RiscvRefinement.Air.Bridge.Branches.Eq.RawProductionRefinement.nextPc Quot.sound
REFINEMENT_THEOREM RiscvRefinement.Opcodes.LoadStoreHoldsWithoutHalfShiftId.partialStorePreserve
REFINEMENT_AXIOM RiscvRefinement.Opcodes.LoadStoreHoldsWithoutHalfShiftId.partialStorePreserve propext
REFINEMENT_THEOREM RiscvRefinement.Opcodes.StoreMutation.StoreHoldsWithoutHalfStoreHigh.alignedQuarterRange
REFINEMENT_AXIOM RiscvRefinement.Opcodes.StoreMutation.StoreHoldsWithoutHalfStoreHigh.alignedQuarterRange propext
REFINEMENT_THEOREM RiscvRefinement.Opcodes.ShiftsRegHoldsWithoutSignUpperBound.nextPcResult
REFINEMENT_THEOREM RiscvRefinement.Publication.TeamB.MulhDiv.Division.Admission.destinationPreviousBound
REFINEMENT_THEOREM RiscvRefinement.Air.Generated.Programs.sltSymbolicCertificate
REFINEMENT_AXIOM RiscvRefinement.Air.Generated.Programs.sltSymbolicCertificate propext
REFINEMENT_AXIOM RiscvRefinement.Air.Generated.Programs.sltSymbolicCertificate Quot.sound
REFINEMENT_THEOREM RiscvRefinement.Air.Bridge.BaseAluReg.ProductionRefinement.destinationClockLookup
REFINEMENT_AXIOM RiscvRefinement.Air.Bridge.BaseAluReg.ProductionRefinement.destinationClockLookup propext
REFINEMENT_AXIOM RiscvRefinement.Air.Bridge.BaseAluReg.ProductionRefinement.destinationClockLookup Quot.sound
REFINEMENT_THEOREM RiscvRefinement.Opcodes.SelectorNonVacuity.div_exists
REFINEMENT_AXIOM RiscvRefinement.Opcodes.SelectorNonVacuity.div_exists propext
REFINEMENT_AXIOM RiscvRefinement.Opcodes.SelectorNonVacuity.div_exists Quot.sound
REFINEMENT_AXIOM RiscvRefinement.Opcodes.SelectorNonVacuity.div_exists Classical.choice
REFINEMENT_THEOREM RiscvRefinement.Air.Bridge.LtComparator.orientedPositiveField
REFINEMENT_AXIOM RiscvRefinement.Air.Bridge.LtComparator.orientedPositiveField propext
REFINEMENT_AXIOM RiscvRefinement.Air.Bridge.LtComparator.orientedPositiveField Quot.sound
REFINEMENT_THEOREM RiscvRefinement.Air.Bridge.mulWitnessFits
REFINEMENT_THEOREM RiscvRefinement.Opcodes.ByteLoadMutation.ByteLoadHoldsWithoutByteLoadExtension.halfShiftAmount
REFINEMENT_AXIOM RiscvRefinement.Opcodes.ByteLoadMutation.ByteLoadHoldsWithoutByteLoadExtension.halfShiftAmount propext
REFINEMENT_THEOREM RiscvRefinement.Opcodes.BaseAluImm.bitwiseBytesWord
REFINEMENT_AXIOM RiscvRefinement.Opcodes.BaseAluImm.bitwiseBytesWord propext
REFINEMENT_AXIOM RiscvRefinement.Opcodes.BaseAluImm.bitwiseBytesWord Quot.sound
REFINEMENT_THEOREM RiscvRefinement.Air.Bridge.Jalr.resultM31Request
REFINEMENT_AXIOM RiscvRefinement.Air.Bridge.Jalr.resultM31Request propext
REFINEMENT_AXIOM RiscvRefinement.Air.Bridge.Jalr.resultM31Request Quot.sound
REFINEMENT_THEOREM RiscvRefinement.Opcodes.Lt.Reg.Refinement.production
REFINEMENT_AXIOM RiscvRefinement.Opcodes.Lt.Reg.Refinement.production propext
REFINEMENT_AXIOM RiscvRefinement.Opcodes.Lt.Reg.Refinement.production Quot.sound
REFINEMENT_THEOREM RiscvRefinement.Publication.TeamB.MulhDiv.Division.ExactFixedProjection.carry5
REFINEMENT_AXIOM RiscvRefinement.Publication.TeamB.MulhDiv.Division.ExactFixedProjection.carry5 propext
REFINEMENT_AXIOM RiscvRefinement.Publication.TeamB.MulhDiv.Division.ExactFixedProjection.carry5 Quot.sound
REFINEMENT_THEOREM RiscvRefinement.Opcodes.LoadStoreHoldsWithoutHalfShiftId.clockPositive
REFINEMENT_AXIOM RiscvRefinement.Opcodes.LoadStoreHoldsWithoutHalfShiftId.clockPositive propext
REFINEMENT_THEOREM RiscvRefinement.Opcodes.Lt.Reg.slt_refines
REFINEMENT_AXIOM RiscvRefinement.Opcodes.Lt.Reg.slt_refines propext
REFINEMENT_AXIOM RiscvRefinement.Opcodes.Lt.Reg.slt_refines Quot.sound
REFINEMENT_THEOREM RiscvRefinement.Opcodes.StoreMutation.StoreHoldsWithoutPartialStorePreserve.sourceReadOnly
REFINEMENT_AXIOM RiscvRefinement.Opcodes.StoreMutation.StoreHoldsWithoutPartialStorePreserve.sourceReadOnly propext
REFINEMENT_THEOREM RiscvRefinement.Opcodes.LoadStoreHoldsWithoutPartialStorePreserve.halfStoreHigh
REFINEMENT_AXIOM RiscvRefinement.Opcodes.LoadStoreHoldsWithoutPartialStorePreserve.halfStoreHigh propext
REFINEMENT_THEOREM RiscvRefinement.Opcodes.DivHoldsWithoutUnsignedDivisorSign.destinationFlag
REFINEMENT_THEOREM RiscvRefinement.Opcodes.ByteLoadMutation.ByteLoadHoldsWithoutByteLoadSelect.storeResultZero
REFINEMENT_AXIOM RiscvRefinement.Opcodes.ByteLoadMutation.ByteLoadHoldsWithoutByteLoadSelect.storeResultZero propext
REFINEMENT_THEOREM RiscvRefinement.Publication.TeamB.MulhDiv.Division.FixedBounds.sourceOneGap
REFINEMENT_THEOREM RiscvRefinement.Air.Bridge.BaseAluImm.ProductionRefinement.sourceClockLookup
REFINEMENT_AXIOM RiscvRefinement.Air.Bridge.BaseAluImm.ProductionRefinement.sourceClockLookup propext
REFINEMENT_AXIOM RiscvRefinement.Air.Bridge.BaseAluImm.ProductionRefinement.sourceClockLookup Quot.sound
REFINEMENT_THEOREM RiscvRefinement.Publication.TeamB.MulhDiv.Division.FixedBounds.carry3Bound
REFINEMENT_THEOREM RiscvRefinement.Publication.TeamB.LoadStore.sw_exactSelectorIdentity
REFINEMENT_AXIOM RiscvRefinement.Publication.TeamB.LoadStore.sw_exactSelectorIdentity propext
REFINEMENT_AXIOM RiscvRefinement.Publication.TeamB.LoadStore.sw_exactSelectorIdentity Quot.sound
REFINEMENT_THEOREM RiscvRefinement.Opcodes.StoreMutation.StoreHoldsWithoutHalfStoreHigh.wordLoad
REFINEMENT_AXIOM RiscvRefinement.Opcodes.StoreMutation.StoreHoldsWithoutHalfStoreHigh.wordLoad propext
REFINEMENT_THEOREM RiscvRefinement.Opcodes.LoadMutationWord.HoldsWithoutHalfLoadExtension.partialStorePreserve
REFINEMENT_AXIOM RiscvRefinement.Opcodes.LoadMutationWord.HoldsWithoutHalfLoadExtension.partialStorePreserve propext
REFINEMENT_THEOREM RiscvRefinement.Opcodes.ByteLoadMutation.ByteLoadHoldsWithoutByteLoadExtension.signWitnessCanonical
REFINEMENT_AXIOM RiscvRefinement.Opcodes.ByteLoadMutation.ByteLoadHoldsWithoutByteLoadExtension.signWitnessCanonical propext
REFINEMENT_THEOREM RiscvRefinement.Air.Bridge.Auipc.ProductionRefinement.selectors
REFINEMENT_AXIOM RiscvRefinement.Air.Bridge.Auipc.ProductionRefinement.selectors propext
REFINEMENT_AXIOM RiscvRefinement.Air.Bridge.Auipc.ProductionRefinement.selectors Quot.sound
REFINEMENT_THEOREM RiscvRefinement.Opcodes.LoadRefinement.basePreserved
REFINEMENT_AXIOM RiscvRefinement.Opcodes.LoadRefinement.basePreserved propext
REFINEMENT_AXIOM RiscvRefinement.Opcodes.LoadRefinement.basePreserved Quot.sound
REFINEMENT_THEOREM RiscvRefinement.NonVacuity.honest_lui_holds
REFINEMENT_AXIOM RiscvRefinement.NonVacuity.honest_lui_holds propext
REFINEMENT_AXIOM RiscvRefinement.NonVacuity.honest_lui_holds Quot.sound
REFINEMENT_THEOREM RiscvRefinement.Air.Bridge.Auipc.ProductionRefinement.result
REFINEMENT_AXIOM RiscvRefinement.Air.Bridge.Auipc.ProductionRefinement.result propext
REFINEMENT_AXIOM RiscvRefinement.Air.Bridge.Auipc.ProductionRefinement.result Quot.sound
REFINEMENT_THEOREM RiscvRefinement.Opcodes.MulHoldsWithoutProductLimb0.sourceOneLimb0
REFINEMENT_THEOREM RiscvRefinement.Opcodes.StoreMutation.StoreHoldsWithoutByteStoreSelect.wordShiftAmount
REFINEMENT_AXIOM RiscvRefinement.Opcodes.StoreMutation.StoreHoldsWithoutByteStoreSelect.wordShiftAmount propext
REFINEMENT_THEOREM RiscvRefinement.Air.Bridge.Addi.sourceClockRequestHolds
REFINEMENT_AXIOM RiscvRefinement.Air.Bridge.Addi.sourceClockRequestHolds propext
REFINEMENT_AXIOM RiscvRefinement.Air.Bridge.Addi.sourceClockRequestHolds Quot.sound
REFINEMENT_THEOREM RiscvRefinement.Opcodes.ShiftsImmHoldsWithoutSignIsLogicalZero.core
REFINEMENT_THEOREM RiscvRefinement.Opcodes.sraiReleasedSignRow_is_a_sign_fill_on_a_positive_operand
REFINEMENT_AXIOM RiscvRefinement.Opcodes.sraiReleasedSignRow_is_a_sign_fill_on_a_positive_operand propext
REFINEMENT_THEOREM RiscvRefinement.Opcodes.DivHoldsWithoutScanTotal.destinationLimb3
REFINEMENT_THEOREM RiscvRefinement.Opcodes.DivHoldsWithoutProductRecurrence.zeroDivisorQuotient2
REFINEMENT_THEOREM RiscvRefinement.Opcodes.Jalr.Refinement.zeroRegister
REFINEMENT_AXIOM RiscvRefinement.Opcodes.Jalr.Refinement.zeroRegister propext
REFINEMENT_AXIOM RiscvRefinement.Opcodes.Jalr.Refinement.zeroRegister Quot.sound
REFINEMENT_THEOREM RiscvRefinement.Decode.encode_sw_is_canonical
REFINEMENT_AXIOM RiscvRefinement.Decode.encode_sw_is_canonical propext
REFINEMENT_AXIOM RiscvRefinement.Decode.encode_sw_is_canonical Quot.sound
REFINEMENT_THEOREM RiscvRefinement.Air.Bridge.loadStoreStoreWitnessHolds
REFINEMENT_AXIOM RiscvRefinement.Air.Bridge.loadStoreStoreWitnessHolds propext
REFINEMENT_THEOREM RiscvRefinement.Opcodes.signExtend_toNat_nonneg
REFINEMENT_AXIOM RiscvRefinement.Opcodes.signExtend_toNat_nonneg propext
REFINEMENT_AXIOM RiscvRefinement.Opcodes.signExtend_toNat_nonneg Quot.sound
REFINEMENT_AXIOM RiscvRefinement.Opcodes.signExtend_toNat_nonneg Classical.choice
REFINEMENT_THEOREM RiscvRefinement.Opcodes.LtMutation.Reg.sltu_wrongManifest_refutes
REFINEMENT_AXIOM RiscvRefinement.Opcodes.LtMutation.Reg.sltu_wrongManifest_refutes propext
REFINEMENT_AXIOM RiscvRefinement.Opcodes.LtMutation.Reg.sltu_wrongManifest_refutes Quot.sound
REFINEMENT_THEOREM RiscvRefinement.Publication.TeamB.MulhDiv.Division.byteEqZeroOfField
REFINEMENT_AXIOM RiscvRefinement.Publication.TeamB.MulhDiv.Division.byteEqZeroOfField propext
REFINEMENT_AXIOM RiscvRefinement.Publication.TeamB.MulhDiv.Division.byteEqZeroOfField Quot.sound
REFINEMENT_THEOREM RiscvRefinement.Opcodes.Branches.Lt.RawRefinement.decision
REFINEMENT_AXIOM RiscvRefinement.Opcodes.Branches.Lt.RawRefinement.decision propext
REFINEMENT_AXIOM RiscvRefinement.Opcodes.Branches.Lt.RawRefinement.decision Quot.sound
REFINEMENT_THEOREM RiscvRefinement.Opcodes.LuiRefinement.stateConsume
REFINEMENT_AXIOM RiscvRefinement.Opcodes.LuiRefinement.stateConsume propext
REFINEMENT_AXIOM RiscvRefinement.Opcodes.LuiRefinement.stateConsume Quot.sound
REFINEMENT_THEOREM RiscvRefinement.Air.Bridge.LtReg.exampleAdmission
REFINEMENT_THEOREM RiscvRefinement.Air.Bridge.BaseAluImm.resultBytes_of_fixed
REFINEMENT_AXIOM RiscvRefinement.Air.Bridge.BaseAluImm.resultBytes_of_fixed propext
REFINEMENT_AXIOM RiscvRefinement.Air.Bridge.BaseAluImm.resultBytes_of_fixed Quot.sound
REFINEMENT_THEOREM RiscvRefinement.Opcodes.divWitnessZeroDivisor_quotient
REFINEMENT_THEOREM RiscvRefinement.Opcodes.addi_source_from_constraints
REFINEMENT_AXIOM RiscvRefinement.Opcodes.addi_source_from_constraints propext
REFINEMENT_THEOREM RiscvRefinement.Air.Bridge.Fence.ProductionRefinement.fixedLookups
REFINEMENT_AXIOM RiscvRefinement.Air.Bridge.Fence.ProductionRefinement.fixedLookups propext
REFINEMENT_AXIOM RiscvRefinement.Air.Bridge.Fence.ProductionRefinement.fixedLookups Quot.sound
REFINEMENT_THEOREM RiscvRefinement.Air.Bridge.Jalr.ProductionRefinement.selectors
REFINEMENT_AXIOM RiscvRefinement.Air.Bridge.Jalr.ProductionRefinement.selectors propext
REFINEMENT_AXIOM RiscvRefinement.Air.Bridge.Jalr.ProductionRefinement.selectors Quot.sound
REFINEMENT_THEOREM RiscvRefinement.Opcodes.ShiftHoldsWithoutSignUpperBound.carry0Range
REFINEMENT_THEOREM RiscvRefinement.Opcodes.Branches.Lt.bge_refinement_theorem
REFINEMENT_AXIOM RiscvRefinement.Opcodes.Branches.Lt.bge_refinement_theorem propext
REFINEMENT_AXIOM RiscvRefinement.Opcodes.Branches.Lt.bge_refinement_theorem Quot.sound
REFINEMENT_AXIOM RiscvRefinement.Opcodes.Branches.Lt.bge_refinement_theorem Classical.choice
REFINEMENT_THEOREM RiscvRefinement.Opcodes.divu_refines
REFINEMENT_AXIOM RiscvRefinement.Opcodes.divu_refines propext
REFINEMENT_AXIOM RiscvRefinement.Opcodes.divu_refines Quot.sound
REFINEMENT_AXIOM RiscvRefinement.Opcodes.divu_refines Classical.choice
REFINEMENT_THEOREM RiscvRefinement.Opcodes.ByteLoadMutation.ByteLoadHoldsWithoutByteLoadSelect.nextPcResult
REFINEMENT_AXIOM RiscvRefinement.Opcodes.ByteLoadMutation.ByteLoadHoldsWithoutByteLoadSelect.nextPcResult propext
REFINEMENT_THEOREM RiscvRefinement.Opcodes.LoadMutationWord.lwTruncatedRow_refutes
REFINEMENT_THEOREM RiscvRefinement.Opcodes.sllUnmaskedAmountRow_satisfies
REFINEMENT_AXIOM RiscvRefinement.Opcodes.sllUnmaskedAmountRow_satisfies propext
REFINEMENT_THEOREM RiscvRefinement.Opcodes.remu_retires_as_reviewed
REFINEMENT_AXIOM RiscvRefinement.Opcodes.remu_retires_as_reviewed propext
REFINEMENT_AXIOM RiscvRefinement.Opcodes.remu_retires_as_reviewed Quot.sound
REFINEMENT_AXIOM RiscvRefinement.Opcodes.remu_retires_as_reviewed Classical.choice
REFINEMENT_THEOREM RiscvRefinement.Air.Bridge.Auipc.Admission.immediateFieldBinds
REFINEMENT_AXIOM RiscvRefinement.Air.Bridge.Auipc.Admission.immediateFieldBinds propext
REFINEMENT_AXIOM RiscvRefinement.Air.Bridge.Auipc.Admission.immediateFieldBinds Quot.sound
REFINEMENT_THEOREM RiscvRefinement.Opcodes.mulhu_aliased_exists
REFINEMENT_AXIOM RiscvRefinement.Opcodes.mulhu_aliased_exists propext
REFINEMENT_AXIOM RiscvRefinement.Opcodes.mulhu_aliased_exists Quot.sound
REFINEMENT_THEOREM RiscvRefinement.Publication.TeamB.MulhDiv.Division.DirectEquationsB.divisorInverse
REFINEMENT_THEOREM RiscvRefinement.Air.Bridge.Jalr.destinationClockRequest
REFINEMENT_AXIOM RiscvRefinement.Air.Bridge.Jalr.destinationClockRequest propext
REFINEMENT_AXIOM RiscvRefinement.Air.Bridge.Jalr.destinationClockRequest Quot.sound
REFINEMENT_THEOREM RiscvRefinement.Opcodes.DivHoldsWithoutSignXorDefinition.absSameLimb1
REFINEMENT_THEOREM RiscvRefinement.Decode.encode_slli_is_canonical
REFINEMENT_AXIOM RiscvRefinement.Decode.encode_slli_is_canonical propext
REFINEMENT_AXIOM RiscvRefinement.Decode.encode_slli_is_canonical Quot.sound
REFINEMENT_THEOREM RiscvRefinement.Air.Bridge.Fence.ProductionRefinement.stateConsume
REFINEMENT_AXIOM RiscvRefinement.Air.Bridge.Fence.ProductionRefinement.stateConsume propext
REFINEMENT_AXIOM RiscvRefinement.Air.Bridge.Fence.ProductionRefinement.stateConsume Quot.sound
REFINEMENT_THEOREM RiscvRefinement.Publication.TeamA.AcceptedAirCertificate.selectorUnique
REFINEMENT_THEOREM RiscvRefinement.Opcodes.Auipc.Refinement.destinationConsume
REFINEMENT_AXIOM RiscvRefinement.Opcodes.Auipc.Refinement.destinationConsume propext
REFINEMENT_AXIOM RiscvRefinement.Opcodes.Auipc.Refinement.destinationConsume Quot.sound
REFINEMENT_THEOREM RiscvRefinement.Air.Family.mulSourceOneStable
REFINEMENT_AXIOM RiscvRefinement.Air.Family.mulSourceOneStable propext
REFINEMENT_THEOREM RiscvRefinement.Opcodes.row_byteOffset
REFINEMENT_AXIOM RiscvRefinement.Opcodes.row_byteOffset propext
REFINEMENT_AXIOM RiscvRefinement.Opcodes.row_byteOffset Quot.sound
REFINEMENT_AXIOM RiscvRefinement.Opcodes.row_byteOffset Classical.choice
REFINEMENT_THEOREM RiscvRefinement.Publication.TeamB.LoadStore.DirectEquations.word1
REFINEMENT_THEOREM RiscvRefinement.Air.Bridge.Jalr.ProductionRefinement.program
REFINEMENT_AXIOM RiscvRefinement.Air.Bridge.Jalr.ProductionRefinement.program propext
REFINEMENT_AXIOM RiscvRefinement.Air.Bridge.Jalr.ProductionRefinement.program Quot.sound
REFINEMENT_THEOREM RiscvRefinement.Air.Bridge.TeamACommon.nextPcField
REFINEMENT_AXIOM RiscvRefinement.Air.Bridge.TeamACommon.nextPcField propext
REFINEMENT_AXIOM RiscvRefinement.Air.Bridge.TeamACommon.nextPcField Quot.sound
REFINEMENT_THEOREM RiscvRefinement.Air.Bridge.Auipc.Admission.clockPositive
REFINEMENT_AXIOM RiscvRefinement.Air.Bridge.Auipc.Admission.clockPositive propext
REFINEMENT_AXIOM RiscvRefinement.Air.Bridge.Auipc.Admission.clockPositive Quot.sound
REFINEMENT_THEOREM RiscvRefinement.Air.Generated.LuiHolds.destinationClock
REFINEMENT_AXIOM RiscvRefinement.Air.Generated.LuiHolds.destinationClock propext
REFINEMENT_AXIOM RiscvRefinement.Air.Generated.LuiHolds.destinationClock Quot.sound
REFINEMENT_THEOREM RiscvRefinement.Air.Bridge.BaseAluReg.Admission.pcBound
REFINEMENT_THEOREM RiscvRefinement.Opcodes.LoadStoreHoldsWithoutWordLoad.halfMarkerSum
REFINEMENT_AXIOM RiscvRefinement.Opcodes.LoadStoreHoldsWithoutWordLoad.halfMarkerSum propext
REFINEMENT_THEOREM RiscvRefinement.Air.Bridge.Jalr.destinationClock
REFINEMENT_AXIOM RiscvRefinement.Air.Bridge.Jalr.destinationClock propext
REFINEMENT_AXIOM RiscvRefinement.Air.Bridge.Jalr.destinationClock Quot.sound
REFINEMENT_THEOREM RiscvRefinement.Air.Bridge.Jalr.ProductionRefinement.sourceEmit
REFINEMENT_AXIOM RiscvRefinement.Air.Bridge.Jalr.ProductionRefinement.sourceEmit propext
REFINEMENT_AXIOM RiscvRefinement.Air.Bridge.Jalr.ProductionRefinement.sourceEmit Quot.sound
REFINEMENT_THEOREM RiscvRefinement.Air.Bridge.Program.localise_constraintValues_eq_evalNodes
REFINEMENT_AXIOM RiscvRefinement.Air.Bridge.Program.localise_constraintValues_eq_evalNodes propext
REFINEMENT_AXIOM RiscvRefinement.Air.Bridge.Program.localise_constraintValues_eq_evalNodes Quot.sound
REFINEMENT_THEOREM RiscvRefinement.Opcodes.memoryPreviousClock_load
REFINEMENT_AXIOM RiscvRefinement.Opcodes.memoryPreviousClock_load propext
REFINEMENT_THEOREM RiscvRefinement.Opcodes.MulhRefinement.bus
REFINEMENT_AXIOM RiscvRefinement.Opcodes.MulhRefinement.bus propext
REFINEMENT_THEOREM RiscvRefinement.Air.Bridge.BaseAluReg.destinationClock
REFINEMENT_AXIOM RiscvRefinement.Air.Bridge.BaseAluReg.destinationClock propext
REFINEMENT_AXIOM RiscvRefinement.Air.Bridge.BaseAluReg.destinationClock Quot.sound
REFINEMENT_THEOREM RiscvRefinement.Opcodes.MulRefinement.nextProgramCounter
REFINEMENT_AXIOM RiscvRefinement.Opcodes.MulRefinement.nextProgramCounter propext
REFINEMENT_THEOREM RiscvRefinement.Air.Family.MulHolds.sourceOneLimb3
REFINEMENT_THEOREM RiscvRefinement.Publication.TeamB.manifestIds_length
REFINEMENT_THEOREM RiscvRefinement.Opcodes.operandPreviousClock_load
REFINEMENT_AXIOM RiscvRefinement.Opcodes.operandPreviousClock_load propext
REFINEMENT_THEOREM RiscvRefinement.Publication.TeamB.Shifts.RegPublicationResult.activeProductionRow
REFINEMENT_AXIOM RiscvRefinement.Publication.TeamB.Shifts.RegPublicationResult.activeProductionRow propext
REFINEMENT_AXIOM RiscvRefinement.Publication.TeamB.Shifts.RegPublicationResult.activeProductionRow Quot.sound
REFINEMENT_THEOREM RiscvRefinement.Publication.TeamB.Multiply.ExactTupleProjection.destinationEmit
REFINEMENT_AXIOM RiscvRefinement.Publication.TeamB.Multiply.ExactTupleProjection.destinationEmit propext
REFINEMENT_AXIOM RiscvRefinement.Publication.TeamB.Multiply.ExactTupleProjection.destinationEmit Quot.sound
REFINEMENT_THEOREM RiscvRefinement.Publication.TeamB.MulhDiv.Division.ExactFixedProjection.operandSigns
REFINEMENT_AXIOM RiscvRefinement.Publication.TeamB.MulhDiv.Division.ExactFixedProjection.operandSigns propext
REFINEMENT_AXIOM RiscvRefinement.Publication.TeamB.MulhDiv.Division.ExactFixedProjection.operandSigns Quot.sound
REFINEMENT_THEOREM RiscvRefinement.Opcodes.LoadMutationWord.HoldsWithoutHalfLoadHigh.halfStoreHigh
REFINEMENT_AXIOM RiscvRefinement.Opcodes.LoadMutationWord.HoldsWithoutHalfLoadHigh.halfStoreHigh propext
REFINEMENT_THEOREM RiscvRefinement.Opcodes.StoreMutation.StoreHoldsWithoutStoreResultZeroOnStores.wordShiftAmount
REFINEMENT_AXIOM RiscvRefinement.Opcodes.StoreMutation.StoreHoldsWithoutStoreResultZeroOnStores.wordShiftAmount propext
REFINEMENT_THEOREM RiscvRefinement.Opcodes.srli_refines
REFINEMENT_AXIOM RiscvRefinement.Opcodes.srli_refines propext
REFINEMENT_AXIOM RiscvRefinement.Opcodes.srli_refines Quot.sound
REFINEMENT_AXIOM RiscvRefinement.Opcodes.srli_refines Classical.choice
REFINEMENT_THEOREM RiscvRefinement.Opcodes.DivHoldsWithoutDividendSignBit.specialExclusive
REFINEMENT_THEOREM RiscvRefinement.Opcodes.StoreMutation.sbMisplacedByteRow_satisfies
REFINEMENT_AXIOM RiscvRefinement.Opcodes.StoreMutation.sbMisplacedByteRow_satisfies propext
REFINEMENT_THEOREM RiscvRefinement.Opcodes.Branches.Eq.RawRefinement.decision
REFINEMENT_AXIOM RiscvRefinement.Opcodes.Branches.Eq.RawRefinement.decision propext
REFINEMENT_AXIOM RiscvRefinement.Opcodes.Branches.Eq.RawRefinement.decision Quot.sound
REFINEMENT_THEOREM RiscvRefinement.Opcodes.divSlackScanRow_refutes
REFINEMENT_THEOREM RiscvRefinement.Opcodes.DivHoldsWithoutDestinationLimb0.scanEqual1
REFINEMENT_THEOREM RiscvRefinement.Publication.TeamB.MulhDiv.HighMultiply.DirectConsequences.unsignedSourceTwo
REFINEMENT_THEOREM RiscvRefinement.Publication.TeamB.LoadStore.DirectEquations.word0
REFINEMENT_THEOREM RiscvRefinement.Opcodes.DivHoldsWithoutDividendSignBit.unsignedDividendSign
REFINEMENT_THEOREM RiscvRefinement.Opcodes.Branches.Eq.beq_nonvacuity_theorem
REFINEMENT_AXIOM RiscvRefinement.Opcodes.Branches.Eq.beq_nonvacuity_theorem propext
REFINEMENT_AXIOM RiscvRefinement.Opcodes.Branches.Eq.beq_nonvacuity_theorem Quot.sound
REFINEMENT_AXIOM RiscvRefinement.Opcodes.Branches.Eq.beq_nonvacuity_theorem Classical.choice
REFINEMENT_THEOREM RiscvRefinement.Opcodes.ShiftHoldsWithoutLeftLowByte.leftMovement
REFINEMENT_THEOREM RiscvRefinement.Air.Generated.Programs.remSymbolicCertificate
REFINEMENT_AXIOM RiscvRefinement.Air.Generated.Programs.remSymbolicCertificate propext
REFINEMENT_AXIOM RiscvRefinement.Air.Generated.Programs.remSymbolicCertificate Quot.sound
REFINEMENT_THEOREM RiscvRefinement.Recursion.FrameworkBoundary.claim_boundary
REFINEMENT_AXIOM RiscvRefinement.Recursion.FrameworkBoundary.claim_boundary propext
REFINEMENT_AXIOM RiscvRefinement.Recursion.FrameworkBoundary.claim_boundary Quot.sound
REFINEMENT_THEOREM RiscvRefinement.Opcodes.DivHoldsWithoutDestinationLimb0.scanMarker2
REFINEMENT_THEOREM RiscvRefinement.Air.Bridge.BaseAluImm.ProductionRefinement.selectors
REFINEMENT_AXIOM RiscvRefinement.Air.Bridge.BaseAluImm.ProductionRefinement.selectors propext
REFINEMENT_AXIOM RiscvRefinement.Air.Bridge.BaseAluImm.ProductionRefinement.selectors Quot.sound
REFINEMENT_THEOREM RiscvRefinement.Opcodes.SelectorNonVacuity.remu_exists
REFINEMENT_AXIOM RiscvRefinement.Opcodes.SelectorNonVacuity.remu_exists propext
REFINEMENT_AXIOM RiscvRefinement.Opcodes.SelectorNonVacuity.remu_exists Quot.sound
REFINEMENT_AXIOM RiscvRefinement.Opcodes.SelectorNonVacuity.remu_exists Classical.choice
REFINEMENT_THEOREM RiscvRefinement.Publication.TeamB.MulhDiv.HighMultiply.mulhu_accepted_air_implies_retirement
REFINEMENT_AXIOM RiscvRefinement.Publication.TeamB.MulhDiv.HighMultiply.mulhu_accepted_air_implies_retirement propext
REFINEMENT_AXIOM RiscvRefinement.Publication.TeamB.MulhDiv.HighMultiply.mulhu_accepted_air_implies_retirement Quot.sound
REFINEMENT_AXIOM RiscvRefinement.Publication.TeamB.MulhDiv.HighMultiply.mulhu_accepted_air_implies_retirement Classical.choice
REFINEMENT_THEOREM RiscvRefinement.Opcodes.ByteLoadMutation.ByteLoadHoldsWithoutByteLoadExtension.halfShiftId
REFINEMENT_AXIOM RiscvRefinement.Opcodes.ByteLoadMutation.ByteLoadHoldsWithoutByteLoadExtension.halfShiftId propext
REFINEMENT_THEOREM RiscvRefinement.Opcodes.LoadStoreHoldsWithoutStoreResultZero.wordLoad
REFINEMENT_AXIOM RiscvRefinement.Opcodes.LoadStoreHoldsWithoutStoreResultZero.wordLoad propext
REFINEMENT_THEOREM RiscvRefinement.Air.Bridge.Jalr.AirEquations.source0
REFINEMENT_AXIOM RiscvRefinement.Air.Bridge.Jalr.AirEquations.source0 propext
REFINEMENT_THEOREM RiscvRefinement.Publication.TeamA.BaseAlu.ori_accepted_air_implies_retirement
REFINEMENT_AXIOM RiscvRefinement.Publication.TeamA.BaseAlu.ori_accepted_air_implies_retirement propext
REFINEMENT_AXIOM RiscvRefinement.Publication.TeamA.BaseAlu.ori_accepted_air_implies_retirement Quot.sound
REFINEMENT_AXIOM RiscvRefinement.Publication.TeamA.BaseAlu.ori_accepted_air_implies_retirement Classical.choice
REFINEMENT_THEOREM RiscvRefinement.Air.Bridge.destinationAccessClock_store
REFINEMENT_AXIOM RiscvRefinement.Air.Bridge.destinationAccessClock_store propext
REFINEMENT_THEOREM RiscvRefinement.Air.Bridge.LtImm.Acceptance.selectors
REFINEMENT_AXIOM RiscvRefinement.Air.Bridge.LtImm.Acceptance.selectors propext
REFINEMENT_AXIOM RiscvRefinement.Air.Bridge.LtImm.Acceptance.selectors Quot.sound
REFINEMENT_THEOREM RiscvRefinement.Publication.TeamB.LoadStore.DirectEquations.source1
REFINEMENT_THEOREM RiscvRefinement.Arith.tmod_natAbs_lt
REFINEMENT_AXIOM RiscvRefinement.Arith.tmod_natAbs_lt propext
REFINEMENT_AXIOM RiscvRefinement.Arith.tmod_natAbs_lt Quot.sound
REFINEMENT_THEOREM RiscvRefinement.Opcodes.MulhHoldsWithoutProductLimb4.productLimb0
REFINEMENT_THEOREM RiscvRefinement.Opcodes.DivHoldsWithoutZeroDivisorQuotient0.sourceTwoClock
REFINEMENT_THEOREM RiscvRefinement.Opcodes.LoadMutationWord.HoldsWithoutHalfLoadHigh.wordLoad
REFINEMENT_AXIOM RiscvRefinement.Opcodes.LoadMutationWord.HoldsWithoutHalfLoadHigh.wordLoad propext
REFINEMENT_THEOREM RiscvRefinement.Opcodes.BaseAluImm.Refinement.exactProgramLookup
REFINEMENT_AXIOM RiscvRefinement.Opcodes.BaseAluImm.Refinement.exactProgramLookup propext
REFINEMENT_AXIOM RiscvRefinement.Opcodes.BaseAluImm.Refinement.exactProgramLookup Quot.sound
REFINEMENT_THEOREM RiscvRefinement.Opcodes.MulhHoldsWithoutSelectorSourceTwoSign.sourceOneLimb0
REFINEMENT_THEOREM RiscvRefinement.Opcodes.ShiftsImmHoldsWithoutSignIsLogicalZero.sourceClock
REFINEMENT_THEOREM RiscvRefinement.Opcodes.mulhValueRefines
REFINEMENT_AXIOM RiscvRefinement.Opcodes.mulhValueRefines propext
REFINEMENT_AXIOM RiscvRefinement.Opcodes.mulhValueRefines Quot.sound
REFINEMENT_AXIOM RiscvRefinement.Opcodes.mulhValueRefines Classical.choice
REFINEMENT_THEOREM RiscvRefinement.Air.Family.div_zero_divisor_facts
REFINEMENT_AXIOM RiscvRefinement.Air.Family.div_zero_divisor_facts propext
REFINEMENT_AXIOM RiscvRefinement.Air.Family.div_zero_divisor_facts Quot.sound
REFINEMENT_AXIOM RiscvRefinement.Air.Family.div_zero_divisor_facts Classical.choice
REFINEMENT_THEOREM RiscvRefinement.Opcodes.ByteLoadMutation.ByteLoadHoldsWithoutByteLoadExtension.memoryClock
REFINEMENT_AXIOM RiscvRefinement.Opcodes.ByteLoadMutation.ByteLoadHoldsWithoutByteLoadExtension.memoryClock propext
REFINEMENT_THEOREM RiscvRefinement.Air.Bridge.Branches.Lt.rawLookupProjection
REFINEMENT_AXIOM RiscvRefinement.Air.Bridge.Branches.Lt.rawLookupProjection propext
REFINEMENT_AXIOM RiscvRefinement.Air.Bridge.Branches.Lt.rawLookupProjection Quot.sound
REFINEMENT_THEOREM RiscvRefinement.Publication.TeamB.MulhDiv.Division.FixedBounds.carry1Bound
REFINEMENT_THEOREM RiscvRefinement.Publication.exactLocalManifestCoverage
REFINEMENT_AXIOM RiscvRefinement.Publication.exactLocalManifestCoverage propext
REFINEMENT_AXIOM RiscvRefinement.Publication.exactLocalManifestCoverage Quot.sound
REFINEMENT_THEOREM RiscvRefinement.Air.Bridge.Lui.exampleAdmission
REFINEMENT_THEOREM RiscvRefinement.Opcodes.BaseAluImm.xori_nonvacuous
REFINEMENT_AXIOM RiscvRefinement.Opcodes.BaseAluImm.xori_nonvacuous propext
REFINEMENT_AXIOM RiscvRefinement.Opcodes.BaseAluImm.xori_nonvacuous Quot.sound
REFINEMENT_AXIOM RiscvRefinement.Opcodes.BaseAluImm.xori_nonvacuous Classical.choice
REFINEMENT_THEOREM RiscvRefinement.Air.Bridge.loadStoreHighAddressWitnessHolds
REFINEMENT_AXIOM RiscvRefinement.Air.Bridge.loadStoreHighAddressWitnessHolds propext
REFINEMENT_THEOREM RiscvRefinement.Publication.TeamB.MulhDiv.Division.FixedSemanticConsequences.ltDiffUpper
REFINEMENT_THEOREM RiscvRefinement.Opcodes.Fence.fence_exists
REFINEMENT_AXIOM RiscvRefinement.Opcodes.Fence.fence_exists propext
REFINEMENT_AXIOM RiscvRefinement.Opcodes.Fence.fence_exists Quot.sound
REFINEMENT_THEOREM RiscvRefinement.Publication.TeamB.Shifts.sll_exactSelectorIdentity
REFINEMENT_AXIOM RiscvRefinement.Publication.TeamB.Shifts.sll_exactSelectorIdentity propext
REFINEMENT_AXIOM RiscvRefinement.Publication.TeamB.Shifts.sll_exactSelectorIdentity Quot.sound
REFINEMENT_THEOREM RiscvRefinement.Air.Family.ShiftsImmHolds.sourceClock
REFINEMENT_THEOREM RiscvRefinement.Opcodes.DivHoldsWithoutSignXorDefinition.quotientSignBit
REFINEMENT_THEOREM RiscvRefinement.Air.Bridge.LtImm.sourceKeyBound
REFINEMENT_AXIOM RiscvRefinement.Air.Bridge.LtImm.sourceKeyBound propext
REFINEMENT_AXIOM RiscvRefinement.Air.Bridge.LtImm.sourceKeyBound Quot.sound
REFINEMENT_THEOREM RiscvRefinement.Publication.TeamA.Pilots.AddiExactProduction.identity
REFINEMENT_AXIOM RiscvRefinement.Publication.TeamA.Pilots.AddiExactProduction.identity propext
REFINEMENT_AXIOM RiscvRefinement.Publication.TeamA.Pilots.AddiExactProduction.identity Quot.sound
REFINEMENT_THEOREM RiscvRefinement.Air.Bridge.Branches.Lt.selectorAccepted
REFINEMENT_AXIOM RiscvRefinement.Air.Bridge.Branches.Lt.selectorAccepted propext
REFINEMENT_AXIOM RiscvRefinement.Air.Bridge.Branches.Lt.selectorAccepted Quot.sound
REFINEMENT_THEOREM RiscvRefinement.Opcodes.DivHoldsWithoutSignXorDefinition.unsignedDividendSign
REFINEMENT_THEOREM RiscvRefinement.Publication.TeamB.MulhDiv.Division.sourceBytesOfEquations
REFINEMENT_AXIOM RiscvRefinement.Publication.TeamB.MulhDiv.Division.sourceBytesOfEquations propext
REFINEMENT_AXIOM RiscvRefinement.Publication.TeamB.MulhDiv.Division.sourceBytesOfEquations Quot.sound
REFINEMENT_THEOREM RiscvRefinement.Publication.TeamA.Pilots.LuiExactProduction.orderedLookups
REFINEMENT_AXIOM RiscvRefinement.Publication.TeamA.Pilots.LuiExactProduction.orderedLookups propext
REFINEMENT_AXIOM RiscvRefinement.Publication.TeamA.Pilots.LuiExactProduction.orderedLookups Quot.sound
REFINEMENT_THEOREM RiscvRefinement.Publication.TeamB.MulhDiv.m31AddAssoc
REFINEMENT_AXIOM RiscvRefinement.Publication.TeamB.MulhDiv.m31AddAssoc propext
REFINEMENT_THEOREM RiscvRefinement.Air.LocalProgram.SymbolicCertificate.localization
REFINEMENT_AXIOM RiscvRefinement.Air.LocalProgram.SymbolicCertificate.localization propext
REFINEMENT_THEOREM RiscvRefinement.Opcodes.ByteLoadMutation.ByteLoadHoldsWithoutByteSignWitness.baseClock
REFINEMENT_AXIOM RiscvRefinement.Opcodes.ByteLoadMutation.ByteLoadHoldsWithoutByteSignWitness.baseClock propext
REFINEMENT_THEOREM RiscvRefinement.Opcodes.StoreMutation.StoreHoldsWithoutWordStore.byteLoadSelect
REFINEMENT_AXIOM RiscvRefinement.Opcodes.StoreMutation.StoreHoldsWithoutWordStore.byteLoadSelect propext
REFINEMENT_THEOREM RiscvRefinement.Opcodes.StoreMutation.StoreHoldsWithoutStoreResultZeroOnStores.partialStorePreserve
REFINEMENT_AXIOM RiscvRefinement.Opcodes.StoreMutation.StoreHoldsWithoutStoreResultZeroOnStores.partialStorePreserve propext
REFINEMENT_THEOREM RiscvRefinement.Opcodes.LoadStoreHoldsWithoutWordLoad.byteShiftAmount
REFINEMENT_AXIOM RiscvRefinement.Opcodes.LoadStoreHoldsWithoutWordLoad.byteShiftAmount propext
REFINEMENT_THEOREM RiscvRefinement.Publication.TeamB.mnemonics_length
REFINEMENT_THEOREM RiscvRefinement.Opcodes.LoadMutationWord.HoldsWithoutWordLoad.halfStoreLow
REFINEMENT_AXIOM RiscvRefinement.Opcodes.LoadMutationWord.HoldsWithoutWordLoad.halfStoreLow propext
REFINEMENT_THEOREM RiscvRefinement.Opcodes.StoreMutation.StoreHoldsWithoutStoreResultZeroOnStores.byteMarkerSum
REFINEMENT_AXIOM RiscvRefinement.Opcodes.StoreMutation.StoreHoldsWithoutStoreResultZeroOnStores.byteMarkerSum propext
REFINEMENT_THEOREM RiscvRefinement.Publication.TeamB.Shifts.RegExactRelationProjection.sourceConsume
REFINEMENT_AXIOM RiscvRefinement.Publication.TeamB.Shifts.RegExactRelationProjection.sourceConsume propext
REFINEMENT_AXIOM RiscvRefinement.Publication.TeamB.Shifts.RegExactRelationProjection.sourceConsume Quot.sound
REFINEMENT_THEOREM RiscvRefinement.Opcodes.DivHoldsWithoutScanTotal.zeroDivisorQuotient0
REFINEMENT_THEOREM RiscvRefinement.Publication.TeamB.MulhDiv.Division.ScanConsequences.equal0
REFINEMENT_THEOREM RiscvRefinement.Opcodes.Branches.Lt.bge_nonvacuity_theorem
REFINEMENT_AXIOM RiscvRefinement.Opcodes.Branches.Lt.bge_nonvacuity_theorem propext
REFINEMENT_AXIOM RiscvRefinement.Opcodes.Branches.Lt.bge_nonvacuity_theorem Quot.sound
REFINEMENT_AXIOM RiscvRefinement.Opcodes.Branches.Lt.bge_nonvacuity_theorem Classical.choice
REFINEMENT_THEOREM RiscvRefinement.Opcodes.LoadStoreHoldsWithoutHalfShiftId.loadDestination
REFINEMENT_AXIOM RiscvRefinement.Opcodes.LoadStoreHoldsWithoutHalfShiftId.loadDestination propext
REFINEMENT_THEOREM RiscvRefinement.Air.Family.LoadStoreAddressRange.first_out_of_range_word
REFINEMENT_THEOREM RiscvRefinement.Air.Bridge.Jalr.targetHigh8Request
REFINEMENT_AXIOM RiscvRefinement.Air.Bridge.Jalr.targetHigh8Request propext
REFINEMENT_AXIOM RiscvRefinement.Air.Bridge.Jalr.targetHigh8Request Quot.sound
REFINEMENT_THEOREM RiscvRefinement.Publication.TeamB.MulhDiv.Division.scaledCarryMinusBool
REFINEMENT_AXIOM RiscvRefinement.Publication.TeamB.MulhDiv.Division.scaledCarryMinusBool propext
REFINEMENT_AXIOM RiscvRefinement.Publication.TeamB.MulhDiv.Division.scaledCarryMinusBool Quot.sound
REFINEMENT_THEOREM RiscvRefinement.Publication.TeamB.MulhDiv.Division.divExactFixedProjection
REFINEMENT_AXIOM RiscvRefinement.Publication.TeamB.MulhDiv.Division.divExactFixedProjection propext
REFINEMENT_AXIOM RiscvRefinement.Publication.TeamB.MulhDiv.Division.divExactFixedProjection Quot.sound
REFINEMENT_THEOREM RiscvRefinement.Opcodes.LoadStoreHoldsWithoutWordLoad.clockPositive
REFINEMENT_AXIOM RiscvRefinement.Opcodes.LoadStoreHoldsWithoutWordLoad.clockPositive propext
REFINEMENT_THEOREM RiscvRefinement.Opcodes.div_zero_divisor_convention_is_load_bearing
REFINEMENT_AXIOM RiscvRefinement.Opcodes.div_zero_divisor_convention_is_load_bearing propext
REFINEMENT_AXIOM RiscvRefinement.Opcodes.div_zero_divisor_convention_is_load_bearing Quot.sound
REFINEMENT_AXIOM RiscvRefinement.Opcodes.div_zero_divisor_convention_is_load_bearing Classical.choice
REFINEMENT_THEOREM RiscvRefinement.Publication.TeamB.LoadStore.DirectEquations.halfStoreLow0
REFINEMENT_THEOREM RiscvRefinement.Opcodes.LoadMutationWord.HoldsWithoutWordLoad.loadDestination
REFINEMENT_AXIOM RiscvRefinement.Opcodes.LoadMutationWord.HoldsWithoutWordLoad.loadDestination propext
REFINEMENT_THEOREM RiscvRefinement.Air.Bridge.Jal.destinationWord
REFINEMENT_AXIOM RiscvRefinement.Air.Bridge.Jal.destinationWord propext
REFINEMENT_AXIOM RiscvRefinement.Air.Bridge.Jal.destinationWord Quot.sound
REFINEMENT_THEOREM RiscvRefinement.Opcodes.BaseAluReg.sub_exactLookupProjection
REFINEMENT_AXIOM RiscvRefinement.Opcodes.BaseAluReg.sub_exactLookupProjection propext
REFINEMENT_AXIOM RiscvRefinement.Opcodes.BaseAluReg.sub_exactLookupProjection Quot.sound
REFINEMENT_THEOREM RiscvRefinement.Opcodes.StoreMutation.StoreHoldsWithoutPartialStorePreserve.baseHighLimbRange
REFINEMENT_AXIOM RiscvRefinement.Opcodes.StoreMutation.StoreHoldsWithoutPartialStorePreserve.baseHighLimbRange propext
REFINEMENT_THEOREM RiscvRefinement.Publication.TeamB.MulhDiv.Division.newestValueSymbolic_take_eq_getSymbolic
REFINEMENT_AXIOM RiscvRefinement.Publication.TeamB.MulhDiv.Division.newestValueSymbolic_take_eq_getSymbolic propext
REFINEMENT_AXIOM RiscvRefinement.Publication.TeamB.MulhDiv.Division.newestValueSymbolic_take_eq_getSymbolic Quot.sound
REFINEMENT_THEOREM RiscvRefinement.Air.Bridge.Jalr.ProductionRefinement.destination
REFINEMENT_AXIOM RiscvRefinement.Air.Bridge.Jalr.ProductionRefinement.destination propext
REFINEMENT_AXIOM RiscvRefinement.Air.Bridge.Jalr.ProductionRefinement.destination Quot.sound
REFINEMENT_THEOREM RiscvRefinement.Opcodes.LoadStoreHoldsWithoutByteSignWitness.baseHighLimbRange
REFINEMENT_AXIOM RiscvRefinement.Opcodes.LoadStoreHoldsWithoutByteSignWitness.baseHighLimbRange propext
REFINEMENT_THEOREM RiscvRefinement.Air.FixedTableId.bitwise_contains_xor_iff
REFINEMENT_AXIOM RiscvRefinement.Air.FixedTableId.bitwise_contains_xor_iff propext
REFINEMENT_THEOREM RiscvRefinement.Air.Family.ShiftHolds.bitIndexRange
REFINEMENT_THEOREM RiscvRefinement.Publication.AcceptedProductionEvaluation.activeProductionRow
REFINEMENT_AXIOM RiscvRefinement.Publication.AcceptedProductionEvaluation.activeProductionRow propext
REFINEMENT_THEOREM RiscvRefinement.Publication.TeamB.LoadStore.lw_accepted_air_refines
REFINEMENT_AXIOM RiscvRefinement.Publication.TeamB.LoadStore.lw_accepted_air_refines propext
REFINEMENT_AXIOM RiscvRefinement.Publication.TeamB.LoadStore.lw_accepted_air_refines Quot.sound
REFINEMENT_AXIOM RiscvRefinement.Publication.TeamB.LoadStore.lw_accepted_air_refines Classical.choice
REFINEMENT_THEOREM RiscvRefinement.Air.Bridge.Lui.constraintsHoldExceptLowLimb_iff
REFINEMENT_AXIOM RiscvRefinement.Air.Bridge.Lui.constraintsHoldExceptLowLimb_iff propext
REFINEMENT_AXIOM RiscvRefinement.Air.Bridge.Lui.constraintsHoldExceptLowLimb_iff Quot.sound
REFINEMENT_THEOREM RiscvRefinement.Opcodes.StoreMutation.StoreHoldsWithoutByteStoreSelect.byteLoadExtension
REFINEMENT_AXIOM RiscvRefinement.Opcodes.StoreMutation.StoreHoldsWithoutByteStoreSelect.byteLoadExtension propext
REFINEMENT_THEOREM RiscvRefinement.Opcodes.DivHoldsWithoutScanTotal.scanEqual1
REFINEMENT_THEOREM RiscvRefinement.Air.Bridge.BaseAluReg.source2ClockGapBound
REFINEMENT_AXIOM RiscvRefinement.Air.Bridge.BaseAluReg.source2ClockGapBound propext
REFINEMENT_AXIOM RiscvRefinement.Air.Bridge.BaseAluReg.source2ClockGapBound Quot.sound
REFINEMENT_THEOREM RiscvRefinement.Opcodes.BaseAluReg.Environment.source2Binds
REFINEMENT_THEOREM RiscvRefinement.Opcodes.LoadStoreHoldsWithoutByteSignWitness.halfSignWitness
REFINEMENT_AXIOM RiscvRefinement.Opcodes.LoadStoreHoldsWithoutByteSignWitness.halfSignWitness propext
REFINEMENT_THEOREM RiscvRefinement.Opcodes.Branches.Lt.RawRefinement.noRegisterOrMemoryEffect
REFINEMENT_AXIOM RiscvRefinement.Opcodes.Branches.Lt.RawRefinement.noRegisterOrMemoryEffect propext
REFINEMENT_AXIOM RiscvRefinement.Opcodes.Branches.Lt.RawRefinement.noRegisterOrMemoryEffect Quot.sound
REFINEMENT_THEOREM RiscvRefinement.Air.Bridge.Lui.clockLookup_projection
REFINEMENT_AXIOM RiscvRefinement.Air.Bridge.Lui.clockLookup_projection propext
REFINEMENT_AXIOM RiscvRefinement.Air.Bridge.Lui.clockLookup_projection Quot.sound
REFINEMENT_THEOREM RiscvRefinement.Opcodes.div_result_selector_is_load_bearing
REFINEMENT_AXIOM RiscvRefinement.Opcodes.div_result_selector_is_load_bearing propext
REFINEMENT_AXIOM RiscvRefinement.Opcodes.div_result_selector_is_load_bearing Quot.sound
REFINEMENT_AXIOM RiscvRefinement.Opcodes.div_result_selector_is_load_bearing Classical.choice
REFINEMENT_THEOREM RiscvRefinement.Opcodes.DivHoldsWithoutNegationRecurrence.zeroDivisorQuotientSign
REFINEMENT_THEOREM RiscvRefinement.Publication.TeamB.MulhDiv.Division.FixedRequests.positiveDiff
REFINEMENT_AXIOM RiscvRefinement.Publication.TeamB.MulhDiv.Division.FixedRequests.positiveDiff propext
REFINEMENT_AXIOM RiscvRefinement.Publication.TeamB.MulhDiv.Division.FixedRequests.positiveDiff Quot.sound
REFINEMENT_THEOREM RiscvRefinement.Opcodes.NonVacuity.lbu_exists
REFINEMENT_AXIOM RiscvRefinement.Opcodes.NonVacuity.lbu_exists propext
REFINEMENT_AXIOM RiscvRefinement.Opcodes.NonVacuity.lbu_exists Quot.sound
REFINEMENT_AXIOM RiscvRefinement.Opcodes.NonVacuity.lbu_exists Classical.choice
REFINEMENT_THEOREM RiscvRefinement.Recursion.FrameworkBoundary.row_boundary
REFINEMENT_AXIOM RiscvRefinement.Recursion.FrameworkBoundary.row_boundary propext
REFINEMENT_AXIOM RiscvRefinement.Recursion.FrameworkBoundary.row_boundary Quot.sound
REFINEMENT_THEOREM RiscvRefinement.Publication.TeamB.MulhDiv.Division.DirectEquationsB.remainderZero2
REFINEMENT_THEOREM RiscvRefinement.Publication.TeamA.Control.FenceAcceptance.selectors
REFINEMENT_AXIOM RiscvRefinement.Publication.TeamA.Control.FenceAcceptance.selectors propext
REFINEMENT_AXIOM RiscvRefinement.Publication.TeamA.Control.FenceAcceptance.selectors Quot.sound
REFINEMENT_THEOREM RiscvRefinement.Air.Family.shift_right_logical_word
REFINEMENT_AXIOM RiscvRefinement.Air.Family.shift_right_logical_word propext
REFINEMENT_AXIOM RiscvRefinement.Air.Family.shift_right_logical_word Quot.sound
REFINEMENT_THEOREM RiscvRefinement.Publication.TeamB.Multiply.FixedConsequences.sourceTwoGap
REFINEMENT_THEOREM RiscvRefinement.Opcodes.LoadMutationWord.HoldsWithoutHalfLoadHigh.byteLoadExtension
REFINEMENT_AXIOM RiscvRefinement.Opcodes.LoadMutationWord.HoldsWithoutHalfLoadHigh.byteLoadExtension propext
REFINEMENT_THEOREM RiscvRefinement.Opcodes.Jalr.Refinement.bitZeroCleared
REFINEMENT_AXIOM RiscvRefinement.Opcodes.Jalr.Refinement.bitZeroCleared propext
REFINEMENT_AXIOM RiscvRefinement.Opcodes.Jalr.Refinement.bitZeroCleared Quot.sound
REFINEMENT_THEOREM RiscvRefinement.Air.Family.div_opcode_id_rem
REFINEMENT_AXIOM RiscvRefinement.Air.Family.div_opcode_id_rem propext
REFINEMENT_THEOREM RiscvRefinement.Opcodes.MulhHoldsWithoutSelectorSourceTwoSign.destinationClock
REFINEMENT_THEOREM RiscvRefinement.Air.Bridge.Jalr.ExactLookups.targetM31
REFINEMENT_AXIOM RiscvRefinement.Air.Bridge.Jalr.ExactLookups.targetM31 propext
REFINEMENT_AXIOM RiscvRefinement.Air.Bridge.Jalr.ExactLookups.targetM31 Quot.sound
REFINEMENT_THEOREM RiscvRefinement.Air.Bridge.sourceAccessClock_load
REFINEMENT_AXIOM RiscvRefinement.Air.Bridge.sourceAccessClock_load propext
REFINEMENT_THEOREM RiscvRefinement.Publication.TeamB.MulhDiv.Division.evaluatedFixedLookupsC
REFINEMENT_AXIOM RiscvRefinement.Publication.TeamB.MulhDiv.Division.evaluatedFixedLookupsC propext
REFINEMENT_AXIOM RiscvRefinement.Publication.TeamB.MulhDiv.Division.evaluatedFixedLookupsC Quot.sound
REFINEMENT_THEOREM RiscvRefinement.Opcodes.MulhHoldsWithoutSourceTwoSignBinding.destinationLimb3
REFINEMENT_THEOREM RiscvRefinement.Opcodes.DivHoldsWithoutDestinationLimb0.selectorUnique
REFINEMENT_THEOREM RiscvRefinement.Opcodes.ByteLoadMutation.ByteLoadHoldsWithoutByteLoadSelect.halfStoreHigh
REFINEMENT_AXIOM RiscvRefinement.Opcodes.ByteLoadMutation.ByteLoadHoldsWithoutByteLoadSelect.halfStoreHigh propext
REFINEMENT_THEOREM RiscvRefinement.Air.Generated.Programs.andSymbolicCertificate
REFINEMENT_AXIOM RiscvRefinement.Air.Generated.Programs.andSymbolicCertificate propext
REFINEMENT_AXIOM RiscvRefinement.Air.Generated.Programs.andSymbolicCertificate Quot.sound
REFINEMENT_THEOREM RiscvRefinement.Air.Generated.LuiHolds.destinationLimb1
REFINEMENT_AXIOM RiscvRefinement.Air.Generated.LuiHolds.destinationLimb1 propext
REFINEMENT_AXIOM RiscvRefinement.Air.Generated.LuiHolds.destinationLimb1 Quot.sound
REFINEMENT_THEOREM RiscvRefinement.Air.Bridge.Mutations.reordered_refutes
REFINEMENT_AXIOM RiscvRefinement.Air.Bridge.Mutations.reordered_refutes propext
REFINEMENT_AXIOM RiscvRefinement.Air.Bridge.Mutations.reordered_refutes Quot.sound
REFINEMENT_THEOREM RiscvRefinement.Publication.TeamA.Selector.manifestId_injective
REFINEMENT_AXIOM RiscvRefinement.Publication.TeamA.Selector.manifestId_injective propext
REFINEMENT_THEOREM RiscvRefinement.Publication.TeamB.Shifts.ImmAdmission.clockPositive
REFINEMENT_THEOREM RiscvRefinement.Opcodes.mulh_exists
REFINEMENT_AXIOM RiscvRefinement.Opcodes.mulh_exists propext
REFINEMENT_AXIOM RiscvRefinement.Opcodes.mulh_exists Quot.sound
REFINEMENT_AXIOM RiscvRefinement.Opcodes.mulh_exists Classical.choice
REFINEMENT_THEOREM RiscvRefinement.Opcodes.StoreMutation.StoreHoldsWithoutWordStore.nextPcResult
REFINEMENT_AXIOM RiscvRefinement.Opcodes.StoreMutation.StoreHoldsWithoutWordStore.nextPcResult propext
REFINEMENT_THEOREM RiscvRefinement.Air.Bridge.Auipc.ProductionRefinement.exactLookups
REFINEMENT_AXIOM RiscvRefinement.Air.Bridge.Auipc.ProductionRefinement.exactLookups propext
REFINEMENT_AXIOM RiscvRefinement.Air.Bridge.Auipc.ProductionRefinement.exactLookups Quot.sound
REFINEMENT_THEOREM RiscvRefinement.Opcodes.LoadStoreHoldsWithoutWordLoad.halfLoadExtension
REFINEMENT_AXIOM RiscvRefinement.Opcodes.LoadStoreHoldsWithoutWordLoad.halfLoadExtension propext
REFINEMENT_THEOREM RiscvRefinement.Opcodes.LoadStoreHoldsWithoutHalfLoadHigh.halfLoadExtension
REFINEMENT_AXIOM RiscvRefinement.Opcodes.LoadStoreHoldsWithoutHalfLoadHigh.halfLoadExtension propext
REFINEMENT_THEOREM RiscvRefinement.Opcodes.sll_retires_left_shift
REFINEMENT_AXIOM RiscvRefinement.Opcodes.sll_retires_left_shift propext
REFINEMENT_AXIOM RiscvRefinement.Opcodes.sll_retires_left_shift Quot.sound
REFINEMENT_THEOREM RiscvRefinement.Air.Bridge.Branches.Lt.ProductionRefinement.constraints
REFINEMENT_AXIOM RiscvRefinement.Air.Bridge.Branches.Lt.ProductionRefinement.constraints propext
REFINEMENT_AXIOM RiscvRefinement.Air.Bridge.Branches.Lt.ProductionRefinement.constraints Quot.sound
REFINEMENT_THEOREM RiscvRefinement.Opcodes.ShiftHoldsWithoutSignIsLogicalZero.destinationFlag
REFINEMENT_THEOREM RiscvRefinement.Publication.TeamB.MulhDiv.Division.DirectEquationsA.zeroQuotient0
REFINEMENT_THEOREM RiscvRefinement.Publication.TeamB.LoadStore.ExactFixedProjection.baseClock
REFINEMENT_AXIOM RiscvRefinement.Publication.TeamB.LoadStore.ExactFixedProjection.baseClock propext
REFINEMENT_AXIOM RiscvRefinement.Publication.TeamB.LoadStore.ExactFixedProjection.baseClock Quot.sound
REFINEMENT_THEOREM RiscvRefinement.Air.Generated.Programs.mulhsuSymbolicCertificate
REFINEMENT_AXIOM RiscvRefinement.Air.Generated.Programs.mulhsuSymbolicCertificate propext
REFINEMENT_AXIOM RiscvRefinement.Air.Generated.Programs.mulhsuSymbolicCertificate Quot.sound
REFINEMENT_THEOREM RiscvRefinement.Opcodes.StoreMutation.StoreHoldsWithoutStoreResultZeroOnStores.baseHighLimbRange
REFINEMENT_AXIOM RiscvRefinement.Opcodes.StoreMutation.StoreHoldsWithoutStoreResultZeroOnStores.baseHighLimbRange propext
REFINEMENT_THEOREM RiscvRefinement.Publication.TeamB.LoadStore.lhu_accepted_air_refines
REFINEMENT_AXIOM RiscvRefinement.Publication.TeamB.LoadStore.lhu_accepted_air_refines propext
REFINEMENT_AXIOM RiscvRefinement.Publication.TeamB.LoadStore.lhu_accepted_air_refines Quot.sound
REFINEMENT_AXIOM RiscvRefinement.Publication.TeamB.LoadStore.lhu_accepted_air_refines Classical.choice
REFINEMENT_THEOREM RiscvRefinement.Opcodes.signExtend_toNat_neg
REFINEMENT_AXIOM RiscvRefinement.Opcodes.signExtend_toNat_neg propext
REFINEMENT_AXIOM RiscvRefinement.Opcodes.signExtend_toNat_neg Quot.sound
REFINEMENT_AXIOM RiscvRefinement.Opcodes.signExtend_toNat_neg Classical.choice
REFINEMENT_THEOREM RiscvRefinement.Opcodes.MulhsuRefinement.retirement
REFINEMENT_AXIOM RiscvRefinement.Opcodes.MulhsuRefinement.retirement propext
REFINEMENT_THEOREM RiscvRefinement.Air.Bridge.nth_eq_getElem?
REFINEMENT_AXIOM RiscvRefinement.Air.Bridge.nth_eq_getElem? propext
REFINEMENT_THEOREM RiscvRefinement.Opcodes.DivHoldsWithoutScanTotal.absSameLimb1
REFINEMENT_THEOREM RiscvRefinement.Publication.TeamB.Multiply.Admission.destinationPreviousBound
REFINEMENT_THEOREM RiscvRefinement.Opcodes.lh_result_value
REFINEMENT_AXIOM RiscvRefinement.Opcodes.lh_result_value propext
REFINEMENT_AXIOM RiscvRefinement.Opcodes.lh_result_value Quot.sound
REFINEMENT_AXIOM RiscvRefinement.Opcodes.lh_result_value Classical.choice
REFINEMENT_THEOREM RiscvRefinement.Air.Bridge.Branches.Lt.rawDifferencePositive
REFINEMENT_AXIOM RiscvRefinement.Air.Bridge.Branches.Lt.rawDifferencePositive propext
REFINEMENT_AXIOM RiscvRefinement.Air.Bridge.Branches.Lt.rawDifferencePositive Quot.sound
REFINEMENT_THEOREM RiscvRefinement.Publication.TeamB.Multiply.ExactTupleProjection.sourceTwoConsume
REFINEMENT_AXIOM RiscvRefinement.Publication.TeamB.Multiply.ExactTupleProjection.sourceTwoConsume propext
REFINEMENT_AXIOM RiscvRefinement.Publication.TeamB.Multiply.ExactTupleProjection.sourceTwoConsume Quot.sound
REFINEMENT_THEOREM RiscvRefinement.NonVacuity.addi_exists
REFINEMENT_AXIOM RiscvRefinement.NonVacuity.addi_exists propext
REFINEMENT_AXIOM RiscvRefinement.NonVacuity.addi_exists Quot.sound
REFINEMENT_AXIOM RiscvRefinement.NonVacuity.addi_exists Classical.choice
REFINEMENT_THEOREM RiscvRefinement.Opcodes.DivHoldsWithoutSignXorDefinition.sourceTwoClock
REFINEMENT_THEOREM RiscvRefinement.Decode.encode_lbu_is_canonical
REFINEMENT_AXIOM RiscvRefinement.Decode.encode_lbu_is_canonical propext
REFINEMENT_AXIOM RiscvRefinement.Decode.encode_lbu_is_canonical Quot.sound
REFINEMENT_THEOREM RiscvRefinement.Opcodes.ByteLoadMutation.ByteLoadHoldsWithoutByteLoadExtension.halfStoreLow
REFINEMENT_AXIOM RiscvRefinement.Opcodes.ByteLoadMutation.ByteLoadHoldsWithoutByteLoadExtension.halfStoreLow propext
REFINEMENT_THEOREM RiscvRefinement.Opcodes.divuSignedDivisorRow_satisfies
REFINEMENT_THEOREM RiscvRefinement.Air.Generated.Programs.lbuSymbolicCertificate
REFINEMENT_AXIOM RiscvRefinement.Air.Generated.Programs.lbuSymbolicCertificate propext
REFINEMENT_AXIOM RiscvRefinement.Air.Generated.Programs.lbuSymbolicCertificate Quot.sound
REFINEMENT_THEOREM RiscvRefinement.Publication.TeamB.Shifts.RegExactFixedProjection.secondSourceClock
REFINEMENT_AXIOM RiscvRefinement.Publication.TeamB.Shifts.RegExactFixedProjection.secondSourceClock propext
REFINEMENT_AXIOM RiscvRefinement.Publication.TeamB.Shifts.RegExactFixedProjection.secondSourceClock Quot.sound
REFINEMENT_THEOREM RiscvRefinement.Publication.TeamB.Shifts.ImmExactRelationProjection.destinationEmit
REFINEMENT_AXIOM RiscvRefinement.Publication.TeamB.Shifts.ImmExactRelationProjection.destinationEmit propext
REFINEMENT_AXIOM RiscvRefinement.Publication.TeamB.Shifts.ImmExactRelationProjection.destinationEmit Quot.sound
REFINEMENT_THEOREM RiscvRefinement.Air.Family.shift_limb_cases
REFINEMENT_AXIOM RiscvRefinement.Air.Family.shift_limb_cases propext
REFINEMENT_AXIOM RiscvRefinement.Air.Family.shift_limb_cases Quot.sound
REFINEMENT_THEOREM RiscvRefinement.Air.Generated.Programs.sltuSymbolicCertificate
REFINEMENT_AXIOM RiscvRefinement.Air.Generated.Programs.sltuSymbolicCertificate propext
REFINEMENT_AXIOM RiscvRefinement.Air.Generated.Programs.sltuSymbolicCertificate Quot.sound
REFINEMENT_THEOREM RiscvRefinement.Publication.TeamB.LoadStore.PublicationResult.selectorIdentity
REFINEMENT_AXIOM RiscvRefinement.Publication.TeamB.LoadStore.PublicationResult.selectorIdentity propext
REFINEMENT_AXIOM RiscvRefinement.Publication.TeamB.LoadStore.PublicationResult.selectorIdentity Quot.sound
REFINEMENT_THEOREM RiscvRefinement.Publication.TeamB.Shifts.RegExactRelationProjection.stateEmit
REFINEMENT_AXIOM RiscvRefinement.Publication.TeamB.Shifts.RegExactRelationProjection.stateEmit propext
REFINEMENT_AXIOM RiscvRefinement.Publication.TeamB.Shifts.RegExactRelationProjection.stateEmit Quot.sound
REFINEMENT_THEOREM RiscvRefinement.Publication.TeamB.MulhDiv.Division.DirectConsequences.remainderZeroLimb1
REFINEMENT_THEOREM RiscvRefinement.Air.Bridge.LtReg.ProductionRefinement.nextPc
REFINEMENT_AXIOM RiscvRefinement.Air.Bridge.LtReg.ProductionRefinement.nextPc propext
REFINEMENT_AXIOM RiscvRefinement.Air.Bridge.LtReg.ProductionRefinement.nextPc Quot.sound
REFINEMENT_THEOREM RiscvRefinement.Air.Bridge.Mutations.reordered_strictly_weaker
REFINEMENT_AXIOM RiscvRefinement.Air.Bridge.Mutations.reordered_strictly_weaker propext
REFINEMENT_AXIOM RiscvRefinement.Air.Bridge.Mutations.reordered_strictly_weaker Quot.sound
REFINEMENT_THEOREM RiscvRefinement.Opcodes.LoadStoreHoldsWithoutByteSignWitness.memoryAddress
REFINEMENT_AXIOM RiscvRefinement.Opcodes.LoadStoreHoldsWithoutByteSignWitness.memoryAddress propext
REFINEMENT_THEOREM RiscvRefinement.Opcodes.ShiftsRegHoldsWithoutLeftLowByte.core
REFINEMENT_THEOREM RiscvRefinement.Opcodes.DivHoldsWithoutZeroDivisorQuotient0.zeroDivisorQuotient1
REFINEMENT_THEOREM RiscvRefinement.Opcodes.half_selected
REFINEMENT_AXIOM RiscvRefinement.Opcodes.half_selected propext
REFINEMENT_AXIOM RiscvRefinement.Opcodes.half_selected Quot.sound
REFINEMENT_AXIOM RiscvRefinement.Opcodes.half_selected Classical.choice
REFINEMENT_THEOREM RiscvRefinement.Air.Bridge.Auipc.wordBytes_word
REFINEMENT_AXIOM RiscvRefinement.Air.Bridge.Auipc.wordBytes_word propext
REFINEMENT_AXIOM RiscvRefinement.Air.Bridge.Auipc.wordBytes_word Quot.sound
REFINEMENT_THEOREM RiscvRefinement.Air.Bridge.Addi.lookup_projection
REFINEMENT_AXIOM RiscvRefinement.Air.Bridge.Addi.lookup_projection propext
REFINEMENT_AXIOM RiscvRefinement.Air.Bridge.Addi.lookup_projection Quot.sound
REFINEMENT_THEOREM RiscvRefinement.Opcodes.LoadMutationWord.HoldsWithoutHalfLoadExtension.halfLoadHigh
REFINEMENT_AXIOM RiscvRefinement.Opcodes.LoadMutationWord.HoldsWithoutHalfLoadExtension.halfLoadHigh propext
REFINEMENT_THEOREM RiscvRefinement.Opcodes.lh_high_half_selection_is_load_bearing
REFINEMENT_AXIOM RiscvRefinement.Opcodes.lh_high_half_selection_is_load_bearing propext
REFINEMENT_AXIOM RiscvRefinement.Opcodes.lh_high_half_selection_is_load_bearing Quot.sound
REFINEMENT_AXIOM RiscvRefinement.Opcodes.lh_high_half_selection_is_load_bearing Classical.choice
REFINEMENT_THEOREM RiscvRefinement.Air.Bridge.Mutations.luiLowLimb_strictly_weaker
REFINEMENT_AXIOM RiscvRefinement.Air.Bridge.Mutations.luiLowLimb_strictly_weaker propext
REFINEMENT_AXIOM RiscvRefinement.Air.Bridge.Mutations.luiLowLimb_strictly_weaker Quot.sound
REFINEMENT_THEOREM RiscvRefinement.Opcodes.LoadStoreHoldsWithoutPartialStorePreserve.halfShiftId
REFINEMENT_AXIOM RiscvRefinement.Opcodes.LoadStoreHoldsWithoutPartialStorePreserve.halfShiftId propext
REFINEMENT_THEOREM RiscvRefinement.Air.Bridge.Branches.selectedPcField
REFINEMENT_AXIOM RiscvRefinement.Air.Bridge.Branches.selectedPcField propext
REFINEMENT_AXIOM RiscvRefinement.Air.Bridge.Branches.selectedPcField Quot.sound
REFINEMENT_THEOREM RiscvRefinement.Opcodes.DivHoldsWithoutDestinationLimb0.sourceTwoLimb2
REFINEMENT_THEOREM RiscvRefinement.Opcodes.remRelabelledResultRow_satisfies
REFINEMENT_THEOREM RiscvRefinement.Air.Bridge.LtReg.ProductionRefinement.selectors
REFINEMENT_AXIOM RiscvRefinement.Air.Bridge.LtReg.ProductionRefinement.selectors propext
REFINEMENT_AXIOM RiscvRefinement.Air.Bridge.LtReg.ProductionRefinement.selectors Quot.sound
REFINEMENT_THEOREM RiscvRefinement.Opcodes.StoreMutation.StoreHoldsWithoutByteStoreSelect.wordStore
REFINEMENT_AXIOM RiscvRefinement.Opcodes.StoreMutation.StoreHoldsWithoutByteStoreSelect.wordStore propext
REFINEMENT_THEOREM RiscvRefinement.Opcodes.DivHoldsWithoutDestinationLimb0.destinationLimb1
REFINEMENT_THEOREM RiscvRefinement.Air.Bridge.BaseAluReg.Admission.clockBound
REFINEMENT_THEOREM RiscvRefinement.Air.Family.div_conv_expand
REFINEMENT_AXIOM RiscvRefinement.Air.Family.div_conv_expand Classical.choice
REFINEMENT_AXIOM RiscvRefinement.Air.Family.div_conv_expand propext
REFINEMENT_AXIOM RiscvRefinement.Air.Family.div_conv_expand Quot.sound
REFINEMENT_THEOREM RiscvRefinement.Air.Bridge.Auipc.ProductionRefinement.destination
REFINEMENT_AXIOM RiscvRefinement.Air.Bridge.Auipc.ProductionRefinement.destination propext
REFINEMENT_AXIOM RiscvRefinement.Air.Bridge.Auipc.ProductionRefinement.destination Quot.sound
REFINEMENT_THEOREM RiscvRefinement.Publication.TeamB.MulhDiv.Division.DirectEquationsD.negCarryZero2
REFINEMENT_THEOREM RiscvRefinement.Opcodes.DivHoldsWithoutScanTotal.zeroDivisorQuotientSign
REFINEMENT_THEOREM RiscvRefinement.Air.Bridge.LtImm.constraintRootZero
REFINEMENT_AXIOM RiscvRefinement.Air.Bridge.LtImm.constraintRootZero propext
REFINEMENT_AXIOM RiscvRefinement.Air.Bridge.LtImm.constraintRootZero Quot.sound
REFINEMENT_THEOREM RiscvRefinement.Opcodes.DivHoldsWithoutDividendSignBit.absSameLimb1
REFINEMENT_THEOREM RiscvRefinement.Opcodes.LoadMutationWord.lhuSignExtendedRow_satisfies
REFINEMENT_AXIOM RiscvRefinement.Opcodes.LoadMutationWord.lhuSignExtendedRow_satisfies propext
REFINEMENT_THEOREM RiscvRefinement.Air.Bridge.divFixedRequestsHold
REFINEMENT_AXIOM RiscvRefinement.Air.Bridge.divFixedRequestsHold propext
REFINEMENT_AXIOM RiscvRefinement.Air.Bridge.divFixedRequestsHold Quot.sound
REFINEMENT_THEOREM RiscvRefinement.Opcodes.DivHoldsWithoutNegationRecurrence.remainderZeroLimb1
REFINEMENT_THEOREM RiscvRefinement.Opcodes.LoadMutationWord.HoldsWithoutHalfLoadExtension.storeResultZero
REFINEMENT_AXIOM RiscvRefinement.Opcodes.LoadMutationWord.HoldsWithoutHalfLoadExtension.storeResultZero propext
REFINEMENT_THEOREM RiscvRefinement.Opcodes.LoadStoreHoldsWithoutWordLoad.selectorSum
REFINEMENT_AXIOM RiscvRefinement.Opcodes.LoadStoreHoldsWithoutWordLoad.selectorSum propext
REFINEMENT_THEOREM RiscvRefinement.Opcodes.BaseAluReg.Refinement.production
REFINEMENT_AXIOM RiscvRefinement.Opcodes.BaseAluReg.Refinement.production propext
REFINEMENT_AXIOM RiscvRefinement.Opcodes.BaseAluReg.Refinement.production Quot.sound
REFINEMENT_THEOREM RiscvRefinement.Air.Bridge.Jalr.ExactLookups.stateConsume
REFINEMENT_AXIOM RiscvRefinement.Air.Bridge.Jalr.ExactLookups.stateConsume propext
REFINEMENT_AXIOM RiscvRefinement.Air.Bridge.Jalr.ExactLookups.stateConsume Quot.sound
REFINEMENT_THEOREM RiscvRefinement.Air.Bridge.BaseAluReg.subBorrowAdmission
REFINEMENT_THEOREM RiscvRefinement.Opcodes.DivHoldsWithoutNegationRecurrence.sourceTwoLimb1
REFINEMENT_THEOREM RiscvRefinement.Opcodes.memoryAfter_store
REFINEMENT_AXIOM RiscvRefinement.Opcodes.memoryAfter_store propext
REFINEMENT_THEOREM RiscvRefinement.Opcodes.DivHoldsWithoutProductRecurrence.zeroDivisorLimb3
REFINEMENT_THEOREM RiscvRefinement.Opcodes.BaseAluReg.Environment.source1Binds
REFINEMENT_THEOREM RiscvRefinement.Opcodes.lbu_result_value
REFINEMENT_AXIOM RiscvRefinement.Opcodes.lbu_result_value propext
REFINEMENT_AXIOM RiscvRefinement.Opcodes.lbu_result_value Quot.sound
REFINEMENT_AXIOM RiscvRefinement.Opcodes.lbu_result_value Classical.choice
REFINEMENT_THEOREM RiscvRefinement.Opcodes.ShiftHoldsWithoutSignLowerBound.carry1Range
REFINEMENT_THEOREM RiscvRefinement.Opcodes.LoadMutationWord.HoldsWithoutHalfLoadExtension.halfStoreHigh
REFINEMENT_AXIOM RiscvRefinement.Opcodes.LoadMutationWord.HoldsWithoutHalfLoadExtension.halfStoreHigh propext
REFINEMENT_THEOREM RiscvRefinement.Publication.TeamB.MulhDiv.Division.ExactFixedProjection.destinationClock
REFINEMENT_AXIOM RiscvRefinement.Publication.TeamB.MulhDiv.Division.ExactFixedProjection.destinationClock propext
REFINEMENT_AXIOM RiscvRefinement.Publication.TeamB.MulhDiv.Division.ExactFixedProjection.destinationClock Quot.sound
REFINEMENT_THEOREM RiscvRefinement.Opcodes.LoadStoreHoldsWithoutWordLoad.halfLoadHigh
REFINEMENT_AXIOM RiscvRefinement.Opcodes.LoadStoreHoldsWithoutWordLoad.halfLoadHigh propext
REFINEMENT_THEOREM RiscvRefinement.Air.Family.LoadStoreHolds.wordLoad
REFINEMENT_AXIOM RiscvRefinement.Air.Family.LoadStoreHolds.wordLoad propext
REFINEMENT_THEOREM RiscvRefinement.Air.Family.div_compare_negative
REFINEMENT_AXIOM RiscvRefinement.Air.Family.div_compare_negative propext
REFINEMENT_AXIOM RiscvRefinement.Air.Family.div_compare_negative Quot.sound
REFINEMENT_THEOREM RiscvRefinement.Opcodes.Branches.Lt.rawDecisionIsArchitectural
REFINEMENT_AXIOM RiscvRefinement.Opcodes.Branches.Lt.rawDecisionIsArchitectural propext
REFINEMENT_AXIOM RiscvRefinement.Opcodes.Branches.Lt.rawDecisionIsArchitectural Quot.sound
REFINEMENT_AXIOM RiscvRefinement.Opcodes.Branches.Lt.rawDecisionIsArchitectural Classical.choice
REFINEMENT_THEOREM RiscvRefinement.Opcodes.DivHoldsWithoutNegationRecurrence.unsignedDividendSign
REFINEMENT_THEOREM RiscvRefinement.Opcodes.MulhHoldsWithoutProductLimb4.sourceOneLimb2
REFINEMENT_THEOREM RiscvRefinement.Publication.TeamB.MulhDiv.Division.productRecurrence5Regroup
REFINEMENT_AXIOM RiscvRefinement.Publication.TeamB.MulhDiv.Division.productRecurrence5Regroup propext
REFINEMENT_THEOREM RiscvRefinement.Air.Bridge.divWitnessFixedRequestsHold
REFINEMENT_AXIOM RiscvRefinement.Air.Bridge.divWitnessFixedRequestsHold propext
REFINEMENT_AXIOM RiscvRefinement.Air.Bridge.divWitnessFixedRequestsHold Quot.sound
REFINEMENT_THEOREM RiscvRefinement.Opcodes.NonVacuity.lhAlias_holds
REFINEMENT_AXIOM RiscvRefinement.Opcodes.NonVacuity.lhAlias_holds propext
REFINEMENT_THEOREM RiscvRefinement.Publication.TeamB.MulhDiv.Division.DirectConsequences.remainderZeroLimb0
REFINEMENT_THEOREM RiscvRefinement.Publication.TeamB.MulhDiv.HighMultiply.fixedConsequences
REFINEMENT_AXIOM RiscvRefinement.Publication.TeamB.MulhDiv.HighMultiply.fixedConsequences propext
REFINEMENT_AXIOM RiscvRefinement.Publication.TeamB.MulhDiv.HighMultiply.fixedConsequences Quot.sound
REFINEMENT_AXIOM RiscvRefinement.Publication.TeamB.MulhDiv.HighMultiply.fixedConsequences Classical.choice
REFINEMENT_THEOREM RiscvRefinement.Opcodes.DivHoldsWithoutZeroDivisorQuotient0.remainderZeroLimb1
REFINEMENT_THEOREM RiscvRefinement.Opcodes.MulhHoldsWithoutSourceOneSignBinding.productLimb2
REFINEMENT_THEOREM RiscvRefinement.Opcodes.addi_production_nonvacuous
REFINEMENT_AXIOM RiscvRefinement.Opcodes.addi_production_nonvacuous propext
REFINEMENT_AXIOM RiscvRefinement.Opcodes.addi_production_nonvacuous Quot.sound
REFINEMENT_AXIOM RiscvRefinement.Opcodes.addi_production_nonvacuous Classical.choice
REFINEMENT_THEOREM RiscvRefinement.Opcodes.Branches.Eq.RawRefinement.targetAligned
REFINEMENT_AXIOM RiscvRefinement.Opcodes.Branches.Eq.RawRefinement.targetAligned propext
REFINEMENT_AXIOM RiscvRefinement.Opcodes.Branches.Eq.RawRefinement.targetAligned Quot.sound
REFINEMENT_THEOREM RiscvRefinement.Opcodes.shifts_imm_destination_word
REFINEMENT_AXIOM RiscvRefinement.Opcodes.shifts_imm_destination_word propext
REFINEMENT_AXIOM RiscvRefinement.Opcodes.shifts_imm_destination_word Quot.sound
REFINEMENT_AXIOM RiscvRefinement.Opcodes.shifts_imm_destination_word Classical.choice
REFINEMENT_THEOREM RiscvRefinement.Air.Bridge.LtImm.sourceKeyCorrect
REFINEMENT_AXIOM RiscvRefinement.Air.Bridge.LtImm.sourceKeyCorrect propext
REFINEMENT_AXIOM RiscvRefinement.Air.Bridge.LtImm.sourceKeyCorrect Quot.sound
REFINEMENT_THEOREM RiscvRefinement.Opcodes.NonVacuity.sh_holds
REFINEMENT_AXIOM RiscvRefinement.Opcodes.NonVacuity.sh_holds propext
REFINEMENT_THEOREM RiscvRefinement.Publication.TeamB.Shifts.RegFixedConsequences.destinationClock
REFINEMENT_THEOREM RiscvRefinement.Air.Bridge.BaseAluReg.acceptanceNonvacuous
REFINEMENT_AXIOM RiscvRefinement.Air.Bridge.BaseAluReg.acceptanceNonvacuous propext
REFINEMENT_AXIOM RiscvRefinement.Air.Bridge.BaseAluReg.acceptanceNonvacuous Quot.sound
REFINEMENT_THEOREM RiscvRefinement.Opcodes.MulhHoldsWithoutSourceTwoSignBinding.productLimb1
REFINEMENT_THEOREM RiscvRefinement.Air.Generated.AddiHolds.sourceLimb3
REFINEMENT_THEOREM RiscvRefinement.Opcodes.StoreMutation.StoreHoldsWithoutPartialStorePreserve.halfMarkerSum
REFINEMENT_AXIOM RiscvRefinement.Opcodes.StoreMutation.StoreHoldsWithoutPartialStorePreserve.halfMarkerSum propext
REFINEMENT_THEOREM RiscvRefinement.Opcodes.MulRefinement.stateConsume
REFINEMENT_AXIOM RiscvRefinement.Opcodes.MulRefinement.stateConsume propext
REFINEMENT_THEOREM RiscvRefinement.Air.Bridge.BaseAluImm.exampleAdmission
REFINEMENT_THEOREM RiscvRefinement.Air.Bridge.Jalr.ExactLookups.destinationClock
REFINEMENT_AXIOM RiscvRefinement.Air.Bridge.Jalr.ExactLookups.destinationClock propext
REFINEMENT_AXIOM RiscvRefinement.Air.Bridge.Jalr.ExactLookups.destinationClock Quot.sound
REFINEMENT_THEOREM RiscvRefinement.Opcodes.rem_conclusion_sound
REFINEMENT_AXIOM RiscvRefinement.Opcodes.rem_conclusion_sound propext
REFINEMENT_AXIOM RiscvRefinement.Opcodes.rem_conclusion_sound Quot.sound
REFINEMENT_AXIOM RiscvRefinement.Opcodes.rem_conclusion_sound Classical.choice
REFINEMENT_THEOREM RiscvRefinement.Opcodes.Auipc.auipcX0Exists
REFINEMENT_AXIOM RiscvRefinement.Opcodes.Auipc.auipcX0Exists propext
REFINEMENT_AXIOM RiscvRefinement.Opcodes.Auipc.auipcX0Exists Quot.sound
REFINEMENT_THEOREM RiscvRefinement.Air.Bridge.BaseAluImm.ProductionRefinement.immediateRange
REFINEMENT_AXIOM RiscvRefinement.Air.Bridge.BaseAluImm.ProductionRefinement.immediateRange propext
REFINEMENT_AXIOM RiscvRefinement.Air.Bridge.BaseAluImm.ProductionRefinement.immediateRange Quot.sound
REFINEMENT_THEOREM RiscvRefinement.Sail.Reviewed.executeDivision_no_memory
REFINEMENT_THEOREM RiscvRefinement.Opcodes.multiplyExtendedSignExtend
REFINEMENT_AXIOM RiscvRefinement.Opcodes.multiplyExtendedSignExtend propext
REFINEMENT_AXIOM RiscvRefinement.Opcodes.multiplyExtendedSignExtend Quot.sound
REFINEMENT_AXIOM RiscvRefinement.Opcodes.multiplyExtendedSignExtend Classical.choice
REFINEMENT_THEOREM RiscvRefinement.Opcodes.StoreMutation.StoreHoldsWithoutByteStoreSelect.signWitnessCanonical
REFINEMENT_AXIOM RiscvRefinement.Opcodes.StoreMutation.StoreHoldsWithoutByteStoreSelect.signWitnessCanonical propext
REFINEMENT_THEOREM RiscvRefinement.Opcodes.DivHoldsWithoutProductRecurrence.specialExclusive
REFINEMENT_THEOREM RiscvRefinement.Opcodes.LoadStoreHoldsWithoutHalfShiftId.byteLoadSelect
REFINEMENT_AXIOM RiscvRefinement.Opcodes.LoadStoreHoldsWithoutHalfShiftId.byteLoadSelect propext
REFINEMENT_THEOREM RiscvRefinement.M31.reduce_eq_zero_of_lt
REFINEMENT_AXIOM RiscvRefinement.M31.reduce_eq_zero_of_lt propext
REFINEMENT_THEOREM RiscvRefinement.Air.Family.LoadStoreHolds.alignedQuarterRange
REFINEMENT_AXIOM RiscvRefinement.Air.Family.LoadStoreHolds.alignedQuarterRange propext
REFINEMENT_THEOREM RiscvRefinement.Publication.TeamB.Multiply.Admission.clockBound
REFINEMENT_THEOREM RiscvRefinement.Publication.TeamB.MulhDiv.Division.FixedBounds.carry4Bound
REFINEMENT_THEOREM RiscvRefinement.Opcodes.ShiftHoldsWithoutRightLowByte.carry3Range
REFINEMENT_THEOREM RiscvRefinement.M31.sub_eq_zero_iff
REFINEMENT_AXIOM RiscvRefinement.M31.sub_eq_zero_iff propext
REFINEMENT_AXIOM RiscvRefinement.M31.sub_eq_zero_iff Quot.sound
REFINEMENT_THEOREM RiscvRefinement.Opcodes.ByteLoadMutation.ByteLoadHoldsWithoutByteLoadExtension.halfMarkerSum
REFINEMENT_AXIOM RiscvRefinement.Opcodes.ByteLoadMutation.ByteLoadHoldsWithoutByteLoadExtension.halfMarkerSum propext
REFINEMENT_THEOREM RiscvRefinement.Opcodes.store_no_write
REFINEMENT_AXIOM RiscvRefinement.Opcodes.store_no_write propext
REFINEMENT_THEOREM RiscvRefinement.Opcodes.BaseAluMutation.Reg.original_sound
REFINEMENT_AXIOM RiscvRefinement.Opcodes.BaseAluMutation.Reg.original_sound propext
REFINEMENT_AXIOM RiscvRefinement.Opcodes.BaseAluMutation.Reg.original_sound Quot.sound
REFINEMENT_THEOREM RiscvRefinement.Air.Bridge.Jalr.AirEquations.source2
REFINEMENT_AXIOM RiscvRefinement.Air.Bridge.Jalr.AirEquations.source2 propext
REFINEMENT_THEOREM RiscvRefinement.Air.Bridge.Jal.exampleAcceptance
REFINEMENT_AXIOM RiscvRefinement.Air.Bridge.Jal.exampleAcceptance propext
REFINEMENT_AXIOM RiscvRefinement.Air.Bridge.Jal.exampleAcceptance Quot.sound
REFINEMENT_THEOREM RiscvRefinement.Opcodes.LoadStoreHoldsWithoutByteSignWitness.wordLoad
REFINEMENT_AXIOM RiscvRefinement.Opcodes.LoadStoreHoldsWithoutByteSignWitness.wordLoad propext
REFINEMENT_THEOREM RiscvRefinement.Opcodes.DivHoldsWithoutProductRecurrence.scanEqual0
REFINEMENT_THEOREM RiscvRefinement.Publication.TeamB.MulhDiv.Division.ExactFixedProjection.carry7
REFINEMENT_AXIOM RiscvRefinement.Publication.TeamB.MulhDiv.Division.ExactFixedProjection.carry7 propext
REFINEMENT_AXIOM RiscvRefinement.Publication.TeamB.MulhDiv.Division.ExactFixedProjection.carry7 Quot.sound
REFINEMENT_THEOREM RiscvRefinement.Opcodes.LoadMutationWord.HoldsWithoutWordLoad.byteLoadSelect
REFINEMENT_AXIOM RiscvRefinement.Opcodes.LoadMutationWord.HoldsWithoutWordLoad.byteLoadSelect propext
REFINEMENT_THEOREM RiscvRefinement.Air.Bridge.Auipc.destinationClockGapBound_of_fixedLookups
REFINEMENT_AXIOM RiscvRefinement.Air.Bridge.Auipc.destinationClockGapBound_of_fixedLookups propext
REFINEMENT_AXIOM RiscvRefinement.Air.Bridge.Auipc.destinationClockGapBound_of_fixedLookups Quot.sound
REFINEMENT_THEOREM RiscvRefinement.Sail.Reviewed.executeDivu_zero_divisor
REFINEMENT_AXIOM RiscvRefinement.Sail.Reviewed.executeDivu_zero_divisor propext
REFINEMENT_THEOREM RiscvRefinement.Opcodes.LoadMutationWord.HoldsWithoutHalfLoadExtension.wordShiftAmount
REFINEMENT_AXIOM RiscvRefinement.Opcodes.LoadMutationWord.HoldsWithoutHalfLoadExtension.wordShiftAmount propext
REFINEMENT_THEOREM RiscvRefinement.Opcodes.BaseAluImm.ori_exactLookupProjection
REFINEMENT_AXIOM RiscvRefinement.Opcodes.BaseAluImm.ori_exactLookupProjection propext
REFINEMENT_AXIOM RiscvRefinement.Opcodes.BaseAluImm.ori_exactLookupProjection Quot.sound
REFINEMENT_THEOREM RiscvRefinement.Publication.TeamB.MulhDiv.Division.node119
REFINEMENT_AXIOM RiscvRefinement.Publication.TeamB.MulhDiv.Division.node119 propext
REFINEMENT_AXIOM RiscvRefinement.Publication.TeamB.MulhDiv.Division.node119 Quot.sound
REFINEMENT_THEOREM RiscvRefinement.Opcodes.lui_destination_from_constraints
REFINEMENT_AXIOM RiscvRefinement.Opcodes.lui_destination_from_constraints propext
REFINEMENT_AXIOM RiscvRefinement.Opcodes.lui_destination_from_constraints Quot.sound
REFINEMENT_THEOREM RiscvRefinement.Opcodes.loadStoreHolds_weakens_byteSignWitness
REFINEMENT_AXIOM RiscvRefinement.Opcodes.loadStoreHolds_weakens_byteSignWitness propext
REFINEMENT_THEOREM RiscvRefinement.Publication.TeamB.MulhDiv.Division.node69
REFINEMENT_AXIOM RiscvRefinement.Publication.TeamB.MulhDiv.Division.node69 propext
REFINEMENT_AXIOM RiscvRefinement.Publication.TeamB.MulhDiv.Division.node69 Quot.sound
REFINEMENT_THEOREM RiscvRefinement.Air.Bridge.Fence.Admission.clockBound
REFINEMENT_THEOREM RiscvRefinement.Publication.TeamB.MulhDiv.HighMultiply.FixedConsequences.carry4Bound
REFINEMENT_THEOREM RiscvRefinement.Air.Family.div_source_two_word
REFINEMENT_AXIOM RiscvRefinement.Air.Family.div_source_two_word propext
REFINEMENT_THEOREM RiscvRefinement.Publication.TeamB.MulhDiv.Division.DirectEquationsH.sourceTwo1
REFINEMENT_THEOREM RiscvRefinement.Publication.TeamB.LoadStore.Admission.clockBound
REFINEMENT_THEOREM RiscvRefinement.Air.Bridge.Jal.resultValueBound_of_fixedLookups
REFINEMENT_AXIOM RiscvRefinement.Air.Bridge.Jal.resultValueBound_of_fixedLookups propext
REFINEMENT_AXIOM RiscvRefinement.Air.Bridge.Jal.resultValueBound_of_fixedLookups Quot.sound
REFINEMENT_THEOREM RiscvRefinement.Opcodes.mulhu_conclusion_sound
REFINEMENT_AXIOM RiscvRefinement.Opcodes.mulhu_conclusion_sound propext
REFINEMENT_AXIOM RiscvRefinement.Opcodes.mulhu_conclusion_sound Quot.sound
REFINEMENT_THEOREM RiscvRefinement.Opcodes.mulhuFreeHighLimbRow_refutes
REFINEMENT_AXIOM RiscvRefinement.Opcodes.mulhuFreeHighLimbRow_refutes propext
REFINEMENT_THEOREM RiscvRefinement.Opcodes.LoadMutationWord.lhu_half_selection_is_load_bearing
REFINEMENT_AXIOM RiscvRefinement.Opcodes.LoadMutationWord.lhu_half_selection_is_load_bearing propext
REFINEMENT_AXIOM RiscvRefinement.Opcodes.LoadMutationWord.lhu_half_selection_is_load_bearing Quot.sound
REFINEMENT_THEOREM RiscvRefinement.Opcodes.ByteLoadMutation.ByteLoadHoldsWithoutByteLoadSelect.halfMarkerSum
REFINEMENT_AXIOM RiscvRefinement.Opcodes.ByteLoadMutation.ByteLoadHoldsWithoutByteLoadSelect.halfMarkerSum propext
REFINEMENT_THEOREM RiscvRefinement.Opcodes.StoreMutation.StoreHoldsWithoutWordStore.baseReadOnly
REFINEMENT_AXIOM RiscvRefinement.Opcodes.StoreMutation.StoreHoldsWithoutWordStore.baseReadOnly propext
REFINEMENT_THEOREM RiscvRefinement.Air.Generated.Programs.lhSymbolicCertificate
REFINEMENT_AXIOM RiscvRefinement.Air.Generated.Programs.lhSymbolicCertificate propext
REFINEMENT_AXIOM RiscvRefinement.Air.Generated.Programs.lhSymbolicCertificate Quot.sound
REFINEMENT_THEOREM RiscvRefinement.Opcodes.ShiftsRegHoldsWithoutSignUpperBound.clockPositive
REFINEMENT_THEOREM RiscvRefinement.Opcodes.LoadStoreHoldsWithoutWordLoad.immFeltRange
REFINEMENT_AXIOM RiscvRefinement.Opcodes.LoadStoreHoldsWithoutWordLoad.immFeltRange propext
REFINEMENT_THEOREM RiscvRefinement.Opcodes.MulRefinement.sourceTwoConsume
REFINEMENT_AXIOM RiscvRefinement.Opcodes.MulRefinement.sourceTwoConsume propext
REFINEMENT_THEOREM RiscvRefinement.Air.Bridge.Auipc.pcM31RequestHolds
REFINEMENT_AXIOM RiscvRefinement.Air.Bridge.Auipc.pcM31RequestHolds propext
REFINEMENT_AXIOM RiscvRefinement.Air.Bridge.Auipc.pcM31RequestHolds Quot.sound
REFINEMENT_THEOREM RiscvRefinement.Air.Bridge.Auipc.exactProgramIdentity
REFINEMENT_THEOREM RiscvRefinement.Opcodes.ByteLoadMutation.ByteLoadHoldsWithoutByteLoadExtension.wordStore
REFINEMENT_AXIOM RiscvRefinement.Opcodes.ByteLoadMutation.ByteLoadHoldsWithoutByteLoadExtension.wordStore propext
REFINEMENT_THEOREM RiscvRefinement.Opcodes.ByteLoadMutation.lbWrongByteRow_satisfies
REFINEMENT_AXIOM RiscvRefinement.Opcodes.ByteLoadMutation.lbWrongByteRow_satisfies propext
REFINEMENT_THEOREM RiscvRefinement.Opcodes.load_destination_value
REFINEMENT_AXIOM RiscvRefinement.Opcodes.load_destination_value propext
REFINEMENT_THEOREM RiscvRefinement.Opcodes.DivHoldsWithoutDestinationLimb0.sourceOneLimb3
REFINEMENT_THEOREM RiscvRefinement.Air.Generated.LuiHolds.destinationLimb3
REFINEMENT_AXIOM RiscvRefinement.Air.Generated.LuiHolds.destinationLimb3 propext
REFINEMENT_AXIOM RiscvRefinement.Air.Generated.LuiHolds.destinationLimb3 Quot.sound
REFINEMENT_THEOREM RiscvRefinement.Air.Bridge.Jalr.Admission.destinationPreviousBound
REFINEMENT_THEOREM RiscvRefinement.Opcodes.ByteLoadMutation.lbZeroExtendedByteRow_refutes
REFINEMENT_AXIOM RiscvRefinement.Opcodes.ByteLoadMutation.lbZeroExtendedByteRow_refutes propext
REFINEMENT_THEOREM RiscvRefinement.Opcodes.LoadStoreHoldsWithoutHalfLoadHigh.halfShiftAmount
REFINEMENT_AXIOM RiscvRefinement.Opcodes.LoadStoreHoldsWithoutHalfLoadHigh.halfShiftAmount propext
REFINEMENT_THEOREM RiscvRefinement.toNat_append_arith
REFINEMENT_AXIOM RiscvRefinement.toNat_append_arith propext
REFINEMENT_AXIOM RiscvRefinement.toNat_append_arith Quot.sound
REFINEMENT_THEOREM RiscvRefinement.Opcodes.DivHoldsWithoutNegationRecurrence.zeroDivisorQuotient0
REFINEMENT_THEOREM RiscvRefinement.Opcodes.srlFreeLowByteRow_not_sound
REFINEMENT_AXIOM RiscvRefinement.Opcodes.srlFreeLowByteRow_not_sound propext
REFINEMENT_AXIOM RiscvRefinement.Opcodes.srlFreeLowByteRow_not_sound Quot.sound
REFINEMENT_THEOREM RiscvRefinement.Opcodes.DivHoldsWithoutZeroDivisorQuotient0.sourceTwoLimb3
REFINEMENT_THEOREM RiscvRefinement.Air.Bridge.BaseAluReg.bitwiseResultBytes
REFINEMENT_AXIOM RiscvRefinement.Air.Bridge.BaseAluReg.bitwiseResultBytes propext
REFINEMENT_AXIOM RiscvRefinement.Air.Bridge.BaseAluReg.bitwiseResultBytes Quot.sound
REFINEMENT_THEOREM RiscvRefinement.Publication.TeamB.MulhDiv.HighMultiply.Admission.sourceOnePreviousBound
REFINEMENT_THEOREM RiscvRefinement.Opcodes.StoreMutation.StoreHoldsWithoutPartialStorePreserve.destinationFlag
REFINEMENT_AXIOM RiscvRefinement.Opcodes.StoreMutation.StoreHoldsWithoutPartialStorePreserve.destinationFlag propext
REFINEMENT_THEOREM RiscvRefinement.Opcodes.DivHoldsWithoutDestinationLimb0.nextPcResult
REFINEMENT_THEOREM RiscvRefinement.Air.Bridge.LtReg.ComparatorContract.right1Bound
REFINEMENT_THEOREM RiscvRefinement.Air.Bridge.Jal.Admission.clockBound
REFINEMENT_AXIOM RiscvRefinement.Air.Bridge.Jal.Admission.clockBound propext
REFINEMENT_AXIOM RiscvRefinement.Air.Bridge.Jal.Admission.clockBound Quot.sound
REFINEMENT_THEOREM RiscvRefinement.Air.Bridge.Jalr.ExactLookups.sourceConsume
REFINEMENT_AXIOM RiscvRefinement.Air.Bridge.Jalr.ExactLookups.sourceConsume propext
REFINEMENT_AXIOM RiscvRefinement.Air.Bridge.Jalr.ExactLookups.sourceConsume Quot.sound
REFINEMENT_THEOREM RiscvRefinement.Opcodes.ByteLoadMutation.byte_load_mutation_witness_selectors
REFINEMENT_AXIOM RiscvRefinement.Opcodes.ByteLoadMutation.byte_load_mutation_witness_selectors propext
REFINEMENT_THEOREM RiscvRefinement.Air.Bridge.LtReg.unsignedX0Nonvacuous
REFINEMENT_AXIOM RiscvRefinement.Air.Bridge.LtReg.unsignedX0Nonvacuous propext
REFINEMENT_AXIOM RiscvRefinement.Air.Bridge.LtReg.unsignedX0Nonvacuous Quot.sound
REFINEMENT_THEOREM RiscvRefinement.Air.Family.mulhLowWord
REFINEMENT_AXIOM RiscvRefinement.Air.Family.mulhLowWord propext
REFINEMENT_AXIOM RiscvRefinement.Air.Family.mulhLowWord Quot.sound
REFINEMENT_THEOREM RiscvRefinement.Air.Bridge.Jalr.AirEquations.enablerOne
REFINEMENT_AXIOM RiscvRefinement.Air.Bridge.Jalr.AirEquations.enablerOne propext
REFINEMENT_THEOREM RiscvRefinement.Opcodes.ShiftHoldsWithoutLeftLowByte.destinationLimb3
REFINEMENT_THEOREM RiscvRefinement.Opcodes.ByteLoadMutation.ByteLoadHoldsWithoutByteLoadExtension.halfLoadExtension
REFINEMENT_AXIOM RiscvRefinement.Opcodes.ByteLoadMutation.ByteLoadHoldsWithoutByteLoadExtension.halfLoadExtension propext
REFINEMENT_THEOREM RiscvRefinement.Opcodes.DivHoldsWithoutSignXorDefinition.sourceTwoLimb1
REFINEMENT_THEOREM RiscvRefinement.Opcodes.divu_divisor_sign_is_load_bearing
REFINEMENT_AXIOM RiscvRefinement.Opcodes.divu_divisor_sign_is_load_bearing propext
REFINEMENT_AXIOM RiscvRefinement.Opcodes.divu_divisor_sign_is_load_bearing Quot.sound
REFINEMENT_AXIOM RiscvRefinement.Opcodes.divu_divisor_sign_is_load_bearing Classical.choice
REFINEMENT_THEOREM RiscvRefinement.Opcodes.DivHoldsWithoutZeroDivisorQuotient0.scanEqual2
REFINEMENT_THEOREM RiscvRefinement.Air.Family.div_source_one_word
REFINEMENT_AXIOM RiscvRefinement.Air.Family.div_source_one_word propext
REFINEMENT_THEOREM RiscvRefinement.Publication.TeamB.MulhDiv.Division.byteEq255OfField
REFINEMENT_AXIOM RiscvRefinement.Publication.TeamB.MulhDiv.Division.byteEq255OfField propext
REFINEMENT_AXIOM RiscvRefinement.Publication.TeamB.MulhDiv.Division.byteEq255OfField Quot.sound
REFINEMENT_THEOREM RiscvRefinement.Publication.TeamB.MulhDiv.Division.FixedRequests.carry1
REFINEMENT_AXIOM RiscvRefinement.Publication.TeamB.MulhDiv.Division.FixedRequests.carry1 propext
REFINEMENT_AXIOM RiscvRefinement.Publication.TeamB.MulhDiv.Division.FixedRequests.carry1 Quot.sound
REFINEMENT_THEOREM RiscvRefinement.Opcodes.DivHoldsWithoutProductRecurrence.clockPositive
REFINEMENT_THEOREM RiscvRefinement.Opcodes.slli_exists
REFINEMENT_AXIOM RiscvRefinement.Opcodes.slli_exists propext
REFINEMENT_AXIOM RiscvRefinement.Opcodes.slli_exists Quot.sound
REFINEMENT_AXIOM RiscvRefinement.Opcodes.slli_exists Classical.choice
REFINEMENT_THEOREM RiscvRefinement.Opcodes.StoreMutation.StoreHoldsWithoutHalfStoreHigh.byteLoadSelect
REFINEMENT_AXIOM RiscvRefinement.Opcodes.StoreMutation.StoreHoldsWithoutHalfStoreHigh.byteLoadSelect propext
REFINEMENT_THEOREM RiscvRefinement.Air.Bridge.Jalr.zeroDestinationAdmission
REFINEMENT_THEOREM RiscvRefinement.Opcodes.LoadStoreHoldsWithoutPartialStorePreserve.selectorSum
REFINEMENT_AXIOM RiscvRefinement.Opcodes.LoadStoreHoldsWithoutPartialStorePreserve.selectorSum propext
REFINEMENT_THEOREM RiscvRefinement.Air.Family.shift_left_word
REFINEMENT_AXIOM RiscvRefinement.Air.Family.shift_left_word propext
REFINEMENT_AXIOM RiscvRefinement.Air.Family.shift_left_word Quot.sound
REFINEMENT_THEOREM RiscvRefinement.Opcodes.MulhHoldsWithoutProductLimb4.destinationLimb3
REFINEMENT_THEOREM RiscvRefinement.Publication.TeamB.MulhDiv.HighMultiply.mulh_selectorAdmission
REFINEMENT_AXIOM RiscvRefinement.Publication.TeamB.MulhDiv.HighMultiply.mulh_selectorAdmission propext
REFINEMENT_AXIOM RiscvRefinement.Publication.TeamB.MulhDiv.HighMultiply.mulh_selectorAdmission Quot.sound
REFINEMENT_THEOREM RiscvRefinement.Publication.TeamB.LoadStore.Admission.clockPositive
REFINEMENT_THEOREM RiscvRefinement.Publication.TeamB.LoadStore.DirectEquations.base3
REFINEMENT_THEOREM RiscvRefinement.Opcodes.BaseAluMutation.Imm.xori_mutation
REFINEMENT_AXIOM RiscvRefinement.Opcodes.BaseAluMutation.Imm.xori_mutation propext
REFINEMENT_AXIOM RiscvRefinement.Opcodes.BaseAluMutation.Imm.xori_mutation Quot.sound
REFINEMENT_THEOREM RiscvRefinement.Arith.divideUnsigned_high_bit
REFINEMENT_THEOREM RiscvRefinement.Opcodes.StoreMutation.StoreHoldsWithoutHalfStoreHigh.halfMarkerSum
REFINEMENT_AXIOM RiscvRefinement.Opcodes.StoreMutation.StoreHoldsWithoutHalfStoreHigh.halfMarkerSum propext
REFINEMENT_THEOREM RiscvRefinement.Opcodes.MulhHoldsWithoutProductLimb4.destinationLimb0
REFINEMENT_THEOREM RiscvRefinement.Opcodes.LuiRefinement.decode
REFINEMENT_AXIOM RiscvRefinement.Opcodes.LuiRefinement.decode propext
REFINEMENT_AXIOM RiscvRefinement.Opcodes.LuiRefinement.decode Quot.sound
REFINEMENT_THEOREM RiscvRefinement.Opcodes.DivHoldsWithoutSignXorDefinition.nextPcResult
REFINEMENT_THEOREM RiscvRefinement.Opcodes.DivHoldsWithoutSignXorDefinition.quotientSignMatches
REFINEMENT_THEOREM RiscvRefinement.Opcodes.LoadStoreHoldsWithoutHalfLoadHigh.baseHighLimbRange
REFINEMENT_AXIOM RiscvRefinement.Opcodes.LoadStoreHoldsWithoutHalfLoadHigh.baseHighLimbRange propext
REFINEMENT_THEOREM RiscvRefinement.Opcodes.AddiEnvironment.wordBinds
REFINEMENT_AXIOM RiscvRefinement.Opcodes.AddiEnvironment.wordBinds propext
REFINEMENT_AXIOM RiscvRefinement.Opcodes.AddiEnvironment.wordBinds Quot.sound
REFINEMENT_THEOREM RiscvRefinement.Opcodes.MulhHoldsWithoutSourceTwoSignBinding.destinationClock
REFINEMENT_THEOREM RiscvRefinement.Air.Bridge.BaseAluReg.ProductionRefinement.destinationEmit
REFINEMENT_AXIOM RiscvRefinement.Air.Bridge.BaseAluReg.ProductionRefinement.destinationEmit propext
REFINEMENT_AXIOM RiscvRefinement.Air.Bridge.BaseAluReg.ProductionRefinement.destinationEmit Quot.sound
REFINEMENT_THEOREM RiscvRefinement.Opcodes.LoadStoreHoldsWithoutPartialStorePreserve.nextPcResult
REFINEMENT_AXIOM RiscvRefinement.Opcodes.LoadStoreHoldsWithoutPartialStorePreserve.nextPcResult propext
REFINEMENT_THEOREM RiscvRefinement.Opcodes.DivHoldsWithoutDividendSignBit.remainderZeroLimb3
REFINEMENT_THEOREM RiscvRefinement.Opcodes.StoreMutation.StoreHoldsWithoutHalfStoreHigh.halfShiftId
REFINEMENT_AXIOM RiscvRefinement.Opcodes.StoreMutation.StoreHoldsWithoutHalfStoreHigh.halfShiftId propext
REFINEMENT_THEOREM RiscvRefinement.M31.one_mul
REFINEMENT_AXIOM RiscvRefinement.M31.one_mul propext
REFINEMENT_THEOREM RiscvRefinement.Air.Family.MulHolds.productLimb1
REFINEMENT_THEOREM RiscvRefinement.Air.Bridge.BaseAluReg.addCarryRecurrence
REFINEMENT_AXIOM RiscvRefinement.Air.Bridge.BaseAluReg.addCarryRecurrence propext
REFINEMENT_AXIOM RiscvRefinement.Air.Bridge.BaseAluReg.addCarryRecurrence Quot.sound
REFINEMENT_THEOREM RiscvRefinement.Opcodes.DivHoldsWithoutScanTotal.remainderZeroLimb2
REFINEMENT_THEOREM RiscvRefinement.Air.Bridge.Jalr.AirEquations.destinationZero
REFINEMENT_AXIOM RiscvRefinement.Air.Bridge.Jalr.AirEquations.destinationZero propext
REFINEMENT_THEOREM RiscvRefinement.Publication.TeamB.MulhDiv.Division.ExactTupleProjection.stateConsume
REFINEMENT_AXIOM RiscvRefinement.Publication.TeamB.MulhDiv.Division.ExactTupleProjection.stateConsume propext
REFINEMENT_AXIOM RiscvRefinement.Publication.TeamB.MulhDiv.Division.ExactTupleProjection.stateConsume Quot.sound
REFINEMENT_THEOREM RiscvRefinement.Opcodes.honestMulhsuRow_holds
REFINEMENT_AXIOM RiscvRefinement.Opcodes.honestMulhsuRow_holds propext
REFINEMENT_THEOREM RiscvRefinement.Opcodes.ShiftHoldsWithoutLeftLowByte.bitIndexRange
REFINEMENT_THEOREM RiscvRefinement.Publication.TeamB.LoadStore.DirectEquations.byteLoad3
REFINEMENT_THEOREM RiscvRefinement.Air.Bridge.LtImm.generatedEventOrder
REFINEMENT_THEOREM RiscvRefinement.Air.Family.LoadStoreHolds.destinationFlag
REFINEMENT_AXIOM RiscvRefinement.Air.Family.LoadStoreHolds.destinationFlag propext
REFINEMENT_THEOREM RiscvRefinement.Publication.TeamB.LoadStore.DirectEquations.base1
REFINEMENT_THEOREM RiscvRefinement.Opcodes.ShiftsRegHoldsWithoutShiftAmountBinds.secondSourceReadOnly
REFINEMENT_THEOREM RiscvRefinement.Publication.TeamB.MulhDiv.Division.FixedBounds.destinationGap
REFINEMENT_THEOREM RiscvRefinement.Opcodes.DivHoldsWithoutUnsignedDivisorSign.clockPositive
REFINEMENT_THEOREM RiscvRefinement.Opcodes.LoadRefinement.baseConsume
REFINEMENT_AXIOM RiscvRefinement.Opcodes.LoadRefinement.baseConsume propext
REFINEMENT_AXIOM RiscvRefinement.Opcodes.LoadRefinement.baseConsume Quot.sound
REFINEMENT_THEOREM RiscvRefinement.Opcodes.DivHoldsWithoutZeroDivisorQuotient0.productRecurrence
REFINEMENT_THEOREM RiscvRefinement.Opcodes.BaseAluMutation.Reg.xor_mutation
REFINEMENT_AXIOM RiscvRefinement.Opcodes.BaseAluMutation.Reg.xor_mutation propext
REFINEMENT_AXIOM RiscvRefinement.Opcodes.BaseAluMutation.Reg.xor_mutation Quot.sound
REFINEMENT_THEOREM RiscvRefinement.Publication.TeamB.LoadStore.DirectEquations.destinationInverse
REFINEMENT_THEOREM RiscvRefinement.Opcodes.SelectorNonVacuity.srliShiftRow_holds
REFINEMENT_AXIOM RiscvRefinement.Opcodes.SelectorNonVacuity.srliShiftRow_holds propext
REFINEMENT_THEOREM RiscvRefinement.Publication.TeamB.LoadStore.PublicationResult.exactOrderedTuples
REFINEMENT_AXIOM RiscvRefinement.Publication.TeamB.LoadStore.PublicationResult.exactOrderedTuples propext
REFINEMENT_AXIOM RiscvRefinement.Publication.TeamB.LoadStore.PublicationResult.exactOrderedTuples Quot.sound
REFINEMENT_THEOREM RiscvRefinement.Opcodes.DivHoldsWithoutProductRecurrence.zeroDivisorLimb0
REFINEMENT_THEOREM RiscvRefinement.Opcodes.DivHoldsWithoutDividendSignBit.negationRecurrence
REFINEMENT_THEOREM RiscvRefinement.Opcodes.shiftsRegHolds_weakens_leftLowByte
REFINEMENT_THEOREM RiscvRefinement.Air.Bridge.Auipc.ProductionRefinement.immediateSign
REFINEMENT_AXIOM RiscvRefinement.Air.Bridge.Auipc.ProductionRefinement.immediateSign propext
REFINEMENT_AXIOM RiscvRefinement.Air.Bridge.Auipc.ProductionRefinement.immediateSign Quot.sound
REFINEMENT_THEOREM RiscvRefinement.Opcodes.ByteLoadMutation.byteLoadHolds_weakens_byteSignWitness
REFINEMENT_AXIOM RiscvRefinement.Opcodes.ByteLoadMutation.byteLoadHolds_weakens_byteSignWitness propext
REFINEMENT_THEOREM RiscvRefinement.Air.Bridge.LtImm.Admission.clockBound
REFINEMENT_THEOREM RiscvRefinement.Air.Bridge.selectorOpcode
REFINEMENT_THEOREM RiscvRefinement.Opcodes.LoadStoreHoldsWithoutHalfLoadHigh.halfStoreLow
REFINEMENT_AXIOM RiscvRefinement.Opcodes.LoadStoreHoldsWithoutHalfLoadHigh.halfStoreLow propext
REFINEMENT_THEOREM RiscvRefinement.Opcodes.StoreMutation.sh_half_store_sound
REFINEMENT_AXIOM RiscvRefinement.Opcodes.StoreMutation.sh_half_store_sound propext
REFINEMENT_AXIOM RiscvRefinement.Opcodes.StoreMutation.sh_half_store_sound Quot.sound
REFINEMENT_THEOREM RiscvRefinement.Opcodes.DivHoldsWithoutNegationRecurrence.remainderZeroLimb0
REFINEMENT_THEOREM RiscvRefinement.Publication.TeamB.LoadStore.DirectEquations.preserve3
REFINEMENT_THEOREM RiscvRefinement.Opcodes.divWitnessHighBitUnsigned_quotient
REFINEMENT_THEOREM RiscvRefinement.Air.Bridge.Addi.destinationClockRequestHolds_iff
REFINEMENT_AXIOM RiscvRefinement.Air.Bridge.Addi.destinationClockRequestHolds_iff propext
REFINEMENT_AXIOM RiscvRefinement.Air.Bridge.Addi.destinationClockRequestHolds_iff Quot.sound
REFINEMENT_THEOREM RiscvRefinement.Opcodes.LtMutation.Reg.slt_wrongManifest_refutes
REFINEMENT_AXIOM RiscvRefinement.Opcodes.LtMutation.Reg.slt_wrongManifest_refutes propext
REFINEMENT_AXIOM RiscvRefinement.Opcodes.LtMutation.Reg.slt_wrongManifest_refutes Quot.sound
REFINEMENT_THEOREM RiscvRefinement.Air.Family.LoadStoreAddressRange.quarter_decomposition
REFINEMENT_AXIOM RiscvRefinement.Air.Family.LoadStoreAddressRange.quarter_decomposition propext
REFINEMENT_AXIOM RiscvRefinement.Air.Family.LoadStoreAddressRange.quarter_decomposition Quot.sound
REFINEMENT_THEOREM RiscvRefinement.Publication.TeamB.MulhDiv.HighMultiply.ExactTupleProjection.destinationEmit
REFINEMENT_AXIOM RiscvRefinement.Publication.TeamB.MulhDiv.HighMultiply.ExactTupleProjection.destinationEmit propext
REFINEMENT_AXIOM RiscvRefinement.Publication.TeamB.MulhDiv.HighMultiply.ExactTupleProjection.destinationEmit Quot.sound
REFINEMENT_THEOREM RiscvRefinement.Publication.TeamB.MulhDiv.HighMultiply.mulhsu_accepted_air_implies_retirement
REFINEMENT_AXIOM RiscvRefinement.Publication.TeamB.MulhDiv.HighMultiply.mulhsu_accepted_air_implies_retirement propext
REFINEMENT_AXIOM RiscvRefinement.Publication.TeamB.MulhDiv.HighMultiply.mulhsu_accepted_air_implies_retirement Quot.sound
REFINEMENT_AXIOM RiscvRefinement.Publication.TeamB.MulhDiv.HighMultiply.mulhsu_accepted_air_implies_retirement Classical.choice
REFINEMENT_THEOREM RiscvRefinement.WordBytes.word_toNat
REFINEMENT_AXIOM RiscvRefinement.WordBytes.word_toNat propext
REFINEMENT_AXIOM RiscvRefinement.WordBytes.word_toNat Quot.sound
REFINEMENT_THEOREM RiscvRefinement.Opcodes.LoadStoreHoldsWithoutPartialStorePreserve.halfStoreLow
REFINEMENT_AXIOM RiscvRefinement.Opcodes.LoadStoreHoldsWithoutPartialStorePreserve.halfStoreLow propext
REFINEMENT_THEOREM RiscvRefinement.Opcodes.Lt.Imm.Refinement.decode
REFINEMENT_AXIOM RiscvRefinement.Opcodes.Lt.Imm.Refinement.decode propext
REFINEMENT_AXIOM RiscvRefinement.Opcodes.Lt.Imm.Refinement.decode Quot.sound
REFINEMENT_THEOREM RiscvRefinement.Opcodes.LoadMutationWord.HoldsWithoutHalfLoadExtension.baseReadOnly
REFINEMENT_AXIOM RiscvRefinement.Opcodes.LoadMutationWord.HoldsWithoutHalfLoadExtension.baseReadOnly propext
REFINEMENT_THEOREM RiscvRefinement.Decode.comparison_selectors_pairwise_disjoint
REFINEMENT_AXIOM RiscvRefinement.Decode.comparison_selectors_pairwise_disjoint propext
REFINEMENT_THEOREM RiscvRefinement.Publication.TeamB.MulhDiv.Division.carrySixProjectionAt
REFINEMENT_AXIOM RiscvRefinement.Publication.TeamB.MulhDiv.Division.carrySixProjectionAt propext
REFINEMENT_AXIOM RiscvRefinement.Publication.TeamB.MulhDiv.Division.carrySixProjectionAt Quot.sound
REFINEMENT_THEOREM RiscvRefinement.Publication.TeamB.Multiply.ExactFixedProjection.destinationClock
REFINEMENT_AXIOM RiscvRefinement.Publication.TeamB.Multiply.ExactFixedProjection.destinationClock propext
REFINEMENT_AXIOM RiscvRefinement.Publication.TeamB.Multiply.ExactFixedProjection.destinationClock Quot.sound
REFINEMENT_THEOREM RiscvRefinement.Air.Family.shift_amount_lt_32
REFINEMENT_AXIOM RiscvRefinement.Air.Family.shift_amount_lt_32 propext
REFINEMENT_AXIOM RiscvRefinement.Air.Family.shift_amount_lt_32 Quot.sound
REFINEMENT_THEOREM RiscvRefinement.Air.Bridge.BaseAluImm.Admission.clockBound
REFINEMENT_THEOREM RiscvRefinement.Air.Bridge.Lui.constraintsHoldExceptLowLimb_eq
REFINEMENT_AXIOM RiscvRefinement.Air.Bridge.Lui.constraintsHoldExceptLowLimb_eq propext
REFINEMENT_AXIOM RiscvRefinement.Air.Bridge.Lui.constraintsHoldExceptLowLimb_eq Quot.sound
REFINEMENT_THEOREM RiscvRefinement.Opcodes.DivHoldsWithoutDividendSignBit.remainderZeroLimb1
REFINEMENT_THEOREM RiscvRefinement.Opcodes.Lt.Reg.Refinement.decode
REFINEMENT_AXIOM RiscvRefinement.Opcodes.Lt.Reg.Refinement.decode propext
REFINEMENT_AXIOM RiscvRefinement.Opcodes.Lt.Reg.Refinement.decode Quot.sound
REFINEMENT_THEOREM RiscvRefinement.Decode.encode_lb_is_canonical
REFINEMENT_AXIOM RiscvRefinement.Decode.encode_lb_is_canonical propext
REFINEMENT_AXIOM RiscvRefinement.Decode.encode_lb_is_canonical Quot.sound
REFINEMENT_THEOREM RiscvRefinement.M31.toNatBounded?_eq_some
REFINEMENT_AXIOM RiscvRefinement.M31.toNatBounded?_eq_some propext
REFINEMENT_THEOREM RiscvRefinement.Opcodes.LoadMutationWord.HoldsWithoutWordLoad.wordShiftAmount
REFINEMENT_AXIOM RiscvRefinement.Opcodes.LoadMutationWord.HoldsWithoutWordLoad.wordShiftAmount propext
REFINEMENT_THEOREM RiscvRefinement.Publication.TeamB.MulhDiv.Division.div_accepted_air_implies_retirement
REFINEMENT_AXIOM RiscvRefinement.Publication.TeamB.MulhDiv.Division.div_accepted_air_implies_retirement propext
REFINEMENT_AXIOM RiscvRefinement.Publication.TeamB.MulhDiv.Division.div_accepted_air_implies_retirement Quot.sound
REFINEMENT_AXIOM RiscvRefinement.Publication.TeamB.MulhDiv.Division.div_accepted_air_implies_retirement Classical.choice
REFINEMENT_THEOREM RiscvRefinement.Air.Family.LoadStoreHolds.wordShiftAmount
REFINEMENT_AXIOM RiscvRefinement.Air.Family.LoadStoreHolds.wordShiftAmount propext
REFINEMENT_THEOREM RiscvRefinement.Opcodes.ShiftHoldsWithoutSignLowerBound.leftMovement
REFINEMENT_THEOREM RiscvRefinement.Opcodes.StoreMutation.StoreHoldsWithoutHalfStoreHigh.baseReadOnly
REFINEMENT_AXIOM RiscvRefinement.Opcodes.StoreMutation.StoreHoldsWithoutHalfStoreHigh.baseReadOnly propext
REFINEMENT_THEOREM RiscvRefinement.Publication.TeamB.localTheoremIdentities_length
REFINEMENT_THEOREM RiscvRefinement.Opcodes.BranchesMutation.bltStateProjection_mutation_theorem
REFINEMENT_AXIOM RiscvRefinement.Opcodes.BranchesMutation.bltStateProjection_mutation_theorem propext
REFINEMENT_AXIOM RiscvRefinement.Opcodes.BranchesMutation.bltStateProjection_mutation_theorem Quot.sound
REFINEMENT_THEOREM RiscvRefinement.Opcodes.DivHoldsWithoutSignXorDefinition.scanMarker1
REFINEMENT_THEOREM RiscvRefinement.Air.Bridge.Branches.Lt.ProductionRefinement.nextPc
REFINEMENT_AXIOM RiscvRefinement.Air.Bridge.Branches.Lt.ProductionRefinement.nextPc propext
REFINEMENT_AXIOM RiscvRefinement.Air.Bridge.Branches.Lt.ProductionRefinement.nextPc Quot.sound
REFINEMENT_THEOREM RiscvRefinement.Air.Generated.Programs.bltSymbolicCertificate
REFINEMENT_AXIOM RiscvRefinement.Air.Generated.Programs.bltSymbolicCertificate propext
REFINEMENT_AXIOM RiscvRefinement.Air.Generated.Programs.bltSymbolicCertificate Quot.sound
REFINEMENT_THEOREM RiscvRefinement.Publication.TeamB.Shifts.ImmPublicationResult.selectedProgram
REFINEMENT_AXIOM RiscvRefinement.Publication.TeamB.Shifts.ImmPublicationResult.selectedProgram propext
REFINEMENT_AXIOM RiscvRefinement.Publication.TeamB.Shifts.ImmPublicationResult.selectedProgram Quot.sound
REFINEMENT_THEOREM RiscvRefinement.Opcodes.LoadStoreHoldsWithoutPartialStorePreserve.sourceReadOnly
REFINEMENT_AXIOM RiscvRefinement.Opcodes.LoadStoreHoldsWithoutPartialStorePreserve.sourceReadOnly propext
REFINEMENT_THEOREM RiscvRefinement.Opcodes.DivHoldsWithoutSignXorDefinition.divisorNonzero
REFINEMENT_THEOREM RiscvRefinement.Opcodes.MulhHoldsWithoutSourceTwoSignBinding.sourceOneLimb1
REFINEMENT_THEOREM RiscvRefinement.Publication.TeamB.MulhDiv.Division.getSymbolic_eq_prefix
REFINEMENT_AXIOM RiscvRefinement.Publication.TeamB.MulhDiv.Division.getSymbolic_eq_prefix propext
REFINEMENT_AXIOM RiscvRefinement.Publication.TeamB.MulhDiv.Division.getSymbolic_eq_prefix Quot.sound
REFINEMENT_THEOREM RiscvRefinement.Publication.TeamB.MulhDiv.Division.SelectorAdmission.publishedManifest
REFINEMENT_AXIOM RiscvRefinement.Publication.TeamB.MulhDiv.Division.SelectorAdmission.publishedManifest propext
REFINEMENT_AXIOM RiscvRefinement.Publication.TeamB.MulhDiv.Division.SelectorAdmission.publishedManifest Quot.sound
REFINEMENT_THEOREM RiscvRefinement.Air.Bridge.Addi.destinationClockRequestHolds
REFINEMENT_AXIOM RiscvRefinement.Air.Bridge.Addi.destinationClockRequestHolds propext
REFINEMENT_AXIOM RiscvRefinement.Air.Bridge.Addi.destinationClockRequestHolds Quot.sound
REFINEMENT_THEOREM RiscvRefinement.Opcodes.Branches.Lt.RawRefinement.sourcesReadOnly
REFINEMENT_AXIOM RiscvRefinement.Opcodes.Branches.Lt.RawRefinement.sourcesReadOnly propext
REFINEMENT_AXIOM RiscvRefinement.Opcodes.Branches.Lt.RawRefinement.sourcesReadOnly Quot.sound
REFINEMENT_THEOREM RiscvRefinement.M31.reduce_val
REFINEMENT_THEOREM RiscvRefinement.Publication.TeamB.MulhDiv.Division.node335
REFINEMENT_AXIOM RiscvRefinement.Publication.TeamB.MulhDiv.Division.node335 propext
REFINEMENT_AXIOM RiscvRefinement.Publication.TeamB.MulhDiv.Division.node335 Quot.sound
REFINEMENT_THEOREM RiscvRefinement.Opcodes.MulhHoldsWithoutSourceTwoSignBinding.productLimb3
REFINEMENT_THEOREM RiscvRefinement.Opcodes.DivHoldsWithoutScanTotal.quotientSignBit
REFINEMENT_THEOREM RiscvRefinement.Opcodes.LoadMutationWord.HoldsWithoutWordLoad.halfShiftAmount
REFINEMENT_AXIOM RiscvRefinement.Opcodes.LoadMutationWord.HoldsWithoutWordLoad.halfShiftAmount propext
REFINEMENT_THEOREM RiscvRefinement.Opcodes.shift_sign_lower_bound_is_load_bearing
REFINEMENT_AXIOM RiscvRefinement.Opcodes.shift_sign_lower_bound_is_load_bearing propext
REFINEMENT_AXIOM RiscvRefinement.Opcodes.shift_sign_lower_bound_is_load_bearing Quot.sound
REFINEMENT_AXIOM RiscvRefinement.Opcodes.shift_sign_lower_bound_is_load_bearing Classical.choice
REFINEMENT_THEOREM RiscvRefinement.Air.Family.DivHolds.destinationLimb0
REFINEMENT_THEOREM RiscvRefinement.Opcodes.MulhBusRefinement.stateConsume
REFINEMENT_THEOREM RiscvRefinement.Opcodes.DivHoldsWithoutDividendSignBit.scanTotal
REFINEMENT_THEOREM RiscvRefinement.Air.Bridge.Jalr.Admission.clockPositive
REFINEMENT_THEOREM RiscvRefinement.Opcodes.ByteLoadMutation.ByteLoadHoldsWithoutByteLoadSelect.operandClock
REFINEMENT_AXIOM RiscvRefinement.Opcodes.ByteLoadMutation.ByteLoadHoldsWithoutByteLoadSelect.operandClock propext
REFINEMENT_THEOREM RiscvRefinement.Opcodes.lw_result_value
REFINEMENT_AXIOM RiscvRefinement.Opcodes.lw_result_value propext
REFINEMENT_AXIOM RiscvRefinement.Opcodes.lw_result_value Quot.sound
REFINEMENT_AXIOM RiscvRefinement.Opcodes.lw_result_value Classical.choice
REFINEMENT_THEOREM RiscvRefinement.Air.Bridge.Branches.Admission.targetAligned
REFINEMENT_AXIOM RiscvRefinement.Air.Bridge.Branches.Admission.targetAligned propext
REFINEMENT_AXIOM RiscvRefinement.Air.Bridge.Branches.Admission.targetAligned Quot.sound
REFINEMENT_THEOREM RiscvRefinement.Publication.TeamB.MulhDiv.Division.node343
REFINEMENT_AXIOM RiscvRefinement.Publication.TeamB.MulhDiv.Division.node343 propext
REFINEMENT_AXIOM RiscvRefinement.Publication.TeamB.MulhDiv.Division.node343 Quot.sound
REFINEMENT_THEOREM RiscvRefinement.Air.Bridge.Lui.constraintsHold_eq
REFINEMENT_AXIOM RiscvRefinement.Air.Bridge.Lui.constraintsHold_eq propext
REFINEMENT_AXIOM RiscvRefinement.Air.Bridge.Lui.constraintsHold_eq Quot.sound
REFINEMENT_THEOREM RiscvRefinement.Air.Bridge.Jalr.AirEquations.source3
REFINEMENT_AXIOM RiscvRefinement.Air.Bridge.Jalr.AirEquations.source3 propext
REFINEMENT_THEOREM RiscvRefinement.Publication.TeamA.manifestIds_length
REFINEMENT_THEOREM RiscvRefinement.Publication.TeamB.MulhDiv.Division.constraintRootZero
REFINEMENT_AXIOM RiscvRefinement.Publication.TeamB.MulhDiv.Division.constraintRootZero propext
REFINEMENT_AXIOM RiscvRefinement.Publication.TeamB.MulhDiv.Division.constraintRootZero Quot.sound
REFINEMENT_THEOREM RiscvRefinement.Publication.TeamB.MulhDiv.Division.DirectEquationsG.destination2
REFINEMENT_THEOREM RiscvRefinement.Air.Generated.Programs.addiSymbolicCertificate
REFINEMENT_AXIOM RiscvRefinement.Air.Generated.Programs.addiSymbolicCertificate propext
REFINEMENT_AXIOM RiscvRefinement.Air.Generated.Programs.addiSymbolicCertificate Quot.sound
REFINEMENT_THEOREM RiscvRefinement.Opcodes.DivHoldsWithoutProductRecurrence.absSameLimb1
REFINEMENT_THEOREM RiscvRefinement.Opcodes.LoadStoreEnvironment.operandBinds
REFINEMENT_AXIOM RiscvRefinement.Opcodes.LoadStoreEnvironment.operandBinds propext
REFINEMENT_AXIOM RiscvRefinement.Opcodes.LoadStoreEnvironment.operandBinds Quot.sound
REFINEMENT_THEOREM RiscvRefinement.Opcodes.LoadRefinement.programTuple
REFINEMENT_AXIOM RiscvRefinement.Opcodes.LoadRefinement.programTuple propext
REFINEMENT_AXIOM RiscvRefinement.Opcodes.LoadRefinement.programTuple Quot.sound
REFINEMENT_THEOREM RiscvRefinement.Opcodes.DivHoldsWithoutZeroDivisorQuotient0.remainderZeroLimb2
REFINEMENT_THEOREM RiscvRefinement.Opcodes.MulRefinement.destinationEmit
REFINEMENT_AXIOM RiscvRefinement.Opcodes.MulRefinement.destinationEmit propext
REFINEMENT_THEOREM RiscvRefinement.Opcodes.LoadStoreHoldsWithoutWordLoad.halfStoreHigh
REFINEMENT_AXIOM RiscvRefinement.Opcodes.LoadStoreHoldsWithoutWordLoad.halfStoreHigh propext
REFINEMENT_THEOREM RiscvRefinement.Opcodes.StoreMutation.StoreHoldsWithoutPartialStorePreserve.memoryAddress
REFINEMENT_AXIOM RiscvRefinement.Opcodes.StoreMutation.StoreHoldsWithoutPartialStorePreserve.memoryAddress propext
REFINEMENT_THEOREM RiscvRefinement.Air.Bridge.Jalr.carryRecurrence
REFINEMENT_AXIOM RiscvRefinement.Air.Bridge.Jalr.carryRecurrence propext
REFINEMENT_AXIOM RiscvRefinement.Air.Bridge.Jalr.carryRecurrence Quot.sound
REFINEMENT_THEOREM RiscvRefinement.Publication.TeamB.MulhDiv.Division.node82
REFINEMENT_AXIOM RiscvRefinement.Publication.TeamB.MulhDiv.Division.node82 propext
REFINEMENT_AXIOM RiscvRefinement.Publication.TeamB.MulhDiv.Division.node82 Quot.sound
REFINEMENT_THEOREM RiscvRefinement.Air.Bridge.mulWitnessHolds
REFINEMENT_THEOREM RiscvRefinement.Opcodes.ShiftsRegHoldsWithoutSignUpperBound.core
REFINEMENT_THEOREM RiscvRefinement.Publication.TeamB.MulhDiv.Division.directEquationsD
REFINEMENT_AXIOM RiscvRefinement.Publication.TeamB.MulhDiv.Division.directEquationsD propext
REFINEMENT_AXIOM RiscvRefinement.Publication.TeamB.MulhDiv.Division.directEquationsD Quot.sound
REFINEMENT_THEOREM RiscvRefinement.Opcodes.DivHoldsWithoutScanTotal.signXorDefinition
REFINEMENT_THEOREM RiscvRefinement.Opcodes.ShiftHoldsWithoutSignIsLogicalZero.signLowerBound
REFINEMENT_THEOREM RiscvRefinement.Air.Bridge.M31.val_reduce
REFINEMENT_THEOREM RiscvRefinement.Opcodes.ShiftHoldsWithoutSignIsLogicalZero.destinationLimb0
REFINEMENT_THEOREM RiscvRefinement.Opcodes.LtMutation.Reg.wrongProgram_refutes
REFINEMENT_AXIOM RiscvRefinement.Opcodes.LtMutation.Reg.wrongProgram_refutes propext
REFINEMENT_AXIOM RiscvRefinement.Opcodes.LtMutation.Reg.wrongProgram_refutes Quot.sound
REFINEMENT_THEOREM RiscvRefinement.Opcodes.srai_exists
REFINEMENT_AXIOM RiscvRefinement.Opcodes.srai_exists propext
REFINEMENT_AXIOM RiscvRefinement.Opcodes.srai_exists Quot.sound
REFINEMENT_AXIOM RiscvRefinement.Opcodes.srai_exists Classical.choice
REFINEMENT_THEOREM RiscvRefinement.Publication.TeamB.Shifts.ImmPublicationResult.semantic
REFINEMENT_AXIOM RiscvRefinement.Publication.TeamB.Shifts.ImmPublicationResult.semantic propext
REFINEMENT_AXIOM RiscvRefinement.Publication.TeamB.Shifts.ImmPublicationResult.semantic Quot.sound
REFINEMENT_THEOREM RiscvRefinement.Air.Family.LoadStoreHolds.clockPositive
REFINEMENT_AXIOM RiscvRefinement.Air.Family.LoadStoreHolds.clockPositive propext
REFINEMENT_THEOREM RiscvRefinement.M31.add_zero
REFINEMENT_AXIOM RiscvRefinement.M31.add_zero propext
REFINEMENT_THEOREM RiscvRefinement.Opcodes.row_lhu_result
REFINEMENT_AXIOM RiscvRefinement.Opcodes.row_lhu_result propext
REFINEMENT_AXIOM RiscvRefinement.Opcodes.row_lhu_result Quot.sound
REFINEMENT_THEOREM RiscvRefinement.Publication.TeamA.Pilots.lui_accepted_air_implies_retirement
REFINEMENT_AXIOM RiscvRefinement.Publication.TeamA.Pilots.lui_accepted_air_implies_retirement propext
REFINEMENT_AXIOM RiscvRefinement.Publication.TeamA.Pilots.lui_accepted_air_implies_retirement Quot.sound
REFINEMENT_AXIOM RiscvRefinement.Publication.TeamA.Pilots.lui_accepted_air_implies_retirement Classical.choice
REFINEMENT_THEOREM RiscvRefinement.Publication.TeamB.MulhDiv.Division.FixedRequests.carry4
REFINEMENT_AXIOM RiscvRefinement.Publication.TeamB.MulhDiv.Division.FixedRequests.carry4 propext
REFINEMENT_AXIOM RiscvRefinement.Publication.TeamB.MulhDiv.Division.FixedRequests.carry4 Quot.sound
REFINEMENT_THEOREM RiscvRefinement.Opcodes.StoreMutation.StoreHoldsWithoutByteStoreSelect.halfStoreHigh
REFINEMENT_AXIOM RiscvRefinement.Opcodes.StoreMutation.StoreHoldsWithoutByteStoreSelect.halfStoreHigh propext
REFINEMENT_THEOREM RiscvRefinement.Publication.TeamB.MulhDiv.Division.DirectEquationsC.signXor
REFINEMENT_THEOREM RiscvRefinement.Opcodes.effective_address_toNat
REFINEMENT_AXIOM RiscvRefinement.Opcodes.effective_address_toNat propext
REFINEMENT_AXIOM RiscvRefinement.Opcodes.effective_address_toNat Quot.sound
REFINEMENT_AXIOM RiscvRefinement.Opcodes.effective_address_toNat Classical.choice
REFINEMENT_THEOREM RiscvRefinement.Opcodes.div_operands
REFINEMENT_AXIOM RiscvRefinement.Opcodes.div_operands propext
REFINEMENT_THEOREM RiscvRefinement.Air.Bridge.LtComparator.ComparatorContract.limb1Selected
REFINEMENT_THEOREM RiscvRefinement.Opcodes.DivHoldsWithoutProductRecurrence.sourceTwoLimb3
REFINEMENT_THEOREM RiscvRefinement.Air.Bridge.Addi.selector_projection_for_columns
REFINEMENT_AXIOM RiscvRefinement.Air.Bridge.Addi.selector_projection_for_columns propext
REFINEMENT_AXIOM RiscvRefinement.Air.Bridge.Addi.selector_projection_for_columns Quot.sound
REFINEMENT_THEOREM RiscvRefinement.Publication.TeamB.MulhDiv.HighMultiply.DirectEquations.destination1
REFINEMENT_AXIOM RiscvRefinement.Publication.TeamB.MulhDiv.HighMultiply.DirectEquations.destination1 propext
REFINEMENT_THEOREM RiscvRefinement.Opcodes.shiftRightEquations_weakens_lowByte
REFINEMENT_THEOREM RiscvRefinement.Opcodes.DivHoldsWithoutZeroDivisorQuotient0.divisorSignBit
REFINEMENT_THEOREM RiscvRefinement.Opcodes.Branches.Lt.decisionIsArchitectural
REFINEMENT_AXIOM RiscvRefinement.Opcodes.Branches.Lt.decisionIsArchitectural propext
REFINEMENT_THEOREM RiscvRefinement.Air.Bridge.LtComparator.ComparatorContract.right2Bound
REFINEMENT_THEOREM RiscvRefinement.Opcodes.shifts_reg_conclusions_are_refutable
REFINEMENT_AXIOM RiscvRefinement.Opcodes.shifts_reg_conclusions_are_refutable propext
REFINEMENT_THEOREM RiscvRefinement.Opcodes.ByteLoadMutation.ByteLoadHoldsWithoutByteLoadExtension.wordShiftAmount
REFINEMENT_AXIOM RiscvRefinement.Opcodes.ByteLoadMutation.ByteLoadHoldsWithoutByteLoadExtension.wordShiftAmount propext
REFINEMENT_THEOREM RiscvRefinement.Air.Bridge.Fence.acceptanceNonvacuous
REFINEMENT_AXIOM RiscvRefinement.Air.Bridge.Fence.acceptanceNonvacuous propext
REFINEMENT_AXIOM RiscvRefinement.Air.Bridge.Fence.acceptanceNonvacuous Quot.sound
REFINEMENT_THEOREM RiscvRefinement.Opcodes.ByteLoadMutation.ByteLoadHoldsWithoutByteLoadExtension.loadDestination
REFINEMENT_AXIOM RiscvRefinement.Opcodes.ByteLoadMutation.ByteLoadHoldsWithoutByteLoadExtension.loadDestination propext
REFINEMENT_THEOREM RiscvRefinement.Opcodes.Branches.Lt.bltu_refinement_theorem
REFINEMENT_AXIOM RiscvRefinement.Opcodes.Branches.Lt.bltu_refinement_theorem propext
REFINEMENT_AXIOM RiscvRefinement.Opcodes.Branches.Lt.bltu_refinement_theorem Quot.sound
REFINEMENT_AXIOM RiscvRefinement.Opcodes.Branches.Lt.bltu_refinement_theorem Classical.choice
REFINEMENT_THEOREM RiscvRefinement.Opcodes.DivHoldsWithoutDestinationLimb0.sourceTwoLimb1
REFINEMENT_THEOREM RiscvRefinement.Opcodes.MulRefinement.stateEmit
REFINEMENT_AXIOM RiscvRefinement.Opcodes.MulRefinement.stateEmit propext
REFINEMENT_THEOREM RiscvRefinement.Opcodes.BaseAluReg.xor_refines
REFINEMENT_AXIOM RiscvRefinement.Opcodes.BaseAluReg.xor_refines propext
REFINEMENT_AXIOM RiscvRefinement.Opcodes.BaseAluReg.xor_refines Quot.sound
REFINEMENT_THEOREM RiscvRefinement.Air.Bridge.LtReg.constraintsHold_eq
REFINEMENT_AXIOM RiscvRefinement.Air.Bridge.LtReg.constraintsHold_eq propext
REFINEMENT_AXIOM RiscvRefinement.Air.Bridge.LtReg.constraintsHold_eq Quot.sound
REFINEMENT_THEOREM RiscvRefinement.Opcodes.MulhuRefinement.retirement
REFINEMENT_AXIOM RiscvRefinement.Opcodes.MulhuRefinement.retirement propext
REFINEMENT_THEOREM RiscvRefinement.Opcodes.LtMutation.Reg.slt_wrongManifest_strictly_weaker
REFINEMENT_AXIOM RiscvRefinement.Opcodes.LtMutation.Reg.slt_wrongManifest_strictly_weaker propext
REFINEMENT_AXIOM RiscvRefinement.Opcodes.LtMutation.Reg.slt_wrongManifest_strictly_weaker Quot.sound
REFINEMENT_THEOREM RiscvRefinement.Opcodes.SelectorNonVacuity.sll_selector_exists
REFINEMENT_AXIOM RiscvRefinement.Opcodes.SelectorNonVacuity.sll_selector_exists propext
REFINEMENT_AXIOM RiscvRefinement.Opcodes.SelectorNonVacuity.sll_selector_exists Quot.sound
REFINEMENT_AXIOM RiscvRefinement.Opcodes.SelectorNonVacuity.sll_selector_exists Classical.choice
REFINEMENT_THEOREM RiscvRefinement.Air.Bridge.Branches.Eq.RawProductionRefinement.projection
REFINEMENT_AXIOM RiscvRefinement.Air.Bridge.Branches.Eq.RawProductionRefinement.projection propext
REFINEMENT_AXIOM RiscvRefinement.Air.Bridge.Branches.Eq.RawProductionRefinement.projection Quot.sound
REFINEMENT_THEOREM RiscvRefinement.Publication.TeamB.LoadStore.lb_accepted_air_refines
REFINEMENT_AXIOM RiscvRefinement.Publication.TeamB.LoadStore.lb_accepted_air_refines propext
REFINEMENT_AXIOM RiscvRefinement.Publication.TeamB.LoadStore.lb_accepted_air_refines Quot.sound
REFINEMENT_AXIOM RiscvRefinement.Publication.TeamB.LoadStore.lb_accepted_air_refines Classical.choice
REFINEMENT_THEOREM RiscvRefinement.Opcodes.DivHoldsWithoutProductRecurrence.destinationLimb2
REFINEMENT_THEOREM RiscvRefinement.Publication.TeamB.MulhDiv.Division.FixedBounds.operandSignBounds
REFINEMENT_THEOREM RiscvRefinement.Opcodes.DivHoldsWithoutDestinationLimb0.remainderZeroLimb1
REFINEMENT_THEOREM RiscvRefinement.Opcodes.freeLowLimbRow_refutes
REFINEMENT_AXIOM RiscvRefinement.Opcodes.freeLowLimbRow_refutes propext
REFINEMENT_THEOREM RiscvRefinement.Opcodes.DivHoldsWithoutProductRecurrence.signXorDefinition
REFINEMENT_THEOREM RiscvRefinement.Opcodes.MulhHoldsWithoutSourceTwoSignBinding.sourceTwoLimb1
REFINEMENT_THEOREM RiscvRefinement.Opcodes.DivHoldsWithoutSignXorDefinition.scanTotal
REFINEMENT_THEOREM RiscvRefinement.Opcodes.aliasedMulhuRow_holds
REFINEMENT_AXIOM RiscvRefinement.Opcodes.aliasedMulhuRow_holds propext
REFINEMENT_THEOREM RiscvRefinement.Opcodes.ShiftsImmRefinement.noMemoryEffect
REFINEMENT_AXIOM RiscvRefinement.Opcodes.ShiftsImmRefinement.noMemoryEffect propext
REFINEMENT_AXIOM RiscvRefinement.Opcodes.ShiftsImmRefinement.noMemoryEffect Quot.sound
REFINEMENT_THEOREM RiscvRefinement.Opcodes.loadStoreHolds_result_is_architectural
REFINEMENT_AXIOM RiscvRefinement.Opcodes.loadStoreHolds_result_is_architectural propext
REFINEMENT_AXIOM RiscvRefinement.Opcodes.loadStoreHolds_result_is_architectural Quot.sound
REFINEMENT_AXIOM RiscvRefinement.Opcodes.loadStoreHolds_result_is_architectural Classical.choice
REFINEMENT_THEOREM RiscvRefinement.Opcodes.ShiftsImmHoldsWithoutSignIsLogicalZero.nextPcResult
REFINEMENT_THEOREM RiscvRefinement.Air.Bridge.Branches.Eq.lookupProjection
REFINEMENT_AXIOM RiscvRefinement.Air.Bridge.Branches.Eq.lookupProjection propext
REFINEMENT_AXIOM RiscvRefinement.Air.Bridge.Branches.Eq.lookupProjection Quot.sound
REFINEMENT_THEOREM RiscvRefinement.Opcodes.shifts_imm_shamt_toNat
REFINEMENT_AXIOM RiscvRefinement.Opcodes.shifts_imm_shamt_toNat propext
REFINEMENT_AXIOM RiscvRefinement.Opcodes.shifts_imm_shamt_toNat Quot.sound
REFINEMENT_THEOREM RiscvRefinement.Air.Bridge.TeamACommon.destinationBytes_of_equations
REFINEMENT_AXIOM RiscvRefinement.Air.Bridge.TeamACommon.destinationBytes_of_equations propext
REFINEMENT_AXIOM RiscvRefinement.Air.Bridge.TeamACommon.destinationBytes_of_equations Quot.sound
REFINEMENT_THEOREM RiscvRefinement.Opcodes.MulhHoldsWithoutSourceOneSignBinding.sourceTwoLimb1
REFINEMENT_THEOREM RiscvRefinement.Opcodes.LoadStoreHoldsWithoutPartialStorePreserve.baseHighLimbRange
REFINEMENT_AXIOM RiscvRefinement.Opcodes.LoadStoreHoldsWithoutPartialStorePreserve.baseHighLimbRange propext
REFINEMENT_THEOREM RiscvRefinement.Air.Bridge.Branches.Lt.rawMslRangeBounds
REFINEMENT_AXIOM RiscvRefinement.Air.Bridge.Branches.Lt.rawMslRangeBounds propext
REFINEMENT_AXIOM RiscvRefinement.Air.Bridge.Branches.Lt.rawMslRangeBounds Quot.sound
REFINEMENT_THEOREM RiscvRefinement.Opcodes.LoadStoreHoldsWithoutHalfLoadHigh.halfShiftId
REFINEMENT_AXIOM RiscvRefinement.Opcodes.LoadStoreHoldsWithoutHalfLoadHigh.halfShiftId propext
REFINEMENT_THEOREM RiscvRefinement.Opcodes.MulhHoldsWithoutSelectorSourceTwoSign.destinationFlag
REFINEMENT_THEOREM RiscvRefinement.Air.Bridge.Mutations.selectorRelabel_refutes
REFINEMENT_AXIOM RiscvRefinement.Air.Bridge.Mutations.selectorRelabel_refutes propext
REFINEMENT_AXIOM RiscvRefinement.Air.Bridge.Mutations.selectorRelabel_refutes Quot.sound
REFINEMENT_THEOREM RiscvRefinement.Air.Bridge.BaseAluReg.ProductionRefinement.bitwise1
REFINEMENT_AXIOM RiscvRefinement.Air.Bridge.BaseAluReg.ProductionRefinement.bitwise1 propext
REFINEMENT_AXIOM RiscvRefinement.Air.Bridge.BaseAluReg.ProductionRefinement.bitwise1 Quot.sound
REFINEMENT_THEOREM RiscvRefinement.Opcodes.srai_witness_holds
REFINEMENT_AXIOM RiscvRefinement.Opcodes.srai_witness_holds propext
REFINEMENT_THEOREM RiscvRefinement.Publication.TeamB.LoadStore.ExactTupleProjection.program
REFINEMENT_AXIOM RiscvRefinement.Publication.TeamB.LoadStore.ExactTupleProjection.program propext
REFINEMENT_AXIOM RiscvRefinement.Publication.TeamB.LoadStore.ExactTupleProjection.program Quot.sound
REFINEMENT_THEOREM RiscvRefinement.Opcodes.LoadStoreHoldsWithoutStoreResultZero.nextPcResult
REFINEMENT_AXIOM RiscvRefinement.Opcodes.LoadStoreHoldsWithoutStoreResultZero.nextPcResult propext
REFINEMENT_THEOREM RiscvRefinement.Publication.TeamB.LoadStore.ExactSelectorIdentity.mnemonicUnique
REFINEMENT_AXIOM RiscvRefinement.Publication.TeamB.LoadStore.ExactSelectorIdentity.mnemonicUnique propext
REFINEMENT_AXIOM RiscvRefinement.Publication.TeamB.LoadStore.ExactSelectorIdentity.mnemonicUnique Quot.sound
REFINEMENT_THEOREM RiscvRefinement.Opcodes.LoadMutationWord.HoldsWithoutHalfLoadExtension.immFeltRange
REFINEMENT_AXIOM RiscvRefinement.Opcodes.LoadMutationWord.HoldsWithoutHalfLoadExtension.immFeltRange propext
REFINEMENT_THEOREM RiscvRefinement.Opcodes.LoadStoreEnvironment.baseBinds
REFINEMENT_AXIOM RiscvRefinement.Opcodes.LoadStoreEnvironment.baseBinds propext
REFINEMENT_AXIOM RiscvRefinement.Opcodes.LoadStoreEnvironment.baseBinds Quot.sound
REFINEMENT_THEOREM RiscvRefinement.Opcodes.DivHoldsWithoutScanTotal.sourceOneLimb0
REFINEMENT_THEOREM RiscvRefinement.Opcodes.AddiEnvironment.sourceBinds
REFINEMENT_AXIOM RiscvRefinement.Opcodes.AddiEnvironment.sourceBinds propext
REFINEMENT_AXIOM RiscvRefinement.Opcodes.AddiEnvironment.sourceBinds Quot.sound
REFINEMENT_THEOREM RiscvRefinement.Opcodes.StoreMutation.StoreHoldsWithoutByteStoreSelect.baseHighLimbRange
REFINEMENT_AXIOM RiscvRefinement.Opcodes.StoreMutation.StoreHoldsWithoutByteStoreSelect.baseHighLimbRange propext
REFINEMENT_THEOREM RiscvRefinement.Opcodes.StoreMutation.StoreHoldsWithoutHalfStoreHigh.selectorSum
REFINEMENT_AXIOM RiscvRefinement.Opcodes.StoreMutation.StoreHoldsWithoutHalfStoreHigh.selectorSum propext
REFINEMENT_THEOREM RiscvRefinement.Opcodes.slliFreeAmountRow_shifts_by_the_wrong_amount
REFINEMENT_THEOREM RiscvRefinement.Publication.TeamB.MulhDiv.Division.evaluatedDifficultFixedLookups
REFINEMENT_AXIOM RiscvRefinement.Publication.TeamB.MulhDiv.Division.evaluatedDifficultFixedLookups propext
REFINEMENT_AXIOM RiscvRefinement.Publication.TeamB.MulhDiv.Division.evaluatedDifficultFixedLookups Quot.sound
REFINEMENT_THEOREM RiscvRefinement.Publication.TeamB.MulhDiv.Division.DirectConsequences.divisorNonzero
REFINEMENT_THEOREM RiscvRefinement.Air.Bridge.Jalr.Admission.clockBound
REFINEMENT_THEOREM RiscvRefinement.Opcodes.Fence.Refinement.noRegisterOrMemoryEffect
REFINEMENT_AXIOM RiscvRefinement.Opcodes.Fence.Refinement.noRegisterOrMemoryEffect propext
REFINEMENT_AXIOM RiscvRefinement.Opcodes.Fence.Refinement.noRegisterOrMemoryEffect Quot.sound
REFINEMENT_THEOREM RiscvRefinement.Air.Bridge.BaseAluImm.ProductionRefinement.destinationEmit
REFINEMENT_AXIOM RiscvRefinement.Air.Bridge.BaseAluImm.ProductionRefinement.destinationEmit propext
REFINEMENT_AXIOM RiscvRefinement.Air.Bridge.BaseAluImm.ProductionRefinement.destinationEmit Quot.sound
REFINEMENT_THEOREM RiscvRefinement.Publication.TeamB.MulhDiv.Division.m31ScaleProduct
REFINEMENT_AXIOM RiscvRefinement.Publication.TeamB.MulhDiv.Division.m31ScaleProduct propext
REFINEMENT_THEOREM RiscvRefinement.Publication.TeamB.Multiply.Admission.pcBound
REFINEMENT_THEOREM RiscvRefinement.Opcodes.StoreMutation.StoreHoldsWithoutByteStoreSelect.byteLoadSelect
REFINEMENT_AXIOM RiscvRefinement.Opcodes.StoreMutation.StoreHoldsWithoutByteStoreSelect.byteLoadSelect propext
REFINEMENT_THEOREM RiscvRefinement.Air.Bridge.Auipc.exampleAdmission
REFINEMENT_AXIOM RiscvRefinement.Air.Bridge.Auipc.exampleAdmission propext
REFINEMENT_AXIOM RiscvRefinement.Air.Bridge.Auipc.exampleAdmission Quot.sound
REFINEMENT_THEOREM RiscvRefinement.Air.Generated.Programs.andiSymbolicCertificate
REFINEMENT_AXIOM RiscvRefinement.Air.Generated.Programs.andiSymbolicCertificate propext
REFINEMENT_AXIOM RiscvRefinement.Air.Generated.Programs.andiSymbolicCertificate Quot.sound
REFINEMENT_THEOREM RiscvRefinement.Opcodes.StoreMutation.StoreHoldsWithoutWordStore.memoryAddress
REFINEMENT_AXIOM RiscvRefinement.Opcodes.StoreMutation.StoreHoldsWithoutWordStore.memoryAddress propext
REFINEMENT_THEOREM RiscvRefinement.Air.Family.DivHolds.sourceOneLimb3
REFINEMENT_THEOREM RiscvRefinement.Air.Family.multiplyValueMul
REFINEMENT_AXIOM RiscvRefinement.Air.Family.multiplyValueMul propext
REFINEMENT_AXIOM RiscvRefinement.Air.Family.multiplyValueMul Quot.sound
REFINEMENT_THEOREM RiscvRefinement.Air.Bridge.Lui.clockGapBound_of_fixedLookups
REFINEMENT_AXIOM RiscvRefinement.Air.Bridge.Lui.clockGapBound_of_fixedLookups propext
REFINEMENT_AXIOM RiscvRefinement.Air.Bridge.Lui.clockGapBound_of_fixedLookups Quot.sound
REFINEMENT_THEOREM RiscvRefinement.Publication.TeamB.MulhDiv.fixedRange20BoundOfLookup
REFINEMENT_AXIOM RiscvRefinement.Publication.TeamB.MulhDiv.fixedRange20BoundOfLookup propext
REFINEMENT_AXIOM RiscvRefinement.Publication.TeamB.MulhDiv.fixedRange20BoundOfLookup Quot.sound
REFINEMENT_THEOREM RiscvRefinement.Sail.Reviewed.arithmetic_and_logical_right_shifts_differ
REFINEMENT_AXIOM RiscvRefinement.Sail.Reviewed.arithmetic_and_logical_right_shifts_differ propext
REFINEMENT_THEOREM RiscvRefinement.Opcodes.DivHoldsWithoutNegationRecurrence.scanTotal
REFINEMENT_THEOREM RiscvRefinement.Opcodes.LoadMutationWord.lhu_half_selected
REFINEMENT_AXIOM RiscvRefinement.Opcodes.LoadMutationWord.lhu_half_selected propext
REFINEMENT_AXIOM RiscvRefinement.Opcodes.LoadMutationWord.lhu_half_selected Quot.sound
REFINEMENT_THEOREM RiscvRefinement.Opcodes.ShiftHoldsWithoutSignIsLogicalZero.carry3Range
REFINEMENT_THEOREM RiscvRefinement.Publication.TeamB.MulhDiv.HighMultiply.DirectConsequences.destination
REFINEMENT_THEOREM RiscvRefinement.WordBytes.word_halves
REFINEMENT_AXIOM RiscvRefinement.WordBytes.word_halves propext
REFINEMENT_AXIOM RiscvRefinement.WordBytes.word_halves Quot.sound
REFINEMENT_THEOREM RiscvRefinement.Air.Bridge.Jalr.ProductionRefinement.sourceClockLookup
REFINEMENT_AXIOM RiscvRefinement.Air.Bridge.Jalr.ProductionRefinement.sourceClockLookup propext
REFINEMENT_AXIOM RiscvRefinement.Air.Bridge.Jalr.ProductionRefinement.sourceClockLookup Quot.sound
REFINEMENT_THEOREM RiscvRefinement.Opcodes.LoadStoreHoldsWithoutHalfShiftId.halfLoadHigh
REFINEMENT_AXIOM RiscvRefinement.Opcodes.LoadStoreHoldsWithoutHalfShiftId.halfLoadHigh propext
REFINEMENT_THEOREM RiscvRefinement.Air.Family.DivHolds.remainderZeroLimb1
REFINEMENT_THEOREM RiscvRefinement.Publication.TeamB.Multiply.SelectorAdmission.unique
REFINEMENT_AXIOM RiscvRefinement.Publication.TeamB.Multiply.SelectorAdmission.unique propext
REFINEMENT_AXIOM RiscvRefinement.Publication.TeamB.Multiply.SelectorAdmission.unique Quot.sound
REFINEMENT_THEOREM RiscvRefinement.Publication.TeamB.Multiply.mul_accepted_air_implies_retirement
REFINEMENT_AXIOM RiscvRefinement.Publication.TeamB.Multiply.mul_accepted_air_implies_retirement propext
REFINEMENT_AXIOM RiscvRefinement.Publication.TeamB.Multiply.mul_accepted_air_implies_retirement Quot.sound
REFINEMENT_AXIOM RiscvRefinement.Publication.TeamB.Multiply.mul_accepted_air_implies_retirement Classical.choice
REFINEMENT_THEOREM RiscvRefinement.Opcodes.BaseAluReg.and_exactProgramTuple
REFINEMENT_AXIOM RiscvRefinement.Opcodes.BaseAluReg.and_exactProgramTuple propext
REFINEMENT_AXIOM RiscvRefinement.Opcodes.BaseAluReg.and_exactProgramTuple Quot.sound
REFINEMENT_THEOREM RiscvRefinement.Opcodes.Lt.Imm.sltiu_selectorAccepted
REFINEMENT_AXIOM RiscvRefinement.Opcodes.Lt.Imm.sltiu_selectorAccepted propext
REFINEMENT_AXIOM RiscvRefinement.Opcodes.Lt.Imm.sltiu_selectorAccepted Quot.sound
REFINEMENT_THEOREM RiscvRefinement.Opcodes.StoreMutation.shMisplacedHalfRow_satisfies
REFINEMENT_AXIOM RiscvRefinement.Opcodes.StoreMutation.shMisplacedHalfRow_satisfies propext
REFINEMENT_THEOREM RiscvRefinement.Air.Family.div_opcode_id_remu
REFINEMENT_AXIOM RiscvRefinement.Air.Family.div_opcode_id_remu propext
REFINEMENT_THEOREM RiscvRefinement.Opcodes.DivHoldsWithoutScanTotal.quotientSignMatches
REFINEMENT_THEOREM RiscvRefinement.Opcodes.ShiftHoldsWithoutLeftLowByte.carry2Range
REFINEMENT_THEOREM RiscvRefinement.Air.Bridge.Lui.sound
REFINEMENT_AXIOM RiscvRefinement.Air.Bridge.Lui.sound propext
REFINEMENT_AXIOM RiscvRefinement.Air.Bridge.Lui.sound Quot.sound
REFINEMENT_THEOREM RiscvRefinement.Opcodes.DivHoldsWithoutDestinationLimb0.remainderZeroLimb2
REFINEMENT_THEOREM RiscvRefinement.Publication.TeamB.MulhDiv.Division.productRecurrence5FieldEquation
REFINEMENT_AXIOM RiscvRefinement.Publication.TeamB.MulhDiv.Division.productRecurrence5FieldEquation propext
REFINEMENT_THEOREM RiscvRefinement.Opcodes.LoadStoreHoldsWithoutHalfLoadHigh.byteSignWitness
REFINEMENT_AXIOM RiscvRefinement.Opcodes.LoadStoreHoldsWithoutHalfLoadHigh.byteSignWitness propext
REFINEMENT_THEOREM RiscvRefinement.Opcodes.MulHoldsWithoutProductLimb0.clockPositive
REFINEMENT_THEOREM RiscvRefinement.Opcodes.LoadStoreHoldsWithoutHalfLoadHigh.byteLoadExtension
REFINEMENT_AXIOM RiscvRefinement.Opcodes.LoadStoreHoldsWithoutHalfLoadHigh.byteLoadExtension propext
REFINEMENT_THEOREM RiscvRefinement.WordBytes.value_lt
REFINEMENT_AXIOM RiscvRefinement.WordBytes.value_lt propext
REFINEMENT_AXIOM RiscvRefinement.WordBytes.value_lt Quot.sound
REFINEMENT_THEOREM RiscvRefinement.Opcodes.ByteLoadMutation.ByteLoadHoldsWithoutByteSignWitness.destinationFlag
REFINEMENT_AXIOM RiscvRefinement.Opcodes.ByteLoadMutation.ByteLoadHoldsWithoutByteSignWitness.destinationFlag propext
REFINEMENT_THEOREM RiscvRefinement.Air.Bridge.Jalr.ProductionRefinement.targetHigh8
REFINEMENT_AXIOM RiscvRefinement.Air.Bridge.Jalr.ProductionRefinement.targetHigh8 propext
REFINEMENT_AXIOM RiscvRefinement.Air.Bridge.Jalr.ProductionRefinement.targetHigh8 Quot.sound
REFINEMENT_THEOREM RiscvRefinement.Opcodes.ByteLoadMutation.lbuWrongByteRow_is_lbu
REFINEMENT_THEOREM RiscvRefinement.Air.Bridge.BaseAluReg.Acceptance.constraints
REFINEMENT_AXIOM RiscvRefinement.Air.Bridge.BaseAluReg.Acceptance.constraints propext
REFINEMENT_AXIOM RiscvRefinement.Air.Bridge.BaseAluReg.Acceptance.constraints Quot.sound
REFINEMENT_THEOREM RiscvRefinement.Opcodes.divWitness_no_memory
REFINEMENT_THEOREM RiscvRefinement.Decode.fence_i_is_not_admitted
REFINEMENT_THEOREM RiscvRefinement.Publication.TeamB.MulhDiv.Division.sourceOneEmitProjectionAt
REFINEMENT_AXIOM RiscvRefinement.Publication.TeamB.MulhDiv.Division.sourceOneEmitProjectionAt propext
REFINEMENT_AXIOM RiscvRefinement.Publication.TeamB.MulhDiv.Division.sourceOneEmitProjectionAt Quot.sound
REFINEMENT_THEOREM RiscvRefinement.Opcodes.shifts_reg_source_word
REFINEMENT_AXIOM RiscvRefinement.Opcodes.shifts_reg_source_word propext
REFINEMENT_AXIOM RiscvRefinement.Opcodes.shifts_reg_source_word Quot.sound
REFINEMENT_THEOREM RiscvRefinement.Air.Family.div_scan_facts
REFINEMENT_AXIOM RiscvRefinement.Air.Family.div_scan_facts propext
REFINEMENT_AXIOM RiscvRefinement.Air.Family.div_scan_facts Quot.sound
REFINEMENT_THEOREM RiscvRefinement.Opcodes.word_of_negative_half
REFINEMENT_AXIOM RiscvRefinement.Opcodes.word_of_negative_half propext
REFINEMENT_AXIOM RiscvRefinement.Opcodes.word_of_negative_half Quot.sound
REFINEMENT_AXIOM RiscvRefinement.Opcodes.word_of_negative_half Classical.choice
REFINEMENT_THEOREM RiscvRefinement.Publication.TeamB.MulhDiv.Division.DirectConsequences.zeroDivisorQuotient0
REFINEMENT_THEOREM RiscvRefinement.Opcodes.extract_limb3
REFINEMENT_AXIOM RiscvRefinement.Opcodes.extract_limb3 propext
REFINEMENT_AXIOM RiscvRefinement.Opcodes.extract_limb3 Quot.sound
REFINEMENT_THEOREM RiscvRefinement.Air.Bridge.BaseAluImm.ProductionRefinement.program
REFINEMENT_AXIOM RiscvRefinement.Air.Bridge.BaseAluImm.ProductionRefinement.program propext
REFINEMENT_AXIOM RiscvRefinement.Air.Bridge.BaseAluImm.ProductionRefinement.program Quot.sound
REFINEMENT_THEOREM RiscvRefinement.M31.sub_val_of_lt
REFINEMENT_AXIOM RiscvRefinement.M31.sub_val_of_lt propext
REFINEMENT_AXIOM RiscvRefinement.M31.sub_val_of_lt Quot.sound
REFINEMENT_THEOREM RiscvRefinement.Air.Bridge.LtReg.ProductionRefinement.projection
REFINEMENT_AXIOM RiscvRefinement.Air.Bridge.LtReg.ProductionRefinement.projection propext
REFINEMENT_AXIOM RiscvRefinement.Air.Bridge.LtReg.ProductionRefinement.projection Quot.sound
REFINEMENT_THEOREM RiscvRefinement.Opcodes.StoreMutation.StoreHoldsWithoutByteStoreSelect.halfStoreLow
REFINEMENT_AXIOM RiscvRefinement.Opcodes.StoreMutation.StoreHoldsWithoutByteStoreSelect.halfStoreLow propext
REFINEMENT_THEOREM RiscvRefinement.Air.Bridge.Jal.immediateFieldVal
REFINEMENT_AXIOM RiscvRefinement.Air.Bridge.Jal.immediateFieldVal propext
REFINEMENT_AXIOM RiscvRefinement.Air.Bridge.Jal.immediateFieldVal Quot.sound
REFINEMENT_THEOREM RiscvRefinement.Air.Bridge.BaseAluReg.constraintsHold_iff
REFINEMENT_AXIOM RiscvRefinement.Air.Bridge.BaseAluReg.constraintsHold_iff propext
REFINEMENT_AXIOM RiscvRefinement.Air.Bridge.BaseAluReg.constraintsHold_iff Quot.sound
REFINEMENT_THEOREM RiscvRefinement.Opcodes.LtMutation.Reg.wrongProgram_strictly_weaker
REFINEMENT_AXIOM RiscvRefinement.Opcodes.LtMutation.Reg.wrongProgram_strictly_weaker propext
REFINEMENT_AXIOM RiscvRefinement.Opcodes.LtMutation.Reg.wrongProgram_strictly_weaker Quot.sound
REFINEMENT_THEOREM RiscvRefinement.Opcodes.LoadStoreHoldsWithoutHalfShiftId.halfShiftAmount
REFINEMENT_AXIOM RiscvRefinement.Opcodes.LoadStoreHoldsWithoutHalfShiftId.halfShiftAmount propext
REFINEMENT_THEOREM RiscvRefinement.Air.Bridge.Jalr.targetIsJumpTarget
REFINEMENT_AXIOM RiscvRefinement.Air.Bridge.Jalr.targetIsJumpTarget propext
REFINEMENT_AXIOM RiscvRefinement.Air.Bridge.Jalr.targetIsJumpTarget Quot.sound
REFINEMENT_AXIOM RiscvRefinement.Air.Bridge.Jalr.targetIsJumpTarget Classical.choice
REFINEMENT_THEOREM RiscvRefinement.Publication.TeamB.Multiply.ExactTupleProjection.projectionMetadata
REFINEMENT_AXIOM RiscvRefinement.Publication.TeamB.Multiply.ExactTupleProjection.projectionMetadata propext
REFINEMENT_AXIOM RiscvRefinement.Publication.TeamB.Multiply.ExactTupleProjection.projectionMetadata Quot.sound
REFINEMENT_THEOREM RiscvRefinement.Decode.encode_jalr_is_canonical
REFINEMENT_AXIOM RiscvRefinement.Decode.encode_jalr_is_canonical propext
REFINEMENT_AXIOM RiscvRefinement.Decode.encode_jalr_is_canonical Quot.sound
REFINEMENT_THEOREM RiscvRefinement.Opcodes.LoadStoreHoldsWithoutHalfLoadHigh.memoryAddress
REFINEMENT_AXIOM RiscvRefinement.Opcodes.LoadStoreHoldsWithoutHalfLoadHigh.memoryAddress propext
REFINEMENT_THEOREM RiscvRefinement.Opcodes.Branches.Lt.bgeu_selector_theorem
REFINEMENT_AXIOM RiscvRefinement.Opcodes.Branches.Lt.bgeu_selector_theorem propext
REFINEMENT_AXIOM RiscvRefinement.Opcodes.Branches.Lt.bgeu_selector_theorem Quot.sound
REFINEMENT_THEOREM RiscvRefinement.Recursion.CompactPoseidon.accepted_output
REFINEMENT_AXIOM RiscvRefinement.Recursion.CompactPoseidon.accepted_output propext
REFINEMENT_AXIOM RiscvRefinement.Recursion.CompactPoseidon.accepted_output Quot.sound
REFINEMENT_THEOREM RiscvRefinement.Air.Bridge.loadStoreLoadWitnessConstraintValues
REFINEMENT_AXIOM RiscvRefinement.Air.Bridge.loadStoreLoadWitnessConstraintValues propext
REFINEMENT_AXIOM RiscvRefinement.Air.Bridge.loadStoreLoadWitnessConstraintValues Quot.sound
REFINEMENT_THEOREM RiscvRefinement.Publication.TeamA.AcceptedAirCertificate.semanticRefinement
REFINEMENT_THEOREM RiscvRefinement.Opcodes.Jal.Refinement.destinationConsume
REFINEMENT_AXIOM RiscvRefinement.Opcodes.Jal.Refinement.destinationConsume propext
REFINEMENT_AXIOM RiscvRefinement.Opcodes.Jal.Refinement.destinationConsume Quot.sound
REFINEMENT_THEOREM RiscvRefinement.Opcodes.ByteLoadMutation.ByteLoadHoldsWithoutByteLoadSelect.immFeltRange
REFINEMENT_AXIOM RiscvRefinement.Opcodes.ByteLoadMutation.ByteLoadHoldsWithoutByteLoadSelect.immFeltRange propext
REFINEMENT_THEOREM RiscvRefinement.Opcodes.remu_conclusion_sound
REFINEMENT_AXIOM RiscvRefinement.Opcodes.remu_conclusion_sound propext
REFINEMENT_AXIOM RiscvRefinement.Opcodes.remu_conclusion_sound Quot.sound
REFINEMENT_AXIOM RiscvRefinement.Opcodes.remu_conclusion_sound Classical.choice
REFINEMENT_THEOREM RiscvRefinement.Opcodes.DivHoldsWithoutUnsignedDivisorSign.scanEqual3
REFINEMENT_THEOREM RiscvRefinement.Opcodes.BaseAluReg.source2AliasRefinementNonvacuous
REFINEMENT_AXIOM RiscvRefinement.Opcodes.BaseAluReg.source2AliasRefinementNonvacuous propext
REFINEMENT_AXIOM RiscvRefinement.Opcodes.BaseAluReg.source2AliasRefinementNonvacuous Quot.sound
REFINEMENT_THEOREM RiscvRefinement.Air.Bridge.Addi.sourceClockGapBound_of_fixedLookups
REFINEMENT_AXIOM RiscvRefinement.Air.Bridge.Addi.sourceClockGapBound_of_fixedLookups propext
REFINEMENT_AXIOM RiscvRefinement.Air.Bridge.Addi.sourceClockGapBound_of_fixedLookups Quot.sound
REFINEMENT_THEOREM RiscvRefinement.Publication.TeamB.MulhDiv.Division.productRecurrence7Regroup
REFINEMENT_AXIOM RiscvRefinement.Publication.TeamB.MulhDiv.Division.productRecurrence7Regroup propext
REFINEMENT_THEOREM RiscvRefinement.Air.Generated.Programs.auipcSymbolicCertificate
REFINEMENT_AXIOM RiscvRefinement.Air.Generated.Programs.auipcSymbolicCertificate propext
REFINEMENT_AXIOM RiscvRefinement.Air.Generated.Programs.auipcSymbolicCertificate Quot.sound
REFINEMENT_THEOREM RiscvRefinement.Opcodes.LoadStoreHoldsWithoutWordLoad.byteLoadSelect
REFINEMENT_AXIOM RiscvRefinement.Opcodes.LoadStoreHoldsWithoutWordLoad.byteLoadSelect propext
REFINEMENT_THEOREM RiscvRefinement.Opcodes.DivHoldsWithoutZeroDivisorQuotient0.sourceOneClock
REFINEMENT_THEOREM RiscvRefinement.Opcodes.DivHoldsWithoutDestinationLimb0.ltDiffUpper
REFINEMENT_THEOREM RiscvRefinement.Opcodes.Lt.Reg.sltu_nonvacuous
REFINEMENT_AXIOM RiscvRefinement.Opcodes.Lt.Reg.sltu_nonvacuous propext
REFINEMENT_AXIOM RiscvRefinement.Opcodes.Lt.Reg.sltu_nonvacuous Quot.sound
REFINEMENT_THEOREM RiscvRefinement.Opcodes.DivHoldsWithoutSignXorDefinition.specialExclusive
REFINEMENT_THEOREM RiscvRefinement.Air.Bridge.Branches.Eq.exampleAcceptance
REFINEMENT_AXIOM RiscvRefinement.Air.Bridge.Branches.Eq.exampleAcceptance propext
REFINEMENT_AXIOM RiscvRefinement.Air.Bridge.Branches.Eq.exampleAcceptance Quot.sound
REFINEMENT_THEOREM RiscvRefinement.Publication.TeamB.Shifts.RegBindings.nextPcProjection
REFINEMENT_AXIOM RiscvRefinement.Publication.TeamB.Shifts.RegBindings.nextPcProjection propext
REFINEMENT_AXIOM RiscvRefinement.Publication.TeamB.Shifts.RegBindings.nextPcProjection Quot.sound
REFINEMENT_THEOREM RiscvRefinement.Air.Bridge.M31.val_zero
REFINEMENT_THEOREM RiscvRefinement.Air.Bridge.LtImm.Admission.clockPositive
REFINEMENT_THEOREM RiscvRefinement.Opcodes.DivHoldsWithoutUnsignedDivisorSign.destinationLimb3
REFINEMENT_THEOREM RiscvRefinement.Publication.TeamB.Multiply.ExactTupleProjection.destinationConsume
REFINEMENT_AXIOM RiscvRefinement.Publication.TeamB.Multiply.ExactTupleProjection.destinationConsume propext
REFINEMENT_AXIOM RiscvRefinement.Publication.TeamB.Multiply.ExactTupleProjection.destinationConsume Quot.sound
REFINEMENT_THEOREM RiscvRefinement.Opcodes.MulHoldsWithoutProductLimb0.sourceTwoLimb1
REFINEMENT_THEOREM RiscvRefinement.Opcodes.ByteLoadMutation.ByteLoadHoldsWithoutByteLoadSelect.halfLoadExtension
REFINEMENT_AXIOM RiscvRefinement.Opcodes.ByteLoadMutation.ByteLoadHoldsWithoutByteLoadSelect.halfLoadExtension propext
REFINEMENT_THEOREM RiscvRefinement.Opcodes.LoadMutationWord.HoldsWithoutHalfLoadExtension.baseClock
REFINEMENT_AXIOM RiscvRefinement.Opcodes.LoadMutationWord.HoldsWithoutHalfLoadExtension.baseClock propext
REFINEMENT_THEOREM RiscvRefinement.Publication.TeamB.MulhDiv.Division.evaluatedFixedLookupsB
REFINEMENT_AXIOM RiscvRefinement.Publication.TeamB.MulhDiv.Division.evaluatedFixedLookupsB propext
REFINEMENT_AXIOM RiscvRefinement.Publication.TeamB.MulhDiv.Division.evaluatedFixedLookupsB Quot.sound
REFINEMENT_THEOREM RiscvRefinement.Decode.encode_addi_is_canonical
REFINEMENT_AXIOM RiscvRefinement.Decode.encode_addi_is_canonical propext
REFINEMENT_AXIOM RiscvRefinement.Decode.encode_addi_is_canonical Quot.sound
REFINEMENT_THEOREM RiscvRefinement.Opcodes.LoadStoreHoldsWithoutPartialStorePreserve.wordLoad
REFINEMENT_AXIOM RiscvRefinement.Opcodes.LoadStoreHoldsWithoutPartialStorePreserve.wordLoad propext
REFINEMENT_THEOREM RiscvRefinement.Opcodes.LoadStoreHoldsWithoutPartialStorePreserve.baseClock
REFINEMENT_AXIOM RiscvRefinement.Opcodes.LoadStoreHoldsWithoutPartialStorePreserve.baseClock propext
REFINEMENT_THEOREM RiscvRefinement.Opcodes.MulHoldsWithoutProductLimb0.sourceTwoLimb0
REFINEMENT_THEOREM RiscvRefinement.Air.Bridge.BaseAluReg.ProductionRefinement.source1Consume
REFINEMENT_AXIOM RiscvRefinement.Air.Bridge.BaseAluReg.ProductionRefinement.source1Consume propext
REFINEMENT_AXIOM RiscvRefinement.Air.Bridge.BaseAluReg.ProductionRefinement.source1Consume Quot.sound
REFINEMENT_THEOREM RiscvRefinement.Publication.TeamB.MulhDiv.Division.directEquationsF
REFINEMENT_AXIOM RiscvRefinement.Publication.TeamB.MulhDiv.Division.directEquationsF propext
REFINEMENT_AXIOM RiscvRefinement.Publication.TeamB.MulhDiv.Division.directEquationsF Quot.sound
REFINEMENT_THEOREM RiscvRefinement.Air.Family.MulHolds.sourceOneClock
REFINEMENT_THEOREM RiscvRefinement.Opcodes.Auipc.Refinement.destinationEmit
REFINEMENT_AXIOM RiscvRefinement.Opcodes.Auipc.Refinement.destinationEmit propext
REFINEMENT_AXIOM RiscvRefinement.Opcodes.Auipc.Refinement.destinationEmit Quot.sound
REFINEMENT_THEOREM RiscvRefinement.Air.Bridge.mulWitnessConstraintValues
REFINEMENT_AXIOM RiscvRefinement.Air.Bridge.mulWitnessConstraintValues propext
REFINEMENT_AXIOM RiscvRefinement.Air.Bridge.mulWitnessConstraintValues Quot.sound
REFINEMENT_THEOREM RiscvRefinement.Publication.TeamA.Branches.bge_accepted_air_implies_retirement
REFINEMENT_AXIOM RiscvRefinement.Publication.TeamA.Branches.bge_accepted_air_implies_retirement propext
REFINEMENT_AXIOM RiscvRefinement.Publication.TeamA.Branches.bge_accepted_air_implies_retirement Quot.sound
REFINEMENT_AXIOM RiscvRefinement.Publication.TeamA.Branches.bge_accepted_air_implies_retirement Classical.choice
REFINEMENT_THEOREM RiscvRefinement.Opcodes.ShiftsRegHoldsWithoutRightLowByte.clockPositive
REFINEMENT_THEOREM RiscvRefinement.Opcodes.NonVacuity.sb_holds
REFINEMENT_AXIOM RiscvRefinement.Opcodes.NonVacuity.sb_holds propext
REFINEMENT_THEOREM RiscvRefinement.Air.Family.DivHolds.absSameLimb1
REFINEMENT_THEOREM RiscvRefinement.Air.Family.DivHolds.destinationFlag
REFINEMENT_THEOREM RiscvRefinement.Air.Bridge.LtComparator.ComparatorContract.leftTopBound
REFINEMENT_THEOREM RiscvRefinement.Opcodes.srl_retires_register_logical_shift
REFINEMENT_AXIOM RiscvRefinement.Opcodes.srl_retires_register_logical_shift propext
REFINEMENT_AXIOM RiscvRefinement.Opcodes.srl_retires_register_logical_shift Quot.sound
REFINEMENT_THEOREM RiscvRefinement.Publication.TeamB.LoadStore.ExactFixedProjection.halfSign
REFINEMENT_AXIOM RiscvRefinement.Publication.TeamB.LoadStore.ExactFixedProjection.halfSign propext
REFINEMENT_AXIOM RiscvRefinement.Publication.TeamB.LoadStore.ExactFixedProjection.halfSign Quot.sound
REFINEMENT_THEOREM RiscvRefinement.Publication.TeamB.MulhDiv.Division.DirectConsequences.zeroDivisorQuotient2
REFINEMENT_THEOREM RiscvRefinement.Opcodes.StoreMutation.StoreHoldsWithoutStoreResultZeroOnStores.nextPcResult
REFINEMENT_AXIOM RiscvRefinement.Opcodes.StoreMutation.StoreHoldsWithoutStoreResultZeroOnStores.nextPcResult propext
REFINEMENT_THEOREM RiscvRefinement.Air.Bridge.BaseAluImm.ProductionRefinement.resultLow
REFINEMENT_AXIOM RiscvRefinement.Air.Bridge.BaseAluImm.ProductionRefinement.resultLow propext
REFINEMENT_AXIOM RiscvRefinement.Air.Bridge.BaseAluImm.ProductionRefinement.resultLow Quot.sound
REFINEMENT_THEOREM RiscvRefinement.Opcodes.DivHoldsWithoutDividendSignBit.scanEqual3
REFINEMENT_THEOREM RiscvRefinement.Opcodes.LoadMutationWord.HoldsWithoutHalfLoadExtension.halfShiftId
REFINEMENT_AXIOM RiscvRefinement.Opcodes.LoadMutationWord.HoldsWithoutHalfLoadExtension.halfShiftId propext
REFINEMENT_THEOREM RiscvRefinement.Opcodes.mulhu_product_limb4_is_load_bearing
REFINEMENT_AXIOM RiscvRefinement.Opcodes.mulhu_product_limb4_is_load_bearing propext
REFINEMENT_AXIOM RiscvRefinement.Opcodes.mulhu_product_limb4_is_load_bearing Quot.sound
REFINEMENT_THEOREM RiscvRefinement.Air.Bridge.LtReg.ProductionRefinement.sourceDigest
REFINEMENT_AXIOM RiscvRefinement.Air.Bridge.LtReg.ProductionRefinement.sourceDigest propext
REFINEMENT_AXIOM RiscvRefinement.Air.Bridge.LtReg.ProductionRefinement.sourceDigest Quot.sound
REFINEMENT_THEOREM RiscvRefinement.Opcodes.MulhsuRefinement.bus
REFINEMENT_AXIOM RiscvRefinement.Opcodes.MulhsuRefinement.bus propext
REFINEMENT_THEOREM RiscvRefinement.Opcodes.sll_retires_register_shift
REFINEMENT_AXIOM RiscvRefinement.Opcodes.sll_retires_register_shift propext
REFINEMENT_AXIOM RiscvRefinement.Opcodes.sll_retires_register_shift Quot.sound
REFINEMENT_THEOREM RiscvRefinement.Opcodes.ShiftsRegHoldsWithoutShiftAmountBinds.nextPcResult
REFINEMENT_THEOREM RiscvRefinement.Air.Family.LoadStoreHolds.sourceReadOnly
REFINEMENT_AXIOM RiscvRefinement.Air.Family.LoadStoreHolds.sourceReadOnly propext
REFINEMENT_THEOREM RiscvRefinement.Opcodes.StoreMutation.StoreHoldsWithoutHalfStoreHigh.byteStoreSelect
REFINEMENT_AXIOM RiscvRefinement.Opcodes.StoreMutation.StoreHoldsWithoutHalfStoreHigh.byteStoreSelect propext
REFINEMENT_THEOREM RiscvRefinement.Air.Bridge.LtReg.ComparatorContract.noMarkerResult
REFINEMENT_THEOREM RiscvRefinement.Air.FixedTableId.rangeCheck88_contains_iff
REFINEMENT_AXIOM RiscvRefinement.Air.FixedTableId.rangeCheck88_contains_iff propext
REFINEMENT_THEOREM RiscvRefinement.Opcodes.Branches.Lt.RawRefinement.retirementPc
REFINEMENT_AXIOM RiscvRefinement.Opcodes.Branches.Lt.RawRefinement.retirementPc propext
REFINEMENT_AXIOM RiscvRefinement.Opcodes.Branches.Lt.RawRefinement.retirementPc Quot.sound
REFINEMENT_THEOREM RiscvRefinement.Opcodes.DivRefinement.sourceTwoConsume
REFINEMENT_THEOREM RiscvRefinement.Air.Bridge.Branches.Lt.sound
REFINEMENT_AXIOM RiscvRefinement.Air.Bridge.Branches.Lt.sound propext
REFINEMENT_AXIOM RiscvRefinement.Air.Bridge.Branches.Lt.sound Quot.sound
REFINEMENT_THEOREM RiscvRefinement.Opcodes.MulhHoldsWithoutProductLimb4.destinationFlag
REFINEMENT_THEOREM RiscvRefinement.Air.Bridge.Jalr.targetHigh8Bound
REFINEMENT_AXIOM RiscvRefinement.Air.Bridge.Jalr.targetHigh8Bound propext
REFINEMENT_AXIOM RiscvRefinement.Air.Bridge.Jalr.targetHigh8Bound Quot.sound
REFINEMENT_THEOREM RiscvRefinement.Publication.TeamB.Multiply.Admission.sourceTwoPreviousBound
REFINEMENT_THEOREM RiscvRefinement.Decode.encode_store_is_canonical
REFINEMENT_AXIOM RiscvRefinement.Decode.encode_store_is_canonical propext
REFINEMENT_AXIOM RiscvRefinement.Decode.encode_store_is_canonical Quot.sound
REFINEMENT_THEOREM RiscvRefinement.Opcodes.ByteLoadMutation.ByteLoadHoldsWithoutByteLoadExtension.halfSignWitness
REFINEMENT_AXIOM RiscvRefinement.Opcodes.ByteLoadMutation.ByteLoadHoldsWithoutByteLoadExtension.halfSignWitness propext
REFINEMENT_THEOREM RiscvRefinement.Opcodes.StoreMutation.StoreHoldsWithoutWordStore.selectorSum
REFINEMENT_AXIOM RiscvRefinement.Opcodes.StoreMutation.StoreHoldsWithoutWordStore.selectorSum propext
REFINEMENT_THEOREM RiscvRefinement.Publication.TeamB.MulhDiv.Division.carrySixRawLookup_selected
REFINEMENT_THEOREM RiscvRefinement.Opcodes.LoadStoreHoldsWithoutWordLoad.wordShiftAmount
REFINEMENT_AXIOM RiscvRefinement.Opcodes.LoadStoreHoldsWithoutWordLoad.wordShiftAmount propext
REFINEMENT_THEOREM RiscvRefinement.Publication.TeamB.Shifts.ImmFixedConsequences.carry2
REFINEMENT_THEOREM RiscvRefinement.Opcodes.ShiftHoldsWithoutLeftLowByte.destinationLimb0
REFINEMENT_THEOREM RiscvRefinement.Air.Bridge.Jalr.ExactLookups.destinationEmit
REFINEMENT_AXIOM RiscvRefinement.Air.Bridge.Jalr.ExactLookups.destinationEmit propext
REFINEMENT_AXIOM RiscvRefinement.Air.Bridge.Jalr.ExactLookups.destinationEmit Quot.sound
REFINEMENT_THEOREM RiscvRefinement.Opcodes.LoadMutationWord.HoldsWithoutWordLoad.nextPcResult
REFINEMENT_AXIOM RiscvRefinement.Opcodes.LoadMutationWord.HoldsWithoutWordLoad.nextPcResult propext
REFINEMENT_THEOREM RiscvRefinement.Opcodes.ByteLoadMutation.ByteLoadHoldsWithoutByteLoadExtension.operandClock
REFINEMENT_AXIOM RiscvRefinement.Opcodes.ByteLoadMutation.ByteLoadHoldsWithoutByteLoadExtension.operandClock propext
REFINEMENT_THEOREM RiscvRefinement.Air.Bridge.Jalr.ExactLookups.sourceMiddle
REFINEMENT_AXIOM RiscvRefinement.Air.Bridge.Jalr.ExactLookups.sourceMiddle propext
REFINEMENT_AXIOM RiscvRefinement.Air.Bridge.Jalr.ExactLookups.sourceMiddle Quot.sound
REFINEMENT_THEOREM RiscvRefinement.Opcodes.Branches.Eq.refines
REFINEMENT_AXIOM RiscvRefinement.Opcodes.Branches.Eq.refines propext
REFINEMENT_AXIOM RiscvRefinement.Opcodes.Branches.Eq.refines Quot.sound
REFINEMENT_AXIOM RiscvRefinement.Opcodes.Branches.Eq.refines Classical.choice
REFINEMENT_THEOREM RiscvRefinement.Opcodes.StoreMutation.StoreHoldsWithoutStoreResultZeroOnStores.byteLoadExtension
REFINEMENT_AXIOM RiscvRefinement.Opcodes.StoreMutation.StoreHoldsWithoutStoreResultZeroOnStores.byteLoadExtension propext
REFINEMENT_THEOREM RiscvRefinement.Opcodes.LoadStoreHoldsWithoutPartialStorePreserve.operandClock
REFINEMENT_AXIOM RiscvRefinement.Opcodes.LoadStoreHoldsWithoutPartialStorePreserve.operandClock propext
REFINEMENT_THEOREM RiscvRefinement.Opcodes.BaseAluReg.add_overflow_nonvacuous
REFINEMENT_AXIOM RiscvRefinement.Opcodes.BaseAluReg.add_overflow_nonvacuous propext
REFINEMENT_AXIOM RiscvRefinement.Opcodes.BaseAluReg.add_overflow_nonvacuous Quot.sound
REFINEMENT_THEOREM RiscvRefinement.Air.Bridge.LtImm.byteKey_eq
REFINEMENT_AXIOM RiscvRefinement.Air.Bridge.LtImm.byteKey_eq propext
REFINEMENT_AXIOM RiscvRefinement.Air.Bridge.LtImm.byteKey_eq Quot.sound
REFINEMENT_THEOREM RiscvRefinement.Opcodes.DivHoldsWithoutNegationRecurrence.quotientSignImpliesXor
REFINEMENT_THEOREM RiscvRefinement.Air.Bridge.Branches.branchTargetField
REFINEMENT_AXIOM RiscvRefinement.Air.Bridge.Branches.branchTargetField propext
REFINEMENT_AXIOM RiscvRefinement.Air.Bridge.Branches.branchTargetField Quot.sound
REFINEMENT_THEOREM RiscvRefinement.Opcodes.lh_write_value
REFINEMENT_AXIOM RiscvRefinement.Opcodes.lh_write_value propext
REFINEMENT_AXIOM RiscvRefinement.Opcodes.lh_write_value Quot.sound
REFINEMENT_AXIOM RiscvRefinement.Opcodes.lh_write_value Classical.choice
REFINEMENT_THEOREM RiscvRefinement.Opcodes.DivHoldsWithoutScanTotal.sourceTwoLimb1
REFINEMENT_THEOREM RiscvRefinement.Publication.TeamB.Shifts.ImmFixedConsequences.signLower
REFINEMENT_THEOREM RiscvRefinement.Publication.TeamB.LoadStore.FixedConsequences.sourceGap
REFINEMENT_THEOREM RiscvRefinement.Opcodes.StoreMutation.StoreHoldsWithoutWordStore.baseHighLimbRange
REFINEMENT_AXIOM RiscvRefinement.Opcodes.StoreMutation.StoreHoldsWithoutWordStore.baseHighLimbRange propext
REFINEMENT_THEOREM RiscvRefinement.Opcodes.divRelabelledResultRow_refutes
REFINEMENT_THEOREM RiscvRefinement.Publication.TeamB.MulhDiv.Division.remuExactFixedProjection
REFINEMENT_AXIOM RiscvRefinement.Publication.TeamB.MulhDiv.Division.remuExactFixedProjection propext
REFINEMENT_AXIOM RiscvRefinement.Publication.TeamB.MulhDiv.Division.remuExactFixedProjection Quot.sound
REFINEMENT_THEOREM RiscvRefinement.Publication.TeamB.MulhDiv.inverse256
REFINEMENT_THEOREM RiscvRefinement.Air.Bridge.loadStoreStoreWitnessFits
REFINEMENT_THEOREM RiscvRefinement.Opcodes.StoreMutation.StoreHoldsWithoutWordStore.halfStoreHigh
REFINEMENT_AXIOM RiscvRefinement.Opcodes.StoreMutation.StoreHoldsWithoutWordStore.halfStoreHigh propext
REFINEMENT_THEOREM RiscvRefinement.Air.Bridge.mulhLookupTuples
REFINEMENT_AXIOM RiscvRefinement.Air.Bridge.mulhLookupTuples propext
REFINEMENT_AXIOM RiscvRefinement.Air.Bridge.mulhLookupTuples Quot.sound
REFINEMENT_THEOREM RiscvRefinement.Opcodes.BaseAluImm.xori_exactProgramTuple
REFINEMENT_AXIOM RiscvRefinement.Opcodes.BaseAluImm.xori_exactProgramTuple propext
REFINEMENT_AXIOM RiscvRefinement.Opcodes.BaseAluImm.xori_exactProgramTuple Quot.sound
REFINEMENT_THEOREM RiscvRefinement.Opcodes.shift_right_low_byte_is_load_bearing
REFINEMENT_AXIOM RiscvRefinement.Opcodes.shift_right_low_byte_is_load_bearing propext
REFINEMENT_AXIOM RiscvRefinement.Opcodes.shift_right_low_byte_is_load_bearing Quot.sound
REFINEMENT_THEOREM RiscvRefinement.Opcodes.MulhHoldsWithoutSelectorSourceTwoSign.productLimb1
REFINEMENT_THEOREM RiscvRefinement.Air.Bridge.Branches.Lt.rawLessEqArchitectural
REFINEMENT_AXIOM RiscvRefinement.Air.Bridge.Branches.Lt.rawLessEqArchitectural propext
REFINEMENT_AXIOM RiscvRefinement.Air.Bridge.Branches.Lt.rawLessEqArchitectural Quot.sound
REFINEMENT_AXIOM RiscvRefinement.Air.Bridge.Branches.Lt.rawLessEqArchitectural Classical.choice
REFINEMENT_THEOREM RiscvRefinement.Publication.TeamA.Compare.sltu_accepted_air_implies_retirement
REFINEMENT_AXIOM RiscvRefinement.Publication.TeamA.Compare.sltu_accepted_air_implies_retirement propext
REFINEMENT_AXIOM RiscvRefinement.Publication.TeamA.Compare.sltu_accepted_air_implies_retirement Quot.sound
REFINEMENT_THEOREM RiscvRefinement.Opcodes.LoadStoreHoldsWithoutStoreResultZero.halfLoadExtension
REFINEMENT_AXIOM RiscvRefinement.Opcodes.LoadStoreHoldsWithoutStoreResultZero.halfLoadExtension propext
REFINEMENT_THEOREM RiscvRefinement.Opcodes.DivHoldsWithoutScanTotal.specialExclusive
REFINEMENT_THEOREM RiscvRefinement.Air.Bridge.absLimbInverse_spec
REFINEMENT_AXIOM RiscvRefinement.Air.Bridge.absLimbInverse_spec propext
REFINEMENT_AXIOM RiscvRefinement.Air.Bridge.absLimbInverse_spec Quot.sound
REFINEMENT_THEOREM RiscvRefinement.Opcodes.LtMutation.Imm.wrongProgram_refutes
REFINEMENT_AXIOM RiscvRefinement.Opcodes.LtMutation.Imm.wrongProgram_refutes propext
REFINEMENT_AXIOM RiscvRefinement.Opcodes.LtMutation.Imm.wrongProgram_refutes Quot.sound
REFINEMENT_THEOREM RiscvRefinement.Air.Bridge.BaseAluImm.Admission.clockPositive
REFINEMENT_THEOREM RiscvRefinement.Arith.signedValue_eq_sub
REFINEMENT_AXIOM RiscvRefinement.Arith.signedValue_eq_sub propext
REFINEMENT_THEOREM RiscvRefinement.Opcodes.ByteLoadMutation.ByteLoadHoldsWithoutByteLoadSelect.baseHighLimbRange
REFINEMENT_AXIOM RiscvRefinement.Opcodes.ByteLoadMutation.ByteLoadHoldsWithoutByteLoadSelect.baseHighLimbRange propext
REFINEMENT_THEOREM RiscvRefinement.Opcodes.ByteLoadMutation.ByteLoadHoldsWithoutByteLoadExtension.byteLoadSelect
REFINEMENT_AXIOM RiscvRefinement.Opcodes.ByteLoadMutation.ByteLoadHoldsWithoutByteLoadExtension.byteLoadSelect propext
REFINEMENT_THEOREM RiscvRefinement.Publication.TeamB.Shifts.ImmPublicationResult.everyLiveNonFixedRelation
REFINEMENT_AXIOM RiscvRefinement.Publication.TeamB.Shifts.ImmPublicationResult.everyLiveNonFixedRelation propext
REFINEMENT_AXIOM RiscvRefinement.Publication.TeamB.Shifts.ImmPublicationResult.everyLiveNonFixedRelation Quot.sound
REFINEMENT_THEOREM RiscvRefinement.Opcodes.StoreMutation.StoreHoldsWithoutWordStore.byteStoreSelect
REFINEMENT_AXIOM RiscvRefinement.Opcodes.StoreMutation.StoreHoldsWithoutWordStore.byteStoreSelect propext
REFINEMENT_THEOREM RiscvRefinement.Air.Bridge.Branches.Eq.RawProductionRefinement.programIdentity
REFINEMENT_AXIOM RiscvRefinement.Air.Bridge.Branches.Eq.RawProductionRefinement.programIdentity propext
REFINEMENT_AXIOM RiscvRefinement.Air.Bridge.Branches.Eq.RawProductionRefinement.programIdentity Quot.sound
REFINEMENT_THEOREM RiscvRefinement.Air.Family.LoadStoreHolds.halfLoadExtension
REFINEMENT_AXIOM RiscvRefinement.Air.Family.LoadStoreHolds.halfLoadExtension propext
REFINEMENT_THEOREM RiscvRefinement.Opcodes.ShiftsImmHoldsWithoutSignLowerBound.sourceClock
REFINEMENT_THEOREM RiscvRefinement.Opcodes.StoreMutation.StoreHoldsWithoutWordStore.storeResultZero
REFINEMENT_AXIOM RiscvRefinement.Opcodes.StoreMutation.StoreHoldsWithoutWordStore.storeResultZero propext
REFINEMENT_THEOREM RiscvRefinement.Opcodes.BaseAluMutation.Reg.sub_mutation
REFINEMENT_AXIOM RiscvRefinement.Opcodes.BaseAluMutation.Reg.sub_mutation propext
REFINEMENT_AXIOM RiscvRefinement.Opcodes.BaseAluMutation.Reg.sub_mutation Quot.sound
REFINEMENT_THEOREM RiscvRefinement.Opcodes.ShiftHoldsWithoutSignUpperBound.carry2Range
REFINEMENT_THEOREM RiscvRefinement.Opcodes.mulhu_exists
REFINEMENT_AXIOM RiscvRefinement.Opcodes.mulhu_exists propext
REFINEMENT_AXIOM RiscvRefinement.Opcodes.mulhu_exists Quot.sound
REFINEMENT_THEOREM RiscvRefinement.Publication.TeamB.LoadStore.lbu_accepted_air_refines
REFINEMENT_AXIOM RiscvRefinement.Publication.TeamB.LoadStore.lbu_accepted_air_refines propext
REFINEMENT_AXIOM RiscvRefinement.Publication.TeamB.LoadStore.lbu_accepted_air_refines Quot.sound
REFINEMENT_AXIOM RiscvRefinement.Publication.TeamB.LoadStore.lbu_accepted_air_refines Classical.choice
REFINEMENT_THEOREM RiscvRefinement.Air.Bridge.BaseAluReg.addResultWord
REFINEMENT_AXIOM RiscvRefinement.Air.Bridge.BaseAluReg.addResultWord propext
REFINEMENT_AXIOM RiscvRefinement.Air.Bridge.BaseAluReg.addResultWord Quot.sound
REFINEMENT_THEOREM RiscvRefinement.Opcodes.BaseAluReg.add_nonvacuous
REFINEMENT_AXIOM RiscvRefinement.Opcodes.BaseAluReg.add_nonvacuous propext
REFINEMENT_AXIOM RiscvRefinement.Opcodes.BaseAluReg.add_nonvacuous Quot.sound
REFINEMENT_THEOREM RiscvRefinement.Opcodes.ByteLoadMutation.lbu_byte_load_extension_is_load_bearing_for_lbu
REFINEMENT_AXIOM RiscvRefinement.Opcodes.ByteLoadMutation.lbu_byte_load_extension_is_load_bearing_for_lbu propext
REFINEMENT_THEOREM RiscvRefinement.Publication.TeamB.Multiply.ExactFixedProjection.carry1
REFINEMENT_AXIOM RiscvRefinement.Publication.TeamB.Multiply.ExactFixedProjection.carry1 propext
REFINEMENT_AXIOM RiscvRefinement.Publication.TeamB.Multiply.ExactFixedProjection.carry1 Quot.sound
REFINEMENT_THEOREM RiscvRefinement.Opcodes.LoadStoreHoldsWithoutHalfShiftId.immFeltRange
REFINEMENT_AXIOM RiscvRefinement.Opcodes.LoadStoreHoldsWithoutHalfShiftId.immFeltRange propext
REFINEMENT_THEOREM RiscvRefinement.Publication.TeamB.LoadStore.Admission.sourcePreviousBound
REFINEMENT_THEOREM RiscvRefinement.Air.Bridge.BaseAluReg.zeroDestinationNonvacuous
REFINEMENT_AXIOM RiscvRefinement.Air.Bridge.BaseAluReg.zeroDestinationNonvacuous propext
REFINEMENT_AXIOM RiscvRefinement.Air.Bridge.BaseAluReg.zeroDestinationNonvacuous Quot.sound
REFINEMENT_THEOREM RiscvRefinement.Opcodes.DivHoldsWithoutDividendSignBit.zeroDivisorLimb2
REFINEMENT_THEOREM RiscvRefinement.Opcodes.LoadStoreHoldsWithoutWordLoad.partialStorePreserve
REFINEMENT_AXIOM RiscvRefinement.Opcodes.LoadStoreHoldsWithoutWordLoad.partialStorePreserve propext
REFINEMENT_THEOREM RiscvRefinement.Publication.TeamB.MulhDiv.HighMultiply.SelectorAdmission.unique
REFINEMENT_AXIOM RiscvRefinement.Publication.TeamB.MulhDiv.HighMultiply.SelectorAdmission.unique propext
REFINEMENT_AXIOM RiscvRefinement.Publication.TeamB.MulhDiv.HighMultiply.SelectorAdmission.unique Quot.sound
REFINEMENT_THEOREM RiscvRefinement.Opcodes.DivHoldsWithoutUnsignedDivisorSign.ltDiffLower
REFINEMENT_THEOREM RiscvRefinement.Air.Bridge.Auipc.stateEmitFields
REFINEMENT_AXIOM RiscvRefinement.Air.Bridge.Auipc.stateEmitFields propext
REFINEMENT_AXIOM RiscvRefinement.Air.Bridge.Auipc.stateEmitFields Quot.sound
REFINEMENT_THEOREM RiscvRefinement.Air.Family.MulHolds.sourceOneLimb1
REFINEMENT_THEOREM RiscvRefinement.Air.Bridge.mulProgram_wellFormed
REFINEMENT_THEOREM RiscvRefinement.Opcodes.remuRelabelledResultRow_satisfies
REFINEMENT_THEOREM RiscvRefinement.Publication.TeamB.MulhDiv.Division.DirectEquationsD.negCarryZero1
REFINEMENT_THEOREM RiscvRefinement.Opcodes.Lt.Reg.slt_exactProgramTuple
REFINEMENT_AXIOM RiscvRefinement.Opcodes.Lt.Reg.slt_exactProgramTuple propext
REFINEMENT_AXIOM RiscvRefinement.Opcodes.Lt.Reg.slt_exactProgramTuple Quot.sound
REFINEMENT_THEOREM RiscvRefinement.Arith.divideSigned_zero
REFINEMENT_AXIOM RiscvRefinement.Arith.divideSigned_zero propext
REFINEMENT_THEOREM RiscvRefinement.Air.Bridge.mulhUnsignedWitnessUngatedFails
REFINEMENT_AXIOM RiscvRefinement.Air.Bridge.mulhUnsignedWitnessUngatedFails propext
REFINEMENT_THEOREM RiscvRefinement.Opcodes.DivHoldsWithoutNegationRecurrence.scanEqual3
REFINEMENT_THEOREM RiscvRefinement.Publication.TeamB.Multiply.ExactTupleProjection.stateEmit
REFINEMENT_AXIOM RiscvRefinement.Publication.TeamB.Multiply.ExactTupleProjection.stateEmit propext
REFINEMENT_AXIOM RiscvRefinement.Publication.TeamB.Multiply.ExactTupleProjection.stateEmit Quot.sound
REFINEMENT_THEOREM RiscvRefinement.Air.Family.MulHolds.destinationClock
REFINEMENT_THEOREM RiscvRefinement.Sail.Reviewed.executeSw_full_overwrite
REFINEMENT_AXIOM RiscvRefinement.Sail.Reviewed.executeSw_full_overwrite propext
REFINEMENT_AXIOM RiscvRefinement.Sail.Reviewed.executeSw_full_overwrite Quot.sound
REFINEMENT_THEOREM RiscvRefinement.Air.Bridge.Mutations.immediateRange_satisfies
REFINEMENT_AXIOM RiscvRefinement.Air.Bridge.Mutations.immediateRange_satisfies propext
REFINEMENT_AXIOM RiscvRefinement.Air.Bridge.Mutations.immediateRange_satisfies Quot.sound
REFINEMENT_THEOREM RiscvRefinement.Opcodes.DivHoldsWithoutNegationRecurrence.divisorNonzero
REFINEMENT_THEOREM RiscvRefinement.Opcodes.StoreMutation.StoreHoldsWithoutHalfStoreHigh.immFeltRange
REFINEMENT_AXIOM RiscvRefinement.Opcodes.StoreMutation.StoreHoldsWithoutHalfStoreHigh.immFeltRange propext
REFINEMENT_THEOREM RiscvRefinement.Opcodes.ShiftsImmRefinement.maskedAmount
REFINEMENT_AXIOM RiscvRefinement.Opcodes.ShiftsImmRefinement.maskedAmount propext
REFINEMENT_AXIOM RiscvRefinement.Opcodes.ShiftsImmRefinement.maskedAmount Quot.sound
REFINEMENT_THEOREM RiscvRefinement.Opcodes.DivHoldsWithoutSignXorDefinition.zeroDivisorLimb3
REFINEMENT_THEOREM RiscvRefinement.Opcodes.LoadMutationWord.HoldsWithoutHalfLoadExtension.byteLoadSelect
REFINEMENT_AXIOM RiscvRefinement.Opcodes.LoadMutationWord.HoldsWithoutHalfLoadExtension.byteLoadSelect propext
REFINEMENT_THEOREM RiscvRefinement.Opcodes.MulhHoldsWithoutSelectorSourceTwoSign.sourceTwoClock
REFINEMENT_THEOREM RiscvRefinement.Air.Generated.LuiHolds.destinationLimb2
REFINEMENT_AXIOM RiscvRefinement.Air.Generated.LuiHolds.destinationLimb2 propext
REFINEMENT_AXIOM RiscvRefinement.Air.Generated.LuiHolds.destinationLimb2 Quot.sound
REFINEMENT_THEOREM RiscvRefinement.Air.Bridge.evalNodesFrom_cons
REFINEMENT_THEOREM RiscvRefinement.Opcodes.Branches.Lt.blt_refinement_theorem
REFINEMENT_AXIOM RiscvRefinement.Opcodes.Branches.Lt.blt_refinement_theorem propext
REFINEMENT_AXIOM RiscvRefinement.Opcodes.Branches.Lt.blt_refinement_theorem Quot.sound
REFINEMENT_AXIOM RiscvRefinement.Opcodes.Branches.Lt.blt_refinement_theorem Classical.choice
REFINEMENT_THEOREM RiscvRefinement.Opcodes.DivHoldsWithoutDividendSignBit.remainderNonzero
REFINEMENT_THEOREM RiscvRefinement.Opcodes.mulhResultFromOperands
REFINEMENT_AXIOM RiscvRefinement.Opcodes.mulhResultFromOperands propext
REFINEMENT_AXIOM RiscvRefinement.Opcodes.mulhResultFromOperands Quot.sound
REFINEMENT_THEOREM RiscvRefinement.Opcodes.DivHoldsWithoutDividendSignBit.ltDiffLower
REFINEMENT_THEOREM RiscvRefinement.Publication.TeamB.MulhDiv.Division.node103
REFINEMENT_AXIOM RiscvRefinement.Publication.TeamB.MulhDiv.Division.node103 propext
REFINEMENT_AXIOM RiscvRefinement.Publication.TeamB.MulhDiv.Division.node103 Quot.sound
REFINEMENT_THEOREM RiscvRefinement.Publication.TeamB.Multiply.mul_exactRetirement
REFINEMENT_AXIOM RiscvRefinement.Publication.TeamB.Multiply.mul_exactRetirement propext
REFINEMENT_AXIOM RiscvRefinement.Publication.TeamB.Multiply.mul_exactRetirement Quot.sound
REFINEMENT_AXIOM RiscvRefinement.Publication.TeamB.Multiply.mul_exactRetirement Classical.choice
REFINEMENT_THEOREM RiscvRefinement.Opcodes.StoreMutation.sw_word_store_is_load_bearing
REFINEMENT_AXIOM RiscvRefinement.Opcodes.StoreMutation.sw_word_store_is_load_bearing propext
REFINEMENT_AXIOM RiscvRefinement.Opcodes.StoreMutation.sw_word_store_is_load_bearing Quot.sound
REFINEMENT_THEOREM RiscvRefinement.Opcodes.divHolds_weakens_zeroDivisorQuotient0
REFINEMENT_THEOREM RiscvRefinement.Opcodes.Jal.refines
REFINEMENT_AXIOM RiscvRefinement.Opcodes.Jal.refines propext
REFINEMENT_AXIOM RiscvRefinement.Opcodes.Jal.refines Quot.sound
REFINEMENT_AXIOM RiscvRefinement.Opcodes.Jal.refines Classical.choice
REFINEMENT_THEOREM RiscvRefinement.Opcodes.DivHoldsWithoutNegationRecurrence.zeroDivisorLimb3
REFINEMENT_THEOREM RiscvRefinement.Air.Bridge.Branches.Lt.RawAdmission.immediateFieldBinds
REFINEMENT_AXIOM RiscvRefinement.Air.Bridge.Branches.Lt.RawAdmission.immediateFieldBinds propext
REFINEMENT_AXIOM RiscvRefinement.Air.Bridge.Branches.Lt.RawAdmission.immediateFieldBinds Quot.sound
REFINEMENT_THEOREM RiscvRefinement.Air.Family.div_unsigned_signs
REFINEMENT_AXIOM RiscvRefinement.Air.Family.div_unsigned_signs propext
REFINEMENT_THEOREM RiscvRefinement.Opcodes.DivHoldsWithoutProductRecurrence.scanEqual3
REFINEMENT_THEOREM RiscvRefinement.Opcodes.DivHoldsWithoutProductRecurrence.scanMarker0
REFINEMENT_THEOREM RiscvRefinement.Opcodes.DivHoldsWithoutSignXorDefinition.destinationLimb2
REFINEMENT_THEOREM RiscvRefinement.Publication.TeamB.MulhDiv.Division.byteEqOfFieldEq
REFINEMENT_AXIOM RiscvRefinement.Publication.TeamB.MulhDiv.Division.byteEqOfFieldEq propext
REFINEMENT_AXIOM RiscvRefinement.Publication.TeamB.MulhDiv.Division.byteEqOfFieldEq Quot.sound
REFINEMENT_THEOREM RiscvRefinement.Publication.TeamB.Multiply.DirectConsequences.destinationFlag
REFINEMENT_THEOREM RiscvRefinement.Air.Bridge.BaseAluReg.ProductionRefinement.source1Value
REFINEMENT_AXIOM RiscvRefinement.Air.Bridge.BaseAluReg.ProductionRefinement.source1Value propext
REFINEMENT_AXIOM RiscvRefinement.Air.Bridge.BaseAluReg.ProductionRefinement.source1Value Quot.sound
REFINEMENT_THEOREM RiscvRefinement.Opcodes.operandPreviousClock_store
REFINEMENT_AXIOM RiscvRefinement.Opcodes.operandPreviousClock_store propext
REFINEMENT_THEOREM RiscvRefinement.Publication.TeamB.Shifts.RegExactFixedProjection.sign
REFINEMENT_AXIOM RiscvRefinement.Publication.TeamB.Shifts.RegExactFixedProjection.sign propext
REFINEMENT_AXIOM RiscvRefinement.Publication.TeamB.Shifts.RegExactFixedProjection.sign Quot.sound
REFINEMENT_THEOREM RiscvRefinement.Opcodes.SelectorNonVacuity.srai_selector_exists
REFINEMENT_AXIOM RiscvRefinement.Opcodes.SelectorNonVacuity.srai_selector_exists propext
REFINEMENT_AXIOM RiscvRefinement.Opcodes.SelectorNonVacuity.srai_selector_exists Quot.sound
REFINEMENT_AXIOM RiscvRefinement.Opcodes.SelectorNonVacuity.srai_selector_exists Classical.choice
REFINEMENT_THEOREM RiscvRefinement.Air.Bridge.Program.value_eq_nodeValues
REFINEMENT_AXIOM RiscvRefinement.Air.Bridge.Program.value_eq_nodeValues propext
REFINEMENT_AXIOM RiscvRefinement.Air.Bridge.Program.value_eq_nodeValues Quot.sound
REFINEMENT_THEOREM RiscvRefinement.Opcodes.SelectorNonVacuity.srl_selector_exists
REFINEMENT_AXIOM RiscvRefinement.Opcodes.SelectorNonVacuity.srl_selector_exists propext
REFINEMENT_AXIOM RiscvRefinement.Opcodes.SelectorNonVacuity.srl_selector_exists Quot.sound
REFINEMENT_AXIOM RiscvRefinement.Opcodes.SelectorNonVacuity.srl_selector_exists Classical.choice
REFINEMENT_THEOREM RiscvRefinement.Air.Bridge.BaseAluImm.lookupProjection
REFINEMENT_AXIOM RiscvRefinement.Air.Bridge.BaseAluImm.lookupProjection propext
REFINEMENT_AXIOM RiscvRefinement.Air.Bridge.BaseAluImm.lookupProjection Quot.sound
REFINEMENT_THEOREM RiscvRefinement.Air.Bridge.Jalr.AirEquations.destinationInverse
REFINEMENT_AXIOM RiscvRefinement.Air.Bridge.Jalr.AirEquations.destinationInverse propext
REFINEMENT_THEOREM RiscvRefinement.Publication.TeamB.MulhDiv.Division.DirectEquationsA.zeroDivisor0
REFINEMENT_THEOREM RiscvRefinement.Opcodes.DivHoldsWithoutUnsignedDivisorSign.remainderZeroLimb0
REFINEMENT_THEOREM RiscvRefinement.Opcodes.ByteLoadMutation.ByteLoadHoldsWithoutByteLoadExtension.partialStorePreserve
REFINEMENT_AXIOM RiscvRefinement.Opcodes.ByteLoadMutation.ByteLoadHoldsWithoutByteLoadExtension.partialStorePreserve propext
REFINEMENT_THEOREM RiscvRefinement.Publication.TeamB.MulhDiv.Division.SelectorConsequences.selected
REFINEMENT_THEOREM RiscvRefinement.Air.Bridge.BaseAluImm.destinationClock
REFINEMENT_AXIOM RiscvRefinement.Air.Bridge.BaseAluImm.destinationClock propext
REFINEMENT_AXIOM RiscvRefinement.Air.Bridge.BaseAluImm.destinationClock Quot.sound
REFINEMENT_THEOREM RiscvRefinement.Publication.TeamB.MulhDiv.Division.remExactTupleProjection
REFINEMENT_AXIOM RiscvRefinement.Publication.TeamB.MulhDiv.Division.remExactTupleProjection propext
REFINEMENT_AXIOM RiscvRefinement.Publication.TeamB.MulhDiv.Division.remExactTupleProjection Quot.sound
REFINEMENT_THEOREM RiscvRefinement.Publication.TeamB.MulhDiv.Division.sourceOneEmitRawLookup_selected
REFINEMENT_THEOREM RiscvRefinement.Opcodes.StoreMutation.StoreHoldsWithoutHalfStoreHigh.byteSignWitness
REFINEMENT_AXIOM RiscvRefinement.Opcodes.StoreMutation.StoreHoldsWithoutHalfStoreHigh.byteSignWitness propext
REFINEMENT_THEOREM RiscvRefinement.Opcodes.store_result_zero_is_load_bearing
REFINEMENT_AXIOM RiscvRefinement.Opcodes.store_result_zero_is_load_bearing propext
REFINEMENT_AXIOM RiscvRefinement.Opcodes.store_result_zero_is_load_bearing Quot.sound
REFINEMENT_AXIOM RiscvRefinement.Opcodes.store_result_zero_is_load_bearing Classical.choice
REFINEMENT_THEOREM RiscvRefinement.Publication.TeamB.MulhDiv.Division.node328
REFINEMENT_AXIOM RiscvRefinement.Publication.TeamB.MulhDiv.Division.node328 propext
REFINEMENT_AXIOM RiscvRefinement.Publication.TeamB.MulhDiv.Division.node328 Quot.sound
REFINEMENT_THEOREM RiscvRefinement.Publication.TeamB.MulhDiv.m31MulAssoc
REFINEMENT_AXIOM RiscvRefinement.Publication.TeamB.MulhDiv.m31MulAssoc propext
REFINEMENT_THEOREM RiscvRefinement.Opcodes.MulhBusRefinement.destinationConsume
REFINEMENT_THEOREM RiscvRefinement.Opcodes.MulhHoldsWithoutSelectorSourceTwoSign.sourceOneLimb1
REFINEMENT_THEOREM RiscvRefinement.Memory.halfAligned_byteOffset
REFINEMENT_AXIOM RiscvRefinement.Memory.halfAligned_byteOffset propext
REFINEMENT_AXIOM RiscvRefinement.Memory.halfAligned_byteOffset Quot.sound
REFINEMENT_THEOREM RiscvRefinement.Opcodes.divHolds_weakens_destinationLimb0
REFINEMENT_THEOREM RiscvRefinement.Air.Bridge.Jalr.ProductionRefinement.wrappedAddition
REFINEMENT_AXIOM RiscvRefinement.Air.Bridge.Jalr.ProductionRefinement.wrappedAddition propext
REFINEMENT_AXIOM RiscvRefinement.Air.Bridge.Jalr.ProductionRefinement.wrappedAddition Quot.sound
REFINEMENT_THEOREM RiscvRefinement.Opcodes.ByteLoadMutation.ByteLoadHoldsWithoutByteLoadExtension.immFeltRange
REFINEMENT_AXIOM RiscvRefinement.Opcodes.ByteLoadMutation.ByteLoadHoldsWithoutByteLoadExtension.immFeltRange propext
REFINEMENT_THEOREM RiscvRefinement.Opcodes.DivHoldsWithoutZeroDivisorQuotient0.remainderZeroLimb0
REFINEMENT_THEOREM RiscvRefinement.Opcodes.LoadStoreHoldsWithoutPartialStorePreserve.signWitnessCanonical
REFINEMENT_AXIOM RiscvRefinement.Opcodes.LoadStoreHoldsWithoutPartialStorePreserve.signWitnessCanonical propext
REFINEMENT_THEOREM RiscvRefinement.Opcodes.MulhHoldsWithoutSourceOneSignBinding.productLimb5
REFINEMENT_THEOREM RiscvRefinement.Air.Bridge.loadStoreStoreWitnessConstraintValues
REFINEMENT_AXIOM RiscvRefinement.Air.Bridge.loadStoreStoreWitnessConstraintValues propext
REFINEMENT_AXIOM RiscvRefinement.Air.Bridge.loadStoreStoreWitnessConstraintValues Quot.sound
REFINEMENT_THEOREM RiscvRefinement.Opcodes.DivHoldsWithoutZeroDivisorQuotient0.sourceTwoLimb1
REFINEMENT_THEOREM RiscvRefinement.Publication.TeamB.Shifts.RegPublicationResult.exactOrderedTuples
REFINEMENT_AXIOM RiscvRefinement.Publication.TeamB.Shifts.RegPublicationResult.exactOrderedTuples propext
REFINEMENT_AXIOM RiscvRefinement.Publication.TeamB.Shifts.RegPublicationResult.exactOrderedTuples Quot.sound
REFINEMENT_THEOREM RiscvRefinement.Sail.Reviewed.executeDiv_overflow
REFINEMENT_AXIOM RiscvRefinement.Sail.Reviewed.executeDiv_overflow propext
REFINEMENT_THEOREM RiscvRefinement.Opcodes.DivHoldsWithoutScanTotal.sourceTwoLimb3
REFINEMENT_THEOREM RiscvRefinement.Opcodes.DivHoldsWithoutDestinationLimb0.remainderZeroLimb0
REFINEMENT_THEOREM RiscvRefinement.Opcodes.extract_limb2
REFINEMENT_AXIOM RiscvRefinement.Opcodes.extract_limb2 propext
REFINEMENT_AXIOM RiscvRefinement.Opcodes.extract_limb2 Quot.sound
REFINEMENT_THEOREM RiscvRefinement.Air.Bridge.BaseAluReg.Admission.destinationPreviousBound
REFINEMENT_THEOREM RiscvRefinement.Opcodes.NonVacuity.lw_holds
REFINEMENT_AXIOM RiscvRefinement.Opcodes.NonVacuity.lw_holds propext
REFINEMENT_THEOREM RiscvRefinement.Air.Bridge.M31.reduce_mul
REFINEMENT_AXIOM RiscvRefinement.Air.Bridge.M31.reduce_mul propext
REFINEMENT_THEOREM RiscvRefinement.Opcodes.ShiftHoldsWithoutSignUpperBound.bitIndexRange
REFINEMENT_THEOREM RiscvRefinement.Opcodes.Branches.Eq.RawRefinement.exactProgramTuple
REFINEMENT_AXIOM RiscvRefinement.Opcodes.Branches.Eq.RawRefinement.exactProgramTuple propext
REFINEMENT_AXIOM RiscvRefinement.Opcodes.Branches.Eq.RawRefinement.exactProgramTuple Quot.sound
REFINEMENT_THEOREM RiscvRefinement.Air.Bridge.Jal.exampleAdmission
REFINEMENT_AXIOM RiscvRefinement.Air.Bridge.Jal.exampleAdmission propext
REFINEMENT_AXIOM RiscvRefinement.Air.Bridge.Jal.exampleAdmission Quot.sound
REFINEMENT_THEOREM RiscvRefinement.Publication.TeamB.localTheoremIdentities_nodup
REFINEMENT_THEOREM RiscvRefinement.Air.Bridge.LtImm.lookupProjection
REFINEMENT_AXIOM RiscvRefinement.Air.Bridge.LtImm.lookupProjection propext
REFINEMENT_AXIOM RiscvRefinement.Air.Bridge.LtImm.lookupProjection Quot.sound
REFINEMENT_THEOREM RiscvRefinement.Opcodes.LoadMutationWord.HoldsWithoutWordLoad.byteLoadExtension
REFINEMENT_AXIOM RiscvRefinement.Opcodes.LoadMutationWord.HoldsWithoutWordLoad.byteLoadExtension propext
REFINEMENT_THEOREM RiscvRefinement.Opcodes.ByteLoadMutation.ByteLoadHoldsWithoutByteLoadSelect.memoryAddress
REFINEMENT_AXIOM RiscvRefinement.Opcodes.ByteLoadMutation.ByteLoadHoldsWithoutByteLoadSelect.memoryAddress propext
REFINEMENT_THEOREM RiscvRefinement.Opcodes.word_of_zero_extended_byte
REFINEMENT_AXIOM RiscvRefinement.Opcodes.word_of_zero_extended_byte propext
REFINEMENT_AXIOM RiscvRefinement.Opcodes.word_of_zero_extended_byte Quot.sound
REFINEMENT_THEOREM RiscvRefinement.Opcodes.DivHoldsWithoutUnsignedDivisorSign.sourceOneLimb3
REFINEMENT_THEOREM RiscvRefinement.Air.Bridge.Jalr.targetValueBound
REFINEMENT_AXIOM RiscvRefinement.Air.Bridge.Jalr.targetValueBound propext
REFINEMENT_AXIOM RiscvRefinement.Air.Bridge.Jalr.targetValueBound Quot.sound
REFINEMENT_THEOREM RiscvRefinement.Decode.encode_sll_is_canonical
REFINEMENT_AXIOM RiscvRefinement.Decode.encode_sll_is_canonical propext
REFINEMENT_AXIOM RiscvRefinement.Decode.encode_sll_is_canonical Quot.sound
REFINEMENT_THEOREM RiscvRefinement.Sail.Reviewed.storeWordPayload_word
REFINEMENT_AXIOM RiscvRefinement.Sail.Reviewed.storeWordPayload_word propext
REFINEMENT_AXIOM RiscvRefinement.Sail.Reviewed.storeWordPayload_word Quot.sound
REFINEMENT_THEOREM RiscvRefinement.Air.Bridge.LtImm.fixedLookupsHold_eq
REFINEMENT_AXIOM RiscvRefinement.Air.Bridge.LtImm.fixedLookupsHold_eq propext
REFINEMENT_AXIOM RiscvRefinement.Air.Bridge.LtImm.fixedLookupsHold_eq Quot.sound
REFINEMENT_THEOREM RiscvRefinement.Opcodes.DivHoldsWithoutZeroDivisorQuotient0.scanEqual1
REFINEMENT_THEOREM RiscvRefinement.Opcodes.LoadStoreHoldsWithoutStoreResultZero.byteMarkerSum
REFINEMENT_AXIOM RiscvRefinement.Opcodes.LoadStoreHoldsWithoutStoreResultZero.byteMarkerSum propext
REFINEMENT_THEOREM RiscvRefinement.Decode.encode_remu_is_canonical
REFINEMENT_AXIOM RiscvRefinement.Decode.encode_remu_is_canonical propext
REFINEMENT_AXIOM RiscvRefinement.Decode.encode_remu_is_canonical Quot.sound
REFINEMENT_THEOREM RiscvRefinement.Opcodes.DivHoldsWithoutProductRecurrence.sourceOneLimb2
REFINEMENT_THEOREM RiscvRefinement.Opcodes.DivRefinement.destinationEmit
REFINEMENT_THEOREM RiscvRefinement.Air.Family.DivHolds.scanMarker2
REFINEMENT_THEOREM RiscvRefinement.Opcodes.LoadStoreHoldsWithoutHalfShiftId.halfMarkerSum
REFINEMENT_AXIOM RiscvRefinement.Opcodes.LoadStoreHoldsWithoutHalfShiftId.halfMarkerSum propext
REFINEMENT_THEOREM RiscvRefinement.Air.Generated.LuiHolds.destinationFlag
REFINEMENT_AXIOM RiscvRefinement.Air.Generated.LuiHolds.destinationFlag propext
REFINEMENT_AXIOM RiscvRefinement.Air.Generated.LuiHolds.destinationFlag Quot.sound
REFINEMENT_THEOREM RiscvRefinement.Opcodes.Branches.Lt.bltu_nonvacuity_theorem
REFINEMENT_AXIOM RiscvRefinement.Opcodes.Branches.Lt.bltu_nonvacuity_theorem propext
REFINEMENT_AXIOM RiscvRefinement.Opcodes.Branches.Lt.bltu_nonvacuity_theorem Quot.sound
REFINEMENT_AXIOM RiscvRefinement.Opcodes.Branches.Lt.bltu_nonvacuity_theorem Classical.choice
REFINEMENT_THEOREM RiscvRefinement.Opcodes.MulRefinement.sourceOneEmit
REFINEMENT_AXIOM RiscvRefinement.Opcodes.MulRefinement.sourceOneEmit propext
REFINEMENT_THEOREM RiscvRefinement.Air.Family.MulhHolds.sourceTwoLimb1
REFINEMENT_THEOREM RiscvRefinement.Opcodes.MulhHoldsWithoutSourceOneSignBinding.sourceOneLimb3
REFINEMENT_THEOREM RiscvRefinement.Opcodes.AuipcMutation.wrongDestination_satisfies
REFINEMENT_AXIOM RiscvRefinement.Opcodes.AuipcMutation.wrongDestination_satisfies propext
REFINEMENT_AXIOM RiscvRefinement.Opcodes.AuipcMutation.wrongDestination_satisfies Quot.sound
REFINEMENT_THEOREM RiscvRefinement.Opcodes.mul_aliased_exists
REFINEMENT_AXIOM RiscvRefinement.Opcodes.mul_aliased_exists propext
REFINEMENT_AXIOM RiscvRefinement.Opcodes.mul_aliased_exists Quot.sound
REFINEMENT_AXIOM RiscvRefinement.Opcodes.mul_aliased_exists Classical.choice
REFINEMENT_THEOREM RiscvRefinement.Opcodes.ShiftsRegRefinement.retirement
REFINEMENT_AXIOM RiscvRefinement.Opcodes.ShiftsRegRefinement.retirement propext
REFINEMENT_AXIOM RiscvRefinement.Opcodes.ShiftsRegRefinement.retirement Quot.sound
REFINEMENT_THEOREM RiscvRefinement.Opcodes.DivHoldsWithoutNegationRecurrence.unsignedDivisorSign
REFINEMENT_THEOREM RiscvRefinement.Opcodes.BaseAluReg.xor_exactLookupProjection
REFINEMENT_AXIOM RiscvRefinement.Opcodes.BaseAluReg.xor_exactLookupProjection propext
REFINEMENT_AXIOM RiscvRefinement.Opcodes.BaseAluReg.xor_exactLookupProjection Quot.sound
REFINEMENT_THEOREM RiscvRefinement.Opcodes.ByteLoadMutation.ByteLoadHoldsWithoutByteSignWitness.halfSignWitness
REFINEMENT_AXIOM RiscvRefinement.Opcodes.ByteLoadMutation.ByteLoadHoldsWithoutByteSignWitness.halfSignWitness propext
REFINEMENT_THEOREM RiscvRefinement.Memory.selectHalf_low
REFINEMENT_AXIOM RiscvRefinement.Memory.selectHalf_low propext
REFINEMENT_AXIOM RiscvRefinement.Memory.selectHalf_low Quot.sound
REFINEMENT_THEOREM RiscvRefinement.Publication.exactProductionProgramCount
REFINEMENT_AXIOM RiscvRefinement.Publication.exactProductionProgramCount propext
REFINEMENT_AXIOM RiscvRefinement.Publication.exactProductionProgramCount Quot.sound
REFINEMENT_THEOREM RiscvRefinement.Opcodes.LoadStoreHoldsWithoutHalfLoadHigh.nextPcResult
REFINEMENT_AXIOM RiscvRefinement.Opcodes.LoadStoreHoldsWithoutHalfLoadHigh.nextPcResult propext
REFINEMENT_THEOREM RiscvRefinement.Publication.TeamB.Shifts.sra_exactSelectorIdentity
REFINEMENT_AXIOM RiscvRefinement.Publication.TeamB.Shifts.sra_exactSelectorIdentity propext
REFINEMENT_AXIOM RiscvRefinement.Publication.TeamB.Shifts.sra_exactSelectorIdentity Quot.sound
REFINEMENT_THEOREM RiscvRefinement.Opcodes.LoadStoreHoldsWithoutPartialStorePreserve.loadDestination
REFINEMENT_AXIOM RiscvRefinement.Opcodes.LoadStoreHoldsWithoutPartialStorePreserve.loadDestination propext
REFINEMENT_THEOREM RiscvRefinement.NonVacuity.lui_exists
REFINEMENT_AXIOM RiscvRefinement.NonVacuity.lui_exists propext
REFINEMENT_AXIOM RiscvRefinement.NonVacuity.lui_exists Quot.sound
REFINEMENT_AXIOM RiscvRefinement.NonVacuity.lui_exists Classical.choice
REFINEMENT_THEOREM RiscvRefinement.Opcodes.ShiftsRegHoldsWithoutShiftAmountBinds.core
REFINEMENT_THEOREM RiscvRefinement.Air.Generated.AddiHolds.destinationFlag
REFINEMENT_THEOREM RiscvRefinement.Opcodes.DivHoldsWithoutScanTotal.scanEqual0
REFINEMENT_THEOREM RiscvRefinement.Opcodes.DivHoldsWithoutDestinationLimb0.scanEqual3
REFINEMENT_THEOREM RiscvRefinement.Air.Bridge.BaseAluImm.ProductionRefinement.bitwise2
REFINEMENT_AXIOM RiscvRefinement.Air.Bridge.BaseAluImm.ProductionRefinement.bitwise2 propext
REFINEMENT_AXIOM RiscvRefinement.Air.Bridge.BaseAluImm.ProductionRefinement.bitwise2 Quot.sound
REFINEMENT_THEOREM RiscvRefinement.Opcodes.LoadStoreHoldsWithoutByteSignWitness.halfLoadLow
REFINEMENT_AXIOM RiscvRefinement.Opcodes.LoadStoreHoldsWithoutByteSignWitness.halfLoadLow propext
REFINEMENT_THEOREM RiscvRefinement.Air.Family.ShiftHolds.signLowerBound
REFINEMENT_THEOREM RiscvRefinement.Air.Bridge.BaseAluReg.source2AliasNonvacuous
REFINEMENT_AXIOM RiscvRefinement.Air.Bridge.BaseAluReg.source2AliasNonvacuous propext
REFINEMENT_AXIOM RiscvRefinement.Air.Bridge.BaseAluReg.source2AliasNonvacuous Quot.sound
REFINEMENT_THEOREM RiscvRefinement.Opcodes.StoreMutation.StoreHoldsWithoutStoreResultZeroOnStores.immFeltRange
REFINEMENT_AXIOM RiscvRefinement.Opcodes.StoreMutation.StoreHoldsWithoutStoreResultZeroOnStores.immFeltRange propext
REFINEMENT_THEOREM RiscvRefinement.Opcodes.LoadStoreHoldsWithoutHalfShiftId.baseHighLimbRange
REFINEMENT_AXIOM RiscvRefinement.Opcodes.LoadStoreHoldsWithoutHalfShiftId.baseHighLimbRange propext
REFINEMENT_THEOREM RiscvRefinement.Opcodes.StoreMutation.StoreHoldsWithoutPartialStorePreserve.byteMarkerSum
REFINEMENT_AXIOM RiscvRefinement.Opcodes.StoreMutation.StoreHoldsWithoutPartialStorePreserve.byteMarkerSum propext
REFINEMENT_THEOREM RiscvRefinement.Air.Bridge.Jal.ProductionRefinement.destinationClock
REFINEMENT_AXIOM RiscvRefinement.Air.Bridge.Jal.ProductionRefinement.destinationClock propext
REFINEMENT_AXIOM RiscvRefinement.Air.Bridge.Jal.ProductionRefinement.destinationClock Quot.sound
REFINEMENT_THEOREM RiscvRefinement.Publication.TeamB.MulhDiv.Division.ExactFixedProjection.carry0
REFINEMENT_AXIOM RiscvRefinement.Publication.TeamB.MulhDiv.Division.ExactFixedProjection.carry0 propext
REFINEMENT_AXIOM RiscvRefinement.Publication.TeamB.MulhDiv.Division.ExactFixedProjection.carry0 Quot.sound
REFINEMENT_THEOREM RiscvRefinement.Opcodes.ShiftHoldsWithoutSignLowerBound.sourceReadOnly
REFINEMENT_THEOREM RiscvRefinement.Air.Bridge.LtImm.exampleAcceptance
REFINEMENT_AXIOM RiscvRefinement.Air.Bridge.LtImm.exampleAcceptance propext
REFINEMENT_AXIOM RiscvRefinement.Air.Bridge.LtImm.exampleAcceptance Quot.sound
REFINEMENT_THEOREM RiscvRefinement.Publication.AcceptedProductionEvaluation.fixedTableRequests
REFINEMENT_AXIOM RiscvRefinement.Publication.AcceptedProductionEvaluation.fixedTableRequests propext
REFINEMENT_THEOREM RiscvRefinement.Opcodes.LoadMutationWord.HoldsWithoutWordLoad.alignedQuarterRange
REFINEMENT_AXIOM RiscvRefinement.Opcodes.LoadMutationWord.HoldsWithoutWordLoad.alignedQuarterRange propext
REFINEMENT_THEOREM RiscvRefinement.Opcodes.DivHoldsWithoutDestinationLimb0.scanTotal
REFINEMENT_THEOREM RiscvRefinement.Air.Bridge.Mutations.addiCarry_refutes
REFINEMENT_AXIOM RiscvRefinement.Air.Bridge.Mutations.addiCarry_refutes propext
REFINEMENT_AXIOM RiscvRefinement.Air.Bridge.Mutations.addiCarry_refutes Quot.sound
REFINEMENT_THEOREM RiscvRefinement.Opcodes.DivHoldsWithoutSignXorDefinition.zeroDivisorLimb2
REFINEMENT_THEOREM RiscvRefinement.Opcodes.StoreMutation.StoreHoldsWithoutStoreResultZeroOnStores.halfSignWitness
REFINEMENT_AXIOM RiscvRefinement.Opcodes.StoreMutation.StoreHoldsWithoutStoreResultZeroOnStores.halfSignWitness propext
REFINEMENT_THEOREM RiscvRefinement.Publication.TeamB.MulhDiv.Division.DirectConsequences.unsignedDividendSign
REFINEMENT_THEOREM RiscvRefinement.Opcodes.LoadMutationWord.HoldsWithoutHalfLoadHigh.byteStoreSelect
REFINEMENT_AXIOM RiscvRefinement.Opcodes.LoadMutationWord.HoldsWithoutHalfLoadHigh.byteStoreSelect propext
REFINEMENT_THEOREM RiscvRefinement.Air.Bridge.LtComparator.ComparatorContract.rightTopBound
REFINEMENT_THEOREM RiscvRefinement.Opcodes.sb_refines
REFINEMENT_AXIOM RiscvRefinement.Opcodes.sb_refines propext
REFINEMENT_AXIOM RiscvRefinement.Opcodes.sb_refines Quot.sound
REFINEMENT_AXIOM RiscvRefinement.Opcodes.sb_refines Classical.choice
REFINEMENT_THEOREM RiscvRefinement.Publication.TeamB.MulhDiv.Division.node234
REFINEMENT_AXIOM RiscvRefinement.Publication.TeamB.MulhDiv.Division.node234 propext
REFINEMENT_AXIOM RiscvRefinement.Publication.TeamB.MulhDiv.Division.node234 Quot.sound
REFINEMENT_THEOREM RiscvRefinement.Arith.tdiv_identity
REFINEMENT_AXIOM RiscvRefinement.Arith.tdiv_identity propext
REFINEMENT_THEOREM RiscvRefinement.Opcodes.DivHoldsWithoutNegationRecurrence.zeroDivisorLimb2
REFINEMENT_THEOREM RiscvRefinement.Opcodes.StoreMutation.sbRow_commits_byte_store
REFINEMENT_AXIOM RiscvRefinement.Opcodes.StoreMutation.sbRow_commits_byte_store propext
REFINEMENT_AXIOM RiscvRefinement.Opcodes.StoreMutation.sbRow_commits_byte_store Quot.sound
REFINEMENT_THEOREM RiscvRefinement.Opcodes.Lt.Reg.signedUnsignedHighBitDistinction
REFINEMENT_THEOREM RiscvRefinement.Publication.TeamB.Multiply.ExactTupleProjection.program
REFINEMENT_AXIOM RiscvRefinement.Publication.TeamB.Multiply.ExactTupleProjection.program propext
REFINEMENT_AXIOM RiscvRefinement.Publication.TeamB.Multiply.ExactTupleProjection.program Quot.sound
REFINEMENT_THEOREM RiscvRefinement.Publication.TeamB.Shifts.ImmAdmission.carry3Canonical
REFINEMENT_THEOREM RiscvRefinement.Mutation.MutationControl.satisfies
REFINEMENT_THEOREM RiscvRefinement.Opcodes.mulhsuValueRefines
REFINEMENT_AXIOM RiscvRefinement.Opcodes.mulhsuValueRefines propext
REFINEMENT_AXIOM RiscvRefinement.Opcodes.mulhsuValueRefines Quot.sound
REFINEMENT_AXIOM RiscvRefinement.Opcodes.mulhsuValueRefines Classical.choice
REFINEMENT_THEOREM RiscvRefinement.Publication.exactLocalManifestOrderFilter
REFINEMENT_AXIOM RiscvRefinement.Publication.exactLocalManifestOrderFilter propext
REFINEMENT_AXIOM RiscvRefinement.Publication.exactLocalManifestOrderFilter Quot.sound
REFINEMENT_THEOREM RiscvRefinement.Publication.TeamA.Branches.beq_accepted_air_implies_retirement
REFINEMENT_AXIOM RiscvRefinement.Publication.TeamA.Branches.beq_accepted_air_implies_retirement propext
REFINEMENT_AXIOM RiscvRefinement.Publication.TeamA.Branches.beq_accepted_air_implies_retirement Quot.sound
REFINEMENT_AXIOM RiscvRefinement.Publication.TeamA.Branches.beq_accepted_air_implies_retirement Classical.choice
REFINEMENT_THEOREM RiscvRefinement.Air.Bridge.Jalr.ExactLookups.resultM31
REFINEMENT_AXIOM RiscvRefinement.Air.Bridge.Jalr.ExactLookups.resultM31 propext
REFINEMENT_AXIOM RiscvRefinement.Air.Bridge.Jalr.ExactLookups.resultM31 Quot.sound
REFINEMENT_THEOREM RiscvRefinement.Opcodes.StoreMutation.StoreHoldsWithoutHalfStoreHigh.baseHighLimbRange
REFINEMENT_AXIOM RiscvRefinement.Opcodes.StoreMutation.StoreHoldsWithoutHalfStoreHigh.baseHighLimbRange propext
REFINEMENT_THEOREM RiscvRefinement.Opcodes.ShiftHoldsWithoutSignIsLogicalZero.destinationLimb1
REFINEMENT_THEOREM RiscvRefinement.Air.Bridge.Addi.constraintsHoldExceptHighCarry_iff
REFINEMENT_AXIOM RiscvRefinement.Air.Bridge.Addi.constraintsHoldExceptHighCarry_iff propext
REFINEMENT_AXIOM RiscvRefinement.Air.Bridge.Addi.constraintsHoldExceptHighCarry_iff Quot.sound
REFINEMENT_THEOREM RiscvRefinement.Opcodes.Lt.Reg.slt_selectorAccepted
REFINEMENT_AXIOM RiscvRefinement.Opcodes.Lt.Reg.slt_selectorAccepted propext
REFINEMENT_AXIOM RiscvRefinement.Opcodes.Lt.Reg.slt_selectorAccepted Quot.sound
REFINEMENT_THEOREM RiscvRefinement.Opcodes.Jalr.Refinement.successfulAlignment
REFINEMENT_AXIOM RiscvRefinement.Opcodes.Jalr.Refinement.successfulAlignment propext
REFINEMENT_AXIOM RiscvRefinement.Opcodes.Jalr.Refinement.successfulAlignment Quot.sound
REFINEMENT_THEOREM RiscvRefinement.Opcodes.MulhHoldsWithoutSourceTwoSignBinding.destinationFlag
REFINEMENT_THEOREM RiscvRefinement.Opcodes.MulhHoldsWithoutSourceOneSignBinding.sourceTwoClock
REFINEMENT_THEOREM RiscvRefinement.Opcodes.ByteLoadMutation.loadStoreHolds_lbu_retires_unsigned_byte
REFINEMENT_AXIOM RiscvRefinement.Opcodes.ByteLoadMutation.loadStoreHolds_lbu_retires_unsigned_byte propext
REFINEMENT_AXIOM RiscvRefinement.Opcodes.ByteLoadMutation.loadStoreHolds_lbu_retires_unsigned_byte Quot.sound
REFINEMENT_THEOREM RiscvRefinement.Opcodes.ShiftsRegRefinement.secondSourceEmit
REFINEMENT_AXIOM RiscvRefinement.Opcodes.ShiftsRegRefinement.secondSourceEmit propext
REFINEMENT_AXIOM RiscvRefinement.Opcodes.ShiftsRegRefinement.secondSourceEmit Quot.sound
REFINEMENT_THEOREM RiscvRefinement.Arith.intMinWord_signedValue
REFINEMENT_THEOREM RiscvRefinement.Opcodes.Jal.Refinement.programLookup
REFINEMENT_AXIOM RiscvRefinement.Opcodes.Jal.Refinement.programLookup propext
REFINEMENT_AXIOM RiscvRefinement.Opcodes.Jal.Refinement.programLookup Quot.sound
REFINEMENT_THEOREM RiscvRefinement.Air.Bridge.LtImm.programContentDigest
REFINEMENT_THEOREM RiscvRefinement.Opcodes.LoadStoreHoldsWithoutHalfShiftId.byteMarkerSum
REFINEMENT_AXIOM RiscvRefinement.Opcodes.LoadStoreHoldsWithoutHalfShiftId.byteMarkerSum propext
REFINEMENT_THEOREM RiscvRefinement.Opcodes.LoadMutationWord.lhuWrongHalfRow_isLhu
REFINEMENT_THEOREM RiscvRefinement.Air.Bridge.Jal.acceptanceNonvacuous
REFINEMENT_AXIOM RiscvRefinement.Air.Bridge.Jal.acceptanceNonvacuous propext
REFINEMENT_AXIOM RiscvRefinement.Air.Bridge.Jal.acceptanceNonvacuous Quot.sound
REFINEMENT_THEOREM RiscvRefinement.Opcodes.LtMutation.Imm.sltiu_wrongManifest_refutes
REFINEMENT_AXIOM RiscvRefinement.Opcodes.LtMutation.Imm.sltiu_wrongManifest_refutes propext
REFINEMENT_AXIOM RiscvRefinement.Opcodes.LtMutation.Imm.sltiu_wrongManifest_refutes Quot.sound
REFINEMENT_THEOREM RiscvRefinement.Air.Bridge.Mutations.reordered_satisfies
REFINEMENT_AXIOM RiscvRefinement.Air.Bridge.Mutations.reordered_satisfies propext
REFINEMENT_AXIOM RiscvRefinement.Air.Bridge.Mutations.reordered_satisfies Quot.sound
REFINEMENT_THEOREM RiscvRefinement.Opcodes.BaseAluReg.or_selectorAccepted
REFINEMENT_AXIOM RiscvRefinement.Opcodes.BaseAluReg.or_selectorAccepted propext
REFINEMENT_AXIOM RiscvRefinement.Opcodes.BaseAluReg.or_selectorAccepted Quot.sound
REFINEMENT_THEOREM RiscvRefinement.Air.Generated.LuiHolds.destinationLimb0
REFINEMENT_AXIOM RiscvRefinement.Air.Generated.LuiHolds.destinationLimb0 propext
REFINEMENT_AXIOM RiscvRefinement.Air.Generated.LuiHolds.destinationLimb0 Quot.sound
REFINEMENT_THEOREM RiscvRefinement.Air.Bridge.LtComparator.comparisonCorrectOfContract
REFINEMENT_AXIOM RiscvRefinement.Air.Bridge.LtComparator.comparisonCorrectOfContract propext
REFINEMENT_AXIOM RiscvRefinement.Air.Bridge.LtComparator.comparisonCorrectOfContract Quot.sound
REFINEMENT_THEOREM RiscvRefinement.Opcodes.Branches.Eq.beq_refinement_theorem
REFINEMENT_AXIOM RiscvRefinement.Opcodes.Branches.Eq.beq_refinement_theorem propext
REFINEMENT_AXIOM RiscvRefinement.Opcodes.Branches.Eq.beq_refinement_theorem Quot.sound
REFINEMENT_AXIOM RiscvRefinement.Opcodes.Branches.Eq.beq_refinement_theorem Classical.choice
REFINEMENT_THEOREM RiscvRefinement.Air.Bridge.BaseAluReg.ProductionRefinement.nextClock
REFINEMENT_AXIOM RiscvRefinement.Air.Bridge.BaseAluReg.ProductionRefinement.nextClock propext
REFINEMENT_AXIOM RiscvRefinement.Air.Bridge.BaseAluReg.ProductionRefinement.nextClock Quot.sound
REFINEMENT_THEOREM RiscvRefinement.Opcodes.DivHoldsWithoutDividendSignBit.scanMarker0
REFINEMENT_THEOREM RiscvRefinement.Opcodes.MulhHoldsWithoutProductLimb4.unsignedSourceTwo
REFINEMENT_THEOREM RiscvRefinement.Air.Family.ShiftsImmHolds.clockPositive
REFINEMENT_THEOREM RiscvRefinement.Opcodes.MulhBusRefinement.sourceOneConsume
REFINEMENT_THEOREM RiscvRefinement.Opcodes.DivHoldsWithoutScanTotal.divisorSignBit
REFINEMENT_THEOREM RiscvRefinement.Opcodes.ByteLoadMutation.ByteLoadHoldsWithoutByteSignWitness.wordLoad
REFINEMENT_AXIOM RiscvRefinement.Opcodes.ByteLoadMutation.ByteLoadHoldsWithoutByteSignWitness.wordLoad propext
REFINEMENT_THEOREM RiscvRefinement.Opcodes.MulhHoldsWithoutProductLimb4.productLimb5
REFINEMENT_THEOREM RiscvRefinement.Publication.TeamB.Shifts.ImmPublicationResult.holds
REFINEMENT_AXIOM RiscvRefinement.Publication.TeamB.Shifts.ImmPublicationResult.holds propext
REFINEMENT_AXIOM RiscvRefinement.Publication.TeamB.Shifts.ImmPublicationResult.holds Quot.sound
REFINEMENT_THEOREM RiscvRefinement.Opcodes.Branches.Lt.rawComparisonIsArchitectural
REFINEMENT_AXIOM RiscvRefinement.Opcodes.Branches.Lt.rawComparisonIsArchitectural propext
REFINEMENT_AXIOM RiscvRefinement.Opcodes.Branches.Lt.rawComparisonIsArchitectural Quot.sound
REFINEMENT_AXIOM RiscvRefinement.Opcodes.Branches.Lt.rawComparisonIsArchitectural Classical.choice
REFINEMENT_THEOREM RiscvRefinement.Publication.TeamB.MulhDiv.Division.SelectorConsequences.activeOne
REFINEMENT_THEOREM RiscvRefinement.Opcodes.DivHoldsWithoutSignXorDefinition.clockPositive
REFINEMENT_THEOREM RiscvRefinement.Air.Bridge.Fence.ProductionRefinement.nextClock
REFINEMENT_AXIOM RiscvRefinement.Air.Bridge.Fence.ProductionRefinement.nextClock propext
REFINEMENT_AXIOM RiscvRefinement.Air.Bridge.Fence.ProductionRefinement.nextClock Quot.sound
REFINEMENT_THEOREM RiscvRefinement.Opcodes.ByteLoadMutation.ByteLoadHoldsWithoutByteSignWitness.byteLoadExtension
REFINEMENT_AXIOM RiscvRefinement.Opcodes.ByteLoadMutation.ByteLoadHoldsWithoutByteSignWitness.byteLoadExtension propext
REFINEMENT_THEOREM RiscvRefinement.Air.Family.MulhHolds.productLimb6
REFINEMENT_THEOREM RiscvRefinement.Air.Bridge.Jalr.AirEquations.destination0
REFINEMENT_AXIOM RiscvRefinement.Air.Bridge.Jalr.AirEquations.destination0 propext
REFINEMENT_THEOREM RiscvRefinement.Publication.TeamB.MulhDiv.HighMultiply.mulhu_selectorAdmission
REFINEMENT_AXIOM RiscvRefinement.Publication.TeamB.MulhDiv.HighMultiply.mulhu_selectorAdmission propext
REFINEMENT_AXIOM RiscvRefinement.Publication.TeamB.MulhDiv.HighMultiply.mulhu_selectorAdmission Quot.sound
REFINEMENT_THEOREM RiscvRefinement.Publication.TeamB.Shifts.reg_exactFixedProjection
REFINEMENT_AXIOM RiscvRefinement.Publication.TeamB.Shifts.reg_exactFixedProjection propext
REFINEMENT_AXIOM RiscvRefinement.Publication.TeamB.Shifts.reg_exactFixedProjection Quot.sound
REFINEMENT_THEOREM RiscvRefinement.Air.Bridge.LtReg.mslRangeBounds
REFINEMENT_AXIOM RiscvRefinement.Air.Bridge.LtReg.mslRangeBounds propext
REFINEMENT_AXIOM RiscvRefinement.Air.Bridge.LtReg.mslRangeBounds Quot.sound
REFINEMENT_THEOREM RiscvRefinement.Air.Bridge.LtReg.ComparatorContract.limb1Selected
REFINEMENT_THEOREM RiscvRefinement.Air.Family.ShiftsImmHolds.destinationClock
REFINEMENT_THEOREM RiscvRefinement.Air.Family.MulhHolds.destinationFlag
REFINEMENT_THEOREM RiscvRefinement.Opcodes.shifts_reg_second_source_read_only_is_load_bearing
REFINEMENT_AXIOM RiscvRefinement.Opcodes.shifts_reg_second_source_read_only_is_load_bearing propext
REFINEMENT_AXIOM RiscvRefinement.Opcodes.shifts_reg_second_source_read_only_is_load_bearing Quot.sound
REFINEMENT_THEOREM RiscvRefinement.Air.Bridge.Jalr.AirEquations.source1
REFINEMENT_AXIOM RiscvRefinement.Air.Bridge.Jalr.AirEquations.source1 propext
REFINEMENT_THEOREM RiscvRefinement.Opcodes.DivHoldsWithoutScanTotal.absSameLimb2
REFINEMENT_THEOREM RiscvRefinement.Publication.TeamB.MulhDiv.Division.DirectConsequences.zeroDivisorLimb1
REFINEMENT_THEOREM RiscvRefinement.Air.Bridge.Jalr.AirEquations.carry2
REFINEMENT_AXIOM RiscvRefinement.Air.Bridge.Jalr.AirEquations.carry2 propext
REFINEMENT_THEOREM RiscvRefinement.Opcodes.honest_results_are_architectural
REFINEMENT_AXIOM RiscvRefinement.Opcodes.honest_results_are_architectural propext
REFINEMENT_AXIOM RiscvRefinement.Opcodes.honest_results_are_architectural Quot.sound
REFINEMENT_THEOREM RiscvRefinement.Air.Bridge.LtReg.Acceptance.constraints
REFINEMENT_AXIOM RiscvRefinement.Air.Bridge.LtReg.Acceptance.constraints propext
REFINEMENT_AXIOM RiscvRefinement.Air.Bridge.LtReg.Acceptance.constraints Quot.sound
REFINEMENT_THEOREM RiscvRefinement.Air.Bridge.BaseAluReg.subCarryRecurrence
REFINEMENT_AXIOM RiscvRefinement.Air.Bridge.BaseAluReg.subCarryRecurrence propext
REFINEMENT_AXIOM RiscvRefinement.Air.Bridge.BaseAluReg.subCarryRecurrence Quot.sound
REFINEMENT_THEOREM RiscvRefinement.Publication.TeamB.MulhDiv.Division.node92
REFINEMENT_AXIOM RiscvRefinement.Publication.TeamB.MulhDiv.Division.node92 propext
REFINEMENT_AXIOM RiscvRefinement.Publication.TeamB.MulhDiv.Division.node92 Quot.sound
REFINEMENT_THEOREM RiscvRefinement.Publication.TeamB.MulhDiv.Division.node121
REFINEMENT_AXIOM RiscvRefinement.Publication.TeamB.MulhDiv.Division.node121 propext
REFINEMENT_AXIOM RiscvRefinement.Publication.TeamB.MulhDiv.Division.node121 Quot.sound
REFINEMENT_THEOREM RiscvRefinement.Opcodes.LoadMutationWord.loadStoreHolds_weakens_wordLoad
REFINEMENT_AXIOM RiscvRefinement.Opcodes.LoadMutationWord.loadStoreHolds_weakens_wordLoad propext
REFINEMENT_THEOREM RiscvRefinement.Opcodes.DivHoldsWithoutDividendSignBit.divisorSignBit
REFINEMENT_THEOREM RiscvRefinement.Opcodes.FenceMutation.wrongStateEmit_refutes
REFINEMENT_AXIOM RiscvRefinement.Opcodes.FenceMutation.wrongStateEmit_refutes propext
REFINEMENT_AXIOM RiscvRefinement.Opcodes.FenceMutation.wrongStateEmit_refutes Quot.sound
REFINEMENT_THEOREM RiscvRefinement.Opcodes.SelectorNonVacuity.slli_selector_exists
REFINEMENT_AXIOM RiscvRefinement.Opcodes.SelectorNonVacuity.slli_selector_exists propext
REFINEMENT_AXIOM RiscvRefinement.Opcodes.SelectorNonVacuity.slli_selector_exists Quot.sound
REFINEMENT_AXIOM RiscvRefinement.Opcodes.SelectorNonVacuity.slli_selector_exists Classical.choice
REFINEMENT_THEOREM RiscvRefinement.Opcodes.shifts_imm_result_word
REFINEMENT_AXIOM RiscvRefinement.Opcodes.shifts_imm_result_word propext
REFINEMENT_AXIOM RiscvRefinement.Opcodes.shifts_imm_result_word Quot.sound
REFINEMENT_AXIOM RiscvRefinement.Opcodes.shifts_imm_result_word Classical.choice
REFINEMENT_THEOREM RiscvRefinement.Opcodes.halfSelector_toNat
REFINEMENT_AXIOM RiscvRefinement.Opcodes.halfSelector_toNat propext
REFINEMENT_THEOREM RiscvRefinement.Opcodes.DivHoldsWithoutScanTotal.quotientSignImpliesXor
REFINEMENT_THEOREM RiscvRefinement.Air.Bridge.LtImm.highBitAcceptance
REFINEMENT_AXIOM RiscvRefinement.Air.Bridge.LtImm.highBitAcceptance propext
REFINEMENT_AXIOM RiscvRefinement.Air.Bridge.LtImm.highBitAcceptance Quot.sound
REFINEMENT_THEOREM RiscvRefinement.Opcodes.BaseAluImm.zeroDestinationRefinementNonvacuous
REFINEMENT_AXIOM RiscvRefinement.Opcodes.BaseAluImm.zeroDestinationRefinementNonvacuous propext
REFINEMENT_AXIOM RiscvRefinement.Opcodes.BaseAluImm.zeroDestinationRefinementNonvacuous Quot.sound
REFINEMENT_AXIOM RiscvRefinement.Opcodes.BaseAluImm.zeroDestinationRefinementNonvacuous Classical.choice
REFINEMENT_THEOREM RiscvRefinement.Air.Bridge.Jalr.AirEquations.targetDecomposition
REFINEMENT_AXIOM RiscvRefinement.Air.Bridge.Jalr.AirEquations.targetDecomposition propext
REFINEMENT_THEOREM RiscvRefinement.Air.Bridge.Branches.Eq.ProductionRefinement.fixedLookups
REFINEMENT_AXIOM RiscvRefinement.Air.Bridge.Branches.Eq.ProductionRefinement.fixedLookups propext
REFINEMENT_AXIOM RiscvRefinement.Air.Bridge.Branches.Eq.ProductionRefinement.fixedLookups Quot.sound
REFINEMENT_THEOREM RiscvRefinement.Air.Bridge.BaseAluReg.ProductionRefinement.selectors
REFINEMENT_AXIOM RiscvRefinement.Air.Bridge.BaseAluReg.ProductionRefinement.selectors propext
REFINEMENT_AXIOM RiscvRefinement.Air.Bridge.BaseAluReg.ProductionRefinement.selectors Quot.sound
REFINEMENT_THEOREM RiscvRefinement.Air.Family.MulHolds.sourceTwoLimb2
REFINEMENT_THEOREM RiscvRefinement.Opcodes.DivHoldsWithoutProductRecurrence.remainderZeroLimb0
REFINEMENT_THEOREM RiscvRefinement.Publication.TeamB.MulhDiv.Division.selectedProgramOpcodeExpression
REFINEMENT_THEOREM RiscvRefinement.Opcodes.MulhHoldsWithoutSelectorSourceTwoSign.sourceTwoLimb3
REFINEMENT_THEOREM RiscvRefinement.Publication.TeamB.MulhDiv.Division.evaluationNodesShared
REFINEMENT_AXIOM RiscvRefinement.Publication.TeamB.MulhDiv.Division.evaluationNodesShared propext
REFINEMENT_AXIOM RiscvRefinement.Publication.TeamB.MulhDiv.Division.evaluationNodesShared Quot.sound
REFINEMENT_THEOREM RiscvRefinement.Publication.TeamB.Shifts.RegFixedConsequences.secondSourceClock
REFINEMENT_THEOREM RiscvRefinement.Opcodes.ShiftHoldsWithoutSignIsLogicalZero.destinationLimb2
REFINEMENT_THEOREM RiscvRefinement.Opcodes.DivHoldsWithoutProductRecurrence.nextPcResult
REFINEMENT_THEOREM RiscvRefinement.Air.Bridge.Mutations.immediateRange_strictly_weaker
REFINEMENT_AXIOM RiscvRefinement.Air.Bridge.Mutations.immediateRange_strictly_weaker propext
REFINEMENT_AXIOM RiscvRefinement.Air.Bridge.Mutations.immediateRange_strictly_weaker Quot.sound
REFINEMENT_THEOREM RiscvRefinement.Air.Bridge.BaseAluReg.Admission.clockPositive
REFINEMENT_THEOREM RiscvRefinement.Opcodes.LoadStoreHoldsWithoutStoreResultZero.byteSignWitness
REFINEMENT_AXIOM RiscvRefinement.Opcodes.LoadStoreHoldsWithoutStoreResultZero.byteSignWitness propext
REFINEMENT_THEOREM RiscvRefinement.Opcodes.LoadStoreHoldsWithoutHalfLoadHigh.byteLoadSelect
REFINEMENT_AXIOM RiscvRefinement.Opcodes.LoadStoreHoldsWithoutHalfLoadHigh.byteLoadSelect propext
REFINEMENT_THEOREM RiscvRefinement.Air.Bridge.Addi.acceptance_nonvacuous
REFINEMENT_AXIOM RiscvRefinement.Air.Bridge.Addi.acceptance_nonvacuous propext
REFINEMENT_AXIOM RiscvRefinement.Air.Bridge.Addi.acceptance_nonvacuous Quot.sound
REFINEMENT_THEOREM RiscvRefinement.Air.Bridge.LtImm.destinationResult
REFINEMENT_AXIOM RiscvRefinement.Air.Bridge.LtImm.destinationResult propext
REFINEMENT_AXIOM RiscvRefinement.Air.Bridge.LtImm.destinationResult Quot.sound
REFINEMENT_THEOREM RiscvRefinement.Air.Family.div_extended_cast
REFINEMENT_AXIOM RiscvRefinement.Air.Family.div_extended_cast propext
REFINEMENT_AXIOM RiscvRefinement.Air.Family.div_extended_cast Quot.sound
REFINEMENT_THEOREM RiscvRefinement.Opcodes.ByteLoadMutation.ByteLoadHoldsWithoutByteLoadExtension.byteMarkerSum
REFINEMENT_AXIOM RiscvRefinement.Opcodes.ByteLoadMutation.ByteLoadHoldsWithoutByteLoadExtension.byteMarkerSum propext
REFINEMENT_THEOREM RiscvRefinement.Opcodes.Branches.Lt.rawRefines
REFINEMENT_AXIOM RiscvRefinement.Opcodes.Branches.Lt.rawRefines propext
REFINEMENT_AXIOM RiscvRefinement.Opcodes.Branches.Lt.rawRefines Quot.sound
REFINEMENT_AXIOM RiscvRefinement.Opcodes.Branches.Lt.rawRefines Classical.choice
REFINEMENT_THEOREM RiscvRefinement.Sail.Reviewed.shift_by_zero
REFINEMENT_AXIOM RiscvRefinement.Sail.Reviewed.shift_by_zero propext
REFINEMENT_AXIOM RiscvRefinement.Sail.Reviewed.shift_by_zero Quot.sound
REFINEMENT_AXIOM RiscvRefinement.Sail.Reviewed.shift_by_zero Classical.choice
REFINEMENT_THEOREM RiscvRefinement.Air.Bridge.LtImm.ProductionRefinement.sourceDigest
REFINEMENT_AXIOM RiscvRefinement.Air.Bridge.LtImm.ProductionRefinement.sourceDigest propext
REFINEMENT_AXIOM RiscvRefinement.Air.Bridge.LtImm.ProductionRefinement.sourceDigest Quot.sound
REFINEMENT_THEOREM RiscvRefinement.Opcodes.LoadMutationWord.HoldsWithoutHalfLoadExtension.loadDestination
REFINEMENT_AXIOM RiscvRefinement.Opcodes.LoadMutationWord.HoldsWithoutHalfLoadExtension.loadDestination propext
REFINEMENT_THEOREM RiscvRefinement.M31.reduce_toNat
REFINEMENT_AXIOM RiscvRefinement.M31.reduce_toNat propext
REFINEMENT_THEOREM RiscvRefinement.Recursion.CompactPoseidon.honest_witness
REFINEMENT_AXIOM RiscvRefinement.Recursion.CompactPoseidon.honest_witness propext
REFINEMENT_AXIOM RiscvRefinement.Recursion.CompactPoseidon.honest_witness Quot.sound
REFINEMENT_THEOREM RiscvRefinement.Opcodes.ShiftsRegRefinement.decode
REFINEMENT_AXIOM RiscvRefinement.Opcodes.ShiftsRegRefinement.decode propext
REFINEMENT_AXIOM RiscvRefinement.Opcodes.ShiftsRegRefinement.decode Quot.sound
REFINEMENT_THEOREM RiscvRefinement.Opcodes.StoreMutation.StoreHoldsWithoutStoreResultZeroOnStores.byteSignWitness
REFINEMENT_AXIOM RiscvRefinement.Opcodes.StoreMutation.StoreHoldsWithoutStoreResultZeroOnStores.byteSignWitness propext
REFINEMENT_THEOREM RiscvRefinement.Opcodes.lhu_result_value
REFINEMENT_AXIOM RiscvRefinement.Opcodes.lhu_result_value propext
REFINEMENT_AXIOM RiscvRefinement.Opcodes.lhu_result_value Quot.sound
REFINEMENT_AXIOM RiscvRefinement.Opcodes.lhu_result_value Classical.choice
REFINEMENT_THEOREM RiscvRefinement.Publication.exactProductionMnemonicUnique
REFINEMENT_AXIOM RiscvRefinement.Publication.exactProductionMnemonicUnique propext
REFINEMENT_AXIOM RiscvRefinement.Publication.exactProductionMnemonicUnique Quot.sound
REFINEMENT_THEOREM RiscvRefinement.Publication.TeamB.MulhDiv.Division.FixedRequests.carry0
REFINEMENT_AXIOM RiscvRefinement.Publication.TeamB.MulhDiv.Division.FixedRequests.carry0 propext
REFINEMENT_AXIOM RiscvRefinement.Publication.TeamB.MulhDiv.Division.FixedRequests.carry0 Quot.sound
REFINEMENT_THEOREM RiscvRefinement.Publication.TeamB.LoadStore.accepted_air_refines
REFINEMENT_AXIOM RiscvRefinement.Publication.TeamB.LoadStore.accepted_air_refines propext
REFINEMENT_AXIOM RiscvRefinement.Publication.TeamB.LoadStore.accepted_air_refines Quot.sound
REFINEMENT_AXIOM RiscvRefinement.Publication.TeamB.LoadStore.accepted_air_refines Classical.choice
REFINEMENT_THEOREM RiscvRefinement.Opcodes.LoadMutationWord.HoldsWithoutWordLoad.signWitnessCanonical
REFINEMENT_AXIOM RiscvRefinement.Opcodes.LoadMutationWord.HoldsWithoutWordLoad.signWitnessCanonical propext
REFINEMENT_THEOREM RiscvRefinement.Publication.TeamB.Shifts.RegAdmission.clockBound
REFINEMENT_THEOREM RiscvRefinement.Air.Family.mulLowProduct
REFINEMENT_AXIOM RiscvRefinement.Air.Family.mulLowProduct propext
REFINEMENT_AXIOM RiscvRefinement.Air.Family.mulLowProduct Quot.sound
REFINEMENT_THEOREM RiscvRefinement.Opcodes.LoadRefinement.memoryEmit
REFINEMENT_AXIOM RiscvRefinement.Opcodes.LoadRefinement.memoryEmit propext
REFINEMENT_AXIOM RiscvRefinement.Opcodes.LoadRefinement.memoryEmit Quot.sound
REFINEMENT_THEOREM RiscvRefinement.Air.Family.mulResultWord
REFINEMENT_AXIOM RiscvRefinement.Air.Family.mulResultWord propext
REFINEMENT_AXIOM RiscvRefinement.Air.Family.mulResultWord Quot.sound
REFINEMENT_THEOREM RiscvRefinement.Opcodes.ByteLoadMutation.loadStoreHolds_lb_retires_signed_byte
REFINEMENT_AXIOM RiscvRefinement.Opcodes.ByteLoadMutation.loadStoreHolds_lb_retires_signed_byte propext
REFINEMENT_AXIOM RiscvRefinement.Opcodes.ByteLoadMutation.loadStoreHolds_lb_retires_signed_byte Quot.sound
REFINEMENT_AXIOM RiscvRefinement.Opcodes.ByteLoadMutation.loadStoreHolds_lb_retires_signed_byte Classical.choice
REFINEMENT_THEOREM RiscvRefinement.Opcodes.DivHoldsWithoutUnsignedDivisorSign.specialExclusive
REFINEMENT_THEOREM RiscvRefinement.Opcodes.StoreMutation.StoreHoldsWithoutWordStore.halfLoadHigh
REFINEMENT_AXIOM RiscvRefinement.Opcodes.StoreMutation.StoreHoldsWithoutWordStore.halfLoadHigh propext
REFINEMENT_THEOREM RiscvRefinement.Opcodes.ShiftHoldsWithoutSignUpperBound.limbIndexRange
REFINEMENT_THEOREM RiscvRefinement.Opcodes.BaseAluImm.xori_exactLookupProjection
REFINEMENT_AXIOM RiscvRefinement.Opcodes.BaseAluImm.xori_exactLookupProjection propext
REFINEMENT_AXIOM RiscvRefinement.Opcodes.BaseAluImm.xori_exactLookupProjection Quot.sound
REFINEMENT_THEOREM RiscvRefinement.Opcodes.Jalr.jalr_nonvacuous
REFINEMENT_AXIOM RiscvRefinement.Opcodes.Jalr.jalr_nonvacuous propext
REFINEMENT_AXIOM RiscvRefinement.Opcodes.Jalr.jalr_nonvacuous Quot.sound
REFINEMENT_AXIOM RiscvRefinement.Opcodes.Jalr.jalr_nonvacuous Classical.choice
REFINEMENT_THEOREM RiscvRefinement.Opcodes.LoadStoreHoldsWithoutByteSignWitness.baseClock
REFINEMENT_AXIOM RiscvRefinement.Opcodes.LoadStoreHoldsWithoutByteSignWitness.baseClock propext
REFINEMENT_THEOREM RiscvRefinement.Opcodes.LoadMutationWord.HoldsWithoutWordLoad.selectorSum
REFINEMENT_AXIOM RiscvRefinement.Opcodes.LoadMutationWord.HoldsWithoutWordLoad.selectorSum propext
REFINEMENT_THEOREM RiscvRefinement.Opcodes.NonVacuity.sh_exists
REFINEMENT_AXIOM RiscvRefinement.Opcodes.NonVacuity.sh_exists propext
REFINEMENT_AXIOM RiscvRefinement.Opcodes.NonVacuity.sh_exists Quot.sound
REFINEMENT_AXIOM RiscvRefinement.Opcodes.NonVacuity.sh_exists Classical.choice
REFINEMENT_THEOREM RiscvRefinement.Opcodes.DivHoldsWithoutSignXorDefinition.absSameLimb0
REFINEMENT_THEOREM RiscvRefinement.Opcodes.StoreMutation.StoreHoldsWithoutStoreResultZeroOnStores.byteLoadSelect
REFINEMENT_AXIOM RiscvRefinement.Opcodes.StoreMutation.StoreHoldsWithoutStoreResultZeroOnStores.byteLoadSelect propext
REFINEMENT_THEOREM RiscvRefinement.Air.Family.ShiftHolds.leftMovement
REFINEMENT_THEOREM RiscvRefinement.Opcodes.LoadMutationWord.HoldsWithoutHalfLoadHigh.alignedQuarterRange
REFINEMENT_AXIOM RiscvRefinement.Opcodes.LoadMutationWord.HoldsWithoutHalfLoadHigh.alignedQuarterRange propext
REFINEMENT_THEOREM RiscvRefinement.Air.Bridge.Branches.Admission.clockBound
REFINEMENT_AXIOM RiscvRefinement.Air.Bridge.Branches.Admission.clockBound propext
REFINEMENT_AXIOM RiscvRefinement.Air.Bridge.Branches.Admission.clockBound Quot.sound
REFINEMENT_THEOREM RiscvRefinement.Opcodes.divFreeRemainderAbsRow_refutes
REFINEMENT_AXIOM RiscvRefinement.Opcodes.divFreeRemainderAbsRow_refutes propext
REFINEMENT_THEOREM RiscvRefinement.Publication.TeamB.MulhDiv.Division.ExactFixedProjection.positiveDiff
REFINEMENT_AXIOM RiscvRefinement.Publication.TeamB.MulhDiv.Division.ExactFixedProjection.positiveDiff propext
REFINEMENT_AXIOM RiscvRefinement.Publication.TeamB.MulhDiv.Division.ExactFixedProjection.positiveDiff Quot.sound
REFINEMENT_THEOREM RiscvRefinement.Publication.TeamB.MulhDiv.Division.remuExactTupleProjection
REFINEMENT_AXIOM RiscvRefinement.Publication.TeamB.MulhDiv.Division.remuExactTupleProjection propext
REFINEMENT_AXIOM RiscvRefinement.Publication.TeamB.MulhDiv.Division.remuExactTupleProjection Quot.sound
REFINEMENT_THEOREM RiscvRefinement.Opcodes.BaseAluImm.andi_selectorAccepted
REFINEMENT_AXIOM RiscvRefinement.Opcodes.BaseAluImm.andi_selectorAccepted propext
REFINEMENT_AXIOM RiscvRefinement.Opcodes.BaseAluImm.andi_selectorAccepted Quot.sound
REFINEMENT_THEOREM RiscvRefinement.Air.Bridge.Branches.Lt.rawTopKeyBound
REFINEMENT_THEOREM RiscvRefinement.Opcodes.LoadMutationWord.HoldsWithoutWordLoad.memoryClock
REFINEMENT_AXIOM RiscvRefinement.Opcodes.LoadMutationWord.HoldsWithoutWordLoad.memoryClock propext
REFINEMENT_THEOREM RiscvRefinement.Opcodes.DivHoldsWithoutZeroDivisorQuotient0.scanMarker3
REFINEMENT_THEOREM RiscvRefinement.Opcodes.partial_store_preserve_is_load_bearing
REFINEMENT_AXIOM RiscvRefinement.Opcodes.partial_store_preserve_is_load_bearing propext
REFINEMENT_AXIOM RiscvRefinement.Opcodes.partial_store_preserve_is_load_bearing Quot.sound
REFINEMENT_THEOREM RiscvRefinement.Opcodes.div_refines
REFINEMENT_AXIOM RiscvRefinement.Opcodes.div_refines propext
REFINEMENT_AXIOM RiscvRefinement.Opcodes.div_refines Quot.sound
REFINEMENT_AXIOM RiscvRefinement.Opcodes.div_refines Classical.choice
REFINEMENT_THEOREM RiscvRefinement.Publication.TeamB.externalSailTheoremIdentities_length
REFINEMENT_THEOREM RiscvRefinement.Opcodes.addi_destination_from_constraints
REFINEMENT_AXIOM RiscvRefinement.Opcodes.addi_destination_from_constraints propext
REFINEMENT_AXIOM RiscvRefinement.Opcodes.addi_destination_from_constraints Quot.sound
REFINEMENT_THEOREM RiscvRefinement.Opcodes.DivHoldsWithoutNegationRecurrence.quotientSignBit
REFINEMENT_THEOREM RiscvRefinement.Opcodes.LoadStoreHoldsWithoutHalfShiftId.memoryAddress
REFINEMENT_AXIOM RiscvRefinement.Opcodes.LoadStoreHoldsWithoutHalfShiftId.memoryAddress propext
REFINEMENT_THEOREM RiscvRefinement.Decode.isRType_fields
REFINEMENT_AXIOM RiscvRefinement.Decode.isRType_fields propext
REFINEMENT_THEOREM RiscvRefinement.Opcodes.remuRelabelledResultRow_violates_destinationLimb0
REFINEMENT_THEOREM RiscvRefinement.Publication.TeamB.Multiply.ExactTupleProjection.sourceTwoEmit
REFINEMENT_AXIOM RiscvRefinement.Publication.TeamB.Multiply.ExactTupleProjection.sourceTwoEmit propext
REFINEMENT_AXIOM RiscvRefinement.Publication.TeamB.Multiply.ExactTupleProjection.sourceTwoEmit Quot.sound
REFINEMENT_THEOREM RiscvRefinement.Opcodes.MulHoldsWithoutProductLimb0.destinationLimb3
REFINEMENT_THEOREM RiscvRefinement.Opcodes.highHalf_signBit
REFINEMENT_AXIOM RiscvRefinement.Opcodes.highHalf_signBit propext
REFINEMENT_AXIOM RiscvRefinement.Opcodes.highHalf_signBit Quot.sound
REFINEMENT_THEOREM RiscvRefinement.Publication.TeamB.LoadStore.DirectEquations.byteExtension2
REFINEMENT_THEOREM RiscvRefinement.Publication.TeamB.Shifts.srl_accepted_air_implies_retirement
REFINEMENT_AXIOM RiscvRefinement.Publication.TeamB.Shifts.srl_accepted_air_implies_retirement propext
REFINEMENT_AXIOM RiscvRefinement.Publication.TeamB.Shifts.srl_accepted_air_implies_retirement Quot.sound
REFINEMENT_AXIOM RiscvRefinement.Publication.TeamB.Shifts.srl_accepted_air_implies_retirement Classical.choice
REFINEMENT_THEOREM RiscvRefinement.Opcodes.NonVacuity.lhu_exists
REFINEMENT_AXIOM RiscvRefinement.Opcodes.NonVacuity.lhu_exists propext
REFINEMENT_AXIOM RiscvRefinement.Opcodes.NonVacuity.lhu_exists Quot.sound
REFINEMENT_AXIOM RiscvRefinement.Opcodes.NonVacuity.lhu_exists Classical.choice
REFINEMENT_THEOREM RiscvRefinement.Opcodes.LoadStoreHoldsWithoutByteSignWitness.immFeltRange
REFINEMENT_AXIOM RiscvRefinement.Opcodes.LoadStoreHoldsWithoutByteSignWitness.immFeltRange propext
REFINEMENT_THEOREM RiscvRefinement.Opcodes.remuFreeZeroDivisorRow_violates_productRecurrence
REFINEMENT_AXIOM RiscvRefinement.Opcodes.remuFreeZeroDivisorRow_violates_productRecurrence propext
REFINEMENT_AXIOM RiscvRefinement.Opcodes.remuFreeZeroDivisorRow_violates_productRecurrence Quot.sound
REFINEMENT_THEOREM RiscvRefinement.Air.Family.LoadStoreHolds.selectorSum
REFINEMENT_AXIOM RiscvRefinement.Air.Family.LoadStoreHolds.selectorSum propext
REFINEMENT_THEOREM RiscvRefinement.Air.Generated.AddiHolds.carryRecurrence
REFINEMENT_THEOREM RiscvRefinement.Publication.TeamB.Multiply.DirectConsequences.sourceTwo
REFINEMENT_THEOREM RiscvRefinement.Opcodes.DivHoldsWithoutSignXorDefinition.sourceTwoLimb2
REFINEMENT_THEOREM RiscvRefinement.Opcodes.ByteLoadMutation.ByteLoadHoldsWithoutByteLoadExtension.destinationFlag
REFINEMENT_AXIOM RiscvRefinement.Opcodes.ByteLoadMutation.ByteLoadHoldsWithoutByteLoadExtension.destinationFlag propext
REFINEMENT_THEOREM RiscvRefinement.Air.Bridge.Jal.noSourceProjection
REFINEMENT_THEOREM RiscvRefinement.Opcodes.LoadRefinement.operandEmit
REFINEMENT_AXIOM RiscvRefinement.Opcodes.LoadRefinement.operandEmit propext
REFINEMENT_AXIOM RiscvRefinement.Opcodes.LoadRefinement.operandEmit Quot.sound
REFINEMENT_THEOREM RiscvRefinement.Opcodes.srl_refines
REFINEMENT_AXIOM RiscvRefinement.Opcodes.srl_refines propext
REFINEMENT_AXIOM RiscvRefinement.Opcodes.srl_refines Quot.sound
REFINEMENT_AXIOM RiscvRefinement.Opcodes.srl_refines Classical.choice
REFINEMENT_THEOREM RiscvRefinement.Publication.TeamB.Shifts.ImmFixedConsequences.sourceClock
REFINEMENT_THEOREM RiscvRefinement.Opcodes.DivHoldsWithoutDividendSignBit.destinationLimb0
REFINEMENT_THEOREM RiscvRefinement.Opcodes.DivHoldsWithoutUnsignedDivisorSign.scanMarker0
REFINEMENT_THEOREM RiscvRefinement.Opcodes.BaseAluMutation.Imm.mutationCertificate
REFINEMENT_AXIOM RiscvRefinement.Opcodes.BaseAluMutation.Imm.mutationCertificate propext
REFINEMENT_AXIOM RiscvRefinement.Opcodes.BaseAluMutation.Imm.mutationCertificate Quot.sound
REFINEMENT_THEOREM RiscvRefinement.Opcodes.Branches.Lt.bge_selector_theorem
REFINEMENT_AXIOM RiscvRefinement.Opcodes.Branches.Lt.bge_selector_theorem propext
REFINEMENT_AXIOM RiscvRefinement.Opcodes.Branches.Lt.bge_selector_theorem Quot.sound
REFINEMENT_THEOREM RiscvRefinement.Opcodes.DivRefinement.stateConsume
REFINEMENT_THEOREM RiscvRefinement.Opcodes.mulhFreeHighLimbRow_satisfies
REFINEMENT_AXIOM RiscvRefinement.Opcodes.mulhFreeHighLimbRow_satisfies propext
REFINEMENT_AXIOM RiscvRefinement.Opcodes.mulhFreeHighLimbRow_satisfies Quot.sound
REFINEMENT_THEOREM RiscvRefinement.Air.Family.MulhHolds.sourceTwoLimb2
REFINEMENT_THEOREM RiscvRefinement.Opcodes.DivHoldsWithoutDestinationLimb0.remainderZeroLimb3
REFINEMENT_THEOREM RiscvRefinement.Opcodes.DivHoldsWithoutProductRecurrence.selectorUnique
REFINEMENT_THEOREM RiscvRefinement.Publication.TeamB.MulhDiv.HighMultiply.FixedConsequences.sourceTwoSign
REFINEMENT_THEOREM RiscvRefinement.Opcodes.MulhBusRefinement.noMemoryWrite
REFINEMENT_THEOREM RiscvRefinement.Air.Bridge.BaseAluReg.ProductionRefinement.bitwise3
REFINEMENT_AXIOM RiscvRefinement.Air.Bridge.BaseAluReg.ProductionRefinement.bitwise3 propext
REFINEMENT_AXIOM RiscvRefinement.Air.Bridge.BaseAluReg.ProductionRefinement.bitwise3 Quot.sound
REFINEMENT_THEOREM RiscvRefinement.Air.Bridge.BaseAluImm.Acceptance.fixedLookups
REFINEMENT_AXIOM RiscvRefinement.Air.Bridge.BaseAluImm.Acceptance.fixedLookups propext
REFINEMENT_AXIOM RiscvRefinement.Air.Bridge.BaseAluImm.Acceptance.fixedLookups Quot.sound
REFINEMENT_THEOREM RiscvRefinement.Opcodes.MulhHoldsWithoutSelectorSourceTwoSign.unsignedSourceOne
REFINEMENT_THEOREM RiscvRefinement.Opcodes.ShiftHoldsWithoutSignUpperBound.destinationFlag
REFINEMENT_THEOREM RiscvRefinement.Opcodes.MulRefinement.sourceTwoEmit
REFINEMENT_AXIOM RiscvRefinement.Opcodes.MulRefinement.sourceTwoEmit propext
REFINEMENT_THEOREM RiscvRefinement.Air.Bridge.LtReg.ProductionRefinement.comparison
REFINEMENT_AXIOM RiscvRefinement.Air.Bridge.LtReg.ProductionRefinement.comparison propext
REFINEMENT_AXIOM RiscvRefinement.Air.Bridge.LtReg.ProductionRefinement.comparison Quot.sound
REFINEMENT_THEOREM RiscvRefinement.Opcodes.addi_refines
REFINEMENT_AXIOM RiscvRefinement.Opcodes.addi_refines propext
REFINEMENT_AXIOM RiscvRefinement.Opcodes.addi_refines Quot.sound
REFINEMENT_AXIOM RiscvRefinement.Opcodes.addi_refines Classical.choice
REFINEMENT_THEOREM RiscvRefinement.Opcodes.StoreMutation.StoreHoldsWithoutPartialStorePreserve.wordLoad
REFINEMENT_AXIOM RiscvRefinement.Opcodes.StoreMutation.StoreHoldsWithoutPartialStorePreserve.wordLoad propext
REFINEMENT_THEOREM RiscvRefinement.Air.Bridge.BaseAluReg.zeroAcceptance
REFINEMENT_AXIOM RiscvRefinement.Air.Bridge.BaseAluReg.zeroAcceptance propext
REFINEMENT_AXIOM RiscvRefinement.Air.Bridge.BaseAluReg.zeroAcceptance Quot.sound
REFINEMENT_THEOREM RiscvRefinement.Air.Bridge.Jal.immediateFieldValueBound
REFINEMENT_AXIOM RiscvRefinement.Air.Bridge.Jal.immediateFieldValueBound propext
REFINEMENT_AXIOM RiscvRefinement.Air.Bridge.Jal.immediateFieldValueBound Quot.sound
REFINEMENT_THEOREM RiscvRefinement.Opcodes.sra_retires_register_arithmetic_shift
REFINEMENT_AXIOM RiscvRefinement.Opcodes.sra_retires_register_arithmetic_shift propext
REFINEMENT_AXIOM RiscvRefinement.Opcodes.sra_retires_register_arithmetic_shift Quot.sound
REFINEMENT_AXIOM RiscvRefinement.Opcodes.sra_retires_register_arithmetic_shift Classical.choice
REFINEMENT_THEOREM RiscvRefinement.Opcodes.remu_scan_total_is_load_bearing
REFINEMENT_AXIOM RiscvRefinement.Opcodes.remu_scan_total_is_load_bearing propext
REFINEMENT_AXIOM RiscvRefinement.Opcodes.remu_scan_total_is_load_bearing Quot.sound
REFINEMENT_AXIOM RiscvRefinement.Opcodes.remu_scan_total_is_load_bearing Classical.choice
REFINEMENT_THEOREM RiscvRefinement.Publication.TeamB.Shifts.RegPublicationResult.everyLiveNonFixedRelation
REFINEMENT_AXIOM RiscvRefinement.Publication.TeamB.Shifts.RegPublicationResult.everyLiveNonFixedRelation propext
REFINEMENT_AXIOM RiscvRefinement.Publication.TeamB.Shifts.RegPublicationResult.everyLiveNonFixedRelation Quot.sound
REFINEMENT_THEOREM RiscvRefinement.Air.Bridge.LtImm.unsignedX0Nonvacuous
REFINEMENT_AXIOM RiscvRefinement.Air.Bridge.LtImm.unsignedX0Nonvacuous propext
REFINEMENT_AXIOM RiscvRefinement.Air.Bridge.LtImm.unsignedX0Nonvacuous Quot.sound
REFINEMENT_THEOREM RiscvRefinement.Air.Family.ShiftHolds.signIsLogicalZero
REFINEMENT_THEOREM RiscvRefinement.Air.Bridge.Branches.Lt.RawAcceptance.constraints
REFINEMENT_AXIOM RiscvRefinement.Air.Bridge.Branches.Lt.RawAcceptance.constraints propext
REFINEMENT_AXIOM RiscvRefinement.Air.Bridge.Branches.Lt.RawAcceptance.constraints Quot.sound
REFINEMENT_THEOREM RiscvRefinement.Opcodes.DivHoldsWithoutUnsignedDivisorSign.ltDiffUpper
REFINEMENT_THEOREM RiscvRefinement.Air.Bridge.LtReg.ComparatorContract.left1Bound
REFINEMENT_THEOREM RiscvRefinement.Opcodes.mul_product_limb0_is_load_bearing
REFINEMENT_AXIOM RiscvRefinement.Opcodes.mul_product_limb0_is_load_bearing propext
REFINEMENT_AXIOM RiscvRefinement.Opcodes.mul_product_limb0_is_load_bearing Quot.sound
REFINEMENT_AXIOM RiscvRefinement.Opcodes.mul_product_limb0_is_load_bearing Classical.choice
REFINEMENT_THEOREM RiscvRefinement.Decode.encode_sb_is_canonical
REFINEMENT_AXIOM RiscvRefinement.Decode.encode_sb_is_canonical propext
REFINEMENT_AXIOM RiscvRefinement.Decode.encode_sb_is_canonical Quot.sound
REFINEMENT_THEOREM RiscvRefinement.Opcodes.LoadMutationWord.HoldsWithoutWordLoad.halfLoadLow
REFINEMENT_AXIOM RiscvRefinement.Opcodes.LoadMutationWord.HoldsWithoutWordLoad.halfLoadLow propext
REFINEMENT_THEOREM RiscvRefinement.Opcodes.DivHoldsWithoutProductRecurrence.destinationLimb0
REFINEMENT_THEOREM RiscvRefinement.Publication.TeamB.MulhDiv.Division.DirectEquations.e
REFINEMENT_THEOREM RiscvRefinement.Opcodes.shifts_reg_mutation_control_names
REFINEMENT_AXIOM RiscvRefinement.Opcodes.shifts_reg_mutation_control_names propext
REFINEMENT_THEOREM RiscvRefinement.Opcodes.BaseAluImm.Refinement.program
REFINEMENT_AXIOM RiscvRefinement.Opcodes.BaseAluImm.Refinement.program propext
REFINEMENT_AXIOM RiscvRefinement.Opcodes.BaseAluImm.Refinement.program Quot.sound
REFINEMENT_THEOREM RiscvRefinement.Opcodes.sraZeroFillRow_satisfies
REFINEMENT_AXIOM RiscvRefinement.Opcodes.sraZeroFillRow_satisfies propext
REFINEMENT_THEOREM RiscvRefinement.Air.Bridge.mulConstraintValues
REFINEMENT_AXIOM RiscvRefinement.Air.Bridge.mulConstraintValues propext
REFINEMENT_AXIOM RiscvRefinement.Air.Bridge.mulConstraintValues Quot.sound
REFINEMENT_THEOREM RiscvRefinement.Air.Bridge.DivCircuit.nodeCount_of_wellFormed
REFINEMENT_AXIOM RiscvRefinement.Air.Bridge.DivCircuit.nodeCount_of_wellFormed propext
REFINEMENT_THEOREM RiscvRefinement.Air.Bridge.Branches.Eq.ProductionRefinement.projection
REFINEMENT_AXIOM RiscvRefinement.Air.Bridge.Branches.Eq.ProductionRefinement.projection propext
REFINEMENT_AXIOM RiscvRefinement.Air.Bridge.Branches.Eq.ProductionRefinement.projection Quot.sound
REFINEMENT_THEOREM RiscvRefinement.Opcodes.Lt.Imm.destinationBytesWord
REFINEMENT_AXIOM RiscvRefinement.Opcodes.Lt.Imm.destinationBytesWord propext
REFINEMENT_THEOREM RiscvRefinement.Opcodes.StoreRefinement.basePreserved
REFINEMENT_AXIOM RiscvRefinement.Opcodes.StoreRefinement.basePreserved propext
REFINEMENT_AXIOM RiscvRefinement.Opcodes.StoreRefinement.basePreserved Quot.sound
REFINEMENT_THEOREM RiscvRefinement.Publication.TeamB.MulhDiv.HighMultiply.exactTupleProjection
REFINEMENT_AXIOM RiscvRefinement.Publication.TeamB.MulhDiv.HighMultiply.exactTupleProjection propext
REFINEMENT_AXIOM RiscvRefinement.Publication.TeamB.MulhDiv.HighMultiply.exactTupleProjection Quot.sound
REFINEMENT_THEOREM RiscvRefinement.Opcodes.MulhHoldsWithoutSourceOneSignBinding.sourceOneLimb1
REFINEMENT_THEOREM RiscvRefinement.Air.Family.MulhHolds.unsignedSourceOne
REFINEMENT_THEOREM RiscvRefinement.Opcodes.LhRefinement.aligned
REFINEMENT_AXIOM RiscvRefinement.Opcodes.LhRefinement.aligned propext
REFINEMENT_AXIOM RiscvRefinement.Opcodes.LhRefinement.aligned Quot.sound
REFINEMENT_THEOREM RiscvRefinement.Air.Family.MulhHolds.productLimb7
REFINEMENT_THEOREM RiscvRefinement.Opcodes.ShiftHoldsWithoutRightLowByte.destinationLimb3
REFINEMENT_THEOREM RiscvRefinement.Opcodes.divHolds_weakens_unsignedDivisorSign
REFINEMENT_THEOREM RiscvRefinement.Air.Family.mulhHighWord
REFINEMENT_AXIOM RiscvRefinement.Air.Family.mulhHighWord propext
REFINEMENT_AXIOM RiscvRefinement.Air.Family.mulhHighWord Quot.sound
REFINEMENT_THEOREM RiscvRefinement.Air.Bridge.Jalr.ExactLookups.resultMiddle
REFINEMENT_AXIOM RiscvRefinement.Air.Bridge.Jalr.ExactLookups.resultMiddle propext
REFINEMENT_AXIOM RiscvRefinement.Air.Bridge.Jalr.ExactLookups.resultMiddle Quot.sound
REFINEMENT_THEOREM RiscvRefinement.Publication.TeamB.LoadStore.DirectEquations.byteMarker
REFINEMENT_THEOREM RiscvRefinement.Opcodes.base_add_4096_lt_modulus
REFINEMENT_AXIOM RiscvRefinement.Opcodes.base_add_4096_lt_modulus propext
REFINEMENT_AXIOM RiscvRefinement.Opcodes.base_add_4096_lt_modulus Quot.sound
REFINEMENT_THEOREM RiscvRefinement.Opcodes.DivHoldsWithoutDestinationLimb0.sourceTwoClock
REFINEMENT_THEOREM RiscvRefinement.Opcodes.lhu_flags
REFINEMENT_AXIOM RiscvRefinement.Opcodes.lhu_flags propext
REFINEMENT_THEOREM RiscvRefinement.Air.Bridge.Branches.Lt.rawConstraintsHold_eq
REFINEMENT_AXIOM RiscvRefinement.Air.Bridge.Branches.Lt.rawConstraintsHold_eq propext
REFINEMENT_AXIOM RiscvRefinement.Air.Bridge.Branches.Lt.rawConstraintsHold_eq Quot.sound
REFINEMENT_THEOREM RiscvRefinement.Opcodes.honest_load_preserves_memory_word
REFINEMENT_THEOREM RiscvRefinement.Opcodes.LoadStoreHoldsWithoutByteSignWitness.halfStoreLow
REFINEMENT_AXIOM RiscvRefinement.Opcodes.LoadStoreHoldsWithoutByteSignWitness.halfStoreLow propext
REFINEMENT_THEOREM RiscvRefinement.Publication.TeamA.BaseAlu.and_accepted_air_implies_retirement
REFINEMENT_AXIOM RiscvRefinement.Publication.TeamA.BaseAlu.and_accepted_air_implies_retirement propext
REFINEMENT_AXIOM RiscvRefinement.Publication.TeamA.BaseAlu.and_accepted_air_implies_retirement Quot.sound
REFINEMENT_THEOREM RiscvRefinement.Opcodes.BranchesMutation.ltOriginal_sound
REFINEMENT_AXIOM RiscvRefinement.Opcodes.BranchesMutation.ltOriginal_sound propext
REFINEMENT_AXIOM RiscvRefinement.Opcodes.BranchesMutation.ltOriginal_sound Quot.sound
REFINEMENT_THEOREM RiscvRefinement.Opcodes.StoreMutation.storeHolds_weakens_halfStoreHigh
REFINEMENT_AXIOM RiscvRefinement.Opcodes.StoreMutation.storeHolds_weakens_halfStoreHigh propext
REFINEMENT_THEOREM RiscvRefinement.Publication.TeamA.manifestIds_nodup
REFINEMENT_THEOREM RiscvRefinement.Air.Bridge.LtComparator.ComparatorContract.right1Bound
REFINEMENT_THEOREM RiscvRefinement.Opcodes.ShiftHoldsWithoutSignLowerBound.destinationLimb0
REFINEMENT_THEOREM RiscvRefinement.Opcodes.DivHoldsWithoutZeroDivisorQuotient0.zeroDivisorQuotient2
REFINEMENT_THEOREM RiscvRefinement.Opcodes.BaseAluImm.refines
REFINEMENT_AXIOM RiscvRefinement.Opcodes.BaseAluImm.refines propext
REFINEMENT_AXIOM RiscvRefinement.Opcodes.BaseAluImm.refines Quot.sound
REFINEMENT_AXIOM RiscvRefinement.Opcodes.BaseAluImm.refines Classical.choice
REFINEMENT_THEOREM RiscvRefinement.Air.Generated.Programs.sllSymbolicCertificate
REFINEMENT_AXIOM RiscvRefinement.Air.Generated.Programs.sllSymbolicCertificate propext
REFINEMENT_AXIOM RiscvRefinement.Air.Generated.Programs.sllSymbolicCertificate Quot.sound
REFINEMENT_THEOREM RiscvRefinement.Opcodes.LoadStoreHoldsWithoutHalfShiftId.byteStoreSelect
REFINEMENT_AXIOM RiscvRefinement.Opcodes.LoadStoreHoldsWithoutHalfShiftId.byteStoreSelect propext
REFINEMENT_THEOREM RiscvRefinement.Opcodes.mulh_source_two_sign_is_load_bearing
REFINEMENT_AXIOM RiscvRefinement.Opcodes.mulh_source_two_sign_is_load_bearing propext
REFINEMENT_AXIOM RiscvRefinement.Opcodes.mulh_source_two_sign_is_load_bearing Quot.sound
REFINEMENT_AXIOM RiscvRefinement.Opcodes.mulh_source_two_sign_is_load_bearing Classical.choice
REFINEMENT_THEOREM RiscvRefinement.Publication.TeamB.Shifts.ImmAdmission.clockBound
REFINEMENT_THEOREM RiscvRefinement.Opcodes.shiftsImmHolds_weakens_signIsLogicalZero
REFINEMENT_THEOREM RiscvRefinement.Opcodes.StoreMutation.StoreHoldsWithoutWordStore.destinationFlag
REFINEMENT_AXIOM RiscvRefinement.Opcodes.StoreMutation.StoreHoldsWithoutWordStore.destinationFlag propext
REFINEMENT_THEOREM RiscvRefinement.Arith.divideUnsigned_high_bit_by_two
REFINEMENT_THEOREM RiscvRefinement.Opcodes.loadStoreHolds_retires_high_half
REFINEMENT_AXIOM RiscvRefinement.Opcodes.loadStoreHolds_retires_high_half propext
REFINEMENT_AXIOM RiscvRefinement.Opcodes.loadStoreHolds_retires_high_half Quot.sound
REFINEMENT_AXIOM RiscvRefinement.Opcodes.loadStoreHolds_retires_high_half Classical.choice
REFINEMENT_THEOREM RiscvRefinement.Publication.TeamB.MulhDiv.Division.FixedSemanticConsequences.productCarry6
REFINEMENT_THEOREM RiscvRefinement.Opcodes.LoadMutationWord.loadStoreHolds_lw_retires_memory_word
REFINEMENT_AXIOM RiscvRefinement.Opcodes.LoadMutationWord.loadStoreHolds_lw_retires_memory_word propext
REFINEMENT_THEOREM RiscvRefinement.Opcodes.StoreMutation.StoreHoldsWithoutHalfStoreHigh.halfStoreLow
REFINEMENT_AXIOM RiscvRefinement.Opcodes.StoreMutation.StoreHoldsWithoutHalfStoreHigh.halfStoreLow propext
REFINEMENT_THEOREM RiscvRefinement.Sail.Reviewed.executeMulhsu_no_memory
REFINEMENT_AXIOM RiscvRefinement.Sail.Reviewed.executeMulhsu_no_memory propext
REFINEMENT_THEOREM RiscvRefinement.Opcodes.NonVacuity.lh_alias_exists
REFINEMENT_AXIOM RiscvRefinement.Opcodes.NonVacuity.lh_alias_exists propext
REFINEMENT_AXIOM RiscvRefinement.Opcodes.NonVacuity.lh_alias_exists Quot.sound
REFINEMENT_AXIOM RiscvRefinement.Opcodes.NonVacuity.lh_alias_exists Classical.choice
REFINEMENT_THEOREM RiscvRefinement.Opcodes.ShiftsImmRefinement.programTuple
REFINEMENT_AXIOM RiscvRefinement.Opcodes.ShiftsImmRefinement.programTuple propext
REFINEMENT_AXIOM RiscvRefinement.Opcodes.ShiftsImmRefinement.programTuple Quot.sound
REFINEMENT_THEOREM RiscvRefinement.Air.Bridge.Branches.Eq.ProductionRefinement.selectors
REFINEMENT_AXIOM RiscvRefinement.Air.Bridge.Branches.Eq.ProductionRefinement.selectors propext
REFINEMENT_AXIOM RiscvRefinement.Air.Bridge.Branches.Eq.ProductionRefinement.selectors Quot.sound
REFINEMENT_THEOREM RiscvRefinement.Recursion.FrameworkBoundary.secure_claim_boundary
REFINEMENT_AXIOM RiscvRefinement.Recursion.FrameworkBoundary.secure_claim_boundary propext
REFINEMENT_AXIOM RiscvRefinement.Recursion.FrameworkBoundary.secure_claim_boundary Quot.sound
REFINEMENT_THEOREM RiscvRefinement.Opcodes.lbu_flags
REFINEMENT_AXIOM RiscvRefinement.Opcodes.lbu_flags propext
REFINEMENT_THEOREM RiscvRefinement.Opcodes.Jal.jalExists
REFINEMENT_AXIOM RiscvRefinement.Opcodes.Jal.jalExists propext
REFINEMENT_AXIOM RiscvRefinement.Opcodes.Jal.jalExists Quot.sound
REFINEMENT_AXIOM RiscvRefinement.Opcodes.Jal.jalExists Classical.choice
REFINEMENT_THEOREM RiscvRefinement.Opcodes.Branches.Lt.RawRefinement.production
REFINEMENT_AXIOM RiscvRefinement.Opcodes.Branches.Lt.RawRefinement.production propext
REFINEMENT_AXIOM RiscvRefinement.Opcodes.Branches.Lt.RawRefinement.production Quot.sound
REFINEMENT_THEOREM RiscvRefinement.Publication.TeamB.MulhDiv.Division.negCarryStep
REFINEMENT_AXIOM RiscvRefinement.Publication.TeamB.MulhDiv.Division.negCarryStep propext
REFINEMENT_AXIOM RiscvRefinement.Publication.TeamB.MulhDiv.Division.negCarryStep Quot.sound
REFINEMENT_THEOREM RiscvRefinement.Opcodes.DivHoldsWithoutProductRecurrence.zeroDivisorQuotient0
REFINEMENT_THEOREM RiscvRefinement.Opcodes.divHolds_weakens_negationRecurrence
REFINEMENT_THEOREM RiscvRefinement.Air.Bridge.LtReg.orientedPositiveField
REFINEMENT_AXIOM RiscvRefinement.Air.Bridge.LtReg.orientedPositiveField propext
REFINEMENT_AXIOM RiscvRefinement.Air.Bridge.LtReg.orientedPositiveField Quot.sound
REFINEMENT_THEOREM RiscvRefinement.Opcodes.ByteLoadMutation.ByteLoadHoldsWithoutByteSignWitness.byteLoadSelect
REFINEMENT_AXIOM RiscvRefinement.Opcodes.ByteLoadMutation.ByteLoadHoldsWithoutByteSignWitness.byteLoadSelect propext
REFINEMENT_THEOREM RiscvRefinement.Opcodes.StoreMutation.StoreHoldsWithoutPartialStorePreserve.halfShiftId
REFINEMENT_AXIOM RiscvRefinement.Opcodes.StoreMutation.StoreHoldsWithoutPartialStorePreserve.halfShiftId propext
REFINEMENT_THEOREM RiscvRefinement.Publication.TeamB.Shifts.sra_accepted_air_implies_retirement
REFINEMENT_AXIOM RiscvRefinement.Publication.TeamB.Shifts.sra_accepted_air_implies_retirement propext
REFINEMENT_AXIOM RiscvRefinement.Publication.TeamB.Shifts.sra_accepted_air_implies_retirement Quot.sound
REFINEMENT_AXIOM RiscvRefinement.Publication.TeamB.Shifts.sra_accepted_air_implies_retirement Classical.choice
REFINEMENT_THEOREM RiscvRefinement.Opcodes.LoadStoreHoldsWithoutByteSignWitness.destinationFlag
REFINEMENT_AXIOM RiscvRefinement.Opcodes.LoadStoreHoldsWithoutByteSignWitness.destinationFlag propext
REFINEMENT_THEOREM RiscvRefinement.Opcodes.DivHoldsWithoutScanTotal.destinationClock
REFINEMENT_THEOREM RiscvRefinement.Opcodes.DivHoldsWithoutProductRecurrence.quotientSignBit
REFINEMENT_THEOREM RiscvRefinement.Air.Bridge.M31.val_sub
REFINEMENT_THEOREM RiscvRefinement.Air.Bridge.Branches.Eq.RawProductionRefinement.fixedLookups
REFINEMENT_AXIOM RiscvRefinement.Air.Bridge.Branches.Eq.RawProductionRefinement.fixedLookups propext
REFINEMENT_AXIOM RiscvRefinement.Air.Bridge.Branches.Eq.RawProductionRefinement.fixedLookups Quot.sound
REFINEMENT_THEOREM RiscvRefinement.Opcodes.DivHoldsWithoutNegationRecurrence.zeroDivisorQuotient3
REFINEMENT_THEOREM RiscvRefinement.Opcodes.DivHoldsWithoutZeroDivisorQuotient0.clockPositive
REFINEMENT_THEOREM RiscvRefinement.Opcodes.DivHoldsWithoutDividendSignBit.quotientSignImpliesXor
REFINEMENT_THEOREM RiscvRefinement.Air.Bridge.LtReg.sourceReadOnly
REFINEMENT_AXIOM RiscvRefinement.Air.Bridge.LtReg.sourceReadOnly propext
REFINEMENT_AXIOM RiscvRefinement.Air.Bridge.LtReg.sourceReadOnly Quot.sound
REFINEMENT_THEOREM RiscvRefinement.Opcodes.remuSlackScanRow_refutes
REFINEMENT_THEOREM RiscvRefinement.Air.Bridge.Branches.immediateFieldValue_lt
REFINEMENT_AXIOM RiscvRefinement.Air.Bridge.Branches.immediateFieldValue_lt propext
REFINEMENT_AXIOM RiscvRefinement.Air.Bridge.Branches.immediateFieldValue_lt Quot.sound
REFINEMENT_THEOREM RiscvRefinement.Opcodes.ShiftHoldsWithoutLeftLowByte.destinationLimb2
REFINEMENT_THEOREM RiscvRefinement.Air.Bridge.Jalr.ProductionRefinement.constraints
REFINEMENT_AXIOM RiscvRefinement.Air.Bridge.Jalr.ProductionRefinement.constraints propext
REFINEMENT_AXIOM RiscvRefinement.Air.Bridge.Jalr.ProductionRefinement.constraints Quot.sound
REFINEMENT_THEOREM RiscvRefinement.Air.Bridge.LtImm.acceptanceNonvacuous
REFINEMENT_AXIOM RiscvRefinement.Air.Bridge.LtImm.acceptanceNonvacuous propext
REFINEMENT_AXIOM RiscvRefinement.Air.Bridge.LtImm.acceptanceNonvacuous Quot.sound
REFINEMENT_THEOREM RiscvRefinement.Publication.TeamB.MulhDiv.HighMultiply.ExactTupleProjection.sourceTwoConsume
REFINEMENT_AXIOM RiscvRefinement.Publication.TeamB.MulhDiv.HighMultiply.ExactTupleProjection.sourceTwoConsume propext
REFINEMENT_AXIOM RiscvRefinement.Publication.TeamB.MulhDiv.HighMultiply.ExactTupleProjection.sourceTwoConsume Quot.sound
REFINEMENT_THEOREM RiscvRefinement.Air.Bridge.Branches.Lt.ProductionRefinement.projection
REFINEMENT_AXIOM RiscvRefinement.Air.Bridge.Branches.Lt.ProductionRefinement.projection propext
REFINEMENT_AXIOM RiscvRefinement.Air.Bridge.Branches.Lt.ProductionRefinement.projection Quot.sound
REFINEMENT_THEOREM RiscvRefinement.Opcodes.JalrMutation.wrongStateEmit_satisfies
REFINEMENT_AXIOM RiscvRefinement.Opcodes.JalrMutation.wrongStateEmit_satisfies propext
REFINEMENT_AXIOM RiscvRefinement.Opcodes.JalrMutation.wrongStateEmit_satisfies Quot.sound
REFINEMENT_THEOREM RiscvRefinement.Opcodes.ShiftsRegRefinement.sourceConsume
REFINEMENT_AXIOM RiscvRefinement.Opcodes.ShiftsRegRefinement.sourceConsume propext
REFINEMENT_AXIOM RiscvRefinement.Opcodes.ShiftsRegRefinement.sourceConsume Quot.sound
REFINEMENT_THEOREM RiscvRefinement.Opcodes.DivHoldsWithoutUnsignedDivisorSign.quotientSignBit
REFINEMENT_THEOREM RiscvRefinement.Opcodes.ByteLoadMutation.ByteLoadHoldsWithoutByteLoadExtension.byteShiftAmount
REFINEMENT_AXIOM RiscvRefinement.Opcodes.ByteLoadMutation.ByteLoadHoldsWithoutByteLoadExtension.byteShiftAmount propext
REFINEMENT_THEOREM RiscvRefinement.Air.Family.multiplyRowExpand
REFINEMENT_AXIOM RiscvRefinement.Air.Family.multiplyRowExpand propext
REFINEMENT_THEOREM RiscvRefinement.Publication.TeamB.Multiply.mul_acceptedAir_refines
REFINEMENT_AXIOM RiscvRefinement.Publication.TeamB.Multiply.mul_acceptedAir_refines propext
REFINEMENT_AXIOM RiscvRefinement.Publication.TeamB.Multiply.mul_acceptedAir_refines Quot.sound
REFINEMENT_AXIOM RiscvRefinement.Publication.TeamB.Multiply.mul_acceptedAir_refines Classical.choice
REFINEMENT_THEOREM RiscvRefinement.Opcodes.DivHoldsWithoutZeroDivisorQuotient0.zeroDivisorLimb1
REFINEMENT_THEOREM RiscvRefinement.Publication.TeamB.MulhDiv.Division.DirectEquationsH.sourceTwo0
REFINEMENT_THEOREM RiscvRefinement.Publication.TeamB.MulhDiv.Division.wordSumField_eq_reduce
REFINEMENT_AXIOM RiscvRefinement.Publication.TeamB.MulhDiv.Division.wordSumField_eq_reduce propext
REFINEMENT_THEOREM RiscvRefinement.Opcodes.srai_retires_arithmetic_shift
REFINEMENT_AXIOM RiscvRefinement.Opcodes.srai_retires_arithmetic_shift propext
REFINEMENT_AXIOM RiscvRefinement.Opcodes.srai_retires_arithmetic_shift Quot.sound
REFINEMENT_AXIOM RiscvRefinement.Opcodes.srai_retires_arithmetic_shift Classical.choice
REFINEMENT_THEOREM RiscvRefinement.Air.Bridge.Auipc.exampleAcceptance
REFINEMENT_AXIOM RiscvRefinement.Air.Bridge.Auipc.exampleAcceptance propext
REFINEMENT_AXIOM RiscvRefinement.Air.Bridge.Auipc.exampleAcceptance Quot.sound
REFINEMENT_THEOREM RiscvRefinement.Air.Generated.AddiHolds.nextPcResult
REFINEMENT_THEOREM RiscvRefinement.Publication.TeamB.LoadStore.Admission.immediateCanonical
REFINEMENT_THEOREM RiscvRefinement.Air.Bridge.Branches.Eq.Acceptance.fixedLookups
REFINEMENT_AXIOM RiscvRefinement.Air.Bridge.Branches.Eq.Acceptance.fixedLookups propext
REFINEMENT_AXIOM RiscvRefinement.Air.Bridge.Branches.Eq.Acceptance.fixedLookups Quot.sound
REFINEMENT_THEOREM RiscvRefinement.Air.Bridge.absInverseTable_length
REFINEMENT_THEOREM RiscvRefinement.Air.Family.DivHolds.zeroDivisorLimb3
REFINEMENT_THEOREM RiscvRefinement.Opcodes.LoadStoreHoldsWithoutHalfShiftId.halfLoadLow
REFINEMENT_AXIOM RiscvRefinement.Opcodes.LoadStoreHoldsWithoutHalfShiftId.halfLoadLow propext
REFINEMENT_THEOREM RiscvRefinement.Opcodes.MulhHoldsWithoutSourceOneSignBinding.sourceOneClock
REFINEMENT_THEOREM RiscvRefinement.Opcodes.ShiftHoldsWithoutSignLowerBound.destinationLimb3
REFINEMENT_THEOREM RiscvRefinement.Opcodes.DivHoldsWithoutNegationRecurrence.signXorDefinition
REFINEMENT_THEOREM RiscvRefinement.WordBytes.zero_word
REFINEMENT_THEOREM RiscvRefinement.Publication.TeamB.MulhDiv.Division.FixedRequests.carry5
REFINEMENT_AXIOM RiscvRefinement.Publication.TeamB.MulhDiv.Division.FixedRequests.carry5 propext
REFINEMENT_AXIOM RiscvRefinement.Publication.TeamB.MulhDiv.Division.FixedRequests.carry5 Quot.sound
REFINEMENT_THEOREM RiscvRefinement.Opcodes.divu_retires_as_reviewed
REFINEMENT_AXIOM RiscvRefinement.Opcodes.divu_retires_as_reviewed propext
REFINEMENT_AXIOM RiscvRefinement.Opcodes.divu_retires_as_reviewed Quot.sound
REFINEMENT_AXIOM RiscvRefinement.Opcodes.divu_retires_as_reviewed Classical.choice
REFINEMENT_THEOREM RiscvRefinement.Air.Generated.Programs.divSymbolicCertificate
REFINEMENT_AXIOM RiscvRefinement.Air.Generated.Programs.divSymbolicCertificate propext
REFINEMENT_AXIOM RiscvRefinement.Air.Generated.Programs.divSymbolicCertificate Quot.sound
REFINEMENT_THEOREM RiscvRefinement.Air.Bridge.limbSum_lt
REFINEMENT_AXIOM RiscvRefinement.Air.Bridge.limbSum_lt propext
REFINEMENT_AXIOM RiscvRefinement.Air.Bridge.limbSum_lt Quot.sound
REFINEMENT_THEOREM RiscvRefinement.Publication.TeamB.Selector.manifestId_injective
REFINEMENT_AXIOM RiscvRefinement.Publication.TeamB.Selector.manifestId_injective propext
REFINEMENT_THEOREM RiscvRefinement.Sail.Reviewed.executeMulhu_no_memory
REFINEMENT_AXIOM RiscvRefinement.Sail.Reviewed.executeMulhu_no_memory propext
REFINEMENT_THEOREM RiscvRefinement.Air.Bridge.BaseAluImm.destinationWord
REFINEMENT_AXIOM RiscvRefinement.Air.Bridge.BaseAluImm.destinationWord propext
REFINEMENT_AXIOM RiscvRefinement.Air.Bridge.BaseAluImm.destinationWord Quot.sound
REFINEMENT_THEOREM RiscvRefinement.Opcodes.DivEnvironment.divisorBinds
REFINEMENT_THEOREM RiscvRefinement.Opcodes.DivHoldsWithoutNegationRecurrence.absSameLimb3
REFINEMENT_THEOREM RiscvRefinement.Opcodes.store_memory_word
REFINEMENT_AXIOM RiscvRefinement.Opcodes.store_memory_word propext
REFINEMENT_AXIOM RiscvRefinement.Opcodes.store_memory_word Quot.sound
REFINEMENT_AXIOM RiscvRefinement.Opcodes.store_memory_word Classical.choice
REFINEMENT_THEOREM RiscvRefinement.Air.Bridge.Addi.zeroAdmission
REFINEMENT_AXIOM RiscvRefinement.Air.Bridge.Addi.zeroAdmission propext
REFINEMENT_THEOREM RiscvRefinement.Opcodes.DivHoldsWithoutSignXorDefinition.sourceOneLimb1
REFINEMENT_THEOREM RiscvRefinement.Publication.TeamB.MulhDiv.Division.FixedSemanticConsequences.productCarry7
REFINEMENT_THEOREM RiscvRefinement.NonVacuity.honest_addi_production_admission
REFINEMENT_THEOREM RiscvRefinement.Air.Bridge.Lui.clockRequestHolds_iff
REFINEMENT_AXIOM RiscvRefinement.Air.Bridge.Lui.clockRequestHolds_iff propext
REFINEMENT_AXIOM RiscvRefinement.Air.Bridge.Lui.clockRequestHolds_iff Quot.sound
REFINEMENT_THEOREM RiscvRefinement.Opcodes.LoadMutationWord.lhuWrongHalfRow_satisfies
REFINEMENT_AXIOM RiscvRefinement.Opcodes.LoadMutationWord.lhuWrongHalfRow_satisfies propext
REFINEMENT_THEOREM RiscvRefinement.Opcodes.Auipc.Refinement.production
REFINEMENT_AXIOM RiscvRefinement.Opcodes.Auipc.Refinement.production propext
REFINEMENT_AXIOM RiscvRefinement.Opcodes.Auipc.Refinement.production Quot.sound
REFINEMENT_THEOREM RiscvRefinement.Air.Bridge.BaseAluReg.subBorrowAcceptance
REFINEMENT_AXIOM RiscvRefinement.Air.Bridge.BaseAluReg.subBorrowAcceptance propext
REFINEMENT_AXIOM RiscvRefinement.Air.Bridge.BaseAluReg.subBorrowAcceptance Quot.sound
REFINEMENT_THEOREM RiscvRefinement.Opcodes.DivHoldsWithoutDividendSignBit.scanEqual0
REFINEMENT_THEOREM RiscvRefinement.Opcodes.load_refines
REFINEMENT_AXIOM RiscvRefinement.Opcodes.load_refines propext
REFINEMENT_AXIOM RiscvRefinement.Opcodes.load_refines Quot.sound
REFINEMENT_AXIOM RiscvRefinement.Opcodes.load_refines Classical.choice
REFINEMENT_THEOREM RiscvRefinement.Opcodes.LoadStoreEnvironment.effectiveAddress_eq
REFINEMENT_AXIOM RiscvRefinement.Opcodes.LoadStoreEnvironment.effectiveAddress_eq propext
REFINEMENT_AXIOM RiscvRefinement.Opcodes.LoadStoreEnvironment.effectiveAddress_eq Quot.sound
REFINEMENT_THEOREM RiscvRefinement.Opcodes.MulhBusRefinement.sourceOneEmit
REFINEMENT_THEOREM RiscvRefinement.Opcodes.MulhHoldsWithoutProductLimb4.sourceTwoLimb3
REFINEMENT_THEOREM RiscvRefinement.Publication.TeamB.MulhDiv.HighMultiply.ExactTupleProjection.stateConsume
REFINEMENT_AXIOM RiscvRefinement.Publication.TeamB.MulhDiv.HighMultiply.ExactTupleProjection.stateConsume propext
REFINEMENT_AXIOM RiscvRefinement.Publication.TeamB.MulhDiv.HighMultiply.ExactTupleProjection.stateConsume Quot.sound
REFINEMENT_THEOREM RiscvRefinement.Opcodes.MulhHoldsWithoutSourceTwoSignBinding.destinationLimb2
REFINEMENT_THEOREM RiscvRefinement.Air.Bridge.destinationAccessClock_load
REFINEMENT_AXIOM RiscvRefinement.Air.Bridge.destinationAccessClock_load propext
REFINEMENT_THEOREM RiscvRefinement.Air.Bridge.Jalr.ExactLookups.sourceClock
REFINEMENT_AXIOM RiscvRefinement.Air.Bridge.Jalr.ExactLookups.sourceClock propext
REFINEMENT_AXIOM RiscvRefinement.Air.Bridge.Jalr.ExactLookups.sourceClock Quot.sound
REFINEMENT_THEOREM RiscvRefinement.Opcodes.DivHoldsWithoutUnsignedDivisorSign.absSameLimb0
REFINEMENT_THEOREM RiscvRefinement.Opcodes.LoadStoreHoldsWithoutByteSignWitness.byteStoreSelect
REFINEMENT_AXIOM RiscvRefinement.Opcodes.LoadStoreHoldsWithoutByteSignWitness.byteStoreSelect propext
REFINEMENT_THEOREM RiscvRefinement.Air.Family.ShiftHolds.carry2Range
REFINEMENT_THEOREM RiscvRefinement.Air.Bridge.Jalr.wordBytes_word
REFINEMENT_AXIOM RiscvRefinement.Air.Bridge.Jalr.wordBytes_word propext
REFINEMENT_AXIOM RiscvRefinement.Air.Bridge.Jalr.wordBytes_word Quot.sound
REFINEMENT_THEOREM RiscvRefinement.Publication.TeamB.Multiply.ExactFixedProjection.carry3
REFINEMENT_AXIOM RiscvRefinement.Publication.TeamB.Multiply.ExactFixedProjection.carry3 propext
REFINEMENT_AXIOM RiscvRefinement.Publication.TeamB.Multiply.ExactFixedProjection.carry3 Quot.sound
REFINEMENT_THEOREM RiscvRefinement.Opcodes.DivHoldsWithoutZeroDivisorQuotient0.destinationLimb0
REFINEMENT_THEOREM RiscvRefinement.Air.Bridge.BaseAluReg.lookupProjection
REFINEMENT_AXIOM RiscvRefinement.Air.Bridge.BaseAluReg.lookupProjection propext
REFINEMENT_AXIOM RiscvRefinement.Air.Bridge.BaseAluReg.lookupProjection Quot.sound
REFINEMENT_THEOREM RiscvRefinement.Publication.TeamB.MulhDiv.Division.DirectEquationsC.zeroDivisorQuotientSign
REFINEMENT_THEOREM RiscvRefinement.Air.Bridge.BaseAluReg.ProductionRefinement.destinationClock
REFINEMENT_AXIOM RiscvRefinement.Air.Bridge.BaseAluReg.ProductionRefinement.destinationClock propext
REFINEMENT_AXIOM RiscvRefinement.Air.Bridge.BaseAluReg.ProductionRefinement.destinationClock Quot.sound
REFINEMENT_THEOREM RiscvRefinement.Opcodes.MulhHoldsWithoutSelectorSourceTwoSign.productLimb2
REFINEMENT_THEOREM RiscvRefinement.Air.Family.DivHolds.zeroDivisorQuotient2
REFINEMENT_THEOREM RiscvRefinement.Opcodes.row_halfSelector
REFINEMENT_AXIOM RiscvRefinement.Opcodes.row_halfSelector propext
REFINEMENT_AXIOM RiscvRefinement.Opcodes.row_halfSelector Quot.sound
REFINEMENT_AXIOM RiscvRefinement.Opcodes.row_halfSelector Classical.choice
REFINEMENT_THEOREM RiscvRefinement.Opcodes.StoreRefinement.retirement
REFINEMENT_AXIOM RiscvRefinement.Opcodes.StoreRefinement.retirement propext
REFINEMENT_AXIOM RiscvRefinement.Opcodes.StoreRefinement.retirement Quot.sound
REFINEMENT_THEOREM RiscvRefinement.Air.Bridge.M31.reduce_half
REFINEMENT_AXIOM RiscvRefinement.Air.Bridge.M31.reduce_half propext
REFINEMENT_AXIOM RiscvRefinement.Air.Bridge.M31.reduce_half Quot.sound
REFINEMENT_THEOREM RiscvRefinement.Air.Bridge.Jal.stateEmitFields
REFINEMENT_AXIOM RiscvRefinement.Air.Bridge.Jal.stateEmitFields propext
REFINEMENT_AXIOM RiscvRefinement.Air.Bridge.Jal.stateEmitFields Quot.sound
REFINEMENT_AXIOM RiscvRefinement.Air.Bridge.Jal.stateEmitFields Classical.choice
REFINEMENT_THEOREM RiscvRefinement.Opcodes.DivHoldsWithoutProductRecurrence.unsignedDivisorSign
REFINEMENT_THEOREM RiscvRefinement.Opcodes.mulhHolds_weakens_sourceTwoSignBinding
REFINEMENT_THEOREM RiscvRefinement.Air.Bridge.BaseAluReg.ProductionRefinement.source2Emit
REFINEMENT_AXIOM RiscvRefinement.Air.Bridge.BaseAluReg.ProductionRefinement.source2Emit propext
REFINEMENT_AXIOM RiscvRefinement.Air.Bridge.BaseAluReg.ProductionRefinement.source2Emit Quot.sound
REFINEMENT_THEOREM RiscvRefinement.Opcodes.BaseAluImm.Refinement.production
REFINEMENT_AXIOM RiscvRefinement.Opcodes.BaseAluImm.Refinement.production propext
REFINEMENT_AXIOM RiscvRefinement.Opcodes.BaseAluImm.Refinement.production Quot.sound
REFINEMENT_THEOREM RiscvRefinement.Opcodes.StoreMutation.StoreHoldsWithoutHalfStoreHigh.signWitnessCanonical
REFINEMENT_AXIOM RiscvRefinement.Opcodes.StoreMutation.StoreHoldsWithoutHalfStoreHigh.signWitnessCanonical propext
REFINEMENT_THEOREM RiscvRefinement.Air.Family.LoadStoreHolds.halfLoadHigh
REFINEMENT_AXIOM RiscvRefinement.Air.Family.LoadStoreHolds.halfLoadHigh propext
REFINEMENT_THEOREM RiscvRefinement.Opcodes.lhWrongHalfRow_satisfies
REFINEMENT_AXIOM RiscvRefinement.Opcodes.lhWrongHalfRow_satisfies propext
REFINEMENT_THEOREM RiscvRefinement.Opcodes.ByteLoadMutation.ByteLoadHoldsWithoutByteLoadSelect.byteMarkerSum
REFINEMENT_AXIOM RiscvRefinement.Opcodes.ByteLoadMutation.ByteLoadHoldsWithoutByteLoadSelect.byteMarkerSum propext
REFINEMENT_THEOREM RiscvRefinement.Publication.TeamB.MulhDiv.HighMultiply.FixedConsequences.carry3Bound
REFINEMENT_THEOREM RiscvRefinement.Opcodes.LoadStoreHoldsWithoutWordLoad.halfShiftId
REFINEMENT_AXIOM RiscvRefinement.Opcodes.LoadStoreHoldsWithoutWordLoad.halfShiftId propext
REFINEMENT_THEOREM RiscvRefinement.Publication.FixedTableInterpretation.rangeCheck88
REFINEMENT_AXIOM RiscvRefinement.Publication.FixedTableInterpretation.rangeCheck88 propext
REFINEMENT_THEOREM RiscvRefinement.Opcodes.lhu_refines
REFINEMENT_AXIOM RiscvRefinement.Opcodes.lhu_refines propext
REFINEMENT_AXIOM RiscvRefinement.Opcodes.lhu_refines Quot.sound
REFINEMENT_AXIOM RiscvRefinement.Opcodes.lhu_refines Classical.choice
REFINEMENT_THEOREM RiscvRefinement.Publication.TeamB.LoadStore.Admission.claimedNextPcCanonical
REFINEMENT_THEOREM RiscvRefinement.Opcodes.rem_takes_the_sign_of_the_dividend
REFINEMENT_AXIOM RiscvRefinement.Opcodes.rem_takes_the_sign_of_the_dividend propext
REFINEMENT_THEOREM RiscvRefinement.Air.Bridge.divProgram_wellFormed
REFINEMENT_THEOREM RiscvRefinement.Air.Bridge.Jalr.destinationWord
REFINEMENT_AXIOM RiscvRefinement.Air.Bridge.Jalr.destinationWord propext
REFINEMENT_AXIOM RiscvRefinement.Air.Bridge.Jalr.destinationWord Quot.sound
REFINEMENT_THEOREM RiscvRefinement.Publication.TeamB.MulhDiv.Division.node45
REFINEMENT_AXIOM RiscvRefinement.Publication.TeamB.MulhDiv.Division.node45 propext
REFINEMENT_AXIOM RiscvRefinement.Publication.TeamB.MulhDiv.Division.node45 Quot.sound
REFINEMENT_THEOREM RiscvRefinement.Opcodes.divWitnessOverflowRemainder_result
REFINEMENT_THEOREM RiscvRefinement.Opcodes.LoadStoreHoldsWithoutHalfLoadHigh.alignedQuarterRange
REFINEMENT_AXIOM RiscvRefinement.Opcodes.LoadStoreHoldsWithoutHalfLoadHigh.alignedQuarterRange propext
REFINEMENT_THEOREM RiscvRefinement.Opcodes.LoadStoreHoldsWithoutHalfLoadHigh.halfLoadLow
REFINEMENT_AXIOM RiscvRefinement.Opcodes.LoadStoreHoldsWithoutHalfLoadHigh.halfLoadLow propext
REFINEMENT_THEOREM RiscvRefinement.Publication.TeamB.LoadStore.ExactFixedProjection.byteSign
REFINEMENT_AXIOM RiscvRefinement.Publication.TeamB.LoadStore.ExactFixedProjection.byteSign propext
REFINEMENT_AXIOM RiscvRefinement.Publication.TeamB.LoadStore.ExactFixedProjection.byteSign Quot.sound
REFINEMENT_THEOREM RiscvRefinement.Air.Bridge.Branches.Lt.rawComparisonCorrect
REFINEMENT_AXIOM RiscvRefinement.Air.Bridge.Branches.Lt.rawComparisonCorrect propext
REFINEMENT_AXIOM RiscvRefinement.Air.Bridge.Branches.Lt.rawComparisonCorrect Quot.sound
REFINEMENT_THEOREM RiscvRefinement.Opcodes.DivHoldsWithoutZeroDivisorQuotient0.scanEqual3
REFINEMENT_THEOREM RiscvRefinement.Opcodes.StoreMutation.sbSpuriousResultRow_refutes_holds
REFINEMENT_AXIOM RiscvRefinement.Opcodes.StoreMutation.sbSpuriousResultRow_refutes_holds propext
REFINEMENT_THEOREM RiscvRefinement.Opcodes.DivHoldsWithoutDestinationLimb0.signXorDefinition
REFINEMENT_THEOREM RiscvRefinement.Opcodes.BaseAluReg.Environment.pcBinds
REFINEMENT_THEOREM RiscvRefinement.Air.Bridge.TeamACommon.validPreviousClock_of_gap
REFINEMENT_AXIOM RiscvRefinement.Air.Bridge.TeamACommon.validPreviousClock_of_gap propext
REFINEMENT_AXIOM RiscvRefinement.Air.Bridge.TeamACommon.validPreviousClock_of_gap Quot.sound
REFINEMENT_THEOREM RiscvRefinement.Publication.TeamB.LoadStore.DirectEquations.loadDestination1
REFINEMENT_THEOREM RiscvRefinement.Air.Bridge.Jalr.constraintsHold_iff
REFINEMENT_AXIOM RiscvRefinement.Air.Bridge.Jalr.constraintsHold_iff propext
REFINEMENT_AXIOM RiscvRefinement.Air.Bridge.Jalr.constraintsHold_iff Quot.sound
REFINEMENT_THEOREM RiscvRefinement.Opcodes.LoadMutationWord.HoldsWithoutWordLoad.byteMarkerSum
REFINEMENT_AXIOM RiscvRefinement.Opcodes.LoadMutationWord.HoldsWithoutWordLoad.byteMarkerSum propext
REFINEMENT_THEOREM RiscvRefinement.Publication.TeamB.MulhDiv.HighMultiply.Admission.pcBound
REFINEMENT_THEOREM RiscvRefinement.Air.Bridge.LtImm.Acceptance.fixedLookups
REFINEMENT_AXIOM RiscvRefinement.Air.Bridge.LtImm.Acceptance.fixedLookups propext
REFINEMENT_AXIOM RiscvRefinement.Air.Bridge.LtImm.Acceptance.fixedLookups Quot.sound
REFINEMENT_THEOREM RiscvRefinement.Opcodes.ByteLoadMutation.ByteLoadHoldsWithoutByteSignWitness.wordStore
REFINEMENT_AXIOM RiscvRefinement.Opcodes.ByteLoadMutation.ByteLoadHoldsWithoutByteSignWitness.wordStore propext
REFINEMENT_THEOREM RiscvRefinement.Decode.encode_base_alu_reg_is_canonical
REFINEMENT_AXIOM RiscvRefinement.Decode.encode_base_alu_reg_is_canonical propext
REFINEMENT_AXIOM RiscvRefinement.Decode.encode_base_alu_reg_is_canonical Quot.sound
REFINEMENT_THEOREM RiscvRefinement.Publication.TeamB.MulhDiv.Division.DirectEquationsF.scanMarker1
REFINEMENT_THEOREM RiscvRefinement.Opcodes.shifts_imm_source_word
REFINEMENT_AXIOM RiscvRefinement.Opcodes.shifts_imm_source_word propext
REFINEMENT_AXIOM RiscvRefinement.Opcodes.shifts_imm_source_word Quot.sound
REFINEMENT_THEOREM RiscvRefinement.Publication.TeamB.MulhDiv.HighMultiply.SelectorAdmission.exactProgram
REFINEMENT_AXIOM RiscvRefinement.Publication.TeamB.MulhDiv.HighMultiply.SelectorAdmission.exactProgram propext
REFINEMENT_AXIOM RiscvRefinement.Publication.TeamB.MulhDiv.HighMultiply.SelectorAdmission.exactProgram Quot.sound
REFINEMENT_THEOREM RiscvRefinement.Opcodes.Branches.Lt.blt_tuple_theorem
REFINEMENT_AXIOM RiscvRefinement.Opcodes.Branches.Lt.blt_tuple_theorem propext
REFINEMENT_AXIOM RiscvRefinement.Opcodes.Branches.Lt.blt_tuple_theorem Quot.sound
REFINEMENT_THEOREM RiscvRefinement.Opcodes.MulHoldsWithoutProductLimb0.sourceOneLimb3
REFINEMENT_THEOREM RiscvRefinement.Opcodes.ShiftHoldsWithoutSignIsLogicalZero.sourceReadOnly
REFINEMENT_THEOREM RiscvRefinement.Opcodes.DivHoldsWithoutNegationRecurrence.ltDiffLower
REFINEMENT_THEOREM RiscvRefinement.Opcodes.DivHoldsWithoutDestinationLimb0.quotientSignImpliesXor
REFINEMENT_THEOREM RiscvRefinement.Publication.TeamB.MulhDiv.Division.productQuotientHighFieldImage
REFINEMENT_THEOREM RiscvRefinement.Opcodes.Lt.Reg.sltu_exactProgramTuple
REFINEMENT_AXIOM RiscvRefinement.Opcodes.Lt.Reg.sltu_exactProgramTuple propext
REFINEMENT_AXIOM RiscvRefinement.Opcodes.Lt.Reg.sltu_exactProgramTuple Quot.sound
REFINEMENT_THEOREM RiscvRefinement.Opcodes.DivHoldsWithoutNegationRecurrence.sourceOneLimb2
REFINEMENT_THEOREM RiscvRefinement.Opcodes.BaseAluImm.Refinement.destination
REFINEMENT_AXIOM RiscvRefinement.Opcodes.BaseAluImm.Refinement.destination propext
REFINEMENT_AXIOM RiscvRefinement.Opcodes.BaseAluImm.Refinement.destination Quot.sound
REFINEMENT_THEOREM RiscvRefinement.Publication.TeamB.MulhDiv.Division.remu_accepted_air_implies_retirement
REFINEMENT_AXIOM RiscvRefinement.Publication.TeamB.MulhDiv.Division.remu_accepted_air_implies_retirement propext
REFINEMENT_AXIOM RiscvRefinement.Publication.TeamB.MulhDiv.Division.remu_accepted_air_implies_retirement Quot.sound
REFINEMENT_AXIOM RiscvRefinement.Publication.TeamB.MulhDiv.Division.remu_accepted_air_implies_retirement Classical.choice
REFINEMENT_THEOREM RiscvRefinement.Opcodes.ByteLoadMutation.ByteLoadHoldsWithoutByteLoadExtension.storeResultZero
REFINEMENT_AXIOM RiscvRefinement.Opcodes.ByteLoadMutation.ByteLoadHoldsWithoutByteLoadExtension.storeResultZero propext
REFINEMENT_THEOREM RiscvRefinement.Opcodes.DivHoldsWithoutDividendSignBit.scanMarker3
REFINEMENT_THEOREM RiscvRefinement.Opcodes.LoadStoreHoldsWithoutHalfLoadHigh.byteMarkerSum
REFINEMENT_AXIOM RiscvRefinement.Opcodes.LoadStoreHoldsWithoutHalfLoadHigh.byteMarkerSum propext
REFINEMENT_THEOREM RiscvRefinement.Opcodes.DivHoldsWithoutNegationRecurrence.zeroDivisorLimb0
REFINEMENT_THEOREM RiscvRefinement.Air.Family.div_msb_value
REFINEMENT_AXIOM RiscvRefinement.Air.Family.div_msb_value propext
REFINEMENT_AXIOM RiscvRefinement.Air.Family.div_msb_value Quot.sound
REFINEMENT_THEOREM RiscvRefinement.Air.Bridge.LtComparator.normalizedKey
REFINEMENT_AXIOM RiscvRefinement.Air.Bridge.LtComparator.normalizedKey propext
REFINEMENT_AXIOM RiscvRefinement.Air.Bridge.LtComparator.normalizedKey Quot.sound
REFINEMENT_THEOREM RiscvRefinement.Opcodes.ShiftHoldsWithoutSignLowerBound.carry3Range
REFINEMENT_THEOREM RiscvRefinement.Opcodes.Branches.Lt.RawRefinement.targetAligned
REFINEMENT_AXIOM RiscvRefinement.Opcodes.Branches.Lt.RawRefinement.targetAligned propext
REFINEMENT_AXIOM RiscvRefinement.Opcodes.Branches.Lt.RawRefinement.targetAligned Quot.sound
REFINEMENT_THEOREM RiscvRefinement.Opcodes.DivRefinement.retirement
REFINEMENT_THEOREM RiscvRefinement.Opcodes.DivEnvironment.dividendBinds
REFINEMENT_THEOREM RiscvRefinement.Publication.TeamB.MulhDiv.Division.FixedRequests.carry2
REFINEMENT_AXIOM RiscvRefinement.Publication.TeamB.MulhDiv.Division.FixedRequests.carry2 propext
REFINEMENT_AXIOM RiscvRefinement.Publication.TeamB.MulhDiv.Division.FixedRequests.carry2 Quot.sound
REFINEMENT_THEOREM RiscvRefinement.Opcodes.BaseAluImm.Refinement.retirement
REFINEMENT_AXIOM RiscvRefinement.Opcodes.BaseAluImm.Refinement.retirement propext
REFINEMENT_AXIOM RiscvRefinement.Opcodes.BaseAluImm.Refinement.retirement Quot.sound
REFINEMENT_THEOREM RiscvRefinement.Air.Bridge.BaseAluImm.zeroAcceptance
REFINEMENT_AXIOM RiscvRefinement.Air.Bridge.BaseAluImm.zeroAcceptance propext
REFINEMENT_AXIOM RiscvRefinement.Air.Bridge.BaseAluImm.zeroAcceptance Quot.sound
REFINEMENT_THEOREM RiscvRefinement.Air.Bridge.Lui.Admission.clockBound
REFINEMENT_THEOREM RiscvRefinement.Publication.TeamB.LoadStore.DirectEquations.byteLoad0
REFINEMENT_THEOREM RiscvRefinement.Publication.TeamB.Shifts.ImmAdmission.destinationPreviousBound
REFINEMENT_THEOREM RiscvRefinement.Air.Bridge.Jalr.destinationBytes
REFINEMENT_AXIOM RiscvRefinement.Air.Bridge.Jalr.destinationBytes propext
REFINEMENT_AXIOM RiscvRefinement.Air.Bridge.Jalr.destinationBytes Quot.sound
REFINEMENT_THEOREM RiscvRefinement.Opcodes.Auipc.Refinement.immediateSign
REFINEMENT_AXIOM RiscvRefinement.Opcodes.Auipc.Refinement.immediateSign propext
REFINEMENT_AXIOM RiscvRefinement.Opcodes.Auipc.Refinement.immediateSign Quot.sound
REFINEMENT_THEOREM RiscvRefinement.Opcodes.LoadStoreHoldsWithoutHalfLoadHigh.wordLoad
REFINEMENT_AXIOM RiscvRefinement.Opcodes.LoadStoreHoldsWithoutHalfLoadHigh.wordLoad propext
REFINEMENT_THEOREM RiscvRefinement.Opcodes.DivHoldsWithoutDestinationLimb0.unsignedDivisorSign
REFINEMENT_THEOREM RiscvRefinement.Publication.TeamB.MulhDiv.Division.DirectEquationsC.quotientSignMatches
REFINEMENT_THEOREM RiscvRefinement.Publication.TeamB.Shifts.RegFixedConsequences.signUpper
REFINEMENT_THEOREM RiscvRefinement.Publication.TeamB.MulhDiv.Division.node120
REFINEMENT_AXIOM RiscvRefinement.Publication.TeamB.MulhDiv.Division.node120 propext
REFINEMENT_AXIOM RiscvRefinement.Publication.TeamB.MulhDiv.Division.node120 Quot.sound
REFINEMENT_THEOREM RiscvRefinement.Opcodes.DivHoldsWithoutProductRecurrence.remainderZeroLimb3
REFINEMENT_THEOREM RiscvRefinement.Opcodes.divWitnessZeroDivisor_holds
REFINEMENT_THEOREM RiscvRefinement.Opcodes.Auipc.auipcExists
REFINEMENT_AXIOM RiscvRefinement.Opcodes.Auipc.auipcExists propext
REFINEMENT_AXIOM RiscvRefinement.Opcodes.Auipc.auipcExists Quot.sound
REFINEMENT_THEOREM RiscvRefinement.Opcodes.remMutation_architectural_answers
REFINEMENT_AXIOM RiscvRefinement.Opcodes.remMutation_architectural_answers propext
REFINEMENT_THEOREM RiscvRefinement.Sail.Reviewed.executeStore_no_write
REFINEMENT_AXIOM RiscvRefinement.Sail.Reviewed.executeStore_no_write propext
REFINEMENT_AXIOM RiscvRefinement.Sail.Reviewed.executeStore_no_write Quot.sound
REFINEMENT_THEOREM RiscvRefinement.Opcodes.DivHoldsWithoutZeroDivisorQuotient0.scanMarker1
REFINEMENT_THEOREM RiscvRefinement.Publication.TeamB.LoadStore.DirectEquations.destinationZero
REFINEMENT_THEOREM RiscvRefinement.Publication.TeamB.MulhDiv.m31Negate
REFINEMENT_AXIOM RiscvRefinement.Publication.TeamB.MulhDiv.m31Negate propext
REFINEMENT_AXIOM RiscvRefinement.Publication.TeamB.MulhDiv.m31Negate Quot.sound
REFINEMENT_THEOREM RiscvRefinement.Publication.exactLocalTheoremIdentityCoverage
REFINEMENT_THEOREM RiscvRefinement.Opcodes.DivHoldsWithoutZeroDivisorQuotient0.absSameLimb0
REFINEMENT_THEOREM RiscvRefinement.Opcodes.base_lt_modulus
REFINEMENT_AXIOM RiscvRefinement.Opcodes.base_lt_modulus propext
REFINEMENT_AXIOM RiscvRefinement.Opcodes.base_lt_modulus Quot.sound
REFINEMENT_THEOREM RiscvRefinement.Opcodes.LoadStoreHoldsWithoutStoreResultZero.alignedQuarterRange
REFINEMENT_AXIOM RiscvRefinement.Opcodes.LoadStoreHoldsWithoutStoreResultZero.alignedQuarterRange propext
REFINEMENT_THEOREM RiscvRefinement.Publication.TeamB.MulhDiv.Division.node291
REFINEMENT_AXIOM RiscvRefinement.Publication.TeamB.MulhDiv.Division.node291 propext
REFINEMENT_AXIOM RiscvRefinement.Publication.TeamB.MulhDiv.Division.node291 Quot.sound
REFINEMENT_THEOREM RiscvRefinement.Opcodes.Lt.Reg.slt_exactLookupTuples
REFINEMENT_AXIOM RiscvRefinement.Opcodes.Lt.Reg.slt_exactLookupTuples propext
REFINEMENT_AXIOM RiscvRefinement.Opcodes.Lt.Reg.slt_exactLookupTuples Quot.sound
REFINEMENT_THEOREM RiscvRefinement.Air.Family.MulhHolds.destinationLimb0
REFINEMENT_THEOREM RiscvRefinement.Air.FixedTableId.contains_eq_true_iff
REFINEMENT_AXIOM RiscvRefinement.Air.FixedTableId.contains_eq_true_iff propext
REFINEMENT_THEOREM RiscvRefinement.Opcodes.DivHoldsWithoutDestinationLimb0.sourceOneLimb1
REFINEMENT_THEOREM RiscvRefinement.Air.Generated.AddiHolds.sourceLimb2
REFINEMENT_THEOREM RiscvRefinement.Publication.TeamB.MulhDiv.Division.DirectEquationsF.destinationInverse
REFINEMENT_THEOREM RiscvRefinement.Publication.TeamB.MulhDiv.Division.DirectConsequences.unsignedDivisorSign
REFINEMENT_THEOREM RiscvRefinement.Publication.TeamB.MulhDiv.Division.node387
REFINEMENT_AXIOM RiscvRefinement.Publication.TeamB.MulhDiv.Division.node387 propext
REFINEMENT_AXIOM RiscvRefinement.Publication.TeamB.MulhDiv.Division.node387 Quot.sound
REFINEMENT_THEOREM RiscvRefinement.Air.Bridge.LtReg.comparisonBytes_upper_fields
REFINEMENT_THEOREM RiscvRefinement.Opcodes.DivHoldsWithoutProductRecurrence.scanEqual2
REFINEMENT_THEOREM RiscvRefinement.Publication.TeamB.MulhDiv.Division.nodeSubOfAbsolute
REFINEMENT_AXIOM RiscvRefinement.Publication.TeamB.MulhDiv.Division.nodeSubOfAbsolute propext
REFINEMENT_AXIOM RiscvRefinement.Publication.TeamB.MulhDiv.Division.nodeSubOfAbsolute Quot.sound
REFINEMENT_THEOREM RiscvRefinement.Opcodes.MulhHoldsWithoutProductLimb4.sourceOneLimb3
REFINEMENT_THEOREM RiscvRefinement.Opcodes.MulhHoldsWithoutSelectorSourceTwoSign.destinationLimb1
REFINEMENT_THEOREM RiscvRefinement.Air.Bridge.Jalr.exampleAdmission
REFINEMENT_THEOREM RiscvRefinement.Air.Bridge.divLookupTuples
REFINEMENT_AXIOM RiscvRefinement.Air.Bridge.divLookupTuples propext
REFINEMENT_AXIOM RiscvRefinement.Air.Bridge.divLookupTuples Quot.sound
REFINEMENT_THEOREM RiscvRefinement.Publication.TeamA.Branches.bgeu_accepted_air_implies_retirement
REFINEMENT_AXIOM RiscvRefinement.Publication.TeamA.Branches.bgeu_accepted_air_implies_retirement propext
REFINEMENT_AXIOM RiscvRefinement.Publication.TeamA.Branches.bgeu_accepted_air_implies_retirement Quot.sound
REFINEMENT_AXIOM RiscvRefinement.Publication.TeamA.Branches.bgeu_accepted_air_implies_retirement Classical.choice
REFINEMENT_THEOREM RiscvRefinement.Air.Bridge.Branches.Eq.RawProductionRefinement.selectors
REFINEMENT_AXIOM RiscvRefinement.Air.Bridge.Branches.Eq.RawProductionRefinement.selectors propext
REFINEMENT_AXIOM RiscvRefinement.Air.Bridge.Branches.Eq.RawProductionRefinement.selectors Quot.sound
REFINEMENT_THEOREM RiscvRefinement.Opcodes.StoreMutation.StoreHoldsWithoutByteStoreSelect.halfLoadExtension
REFINEMENT_AXIOM RiscvRefinement.Opcodes.StoreMutation.StoreHoldsWithoutByteStoreSelect.halfLoadExtension propext
REFINEMENT_THEOREM RiscvRefinement.Opcodes.Branches.Eq.RawRefinement.noRegisterOrMemoryEffect
REFINEMENT_AXIOM RiscvRefinement.Opcodes.Branches.Eq.RawRefinement.noRegisterOrMemoryEffect propext
REFINEMENT_AXIOM RiscvRefinement.Opcodes.Branches.Eq.RawRefinement.noRegisterOrMemoryEffect Quot.sound
REFINEMENT_THEOREM RiscvRefinement.Opcodes.srai_refines
REFINEMENT_AXIOM RiscvRefinement.Opcodes.srai_refines propext
REFINEMENT_AXIOM RiscvRefinement.Opcodes.srai_refines Quot.sound
REFINEMENT_AXIOM RiscvRefinement.Opcodes.srai_refines Classical.choice
REFINEMENT_THEOREM RiscvRefinement.Publication.TeamB.MulhDiv.Division.ScanConsequences.marker2
REFINEMENT_THEOREM RiscvRefinement.Publication.TeamB.MulhDiv.Division.DirectEquationsG.destination1
REFINEMENT_THEOREM RiscvRefinement.Opcodes.LoadStoreHoldsWithoutWordLoad.baseHighLimbRange
REFINEMENT_AXIOM RiscvRefinement.Opcodes.LoadStoreHoldsWithoutWordLoad.baseHighLimbRange propext
REFINEMENT_THEOREM RiscvRefinement.Opcodes.StoreMutation.StoreHoldsWithoutStoreResultZeroOnStores.baseReadOnly
REFINEMENT_AXIOM RiscvRefinement.Opcodes.StoreMutation.StoreHoldsWithoutStoreResultZeroOnStores.baseReadOnly propext
REFINEMENT_THEOREM RiscvRefinement.Opcodes.LoadMutationWord.HoldsWithoutWordLoad.baseHighLimbRange
REFINEMENT_AXIOM RiscvRefinement.Opcodes.LoadMutationWord.HoldsWithoutWordLoad.baseHighLimbRange propext
REFINEMENT_THEOREM RiscvRefinement.Opcodes.LoadStoreHoldsWithoutByteSignWitness.byteLoadExtension
REFINEMENT_AXIOM RiscvRefinement.Opcodes.LoadStoreHoldsWithoutByteSignWitness.byteLoadExtension propext
REFINEMENT_THEOREM RiscvRefinement.Publication.TeamB.Shifts.RegFixedConsequences.carry3
REFINEMENT_THEOREM RiscvRefinement.Opcodes.srliSignFillRow_refutes
REFINEMENT_AXIOM RiscvRefinement.Opcodes.srliSignFillRow_refutes propext
REFINEMENT_THEOREM RiscvRefinement.Publication.TeamB.MulhDiv.HighMultiply.ExactFixedProjection.carry2
REFINEMENT_AXIOM RiscvRefinement.Publication.TeamB.MulhDiv.HighMultiply.ExactFixedProjection.carry2 propext
REFINEMENT_AXIOM RiscvRefinement.Publication.TeamB.MulhDiv.HighMultiply.ExactFixedProjection.carry2 Quot.sound
REFINEMENT_THEOREM RiscvRefinement.Opcodes.StoreMutation.StoreHoldsWithoutStoreResultZeroOnStores.halfMarkerSum
REFINEMENT_AXIOM RiscvRefinement.Opcodes.StoreMutation.StoreHoldsWithoutStoreResultZeroOnStores.halfMarkerSum propext
REFINEMENT_THEOREM RiscvRefinement.Opcodes.JalrMutation.mutationCertificate
REFINEMENT_AXIOM RiscvRefinement.Opcodes.JalrMutation.mutationCertificate propext
REFINEMENT_AXIOM RiscvRefinement.Opcodes.JalrMutation.mutationCertificate Quot.sound
REFINEMENT_THEOREM RiscvRefinement.Air.Bridge.LtReg.orientedZero
REFINEMENT_AXIOM RiscvRefinement.Air.Bridge.LtReg.orientedZero propext
REFINEMENT_AXIOM RiscvRefinement.Air.Bridge.LtReg.orientedZero Quot.sound
REFINEMENT_THEOREM RiscvRefinement.Air.Bridge.Jal.exampleRefines
REFINEMENT_AXIOM RiscvRefinement.Air.Bridge.Jal.exampleRefines propext
REFINEMENT_AXIOM RiscvRefinement.Air.Bridge.Jal.exampleRefines Quot.sound
REFINEMENT_AXIOM RiscvRefinement.Air.Bridge.Jal.exampleRefines Classical.choice
REFINEMENT_THEOREM RiscvRefinement.Publication.TeamB.MulhDiv.Division.SelectorAdmission.unique
REFINEMENT_AXIOM RiscvRefinement.Publication.TeamB.MulhDiv.Division.SelectorAdmission.unique propext
REFINEMENT_AXIOM RiscvRefinement.Publication.TeamB.MulhDiv.Division.SelectorAdmission.unique Quot.sound
REFINEMENT_THEOREM RiscvRefinement.Opcodes.DivHoldsWithoutScanTotal.sourceTwoClock
REFINEMENT_THEOREM RiscvRefinement.Opcodes.ByteLoadMutation.ByteLoadHoldsWithoutByteSignWitness.halfLoadLow
REFINEMENT_AXIOM RiscvRefinement.Opcodes.ByteLoadMutation.ByteLoadHoldsWithoutByteSignWitness.halfLoadLow propext
REFINEMENT_THEOREM RiscvRefinement.Opcodes.LoadMutationWord.HoldsWithoutWordLoad.byteShiftAmount
REFINEMENT_AXIOM RiscvRefinement.Opcodes.LoadMutationWord.HoldsWithoutWordLoad.byteShiftAmount propext
REFINEMENT_THEOREM RiscvRefinement.Opcodes.DivHoldsWithoutDividendSignBit.scanMarker1
REFINEMENT_THEOREM RiscvRefinement.Opcodes.BaseAluReg.Refinement.zeroRegister
REFINEMENT_AXIOM RiscvRefinement.Opcodes.BaseAluReg.Refinement.zeroRegister propext
REFINEMENT_AXIOM RiscvRefinement.Opcodes.BaseAluReg.Refinement.zeroRegister Quot.sound
REFINEMENT_THEOREM RiscvRefinement.Publication.TeamB.MulhDiv.Division.DirectEquations.g
REFINEMENT_THEOREM RiscvRefinement.Publication.TeamB.MulhDiv.Division.carrySevenProjectionAt
REFINEMENT_AXIOM RiscvRefinement.Publication.TeamB.MulhDiv.Division.carrySevenProjectionAt propext
REFINEMENT_AXIOM RiscvRefinement.Publication.TeamB.MulhDiv.Division.carrySevenProjectionAt Quot.sound
REFINEMENT_THEOREM RiscvRefinement.Opcodes.LoadStoreHoldsWithoutStoreResultZero.memoryClock
REFINEMENT_AXIOM RiscvRefinement.Opcodes.LoadStoreHoldsWithoutStoreResultZero.memoryClock propext
REFINEMENT_THEOREM RiscvRefinement.Air.Family.DivHolds.sourceTwoLimb3
REFINEMENT_THEOREM RiscvRefinement.Publication.TeamB.MulhDiv.Division.FixedSemanticConsequences.dividendSignBit
REFINEMENT_THEOREM RiscvRefinement.Opcodes.LoadStoreHoldsWithoutPartialStorePreserve.immFeltRange
REFINEMENT_AXIOM RiscvRefinement.Opcodes.LoadStoreHoldsWithoutPartialStorePreserve.immFeltRange propext
REFINEMENT_THEOREM RiscvRefinement.Air.Generated.AddiHolds.destinationClock
REFINEMENT_THEOREM RiscvRefinement.Opcodes.DivHoldsWithoutUnsignedDivisorSign.sourceTwoLimb1
REFINEMENT_THEOREM RiscvRefinement.Air.Bridge.LtImm.ProductionRefinement.destinationIsArchitectural
REFINEMENT_AXIOM RiscvRefinement.Air.Bridge.LtImm.ProductionRefinement.destinationIsArchitectural propext
REFINEMENT_AXIOM RiscvRefinement.Air.Bridge.LtImm.ProductionRefinement.destinationIsArchitectural Quot.sound
REFINEMENT_THEOREM RiscvRefinement.Publication.TeamB.MulhDiv.HighMultiply.ExactFixedProjection.carry7
REFINEMENT_AXIOM RiscvRefinement.Publication.TeamB.MulhDiv.HighMultiply.ExactFixedProjection.carry7 propext
REFINEMENT_AXIOM RiscvRefinement.Publication.TeamB.MulhDiv.HighMultiply.ExactFixedProjection.carry7 Quot.sound
REFINEMENT_THEOREM RiscvRefinement.Opcodes.remRelabelledResultRow_violates_destinationLimb0
REFINEMENT_THEOREM RiscvRefinement.Air.Bridge.Auipc.x0ExampleAdmission
REFINEMENT_AXIOM RiscvRefinement.Air.Bridge.Auipc.x0ExampleAdmission propext
REFINEMENT_AXIOM RiscvRefinement.Air.Bridge.Auipc.x0ExampleAdmission Quot.sound
REFINEMENT_THEOREM RiscvRefinement.Opcodes.shiftsRegHolds_weakens_shiftAmountBinds
REFINEMENT_THEOREM RiscvRefinement.Opcodes.StoreMutation.StoreHoldsWithoutPartialStorePreserve.baseClock
REFINEMENT_AXIOM RiscvRefinement.Opcodes.StoreMutation.StoreHoldsWithoutPartialStorePreserve.baseClock propext
REFINEMENT_THEOREM RiscvRefinement.Opcodes.sh_flags
REFINEMENT_AXIOM RiscvRefinement.Opcodes.sh_flags propext
REFINEMENT_THEOREM RiscvRefinement.Opcodes.ByteLoadMutation.ByteLoadHoldsWithoutByteLoadSelect.byteStoreSelect
REFINEMENT_AXIOM RiscvRefinement.Opcodes.ByteLoadMutation.ByteLoadHoldsWithoutByteLoadSelect.byteStoreSelect propext
REFINEMENT_THEOREM RiscvRefinement.Decode.encode_lh_is_canonical
REFINEMENT_AXIOM RiscvRefinement.Decode.encode_lh_is_canonical propext
REFINEMENT_AXIOM RiscvRefinement.Decode.encode_lh_is_canonical Quot.sound
REFINEMENT_THEOREM RiscvRefinement.Publication.TeamB.Shifts.regConstraintRootZero
REFINEMENT_AXIOM RiscvRefinement.Publication.TeamB.Shifts.regConstraintRootZero propext
REFINEMENT_AXIOM RiscvRefinement.Publication.TeamB.Shifts.regConstraintRootZero Quot.sound
REFINEMENT_THEOREM RiscvRefinement.Air.Family.ShiftHolds.carry0Range
REFINEMENT_THEOREM RiscvRefinement.Opcodes.row_busAddress
REFINEMENT_AXIOM RiscvRefinement.Opcodes.row_busAddress propext
REFINEMENT_AXIOM RiscvRefinement.Opcodes.row_busAddress Quot.sound
REFINEMENT_AXIOM RiscvRefinement.Opcodes.row_busAddress Classical.choice
REFINEMENT_THEOREM RiscvRefinement.Air.Bridge.LtComparator.ComparatorContract.differenceBound
REFINEMENT_THEOREM RiscvRefinement.Publication.TeamB.MulhDiv.HighMultiply.ExactFixedProjection.sourceTwoSign
REFINEMENT_AXIOM RiscvRefinement.Publication.TeamB.MulhDiv.HighMultiply.ExactFixedProjection.sourceTwoSign propext
REFINEMENT_AXIOM RiscvRefinement.Publication.TeamB.MulhDiv.HighMultiply.ExactFixedProjection.sourceTwoSign Quot.sound
REFINEMENT_THEOREM RiscvRefinement.Air.Bridge.Jalr.sourceBytes
REFINEMENT_AXIOM RiscvRefinement.Air.Bridge.Jalr.sourceBytes propext
REFINEMENT_AXIOM RiscvRefinement.Air.Bridge.Jalr.sourceBytes Quot.sound
REFINEMENT_THEOREM RiscvRefinement.Opcodes.remuFreeZeroDivisorRow_satisfies
REFINEMENT_THEOREM RiscvRefinement.Air.Bridge.sourceAccessClock_store
REFINEMENT_AXIOM RiscvRefinement.Air.Bridge.sourceAccessClock_store propext
REFINEMENT_THEOREM RiscvRefinement.Opcodes.NonVacuity.sw_holds
REFINEMENT_AXIOM RiscvRefinement.Opcodes.NonVacuity.sw_holds propext
REFINEMENT_THEOREM RiscvRefinement.Air.Bridge.Mutations.immediateRange_refutes
REFINEMENT_AXIOM RiscvRefinement.Air.Bridge.Mutations.immediateRange_refutes propext
REFINEMENT_AXIOM RiscvRefinement.Air.Bridge.Mutations.immediateRange_refutes Quot.sound
REFINEMENT_THEOREM RiscvRefinement.Opcodes.DivHoldsWithoutNegationRecurrence.scanMarker2
REFINEMENT_THEOREM RiscvRefinement.Publication.TeamB.MulhDiv.Division.exactTupleProjection
REFINEMENT_AXIOM RiscvRefinement.Publication.TeamB.MulhDiv.Division.exactTupleProjection propext
REFINEMENT_AXIOM RiscvRefinement.Publication.TeamB.MulhDiv.Division.exactTupleProjection Quot.sound
REFINEMENT_THEOREM RiscvRefinement.Opcodes.DivHoldsWithoutScanTotal.destinationLimb0
REFINEMENT_THEOREM RiscvRefinement.Publication.TeamB.Shifts.RegExactFixedProjection.sourceClock
REFINEMENT_AXIOM RiscvRefinement.Publication.TeamB.Shifts.RegExactFixedProjection.sourceClock propext
REFINEMENT_AXIOM RiscvRefinement.Publication.TeamB.Shifts.RegExactFixedProjection.sourceClock Quot.sound
REFINEMENT_THEOREM RiscvRefinement.Opcodes.ByteLoadMutation.ByteLoadHoldsWithoutByteLoadSelect.wordShiftAmount
REFINEMENT_AXIOM RiscvRefinement.Opcodes.ByteLoadMutation.ByteLoadHoldsWithoutByteLoadSelect.wordShiftAmount propext
REFINEMENT_THEOREM RiscvRefinement.Publication.TeamB.LoadStore.DirectEquations.source2
REFINEMENT_THEOREM RiscvRefinement.Air.Bridge.Jalr.sourceClock
REFINEMENT_AXIOM RiscvRefinement.Air.Bridge.Jalr.sourceClock propext
REFINEMENT_AXIOM RiscvRefinement.Air.Bridge.Jalr.sourceClock Quot.sound
REFINEMENT_THEOREM RiscvRefinement.Opcodes.mulhsu_selector_source_two_sign_is_load_bearing
REFINEMENT_AXIOM RiscvRefinement.Opcodes.mulhsu_selector_source_two_sign_is_load_bearing propext
REFINEMENT_AXIOM RiscvRefinement.Opcodes.mulhsu_selector_source_two_sign_is_load_bearing Quot.sound
REFINEMENT_AXIOM RiscvRefinement.Opcodes.mulhsu_selector_source_two_sign_is_load_bearing Classical.choice
REFINEMENT_THEOREM RiscvRefinement.Air.Bridge.Branches.Eq.RawAcceptance.constraints
REFINEMENT_AXIOM RiscvRefinement.Air.Bridge.Branches.Eq.RawAcceptance.constraints propext
REFINEMENT_AXIOM RiscvRefinement.Air.Bridge.Branches.Eq.RawAcceptance.constraints Quot.sound
REFINEMENT_THEOREM RiscvRefinement.Air.Bridge.Jalr.AirEquations.carry1
REFINEMENT_AXIOM RiscvRefinement.Air.Bridge.Jalr.AirEquations.carry1 propext
REFINEMENT_THEOREM RiscvRefinement.Opcodes.LtMutation.Imm.original_sound
REFINEMENT_AXIOM RiscvRefinement.Opcodes.LtMutation.Imm.original_sound propext
REFINEMENT_AXIOM RiscvRefinement.Opcodes.LtMutation.Imm.original_sound Quot.sound
REFINEMENT_THEOREM RiscvRefinement.Air.Family.DivHolds.sourceTwoLimb2
REFINEMENT_THEOREM RiscvRefinement.Air.Bridge.BaseAluReg.ProductionRefinement.resultLow
REFINEMENT_AXIOM RiscvRefinement.Air.Bridge.BaseAluReg.ProductionRefinement.resultLow propext
REFINEMENT_AXIOM RiscvRefinement.Air.Bridge.BaseAluReg.ProductionRefinement.resultLow Quot.sound
REFINEMENT_THEOREM RiscvRefinement.Opcodes.LoadMutationWord.HoldsWithoutHalfLoadExtension.byteSignWitness
REFINEMENT_AXIOM RiscvRefinement.Opcodes.LoadMutationWord.HoldsWithoutHalfLoadExtension.byteSignWitness propext
REFINEMENT_THEOREM RiscvRefinement.Opcodes.StoreMutation.StoreHoldsWithoutHalfStoreHigh.byteLoadExtension
REFINEMENT_AXIOM RiscvRefinement.Opcodes.StoreMutation.StoreHoldsWithoutHalfStoreHigh.byteLoadExtension propext
REFINEMENT_THEOREM RiscvRefinement.Publication.TeamB.MulhDiv.Division.SelectorConsequences.selectorUnique
REFINEMENT_THEOREM RiscvRefinement.Opcodes.word_of_nonnegative_half
REFINEMENT_AXIOM RiscvRefinement.Opcodes.word_of_nonnegative_half propext
REFINEMENT_AXIOM RiscvRefinement.Opcodes.word_of_nonnegative_half Quot.sound
REFINEMENT_AXIOM RiscvRefinement.Opcodes.word_of_nonnegative_half Classical.choice
REFINEMENT_THEOREM RiscvRefinement.Air.Bridge.Addi.selectorAccepted
REFINEMENT_AXIOM RiscvRefinement.Air.Bridge.Addi.selectorAccepted propext
REFINEMENT_AXIOM RiscvRefinement.Air.Bridge.Addi.selectorAccepted Quot.sound
REFINEMENT_THEOREM RiscvRefinement.Publication.TeamB.MulhDiv.Division.DirectConsequences.sourceTwo
REFINEMENT_THEOREM RiscvRefinement.Opcodes.LhRefinement.effectiveAddress
REFINEMENT_AXIOM RiscvRefinement.Opcodes.LhRefinement.effectiveAddress propext
REFINEMENT_AXIOM RiscvRefinement.Opcodes.LhRefinement.effectiveAddress Quot.sound
REFINEMENT_THEOREM RiscvRefinement.Opcodes.MulhHoldsWithoutSourceTwoSignBinding.productLimb7
REFINEMENT_THEOREM RiscvRefinement.Opcodes.divWitnessAliasedOperands_holds
REFINEMENT_THEOREM RiscvRefinement.Publication.TeamB.MulhDiv.Division.quotientSignImpliesOfEquation
REFINEMENT_THEOREM RiscvRefinement.Publication.TeamB.MulhDiv.Division.SelectorAdmission.publishedMnemonic
REFINEMENT_AXIOM RiscvRefinement.Publication.TeamB.MulhDiv.Division.SelectorAdmission.publishedMnemonic propext
REFINEMENT_AXIOM RiscvRefinement.Publication.TeamB.MulhDiv.Division.SelectorAdmission.publishedMnemonic Quot.sound
REFINEMENT_THEOREM RiscvRefinement.Opcodes.LoadMutationWord.HoldsWithoutHalfLoadHigh.baseHighLimbRange
REFINEMENT_AXIOM RiscvRefinement.Opcodes.LoadMutationWord.HoldsWithoutHalfLoadHigh.baseHighLimbRange propext
REFINEMENT_THEOREM RiscvRefinement.Opcodes.DivHoldsWithoutUnsignedDivisorSign.scanMarker3
REFINEMENT_THEOREM RiscvRefinement.Opcodes.LoadMutationWord.HoldsWithoutHalfLoadExtension.destinationFlag
REFINEMENT_AXIOM RiscvRefinement.Opcodes.LoadMutationWord.HoldsWithoutHalfLoadExtension.destinationFlag propext
REFINEMENT_THEOREM RiscvRefinement.Publication.TeamB.MulhDiv.Division.constraintsHoldEvents
REFINEMENT_AXIOM RiscvRefinement.Publication.TeamB.MulhDiv.Division.constraintsHoldEvents propext
REFINEMENT_AXIOM RiscvRefinement.Publication.TeamB.MulhDiv.Division.constraintsHoldEvents Quot.sound
REFINEMENT_THEOREM RiscvRefinement.Opcodes.ShiftsImmEnvironment.sourceBinds
REFINEMENT_AXIOM RiscvRefinement.Opcodes.ShiftsImmEnvironment.sourceBinds propext
REFINEMENT_AXIOM RiscvRefinement.Opcodes.ShiftsImmEnvironment.sourceBinds Quot.sound
REFINEMENT_THEOREM RiscvRefinement.Opcodes.LoadStoreHoldsWithoutStoreResultZero.loadDestination
REFINEMENT_AXIOM RiscvRefinement.Opcodes.LoadStoreHoldsWithoutStoreResultZero.loadDestination propext
REFINEMENT_THEOREM RiscvRefinement.Opcodes.LtMutation.Reg.sltu_wrongManifest_satisfies
REFINEMENT_AXIOM RiscvRefinement.Opcodes.LtMutation.Reg.sltu_wrongManifest_satisfies propext
REFINEMENT_AXIOM RiscvRefinement.Opcodes.LtMutation.Reg.sltu_wrongManifest_satisfies Quot.sound
REFINEMENT_THEOREM RiscvRefinement.Publication.TeamB.MulhDiv.Division.FixedRequests.quotientSign
REFINEMENT_AXIOM RiscvRefinement.Publication.TeamB.MulhDiv.Division.FixedRequests.quotientSign propext
REFINEMENT_AXIOM RiscvRefinement.Publication.TeamB.MulhDiv.Division.FixedRequests.quotientSign Quot.sound
REFINEMENT_THEOREM RiscvRefinement.Opcodes.DivHoldsWithoutProductRecurrence.sourceOneLimb0
REFINEMENT_THEOREM RiscvRefinement.Opcodes.DivHoldsWithoutZeroDivisorQuotient0.sourceOneLimb3
REFINEMENT_THEOREM RiscvRefinement.Air.Bridge.BaseAluImm.Acceptance.constraints
REFINEMENT_AXIOM RiscvRefinement.Air.Bridge.BaseAluImm.Acceptance.constraints propext
REFINEMENT_AXIOM RiscvRefinement.Air.Bridge.BaseAluImm.Acceptance.constraints Quot.sound
REFINEMENT_THEOREM RiscvRefinement.Air.Generated.Programs.swSymbolicCertificate
REFINEMENT_AXIOM RiscvRefinement.Air.Generated.Programs.swSymbolicCertificate propext
REFINEMENT_AXIOM RiscvRefinement.Air.Generated.Programs.swSymbolicCertificate Quot.sound
REFINEMENT_THEOREM RiscvRefinement.Publication.TeamB.MulhDiv.Division.node326
REFINEMENT_AXIOM RiscvRefinement.Publication.TeamB.MulhDiv.Division.node326 propext
REFINEMENT_AXIOM RiscvRefinement.Publication.TeamB.MulhDiv.Division.node326 Quot.sound
REFINEMENT_THEOREM RiscvRefinement.Air.Family.DivHolds.unsignedDividendSign
REFINEMENT_THEOREM RiscvRefinement.M31.ofNat?_toNat
REFINEMENT_AXIOM RiscvRefinement.M31.ofNat?_toNat propext
REFINEMENT_THEOREM RiscvRefinement.Air.Bridge.Jalr.ExactLookups.stateEmit
REFINEMENT_AXIOM RiscvRefinement.Air.Bridge.Jalr.ExactLookups.stateEmit propext
REFINEMENT_AXIOM RiscvRefinement.Air.Bridge.Jalr.ExactLookups.stateEmit Quot.sound
REFINEMENT_THEOREM RiscvRefinement.Air.Bridge.Fence.sourceAndDestinationProjectionEmpty
REFINEMENT_THEOREM RiscvRefinement.Opcodes.BaseAluReg.Refinement.decode
REFINEMENT_AXIOM RiscvRefinement.Opcodes.BaseAluReg.Refinement.decode propext
REFINEMENT_AXIOM RiscvRefinement.Opcodes.BaseAluReg.Refinement.decode Quot.sound
REFINEMENT_THEOREM RiscvRefinement.Opcodes.shift_mutation_control_names
REFINEMENT_AXIOM RiscvRefinement.Opcodes.shift_mutation_control_names propext
REFINEMENT_THEOREM RiscvRefinement.Air.Bridge.MulhRowFits.programCounter
REFINEMENT_THEOREM RiscvRefinement.Opcodes.LoadStoreHoldsWithoutHalfShiftId.halfStoreHigh
REFINEMENT_AXIOM RiscvRefinement.Opcodes.LoadStoreHoldsWithoutHalfShiftId.halfStoreHigh propext
REFINEMENT_THEOREM RiscvRefinement.Memory.busAddress_isWordAligned
REFINEMENT_AXIOM RiscvRefinement.Memory.busAddress_isWordAligned propext
REFINEMENT_AXIOM RiscvRefinement.Memory.busAddress_isWordAligned Quot.sound
REFINEMENT_THEOREM RiscvRefinement.Publication.TeamB.MulhDiv.Division.zeroDivisorSignOfEquation
REFINEMENT_THEOREM RiscvRefinement.Opcodes.DivEnvironment.destinationBinds
REFINEMENT_THEOREM RiscvRefinement.Opcodes.LoadMutationWord.HoldsWithoutWordLoad.partialStorePreserve
REFINEMENT_AXIOM RiscvRefinement.Opcodes.LoadMutationWord.HoldsWithoutWordLoad.partialStorePreserve propext
REFINEMENT_THEOREM RiscvRefinement.Air.Bridge.TeamACommon.nextClockField
REFINEMENT_AXIOM RiscvRefinement.Air.Bridge.TeamACommon.nextClockField propext
REFINEMENT_AXIOM RiscvRefinement.Air.Bridge.TeamACommon.nextClockField Quot.sound
REFINEMENT_THEOREM RiscvRefinement.Opcodes.DivHoldsWithoutSignXorDefinition.zeroDivisorQuotient0
REFINEMENT_THEOREM RiscvRefinement.Opcodes.LoadMutationWord.HoldsWithoutHalfLoadHigh.halfShiftId
REFINEMENT_AXIOM RiscvRefinement.Opcodes.LoadMutationWord.HoldsWithoutHalfLoadHigh.halfShiftId propext
REFINEMENT_THEOREM RiscvRefinement.Air.Bridge.Jalr.resultIsLink
REFINEMENT_AXIOM RiscvRefinement.Air.Bridge.Jalr.resultIsLink propext
REFINEMENT_AXIOM RiscvRefinement.Air.Bridge.Jalr.resultIsLink Quot.sound
REFINEMENT_THEOREM RiscvRefinement.Air.Family.ShiftHolds.destinationLimb3
REFINEMENT_THEOREM RiscvRefinement.Opcodes.mulhsu_exists
REFINEMENT_AXIOM RiscvRefinement.Opcodes.mulhsu_exists propext
REFINEMENT_AXIOM RiscvRefinement.Opcodes.mulhsu_exists Quot.sound
REFINEMENT_AXIOM RiscvRefinement.Opcodes.mulhsu_exists Classical.choice
REFINEMENT_THEOREM RiscvRefinement.Publication.TeamB.MulhDiv.HighMultiply.acceptedAir_implies_holds
REFINEMENT_AXIOM RiscvRefinement.Publication.TeamB.MulhDiv.HighMultiply.acceptedAir_implies_holds propext
REFINEMENT_AXIOM RiscvRefinement.Publication.TeamB.MulhDiv.HighMultiply.acceptedAir_implies_holds Quot.sound
REFINEMENT_AXIOM RiscvRefinement.Publication.TeamB.MulhDiv.HighMultiply.acceptedAir_implies_holds Classical.choice
REFINEMENT_THEOREM RiscvRefinement.Publication.TeamB.MulhDiv.Division.ExactTupleProjection.sourceTwoConsume
REFINEMENT_AXIOM RiscvRefinement.Publication.TeamB.MulhDiv.Division.ExactTupleProjection.sourceTwoConsume propext
REFINEMENT_AXIOM RiscvRefinement.Publication.TeamB.MulhDiv.Division.ExactTupleProjection.sourceTwoConsume Quot.sound
REFINEMENT_THEOREM RiscvRefinement.Air.Family.ShiftsRegHolds.sourceClock
REFINEMENT_THEOREM RiscvRefinement.Air.Bridge.Fence.Admission.clockPositive
REFINEMENT_THEOREM RiscvRefinement.Air.Family.ShiftHolds.destinationLimb2
REFINEMENT_THEOREM RiscvRefinement.Opcodes.Jalr.Refinement.noMemoryEffect
REFINEMENT_AXIOM RiscvRefinement.Opcodes.Jalr.Refinement.noMemoryEffect propext
REFINEMENT_AXIOM RiscvRefinement.Opcodes.Jalr.Refinement.noMemoryEffect Quot.sound
REFINEMENT_THEOREM RiscvRefinement.Air.Bridge.loadStoreLoadWitnessFits
REFINEMENT_THEOREM RiscvRefinement.Publication.TeamB.LoadStore.lh_accepted_air_refines
REFINEMENT_AXIOM RiscvRefinement.Publication.TeamB.LoadStore.lh_accepted_air_refines propext
REFINEMENT_AXIOM RiscvRefinement.Publication.TeamB.LoadStore.lh_accepted_air_refines Quot.sound
REFINEMENT_AXIOM RiscvRefinement.Publication.TeamB.LoadStore.lh_accepted_air_refines Classical.choice
REFINEMENT_THEOREM RiscvRefinement.Publication.TeamB.LoadStore.ExactSelectorIdentity.exactProgram
REFINEMENT_AXIOM RiscvRefinement.Publication.TeamB.LoadStore.ExactSelectorIdentity.exactProgram propext
REFINEMENT_AXIOM RiscvRefinement.Publication.TeamB.LoadStore.ExactSelectorIdentity.exactProgram Quot.sound
REFINEMENT_THEOREM RiscvRefinement.Opcodes.StoreMutation.StoreHoldsWithoutStoreResultZeroOnStores.halfShiftAmount
REFINEMENT_AXIOM RiscvRefinement.Opcodes.StoreMutation.StoreHoldsWithoutStoreResultZeroOnStores.halfShiftAmount propext
REFINEMENT_THEOREM RiscvRefinement.Air.Bridge.LtComparator.ComparatorContract.limb1Equal
REFINEMENT_THEOREM RiscvRefinement.Opcodes.ShiftHoldsWithoutSignUpperBound.destinationLimb1
REFINEMENT_THEOREM RiscvRefinement.Publication.TeamB.LoadStore.ExactTupleProjection.baseConsume
REFINEMENT_AXIOM RiscvRefinement.Publication.TeamB.LoadStore.ExactTupleProjection.baseConsume propext
REFINEMENT_AXIOM RiscvRefinement.Publication.TeamB.LoadStore.ExactTupleProjection.baseConsume Quot.sound
REFINEMENT_THEOREM RiscvRefinement.Publication.TeamB.Shifts.srl_exactSelectorIdentity
REFINEMENT_AXIOM RiscvRefinement.Publication.TeamB.Shifts.srl_exactSelectorIdentity propext
REFINEMENT_AXIOM RiscvRefinement.Publication.TeamB.Shifts.srl_exactSelectorIdentity Quot.sound
REFINEMENT_THEOREM RiscvRefinement.Air.Bridge.Branches.Eq.ProductionRefinement.sourceReadOnly
REFINEMENT_AXIOM RiscvRefinement.Air.Bridge.Branches.Eq.ProductionRefinement.sourceReadOnly propext
REFINEMENT_AXIOM RiscvRefinement.Air.Bridge.Branches.Eq.ProductionRefinement.sourceReadOnly Quot.sound
REFINEMENT_THEOREM RiscvRefinement.Air.Bridge.LtReg.unsignedHighBitResult
REFINEMENT_THEOREM RiscvRefinement.Air.FixedTableId.rangeCheck811_contains_iff
REFINEMENT_AXIOM RiscvRefinement.Air.FixedTableId.rangeCheck811_contains_iff propext
REFINEMENT_THEOREM RiscvRefinement.Opcodes.DivHoldsWithoutUnsignedDivisorSign.quotientSignMatches
REFINEMENT_THEOREM RiscvRefinement.Opcodes.ByteLoadMutation.ByteLoadHoldsWithoutByteLoadExtension.baseHighLimbRange
REFINEMENT_AXIOM RiscvRefinement.Opcodes.ByteLoadMutation.ByteLoadHoldsWithoutByteLoadExtension.baseHighLimbRange propext
REFINEMENT_THEOREM RiscvRefinement.Opcodes.BranchesMutation.wrongStateEmit_refutes
REFINEMENT_AXIOM RiscvRefinement.Opcodes.BranchesMutation.wrongStateEmit_refutes propext
REFINEMENT_AXIOM RiscvRefinement.Opcodes.BranchesMutation.wrongStateEmit_refutes Quot.sound
REFINEMENT_THEOREM RiscvRefinement.Publication.TeamA.BaseAlu.Reg.accepted_air_implies_retirement
REFINEMENT_AXIOM RiscvRefinement.Publication.TeamA.BaseAlu.Reg.accepted_air_implies_retirement propext
REFINEMENT_AXIOM RiscvRefinement.Publication.TeamA.BaseAlu.Reg.accepted_air_implies_retirement Quot.sound
REFINEMENT_THEOREM RiscvRefinement.Air.Family.div_signed_bound_of_msb
REFINEMENT_AXIOM RiscvRefinement.Air.Family.div_signed_bound_of_msb propext
REFINEMENT_AXIOM RiscvRefinement.Air.Family.div_signed_bound_of_msb Quot.sound
REFINEMENT_THEOREM RiscvRefinement.Opcodes.divFreeZeroQuotientRow_refutes
REFINEMENT_THEOREM RiscvRefinement.Publication.TeamB.MulhDiv.Division.node105
REFINEMENT_AXIOM RiscvRefinement.Publication.TeamB.MulhDiv.Division.node105 propext
REFINEMENT_AXIOM RiscvRefinement.Publication.TeamB.MulhDiv.Division.node105 Quot.sound
REFINEMENT_THEOREM RiscvRefinement.Publication.TeamB.Shifts.ImmExactFixedProjection.destinationClock
REFINEMENT_AXIOM RiscvRefinement.Publication.TeamB.Shifts.ImmExactFixedProjection.destinationClock propext
REFINEMENT_AXIOM RiscvRefinement.Publication.TeamB.Shifts.ImmExactFixedProjection.destinationClock Quot.sound
REFINEMENT_THEOREM RiscvRefinement.Publication.TeamB.MulhDiv.Division.DirectEquationsF.scanEqual1
REFINEMENT_THEOREM RiscvRefinement.Opcodes.swFreeResultRow_satisfies
REFINEMENT_AXIOM RiscvRefinement.Opcodes.swFreeResultRow_satisfies propext
REFINEMENT_THEOREM RiscvRefinement.Publication.TeamB.MulhDiv.Division.DirectConsequences.remainderZeroLimb2
REFINEMENT_THEOREM RiscvRefinement.Air.Family.MulHolds.sourceOneLimb2
REFINEMENT_THEOREM RiscvRefinement.Memory.applyMask_limb1_preserved
REFINEMENT_AXIOM RiscvRefinement.Memory.applyMask_limb1_preserved propext
REFINEMENT_THEOREM RiscvRefinement.Publication.TeamB.MulhDiv.Division.FixedRequests.carry7
REFINEMENT_AXIOM RiscvRefinement.Publication.TeamB.MulhDiv.Division.FixedRequests.carry7 propext
REFINEMENT_AXIOM RiscvRefinement.Publication.TeamB.MulhDiv.Division.FixedRequests.carry7 Quot.sound
REFINEMENT_THEOREM RiscvRefinement.Opcodes.Branches.Eq.beq_selector_theorem
REFINEMENT_AXIOM RiscvRefinement.Opcodes.Branches.Eq.beq_selector_theorem propext
REFINEMENT_AXIOM RiscvRefinement.Opcodes.Branches.Eq.beq_selector_theorem Quot.sound
REFINEMENT_THEOREM RiscvRefinement.Opcodes.DivHoldsWithoutScanTotal.sourceTwoLimb0
REFINEMENT_THEOREM RiscvRefinement.Opcodes.LoadStoreHoldsWithoutPartialStorePreserve.byteLoadExtension
REFINEMENT_AXIOM RiscvRefinement.Opcodes.LoadStoreHoldsWithoutPartialStorePreserve.byteLoadExtension propext
REFINEMENT_THEOREM RiscvRefinement.Opcodes.StoreMutation.StoreHoldsWithoutStoreResultZeroOnStores.halfLoadExtension
REFINEMENT_AXIOM RiscvRefinement.Opcodes.StoreMutation.StoreHoldsWithoutStoreResultZeroOnStores.halfLoadExtension propext
REFINEMENT_THEOREM RiscvRefinement.Opcodes.LoadStoreHoldsWithoutWordLoad.memoryAddress
REFINEMENT_AXIOM RiscvRefinement.Opcodes.LoadStoreHoldsWithoutWordLoad.memoryAddress propext
REFINEMENT_THEOREM RiscvRefinement.Opcodes.DivHoldsWithoutSignXorDefinition.destinationFlag
REFINEMENT_THEOREM RiscvRefinement.Opcodes.Branches.Lt.RawRefinement.decode
REFINEMENT_AXIOM RiscvRefinement.Opcodes.Branches.Lt.RawRefinement.decode propext
REFINEMENT_AXIOM RiscvRefinement.Opcodes.Branches.Lt.RawRefinement.decode Quot.sound
REFINEMENT_THEOREM RiscvRefinement.Opcodes.NonVacuity.lbu_holds
REFINEMENT_AXIOM RiscvRefinement.Opcodes.NonVacuity.lbu_holds propext
REFINEMENT_THEOREM RiscvRefinement.Publication.TeamA.Pilots.LuiExactProduction.identity
REFINEMENT_AXIOM RiscvRefinement.Publication.TeamA.Pilots.LuiExactProduction.identity propext
REFINEMENT_AXIOM RiscvRefinement.Publication.TeamA.Pilots.LuiExactProduction.identity Quot.sound
REFINEMENT_THEOREM RiscvRefinement.Air.Bridge.BaseAluImm.projectionOrdinals
REFINEMENT_AXIOM RiscvRefinement.Air.Bridge.BaseAluImm.projectionOrdinals propext
REFINEMENT_AXIOM RiscvRefinement.Air.Bridge.BaseAluImm.projectionOrdinals Quot.sound
REFINEMENT_THEOREM RiscvRefinement.Opcodes.DivHoldsWithoutZeroDivisorQuotient0.scanMarker2
REFINEMENT_THEOREM RiscvRefinement.Air.Bridge.BaseAluReg.ProductionRefinement.fixedLookups
REFINEMENT_AXIOM RiscvRefinement.Air.Bridge.BaseAluReg.ProductionRefinement.fixedLookups propext
REFINEMENT_AXIOM RiscvRefinement.Air.Bridge.BaseAluReg.ProductionRefinement.fixedLookups Quot.sound
REFINEMENT_THEOREM RiscvRefinement.Opcodes.DivHoldsWithoutNegationRecurrence.zeroDivisorQuotient2
REFINEMENT_THEOREM RiscvRefinement.Air.Bridge.nth_reverse_sub
REFINEMENT_AXIOM RiscvRefinement.Air.Bridge.nth_reverse_sub propext
REFINEMENT_AXIOM RiscvRefinement.Air.Bridge.nth_reverse_sub Quot.sound
REFINEMENT_THEOREM RiscvRefinement.Opcodes.ShiftHoldsWithoutSignLowerBound.destinationLimb1
REFINEMENT_THEOREM RiscvRefinement.Arith.signedValue_wrapSigned
REFINEMENT_AXIOM RiscvRefinement.Arith.signedValue_wrapSigned propext
REFINEMENT_AXIOM RiscvRefinement.Arith.signedValue_wrapSigned Quot.sound
REFINEMENT_THEOREM RiscvRefinement.Publication.TeamB.LoadStore.Admission.destinationPreviousBound
REFINEMENT_THEOREM RiscvRefinement.Opcodes.ShiftHoldsWithoutRightLowByte.limbIndexRange
REFINEMENT_THEOREM RiscvRefinement.Air.Bridge.Jalr.constraintsHold_eq
REFINEMENT_AXIOM RiscvRefinement.Air.Bridge.Jalr.constraintsHold_eq propext
REFINEMENT_AXIOM RiscvRefinement.Air.Bridge.Jalr.constraintsHold_eq Quot.sound
REFINEMENT_THEOREM RiscvRefinement.Air.Family.LoadStoreHolds.byteShiftAmount
REFINEMENT_AXIOM RiscvRefinement.Air.Family.LoadStoreHolds.byteShiftAmount propext
REFINEMENT_THEOREM RiscvRefinement.Air.Bridge.Auipc.selectorAccepted
REFINEMENT_AXIOM RiscvRefinement.Air.Bridge.Auipc.selectorAccepted propext
REFINEMENT_AXIOM RiscvRefinement.Air.Bridge.Auipc.selectorAccepted Quot.sound
REFINEMENT_THEOREM RiscvRefinement.Air.Family.DivHolds.ltDiffLower
REFINEMENT_THEOREM RiscvRefinement.Opcodes.DivHoldsWithoutSignXorDefinition.remainderZeroLimb2
REFINEMENT_THEOREM RiscvRefinement.Opcodes.mulhuValueRefines
REFINEMENT_AXIOM RiscvRefinement.Opcodes.mulhuValueRefines propext
REFINEMENT_AXIOM RiscvRefinement.Opcodes.mulhuValueRefines Quot.sound
REFINEMENT_THEOREM RiscvRefinement.Opcodes.DivHoldsWithoutDividendSignBit.sourceTwoClock
REFINEMENT_THEOREM RiscvRefinement.Air.Bridge.MulhCircuit.nodesWellFormed_of_wellFormed
REFINEMENT_AXIOM RiscvRefinement.Air.Bridge.MulhCircuit.nodesWellFormed_of_wellFormed propext
REFINEMENT_THEOREM RiscvRefinement.Opcodes.MulhHoldsWithoutSelectorSourceTwoSign.sourceOneClock
REFINEMENT_THEOREM RiscvRefinement.Publication.TeamB.Multiply.ExactFixedProjection.sourceOneClock
REFINEMENT_AXIOM RiscvRefinement.Publication.TeamB.Multiply.ExactFixedProjection.sourceOneClock propext
REFINEMENT_AXIOM RiscvRefinement.Publication.TeamB.Multiply.ExactFixedProjection.sourceOneClock Quot.sound
REFINEMENT_THEOREM RiscvRefinement.Opcodes.LhRefinement.programTuple
REFINEMENT_AXIOM RiscvRefinement.Opcodes.LhRefinement.programTuple propext
REFINEMENT_AXIOM RiscvRefinement.Opcodes.LhRefinement.programTuple Quot.sound
REFINEMENT_THEOREM RiscvRefinement.Air.Family.div_signed_congruence
REFINEMENT_AXIOM RiscvRefinement.Air.Family.div_signed_congruence propext
REFINEMENT_AXIOM RiscvRefinement.Air.Family.div_signed_congruence Quot.sound
REFINEMENT_AXIOM RiscvRefinement.Air.Family.div_signed_congruence Classical.choice
REFINEMENT_THEOREM RiscvRefinement.Publication.TeamB.MulhDiv.Division.node94
REFINEMENT_AXIOM RiscvRefinement.Publication.TeamB.MulhDiv.Division.node94 propext
REFINEMENT_AXIOM RiscvRefinement.Publication.TeamB.MulhDiv.Division.node94 Quot.sound
REFINEMENT_THEOREM RiscvRefinement.Publication.TeamB.MulhDiv.Division.DirectEquationsD.negCarryBool2
REFINEMENT_THEOREM RiscvRefinement.Publication.TeamB.MulhDiv.Division.remSelectorConsequences
REFINEMENT_AXIOM RiscvRefinement.Publication.TeamB.MulhDiv.Division.remSelectorConsequences propext
REFINEMENT_AXIOM RiscvRefinement.Publication.TeamB.MulhDiv.Division.remSelectorConsequences Quot.sound
REFINEMENT_THEOREM RiscvRefinement.Air.Bridge.BaseAluReg.destinationFlag
REFINEMENT_AXIOM RiscvRefinement.Air.Bridge.BaseAluReg.destinationFlag propext
REFINEMENT_AXIOM RiscvRefinement.Air.Bridge.BaseAluReg.destinationFlag Quot.sound
REFINEMENT_THEOREM RiscvRefinement.Opcodes.ShiftHoldsWithoutSignIsLogicalZero.rightMovement
REFINEMENT_THEOREM RiscvRefinement.Publication.TeamB.MulhDiv.Division.FixedSemanticConsequences.productCarry5
REFINEMENT_THEOREM RiscvRefinement.Air.Bridge.Jalr.lookupProjection
REFINEMENT_AXIOM RiscvRefinement.Air.Bridge.Jalr.lookupProjection propext
REFINEMENT_AXIOM RiscvRefinement.Air.Bridge.Jalr.lookupProjection Quot.sound
REFINEMENT_THEOREM RiscvRefinement.Opcodes.shifts_reg_amount_toNat
REFINEMENT_AXIOM RiscvRefinement.Opcodes.shifts_reg_amount_toNat propext
REFINEMENT_AXIOM RiscvRefinement.Opcodes.shifts_reg_amount_toNat Quot.sound
REFINEMENT_THEOREM RiscvRefinement.Opcodes.JalrMutation.wrongStateEmit_refutes
REFINEMENT_AXIOM RiscvRefinement.Opcodes.JalrMutation.wrongStateEmit_refutes propext
REFINEMENT_AXIOM RiscvRefinement.Opcodes.JalrMutation.wrongStateEmit_refutes Quot.sound
REFINEMENT_THEOREM RiscvRefinement.Air.Bridge.Branches.Lt.ProductionRefinement.selectors
REFINEMENT_AXIOM RiscvRefinement.Air.Bridge.Branches.Lt.ProductionRefinement.selectors propext
REFINEMENT_AXIOM RiscvRefinement.Air.Bridge.Branches.Lt.ProductionRefinement.selectors Quot.sound
REFINEMENT_THEOREM RiscvRefinement.Opcodes.DivHoldsWithoutDestinationLimb0.divisorSignBit
REFINEMENT_THEOREM RiscvRefinement.Air.Bridge.TeamACommon.destinationFlag_of_equations
REFINEMENT_AXIOM RiscvRefinement.Air.Bridge.TeamACommon.destinationFlag_of_equations propext
REFINEMENT_AXIOM RiscvRefinement.Air.Bridge.TeamACommon.destinationFlag_of_equations Quot.sound
REFINEMENT_THEOREM RiscvRefinement.Publication.TeamB.MulhDiv.fixedRange88BoundsOfLookup
REFINEMENT_AXIOM RiscvRefinement.Publication.TeamB.MulhDiv.fixedRange88BoundsOfLookup propext
REFINEMENT_AXIOM RiscvRefinement.Publication.TeamB.MulhDiv.fixedRange88BoundsOfLookup Quot.sound
REFINEMENT_THEOREM RiscvRefinement.Air.Bridge.Jalr.ProductionRefinement.resultMiddle
REFINEMENT_AXIOM RiscvRefinement.Air.Bridge.Jalr.ProductionRefinement.resultMiddle propext
REFINEMENT_AXIOM RiscvRefinement.Air.Bridge.Jalr.ProductionRefinement.resultMiddle Quot.sound
REFINEMENT_THEOREM RiscvRefinement.Opcodes.StoreMutation.StoreHoldsWithoutByteStoreSelect.halfLoadHigh
REFINEMENT_AXIOM RiscvRefinement.Opcodes.StoreMutation.StoreHoldsWithoutByteStoreSelect.halfLoadHigh propext
REFINEMENT_THEOREM RiscvRefinement.Opcodes.shiftsRegHolds_weakens_secondSourceReadOnly
REFINEMENT_THEOREM RiscvRefinement.Publication.TeamB.MulhDiv.Division.FixedSemanticConsequences.ltDiffLower
REFINEMENT_THEOREM RiscvRefinement.Opcodes.remWrongSignRow_satisfies
REFINEMENT_THEOREM RiscvRefinement.Publication.TeamB.Shifts.RegExactRelationProjection.sourceEmit
REFINEMENT_AXIOM RiscvRefinement.Publication.TeamB.Shifts.RegExactRelationProjection.sourceEmit propext
REFINEMENT_AXIOM RiscvRefinement.Publication.TeamB.Shifts.RegExactRelationProjection.sourceEmit Quot.sound
REFINEMENT_THEOREM RiscvRefinement.Opcodes.honest_half_accesses_are_aligned
REFINEMENT_THEOREM RiscvRefinement.Opcodes.LoadMutationWord.HoldsWithoutHalfLoadHigh.wordStore
REFINEMENT_AXIOM RiscvRefinement.Opcodes.LoadMutationWord.HoldsWithoutHalfLoadHigh.wordStore propext
REFINEMENT_THEOREM RiscvRefinement.Publication.TeamB.MulhDiv.Division.remu_selectorAdmission
REFINEMENT_AXIOM RiscvRefinement.Publication.TeamB.MulhDiv.Division.remu_selectorAdmission propext
REFINEMENT_AXIOM RiscvRefinement.Publication.TeamB.MulhDiv.Division.remu_selectorAdmission Quot.sound
REFINEMENT_THEOREM RiscvRefinement.Air.Bridge.Lui.destinationLimbs_of_constraints
REFINEMENT_AXIOM RiscvRefinement.Air.Bridge.Lui.destinationLimbs_of_constraints propext
REFINEMENT_AXIOM RiscvRefinement.Air.Bridge.Lui.destinationLimbs_of_constraints Quot.sound
REFINEMENT_THEOREM RiscvRefinement.Air.Bridge.Lui.zeroAdmission
REFINEMENT_AXIOM RiscvRefinement.Air.Bridge.Lui.zeroAdmission propext
REFINEMENT_THEOREM RiscvRefinement.Publication.TeamB.MulhDiv.Division.DirectEquationsB.remainderZero3
REFINEMENT_THEOREM RiscvRefinement.Publication.TeamB.LoadStore.lb_exactSelectorIdentity
REFINEMENT_AXIOM RiscvRefinement.Publication.TeamB.LoadStore.lb_exactSelectorIdentity propext
REFINEMENT_AXIOM RiscvRefinement.Publication.TeamB.LoadStore.lb_exactSelectorIdentity Quot.sound
REFINEMENT_THEOREM RiscvRefinement.Opcodes.DivHoldsWithoutSignXorDefinition.selectorUnique
REFINEMENT_THEOREM RiscvRefinement.Air.Family.DivHolds.remainderZeroLimb0
REFINEMENT_THEOREM RiscvRefinement.Opcodes.Auipc.Refinement.immediateDecomposition
REFINEMENT_AXIOM RiscvRefinement.Opcodes.Auipc.Refinement.immediateDecomposition propext
REFINEMENT_AXIOM RiscvRefinement.Opcodes.Auipc.Refinement.immediateDecomposition Quot.sound
REFINEMENT_THEOREM RiscvRefinement.Air.Bridge.Addi.sourceClock_of_air
REFINEMENT_AXIOM RiscvRefinement.Air.Bridge.Addi.sourceClock_of_air propext
REFINEMENT_AXIOM RiscvRefinement.Air.Bridge.Addi.sourceClock_of_air Quot.sound
REFINEMENT_THEOREM RiscvRefinement.Decode.encode_branch_is_canonical
REFINEMENT_AXIOM RiscvRefinement.Decode.encode_branch_is_canonical propext
REFINEMENT_AXIOM RiscvRefinement.Decode.encode_branch_is_canonical Quot.sound
REFINEMENT_AXIOM RiscvRefinement.Decode.encode_branch_is_canonical Classical.choice
REFINEMENT_THEOREM RiscvRefinement.Opcodes.ShiftHoldsWithoutSignUpperBound.destinationLimb2
REFINEMENT_THEOREM RiscvRefinement.Air.Bridge.BaseAluReg.ProductionRefinement.source2ClockLookup
REFINEMENT_AXIOM RiscvRefinement.Air.Bridge.BaseAluReg.ProductionRefinement.source2ClockLookup propext
REFINEMENT_AXIOM RiscvRefinement.Air.Bridge.BaseAluReg.ProductionRefinement.source2ClockLookup Quot.sound
REFINEMENT_THEOREM RiscvRefinement.Publication.TeamB.Shifts.ImmExactFixedProjection.sign
REFINEMENT_AXIOM RiscvRefinement.Publication.TeamB.Shifts.ImmExactFixedProjection.sign propext
REFINEMENT_AXIOM RiscvRefinement.Publication.TeamB.Shifts.ImmExactFixedProjection.sign Quot.sound
REFINEMENT_THEOREM RiscvRefinement.Air.Bridge.BaseAluImm.sound
REFINEMENT_AXIOM RiscvRefinement.Air.Bridge.BaseAluImm.sound propext
REFINEMENT_AXIOM RiscvRefinement.Air.Bridge.BaseAluImm.sound Quot.sound
REFINEMENT_THEOREM RiscvRefinement.Air.Bridge.Branches.Lt.rawTopField_val
REFINEMENT_AXIOM RiscvRefinement.Air.Bridge.Branches.Lt.rawTopField_val propext
REFINEMENT_AXIOM RiscvRefinement.Air.Bridge.Branches.Lt.rawTopField_val Quot.sound
REFINEMENT_THEOREM RiscvRefinement.Air.Family.MulhHolds.sourceTwoLimb0
REFINEMENT_THEOREM RiscvRefinement.Publication.TeamB.LoadStore.DirectEquations.signCanonical
REFINEMENT_THEOREM RiscvRefinement.Opcodes.Jalr.Refinement.decode
REFINEMENT_AXIOM RiscvRefinement.Opcodes.Jalr.Refinement.decode propext
REFINEMENT_AXIOM RiscvRefinement.Opcodes.Jalr.Refinement.decode Quot.sound
REFINEMENT_THEOREM RiscvRefinement.Opcodes.StoreMutation.StoreHoldsWithoutPartialStorePreserve.halfSignWitness
REFINEMENT_AXIOM RiscvRefinement.Opcodes.StoreMutation.StoreHoldsWithoutPartialStorePreserve.halfSignWitness propext
REFINEMENT_THEOREM RiscvRefinement.Opcodes.BaseAluReg.add_selectorAccepted
REFINEMENT_AXIOM RiscvRefinement.Opcodes.BaseAluReg.add_selectorAccepted propext
REFINEMENT_AXIOM RiscvRefinement.Opcodes.BaseAluReg.add_selectorAccepted Quot.sound
REFINEMENT_THEOREM RiscvRefinement.WordBytes.word_append
REFINEMENT_AXIOM RiscvRefinement.WordBytes.word_append propext
REFINEMENT_AXIOM RiscvRefinement.WordBytes.word_append Quot.sound
REFINEMENT_THEOREM RiscvRefinement.Publication.TeamB.LoadStore.DirectEquations.halfExtension3
REFINEMENT_THEOREM RiscvRefinement.Opcodes.DivHoldsWithoutUnsignedDivisorSign.sourceOneLimb1
REFINEMENT_THEOREM RiscvRefinement.Opcodes.ShiftsImmHoldsWithoutImmediateBinds.destinationClock
REFINEMENT_THEOREM RiscvRefinement.Opcodes.shifts_reg_destination_word
REFINEMENT_AXIOM RiscvRefinement.Opcodes.shifts_reg_destination_word propext
REFINEMENT_AXIOM RiscvRefinement.Opcodes.shifts_reg_destination_word Quot.sound
REFINEMENT_AXIOM RiscvRefinement.Opcodes.shifts_reg_destination_word Classical.choice
REFINEMENT_THEOREM RiscvRefinement.Opcodes.Branches.Lt.bgeu_refinement_theorem
REFINEMENT_AXIOM RiscvRefinement.Opcodes.Branches.Lt.bgeu_refinement_theorem propext
REFINEMENT_AXIOM RiscvRefinement.Opcodes.Branches.Lt.bgeu_refinement_theorem Quot.sound
REFINEMENT_AXIOM RiscvRefinement.Opcodes.Branches.Lt.bgeu_refinement_theorem Classical.choice
REFINEMENT_THEOREM RiscvRefinement.Air.Family.ShiftsRegHolds.nextPcResult
REFINEMENT_THEOREM RiscvRefinement.Air.Generated.Programs.bneSymbolicCertificate
REFINEMENT_AXIOM RiscvRefinement.Air.Generated.Programs.bneSymbolicCertificate propext
REFINEMENT_AXIOM RiscvRefinement.Air.Generated.Programs.bneSymbolicCertificate Quot.sound
REFINEMENT_THEOREM RiscvRefinement.Opcodes.StoreMutation.StoreHoldsWithoutStoreResultZeroOnStores.memoryAddress
REFINEMENT_AXIOM RiscvRefinement.Opcodes.StoreMutation.StoreHoldsWithoutStoreResultZeroOnStores.memoryAddress propext
REFINEMENT_THEOREM RiscvRefinement.Opcodes.LoadMutationWord.HoldsWithoutHalfLoadHigh.partialStorePreserve
REFINEMENT_AXIOM RiscvRefinement.Opcodes.LoadMutationWord.HoldsWithoutHalfLoadHigh.partialStorePreserve propext
REFINEMENT_THEOREM RiscvRefinement.Publication.TeamB.MulhDiv.HighMultiply.ExactFixedProjection.carry6
REFINEMENT_AXIOM RiscvRefinement.Publication.TeamB.MulhDiv.HighMultiply.ExactFixedProjection.carry6 propext
REFINEMENT_AXIOM RiscvRefinement.Publication.TeamB.MulhDiv.HighMultiply.ExactFixedProjection.carry6 Quot.sound
REFINEMENT_THEOREM RiscvRefinement.Opcodes.AuipcMutation.wrongDestination_strictly_weaker
REFINEMENT_AXIOM RiscvRefinement.Opcodes.AuipcMutation.wrongDestination_strictly_weaker propext
REFINEMENT_AXIOM RiscvRefinement.Opcodes.AuipcMutation.wrongDestination_strictly_weaker Quot.sound
REFINEMENT_THEOREM RiscvRefinement.Opcodes.LoadRefinement.stateConsume
REFINEMENT_AXIOM RiscvRefinement.Opcodes.LoadRefinement.stateConsume propext
REFINEMENT_AXIOM RiscvRefinement.Opcodes.LoadRefinement.stateConsume Quot.sound
REFINEMENT_THEOREM RiscvRefinement.Opcodes.NonVacuity.lh_high_negative_exists
REFINEMENT_AXIOM RiscvRefinement.Opcodes.NonVacuity.lh_high_negative_exists propext
REFINEMENT_AXIOM RiscvRefinement.Opcodes.NonVacuity.lh_high_negative_exists Quot.sound
REFINEMENT_AXIOM RiscvRefinement.Opcodes.NonVacuity.lh_high_negative_exists Classical.choice
REFINEMENT_THEOREM RiscvRefinement.Opcodes.DivHoldsWithoutDividendSignBit.selectorUnique
REFINEMENT_THEOREM RiscvRefinement.Opcodes.Branches.Eq.Refinement.decode
REFINEMENT_AXIOM RiscvRefinement.Opcodes.Branches.Eq.Refinement.decode propext
REFINEMENT_AXIOM RiscvRefinement.Opcodes.Branches.Eq.Refinement.decode Quot.sound
REFINEMENT_THEOREM RiscvRefinement.Opcodes.loadStoreHolds_weakens
REFINEMENT_AXIOM RiscvRefinement.Opcodes.loadStoreHolds_weakens propext
REFINEMENT_THEOREM RiscvRefinement.Air.Family.MulhHolds.destinationClock
REFINEMENT_THEOREM RiscvRefinement.Air.Family.DivHolds.zeroDivisorQuotientSign
REFINEMENT_THEOREM RiscvRefinement.Publication.TeamB.Shifts.RegExactRelationProjection.destinationEmit
REFINEMENT_AXIOM RiscvRefinement.Publication.TeamB.Shifts.RegExactRelationProjection.destinationEmit propext
REFINEMENT_AXIOM RiscvRefinement.Publication.TeamB.Shifts.RegExactRelationProjection.destinationEmit Quot.sound
REFINEMENT_THEOREM RiscvRefinement.Publication.TeamB.MulhDiv.fixedRangeM31HighBoundOfLookup
REFINEMENT_AXIOM RiscvRefinement.Publication.TeamB.MulhDiv.fixedRangeM31HighBoundOfLookup propext
REFINEMENT_AXIOM RiscvRefinement.Publication.TeamB.MulhDiv.fixedRangeM31HighBoundOfLookup Quot.sound
REFINEMENT_THEOREM RiscvRefinement.Opcodes.div_sign_xor_definition_is_load_bearing
REFINEMENT_AXIOM RiscvRefinement.Opcodes.div_sign_xor_definition_is_load_bearing propext
REFINEMENT_AXIOM RiscvRefinement.Opcodes.div_sign_xor_definition_is_load_bearing Quot.sound
REFINEMENT_AXIOM RiscvRefinement.Opcodes.div_sign_xor_definition_is_load_bearing Classical.choice
REFINEMENT_THEOREM RiscvRefinement.Air.Bridge.Jalr.ProductionRefinement.sourceValue
REFINEMENT_AXIOM RiscvRefinement.Air.Bridge.Jalr.ProductionRefinement.sourceValue propext
REFINEMENT_AXIOM RiscvRefinement.Air.Bridge.Jalr.ProductionRefinement.sourceValue Quot.sound
REFINEMENT_THEOREM RiscvRefinement.Publication.TeamB.Shifts.RegPublicationResult.semantic
REFINEMENT_AXIOM RiscvRefinement.Publication.TeamB.Shifts.RegPublicationResult.semantic propext
REFINEMENT_AXIOM RiscvRefinement.Publication.TeamB.Shifts.RegPublicationResult.semantic Quot.sound
REFINEMENT_THEOREM RiscvRefinement.Opcodes.Fence.Refinement.program
REFINEMENT_AXIOM RiscvRefinement.Opcodes.Fence.Refinement.program propext
REFINEMENT_AXIOM RiscvRefinement.Opcodes.Fence.Refinement.program Quot.sound
REFINEMENT_THEOREM RiscvRefinement.Opcodes.MulRefinement.sourceOneConsume
REFINEMENT_AXIOM RiscvRefinement.Opcodes.MulRefinement.sourceOneConsume propext
REFINEMENT_THEOREM RiscvRefinement.Air.Bridge.Branches.Eq.RawProductionRefinement.sourceReadOnly
REFINEMENT_AXIOM RiscvRefinement.Air.Bridge.Branches.Eq.RawProductionRefinement.sourceReadOnly propext
REFINEMENT_AXIOM RiscvRefinement.Air.Bridge.Branches.Eq.RawProductionRefinement.sourceReadOnly Quot.sound
REFINEMENT_THEOREM RiscvRefinement.Opcodes.LoadStoreEnvironment.pcBinds
REFINEMENT_AXIOM RiscvRefinement.Opcodes.LoadStoreEnvironment.pcBinds propext
REFINEMENT_AXIOM RiscvRefinement.Opcodes.LoadStoreEnvironment.pcBinds Quot.sound
REFINEMENT_THEOREM RiscvRefinement.Air.Family.shift_multiplier_le
REFINEMENT_AXIOM RiscvRefinement.Air.Family.shift_multiplier_le propext
REFINEMENT_AXIOM RiscvRefinement.Air.Family.shift_multiplier_le Quot.sound
REFINEMENT_THEOREM RiscvRefinement.Opcodes.ByteLoadMutation.lbZeroExtendedByteRow_satisfies
REFINEMENT_AXIOM RiscvRefinement.Opcodes.ByteLoadMutation.lbZeroExtendedByteRow_satisfies propext
REFINEMENT_THEOREM RiscvRefinement.Opcodes.DivHoldsWithoutZeroDivisorQuotient0.destinationClock
REFINEMENT_THEOREM RiscvRefinement.Publication.TeamB.MulhDiv.Division.FixedBounds.sourceTwoGap
REFINEMENT_THEOREM RiscvRefinement.Air.Family.LoadStoreHolds.halfSignWitness
REFINEMENT_AXIOM RiscvRefinement.Air.Family.LoadStoreHolds.halfSignWitness propext
REFINEMENT_THEOREM RiscvRefinement.Opcodes.Lt.Imm.slti_exactLookupTuples
REFINEMENT_AXIOM RiscvRefinement.Opcodes.Lt.Imm.slti_exactLookupTuples propext
REFINEMENT_AXIOM RiscvRefinement.Opcodes.Lt.Imm.slti_exactLookupTuples Quot.sound
REFINEMENT_THEOREM RiscvRefinement.Air.Family.MulHolds.destinationLimb3
REFINEMENT_THEOREM RiscvRefinement.Opcodes.ByteLoadMutation.ByteLoadHoldsWithoutByteSignWitness.nextPcResult
REFINEMENT_AXIOM RiscvRefinement.Opcodes.ByteLoadMutation.ByteLoadHoldsWithoutByteSignWitness.nextPcResult propext
REFINEMENT_THEOREM RiscvRefinement.Air.Bridge.LtReg.ProductionRefinement.sourcesReadOnly
REFINEMENT_AXIOM RiscvRefinement.Air.Bridge.LtReg.ProductionRefinement.sourcesReadOnly propext
REFINEMENT_AXIOM RiscvRefinement.Air.Bridge.LtReg.ProductionRefinement.sourcesReadOnly Quot.sound
REFINEMENT_THEOREM RiscvRefinement.Opcodes.ShiftHoldsWithoutRightLowByte.signLowerBound
REFINEMENT_THEOREM RiscvRefinement.Air.Bridge.Jalr.AirEquations.destination2
REFINEMENT_AXIOM RiscvRefinement.Air.Bridge.Jalr.AirEquations.destination2 propext
REFINEMENT_THEOREM RiscvRefinement.Opcodes.Jalr.jalr_refines
REFINEMENT_AXIOM RiscvRefinement.Opcodes.Jalr.jalr_refines propext
REFINEMENT_AXIOM RiscvRefinement.Opcodes.Jalr.jalr_refines Quot.sound
REFINEMENT_AXIOM RiscvRefinement.Opcodes.Jalr.jalr_refines Classical.choice
REFINEMENT_THEOREM RiscvRefinement.Opcodes.ShiftHoldsWithoutSignLowerBound.destinationFlag
REFINEMENT_THEOREM RiscvRefinement.Opcodes.DivHoldsWithoutNegationRecurrence.sourceTwoLimb0
REFINEMENT_THEOREM RiscvRefinement.Opcodes.BaseAluReg.add_exactProgramTuple
REFINEMENT_AXIOM RiscvRefinement.Opcodes.BaseAluReg.add_exactProgramTuple propext
REFINEMENT_AXIOM RiscvRefinement.Opcodes.BaseAluReg.add_exactProgramTuple Quot.sound
REFINEMENT_THEOREM RiscvRefinement.Opcodes.MulHoldsWithoutProductLimb0.sourceTwoLimb3
REFINEMENT_THEOREM RiscvRefinement.Opcodes.MulhHoldsWithoutSelectorSourceTwoSign.productLimb4
REFINEMENT_THEOREM RiscvRefinement.Air.Bridge.Addi.sound
REFINEMENT_AXIOM RiscvRefinement.Air.Bridge.Addi.sound propext
REFINEMENT_AXIOM RiscvRefinement.Air.Bridge.Addi.sound Quot.sound
REFINEMENT_THEOREM RiscvRefinement.Air.Family.MulHolds.clockPositive
REFINEMENT_THEOREM RiscvRefinement.Air.Bridge.BaseAluImm.ProductionRefinement.sourceEmit
REFINEMENT_AXIOM RiscvRefinement.Air.Bridge.BaseAluImm.ProductionRefinement.sourceEmit propext
REFINEMENT_AXIOM RiscvRefinement.Air.Bridge.BaseAluImm.ProductionRefinement.sourceEmit Quot.sound
REFINEMENT_THEOREM RiscvRefinement.Air.Bridge.BaseAluImm.Admission.destinationPreviousBound
REFINEMENT_THEOREM RiscvRefinement.Air.Bridge.Branches.Lt.Acceptance.fixedLookups
REFINEMENT_AXIOM RiscvRefinement.Air.Bridge.Branches.Lt.Acceptance.fixedLookups propext
REFINEMENT_AXIOM RiscvRefinement.Air.Bridge.Branches.Lt.Acceptance.fixedLookups Quot.sound
REFINEMENT_THEOREM RiscvRefinement.Air.LocalProgram.SymbolicCertificate.activeRow
REFINEMENT_AXIOM RiscvRefinement.Air.LocalProgram.SymbolicCertificate.activeRow propext
REFINEMENT_THEOREM RiscvRefinement.Opcodes.StoreMutation.StoreHoldsWithoutWordStore.byteShiftAmount
REFINEMENT_AXIOM RiscvRefinement.Opcodes.StoreMutation.StoreHoldsWithoutWordStore.byteShiftAmount propext
REFINEMENT_THEOREM RiscvRefinement.Air.Bridge.Auipc.ProductionRefinement.constraints
REFINEMENT_AXIOM RiscvRefinement.Air.Bridge.Auipc.ProductionRefinement.constraints propext
REFINEMENT_AXIOM RiscvRefinement.Air.Bridge.Auipc.ProductionRefinement.constraints Quot.sound
REFINEMENT_THEOREM RiscvRefinement.Air.Bridge.BaseAluReg.destinationClockGapBound
REFINEMENT_AXIOM RiscvRefinement.Air.Bridge.BaseAluReg.destinationClockGapBound propext
REFINEMENT_AXIOM RiscvRefinement.Air.Bridge.BaseAluReg.destinationClockGapBound Quot.sound
REFINEMENT_THEOREM RiscvRefinement.Publication.TeamB.MulhDiv.Division.ExactFixedProjection.carry6
REFINEMENT_AXIOM RiscvRefinement.Publication.TeamB.MulhDiv.Division.ExactFixedProjection.carry6 propext
REFINEMENT_AXIOM RiscvRefinement.Publication.TeamB.MulhDiv.Division.ExactFixedProjection.carry6 Quot.sound
REFINEMENT_THEOREM RiscvRefinement.Opcodes.StoreMutation.StoreHoldsWithoutPartialStorePreserve.nextPcResult
REFINEMENT_AXIOM RiscvRefinement.Opcodes.StoreMutation.StoreHoldsWithoutPartialStorePreserve.nextPcResult propext
REFINEMENT_THEOREM RiscvRefinement.Publication.TeamB.MulhDiv.Division.directEquationsC
REFINEMENT_AXIOM RiscvRefinement.Publication.TeamB.MulhDiv.Division.directEquationsC propext
REFINEMENT_AXIOM RiscvRefinement.Publication.TeamB.MulhDiv.Division.directEquationsC Quot.sound
REFINEMENT_THEOREM RiscvRefinement.Opcodes.StoreMutation.StoreHoldsWithoutWordStore.byteSignWitness
REFINEMENT_AXIOM RiscvRefinement.Opcodes.StoreMutation.StoreHoldsWithoutWordStore.byteSignWitness propext
REFINEMENT_THEOREM RiscvRefinement.Publication.TeamB.MulhDiv.Division.DirectConsequences.zeroDivisorQuotient3
REFINEMENT_THEOREM RiscvRefinement.Opcodes.MulhHoldsWithoutSourceTwoSignBinding.nextPcResult
REFINEMENT_THEOREM RiscvRefinement.Opcodes.LtMutation.Imm.slti_wrongManifest_satisfies
REFINEMENT_AXIOM RiscvRefinement.Opcodes.LtMutation.Imm.slti_wrongManifest_satisfies propext
REFINEMENT_AXIOM RiscvRefinement.Opcodes.LtMutation.Imm.slti_wrongManifest_satisfies Quot.sound
REFINEMENT_THEOREM RiscvRefinement.Publication.TeamB.MulhDiv.reduceValAdd
REFINEMENT_AXIOM RiscvRefinement.Publication.TeamB.MulhDiv.reduceValAdd propext
REFINEMENT_THEOREM RiscvRefinement.Opcodes.StoreRefinement.noRegisterWrite
REFINEMENT_AXIOM RiscvRefinement.Opcodes.StoreRefinement.noRegisterWrite propext
REFINEMENT_AXIOM RiscvRefinement.Opcodes.StoreRefinement.noRegisterWrite Quot.sound
REFINEMENT_THEOREM RiscvRefinement.Opcodes.ByteLoadMutation.ByteLoadHoldsWithoutByteLoadSelect.byteSignWitness
REFINEMENT_AXIOM RiscvRefinement.Opcodes.ByteLoadMutation.ByteLoadHoldsWithoutByteLoadSelect.byteSignWitness propext
REFINEMENT_THEOREM RiscvRefinement.Opcodes.Jalr.refines
REFINEMENT_AXIOM RiscvRefinement.Opcodes.Jalr.refines propext
REFINEMENT_AXIOM RiscvRefinement.Opcodes.Jalr.refines Quot.sound
REFINEMENT_AXIOM RiscvRefinement.Opcodes.Jalr.refines Classical.choice
REFINEMENT_THEOREM RiscvRefinement.Air.Bridge.BaseAluImm.ProductionRefinement.stateConsume
REFINEMENT_AXIOM RiscvRefinement.Air.Bridge.BaseAluImm.ProductionRefinement.stateConsume propext
REFINEMENT_AXIOM RiscvRefinement.Air.Bridge.BaseAluImm.ProductionRefinement.stateConsume Quot.sound
REFINEMENT_THEOREM RiscvRefinement.Opcodes.ShiftHoldsWithoutSignLowerBound.carry2Range
REFINEMENT_THEOREM RiscvRefinement.Opcodes.DivHoldsWithoutUnsignedDivisorSign.negationRecurrence
REFINEMENT_THEOREM RiscvRefinement.Publication.TeamB.Multiply.DirectConsequences.destination
REFINEMENT_THEOREM RiscvRefinement.Opcodes.DivHoldsWithoutZeroDivisorQuotient0.quotientSignMatches
REFINEMENT_THEOREM RiscvRefinement.Air.Bridge.LtImm.differencePositive
REFINEMENT_AXIOM RiscvRefinement.Air.Bridge.LtImm.differencePositive propext
REFINEMENT_AXIOM RiscvRefinement.Air.Bridge.LtImm.differencePositive Quot.sound
REFINEMENT_THEOREM RiscvRefinement.Opcodes.LoadStoreHoldsWithoutHalfLoadHigh.destinationFlag
REFINEMENT_AXIOM RiscvRefinement.Opcodes.LoadStoreHoldsWithoutHalfLoadHigh.destinationFlag propext
REFINEMENT_THEOREM RiscvRefinement.Air.Bridge.M31.zero_mul
REFINEMENT_AXIOM RiscvRefinement.Air.Bridge.M31.zero_mul propext
REFINEMENT_THEOREM RiscvRefinement.Air.Bridge.Jal.Admission.destinationPreviousBound
REFINEMENT_AXIOM RiscvRefinement.Air.Bridge.Jal.Admission.destinationPreviousBound propext
REFINEMENT_AXIOM RiscvRefinement.Air.Bridge.Jal.Admission.destinationPreviousBound Quot.sound
REFINEMENT_THEOREM RiscvRefinement.Publication.TeamB.MulhDiv.Division.ExactFixedProjection.divisorLow
REFINEMENT_AXIOM RiscvRefinement.Publication.TeamB.MulhDiv.Division.ExactFixedProjection.divisorLow propext
REFINEMENT_AXIOM RiscvRefinement.Publication.TeamB.MulhDiv.Division.ExactFixedProjection.divisorLow Quot.sound
REFINEMENT_THEOREM RiscvRefinement.Publication.TeamB.MulhDiv.HighMultiply.DirectConsequences.destinationFlag
REFINEMENT_THEOREM RiscvRefinement.Publication.TeamB.MulhDiv.HighMultiply.FixedConsequences.sourceTwoGap
REFINEMENT_THEOREM RiscvRefinement.Memory.signExtendHalf_negative
REFINEMENT_AXIOM RiscvRefinement.Memory.signExtendHalf_negative propext
REFINEMENT_AXIOM RiscvRefinement.Memory.signExtendHalf_negative Quot.sound
REFINEMENT_AXIOM RiscvRefinement.Memory.signExtendHalf_negative Classical.choice
REFINEMENT_THEOREM RiscvRefinement.Opcodes.DivHoldsWithoutScanTotal.zeroDivisorQuotient2
REFINEMENT_THEOREM RiscvRefinement.Opcodes.LoadStoreHoldsWithoutHalfShiftId.halfSignWitness
REFINEMENT_AXIOM RiscvRefinement.Opcodes.LoadStoreHoldsWithoutHalfShiftId.halfSignWitness propext
REFINEMENT_THEOREM RiscvRefinement.Opcodes.ShiftsRegRefinement.destinationConsume
REFINEMENT_AXIOM RiscvRefinement.Opcodes.ShiftsRegRefinement.destinationConsume propext
REFINEMENT_AXIOM RiscvRefinement.Opcodes.ShiftsRegRefinement.destinationConsume Quot.sound
REFINEMENT_THEOREM RiscvRefinement.Opcodes.Lt.Imm.canonicalDecode
REFINEMENT_AXIOM RiscvRefinement.Opcodes.Lt.Imm.canonicalDecode propext
REFINEMENT_AXIOM RiscvRefinement.Opcodes.Lt.Imm.canonicalDecode Quot.sound
REFINEMENT_THEOREM RiscvRefinement.Air.Bridge.Jalr.ProductionRefinement.target
REFINEMENT_AXIOM RiscvRefinement.Air.Bridge.Jalr.ProductionRefinement.target propext
REFINEMENT_AXIOM RiscvRefinement.Air.Bridge.Jalr.ProductionRefinement.target Quot.sound
REFINEMENT_THEOREM RiscvRefinement.Opcodes.MulhHoldsWithoutSourceOneSignBinding.nextPcResult
REFINEMENT_THEOREM RiscvRefinement.Opcodes.MulhHoldsWithoutProductLimb4.destinationLimb2
REFINEMENT_THEOREM RiscvRefinement.Air.Generated.AddiHolds.clockPositive
REFINEMENT_THEOREM RiscvRefinement.Opcodes.sraiReleasedSignRow_not_sound
REFINEMENT_AXIOM RiscvRefinement.Opcodes.sraiReleasedSignRow_not_sound propext
REFINEMENT_AXIOM RiscvRefinement.Opcodes.sraiReleasedSignRow_not_sound Quot.sound
REFINEMENT_AXIOM RiscvRefinement.Opcodes.sraiReleasedSignRow_not_sound Classical.choice
REFINEMENT_THEOREM RiscvRefinement.Publication.TeamB.Shifts.immConstraintRootZero
REFINEMENT_AXIOM RiscvRefinement.Publication.TeamB.Shifts.immConstraintRootZero propext
REFINEMENT_AXIOM RiscvRefinement.Publication.TeamB.Shifts.immConstraintRootZero Quot.sound
REFINEMENT_THEOREM RiscvRefinement.Publication.TeamB.MulhDiv.HighMultiply.FixedConsequences.sourceOneSign
REFINEMENT_THEOREM RiscvRefinement.Publication.TeamB.MulhDiv.Division.node302
REFINEMENT_AXIOM RiscvRefinement.Publication.TeamB.MulhDiv.Division.node302 propext
REFINEMENT_AXIOM RiscvRefinement.Publication.TeamB.MulhDiv.Division.node302 Quot.sound
REFINEMENT_THEOREM RiscvRefinement.Publication.TeamB.MulhDiv.Division.directEquationsA
REFINEMENT_AXIOM RiscvRefinement.Publication.TeamB.MulhDiv.Division.directEquationsA propext
REFINEMENT_AXIOM RiscvRefinement.Publication.TeamB.MulhDiv.Division.directEquationsA Quot.sound
REFINEMENT_THEOREM RiscvRefinement.Opcodes.DivHoldsWithoutScanTotal.destinationLimb1
REFINEMENT_THEOREM RiscvRefinement.Air.Bridge.LtReg.programContentDigest
REFINEMENT_THEOREM RiscvRefinement.Opcodes.MulHoldsWithoutProductLimb0.productLimb2
REFINEMENT_THEOREM RiscvRefinement.Opcodes.Branches.Eq.Refinement.exactProgramTuple
REFINEMENT_AXIOM RiscvRefinement.Opcodes.Branches.Eq.Refinement.exactProgramTuple propext
REFINEMENT_AXIOM RiscvRefinement.Opcodes.Branches.Eq.Refinement.exactProgramTuple Quot.sound
REFINEMENT_THEOREM RiscvRefinement.Opcodes.StoreMutation.StoreHoldsWithoutStoreResultZeroOnStores.byteShiftAmount
REFINEMENT_AXIOM RiscvRefinement.Opcodes.StoreMutation.StoreHoldsWithoutStoreResultZeroOnStores.byteShiftAmount propext
REFINEMENT_THEOREM RiscvRefinement.Opcodes.MulHoldsWithoutProductLimb0.productLimb1
REFINEMENT_THEOREM RiscvRefinement.Air.Generated.AddiHolds.sourceLimb0
REFINEMENT_THEOREM RiscvRefinement.Opcodes.StoreMutation.StoreHoldsWithoutByteStoreSelect.selectorSum
REFINEMENT_AXIOM RiscvRefinement.Opcodes.StoreMutation.StoreHoldsWithoutByteStoreSelect.selectorSum propext
REFINEMENT_THEOREM RiscvRefinement.Air.Bridge.Jalr.targetLow20Request
REFINEMENT_AXIOM RiscvRefinement.Air.Bridge.Jalr.targetLow20Request propext
REFINEMENT_AXIOM RiscvRefinement.Air.Bridge.Jalr.targetLow20Request Quot.sound
REFINEMENT_THEOREM RiscvRefinement.Opcodes.DivHoldsWithoutSignXorDefinition.scanEqual1
REFINEMENT_THEOREM RiscvRefinement.Publication.TeamB.LoadStore.PublicationResult.semantic
REFINEMENT_AXIOM RiscvRefinement.Publication.TeamB.LoadStore.PublicationResult.semantic propext
REFINEMENT_AXIOM RiscvRefinement.Publication.TeamB.LoadStore.PublicationResult.semantic Quot.sound
REFINEMENT_THEOREM RiscvRefinement.Air.Family.MulhHolds.productLimb5
REFINEMENT_THEOREM RiscvRefinement.Opcodes.DivHoldsWithoutNegationRecurrence.destinationLimb1
REFINEMENT_THEOREM RiscvRefinement.Air.Bridge.BaseAluImm.acceptanceNonvacuous
REFINEMENT_AXIOM RiscvRefinement.Air.Bridge.BaseAluImm.acceptanceNonvacuous propext
REFINEMENT_AXIOM RiscvRefinement.Air.Bridge.BaseAluImm.acceptanceNonvacuous Quot.sound
REFINEMENT_THEOREM RiscvRefinement.Opcodes.Lt.Imm.sltiu_refines
REFINEMENT_AXIOM RiscvRefinement.Opcodes.Lt.Imm.sltiu_refines propext
REFINEMENT_AXIOM RiscvRefinement.Opcodes.Lt.Imm.sltiu_refines Quot.sound
REFINEMENT_THEOREM RiscvRefinement.Air.Family.DivHolds.scanTotal
REFINEMENT_THEOREM RiscvRefinement.Opcodes.div_family_refines
REFINEMENT_AXIOM RiscvRefinement.Opcodes.div_family_refines propext
REFINEMENT_AXIOM RiscvRefinement.Opcodes.div_family_refines Quot.sound
REFINEMENT_THEOREM RiscvRefinement.Opcodes.LoadStoreEnvironment.memoryWord_eq
REFINEMENT_AXIOM RiscvRefinement.Opcodes.LoadStoreEnvironment.memoryWord_eq propext
REFINEMENT_AXIOM RiscvRefinement.Opcodes.LoadStoreEnvironment.memoryWord_eq Quot.sound
REFINEMENT_THEOREM RiscvRefinement.Air.Bridge.Addi.sourceLimbs_of_constraints
REFINEMENT_AXIOM RiscvRefinement.Air.Bridge.Addi.sourceLimbs_of_constraints propext
REFINEMENT_AXIOM RiscvRefinement.Air.Bridge.Addi.sourceLimbs_of_constraints Quot.sound
REFINEMENT_THEOREM RiscvRefinement.Publication.TeamB.LoadStore.DirectEquations.halfLoadLow1
REFINEMENT_THEOREM RiscvRefinement.Opcodes.DivHoldsWithoutDestinationLimb0.specialExclusive
REFINEMENT_THEOREM RiscvRefinement.Air.Bridge.BaseAluReg.ProductionRefinement.source2Value
REFINEMENT_AXIOM RiscvRefinement.Air.Bridge.BaseAluReg.ProductionRefinement.source2Value propext
REFINEMENT_AXIOM RiscvRefinement.Air.Bridge.BaseAluReg.ProductionRefinement.source2Value Quot.sound
REFINEMENT_THEOREM RiscvRefinement.WordBytes.eq_of_limbs
REFINEMENT_AXIOM RiscvRefinement.WordBytes.eq_of_limbs propext
REFINEMENT_THEOREM RiscvRefinement.Opcodes.word_of_nonnegative_byte
REFINEMENT_AXIOM RiscvRefinement.Opcodes.word_of_nonnegative_byte propext
REFINEMENT_AXIOM RiscvRefinement.Opcodes.word_of_nonnegative_byte Quot.sound
REFINEMENT_AXIOM RiscvRefinement.Opcodes.word_of_nonnegative_byte Classical.choice
REFINEMENT_THEOREM RiscvRefinement.Publication.TeamB.MulhDiv.Division.productRecurrence6Regroup
REFINEMENT_AXIOM RiscvRefinement.Publication.TeamB.MulhDiv.Division.productRecurrence6Regroup propext
REFINEMENT_THEOREM RiscvRefinement.Publication.TeamB.MulhDiv.HighMultiply.ExactFixedProjection.carry1
REFINEMENT_AXIOM RiscvRefinement.Publication.TeamB.MulhDiv.HighMultiply.ExactFixedProjection.carry1 propext
REFINEMENT_AXIOM RiscvRefinement.Publication.TeamB.MulhDiv.HighMultiply.ExactFixedProjection.carry1 Quot.sound
REFINEMENT_THEOREM RiscvRefinement.Air.Bridge.Fence.constraintsHold
REFINEMENT_AXIOM RiscvRefinement.Air.Bridge.Fence.constraintsHold propext
REFINEMENT_AXIOM RiscvRefinement.Air.Bridge.Fence.constraintsHold Quot.sound
REFINEMENT_THEOREM RiscvRefinement.Opcodes.ByteLoadMutation.lbZeroExtendedByteRow_violates_byteSignWitness
REFINEMENT_AXIOM RiscvRefinement.Opcodes.ByteLoadMutation.lbZeroExtendedByteRow_violates_byteSignWitness propext
REFINEMENT_THEOREM RiscvRefinement.Air.Family.MulHolds.productLimb2
REFINEMENT_THEOREM RiscvRefinement.Opcodes.Jalr.Refinement.production
REFINEMENT_AXIOM RiscvRefinement.Opcodes.Jalr.Refinement.production propext
REFINEMENT_AXIOM RiscvRefinement.Opcodes.Jalr.Refinement.production Quot.sound
REFINEMENT_THEOREM RiscvRefinement.Opcodes.ByteLoadMutation.ByteLoadHoldsWithoutByteSignWitness.halfStoreLow
REFINEMENT_AXIOM RiscvRefinement.Opcodes.ByteLoadMutation.ByteLoadHoldsWithoutByteSignWitness.halfStoreLow propext
REFINEMENT_THEOREM RiscvRefinement.Opcodes.MulhHoldsWithoutSelectorSourceTwoSign.signedSourceOne
REFINEMENT_THEOREM RiscvRefinement.Air.Bridge.TeamACommon.wordBytesField_val
REFINEMENT_AXIOM RiscvRefinement.Air.Bridge.TeamACommon.wordBytesField_val propext
REFINEMENT_AXIOM RiscvRefinement.Air.Bridge.TeamACommon.wordBytesField_val Quot.sound
REFINEMENT_THEOREM RiscvRefinement.Publication.TeamB.MulhDiv.Division.productRecurrence6FieldEquation
REFINEMENT_AXIOM RiscvRefinement.Publication.TeamB.MulhDiv.Division.productRecurrence6FieldEquation propext
REFINEMENT_AXIOM RiscvRefinement.Publication.TeamB.MulhDiv.Division.productRecurrence6FieldEquation Quot.sound
REFINEMENT_THEOREM RiscvRefinement.M31.ext
REFINEMENT_AXIOM RiscvRefinement.M31.ext propext
REFINEMENT_THEOREM RiscvRefinement.Air.Bridge.signFillImage
REFINEMENT_THEOREM RiscvRefinement.Opcodes.DivHoldsWithoutScanTotal.unsignedDivisorSign
REFINEMENT_THEOREM RiscvRefinement.Publication.TeamB.Shifts.ImmAdmission.sourcePreviousBound
REFINEMENT_THEOREM RiscvRefinement.Air.Bridge.Jal.ProductionRefinement.link
REFINEMENT_AXIOM RiscvRefinement.Air.Bridge.Jal.ProductionRefinement.link propext
REFINEMENT_AXIOM RiscvRefinement.Air.Bridge.Jal.ProductionRefinement.link Quot.sound
REFINEMENT_THEOREM RiscvRefinement.Opcodes.Fence.Refinement.decode
REFINEMENT_AXIOM RiscvRefinement.Opcodes.Fence.Refinement.decode propext
REFINEMENT_AXIOM RiscvRefinement.Opcodes.Fence.Refinement.decode Quot.sound
REFINEMENT_THEOREM RiscvRefinement.Arith.wrapSigned_sub
REFINEMENT_AXIOM RiscvRefinement.Arith.wrapSigned_sub propext
REFINEMENT_AXIOM RiscvRefinement.Arith.wrapSigned_sub Quot.sound
REFINEMENT_THEOREM RiscvRefinement.Air.Family.DivHolds.nextPcResult
REFINEMENT_THEOREM RiscvRefinement.Air.Bridge.LtImm.ProductionRefinement.comparisonIsArchitectural
REFINEMENT_AXIOM RiscvRefinement.Air.Bridge.LtImm.ProductionRefinement.comparisonIsArchitectural propext
REFINEMENT_AXIOM RiscvRefinement.Air.Bridge.LtImm.ProductionRefinement.comparisonIsArchitectural Quot.sound
REFINEMENT_THEOREM RiscvRefinement.Publication.TeamB.MulhDiv.Division.evalAllSymbolic_append
REFINEMENT_AXIOM RiscvRefinement.Publication.TeamB.MulhDiv.Division.evalAllSymbolic_append propext
REFINEMENT_AXIOM RiscvRefinement.Publication.TeamB.MulhDiv.Division.evalAllSymbolic_append Quot.sound
REFINEMENT_THEOREM RiscvRefinement.Opcodes.Branches.Lt.Refinement.noRegisterOrMemoryEffect
REFINEMENT_AXIOM RiscvRefinement.Opcodes.Branches.Lt.Refinement.noRegisterOrMemoryEffect propext
REFINEMENT_AXIOM RiscvRefinement.Opcodes.Branches.Lt.Refinement.noRegisterOrMemoryEffect Quot.sound
REFINEMENT_THEOREM RiscvRefinement.Opcodes.Branches.Lt.Refinement.comparison
REFINEMENT_AXIOM RiscvRefinement.Opcodes.Branches.Lt.Refinement.comparison propext
REFINEMENT_AXIOM RiscvRefinement.Opcodes.Branches.Lt.Refinement.comparison Quot.sound
REFINEMENT_THEOREM RiscvRefinement.Opcodes.SelectorNonVacuity.rem_exists
REFINEMENT_AXIOM RiscvRefinement.Opcodes.SelectorNonVacuity.rem_exists propext
REFINEMENT_AXIOM RiscvRefinement.Opcodes.SelectorNonVacuity.rem_exists Quot.sound
REFINEMENT_AXIOM RiscvRefinement.Opcodes.SelectorNonVacuity.rem_exists Classical.choice
REFINEMENT_THEOREM RiscvRefinement.Air.Bridge.divWitnessConstraintValues
REFINEMENT_AXIOM RiscvRefinement.Air.Bridge.divWitnessConstraintValues propext
REFINEMENT_AXIOM RiscvRefinement.Air.Bridge.divWitnessConstraintValues Quot.sound
REFINEMENT_THEOREM RiscvRefinement.Air.Bridge.Auipc.ProductionRefinement.stateEmission
REFINEMENT_AXIOM RiscvRefinement.Air.Bridge.Auipc.ProductionRefinement.stateEmission propext
REFINEMENT_AXIOM RiscvRefinement.Air.Bridge.Auipc.ProductionRefinement.stateEmission Quot.sound
REFINEMENT_THEOREM RiscvRefinement.Air.Bridge.mulFixedRequestsHold
REFINEMENT_AXIOM RiscvRefinement.Air.Bridge.mulFixedRequestsHold propext
REFINEMENT_AXIOM RiscvRefinement.Air.Bridge.mulFixedRequestsHold Quot.sound
REFINEMENT_THEOREM RiscvRefinement.Opcodes.DivHoldsWithoutDestinationLimb0.quotientSignBit
REFINEMENT_THEOREM RiscvRefinement.Air.Bridge.Branches.Lt.RawProductionRefinement.comparison
REFINEMENT_AXIOM RiscvRefinement.Air.Bridge.Branches.Lt.RawProductionRefinement.comparison propext
REFINEMENT_AXIOM RiscvRefinement.Air.Bridge.Branches.Lt.RawProductionRefinement.comparison Quot.sound
REFINEMENT_THEOREM RiscvRefinement.Opcodes.ByteLoadMutation.ByteLoadHoldsWithoutByteLoadExtension.clockPositive
REFINEMENT_AXIOM RiscvRefinement.Opcodes.ByteLoadMutation.ByteLoadHoldsWithoutByteLoadExtension.clockPositive propext
REFINEMENT_THEOREM RiscvRefinement.Air.Bridge.loadStoreConstraintValues
REFINEMENT_AXIOM RiscvRefinement.Air.Bridge.loadStoreConstraintValues propext
REFINEMENT_AXIOM RiscvRefinement.Air.Bridge.loadStoreConstraintValues Quot.sound
REFINEMENT_THEOREM RiscvRefinement.Opcodes.Jal.jalX0Exists
REFINEMENT_AXIOM RiscvRefinement.Opcodes.Jal.jalX0Exists propext
REFINEMENT_AXIOM RiscvRefinement.Opcodes.Jal.jalX0Exists Quot.sound
REFINEMENT_AXIOM RiscvRefinement.Opcodes.Jal.jalX0Exists Classical.choice
REFINEMENT_THEOREM RiscvRefinement.Air.Family.LoadStoreHolds.byteLoadExtension
REFINEMENT_AXIOM RiscvRefinement.Air.Family.LoadStoreHolds.byteLoadExtension propext
REFINEMENT_THEOREM RiscvRefinement.Air.Bridge.BaseAluReg.ProductionRefinement.resultValue
REFINEMENT_AXIOM RiscvRefinement.Air.Bridge.BaseAluReg.ProductionRefinement.resultValue propext
REFINEMENT_AXIOM RiscvRefinement.Air.Bridge.BaseAluReg.ProductionRefinement.resultValue Quot.sound
REFINEMENT_THEOREM RiscvRefinement.Opcodes.StoreMutation.StoreHoldsWithoutHalfStoreHigh.clockPositive
REFINEMENT_AXIOM RiscvRefinement.Opcodes.StoreMutation.StoreHoldsWithoutHalfStoreHigh.clockPositive propext
REFINEMENT_THEOREM RiscvRefinement.Opcodes.Jal.Refinement.noMemoryEffect
REFINEMENT_AXIOM RiscvRefinement.Opcodes.Jal.Refinement.noMemoryEffect propext
REFINEMENT_AXIOM RiscvRefinement.Opcodes.Jal.Refinement.noMemoryEffect Quot.sound
REFINEMENT_THEOREM RiscvRefinement.Opcodes.DivHoldsWithoutNegationRecurrence.nextPcResult
REFINEMENT_THEOREM RiscvRefinement.Opcodes.StoreMutation.StoreHoldsWithoutByteStoreSelect.byteSignWitness
REFINEMENT_AXIOM RiscvRefinement.Opcodes.StoreMutation.StoreHoldsWithoutByteStoreSelect.byteSignWitness propext
REFINEMENT_THEOREM RiscvRefinement.Opcodes.DivHoldsWithoutDestinationLimb0.sourceTwoLimb0
REFINEMENT_THEOREM RiscvRefinement.Opcodes.MulhHoldsWithoutSourceOneSignBinding.sourceOneLimb0
REFINEMENT_THEOREM RiscvRefinement.Opcodes.lwSwappedBytesRow_satisfies
REFINEMENT_AXIOM RiscvRefinement.Opcodes.lwSwappedBytesRow_satisfies propext
REFINEMENT_THEOREM RiscvRefinement.Air.Family.MulhHolds.destinationLimb1
REFINEMENT_THEOREM RiscvRefinement.Decode.encode_divu_is_canonical
REFINEMENT_AXIOM RiscvRefinement.Decode.encode_divu_is_canonical propext
REFINEMENT_AXIOM RiscvRefinement.Decode.encode_divu_is_canonical Quot.sound
REFINEMENT_THEOREM RiscvRefinement.Air.Bridge.mulhConstraintValues
REFINEMENT_AXIOM RiscvRefinement.Air.Bridge.mulhConstraintValues propext
REFINEMENT_AXIOM RiscvRefinement.Air.Bridge.mulhConstraintValues Quot.sound
REFINEMENT_THEOREM RiscvRefinement.Opcodes.store_refines
REFINEMENT_AXIOM RiscvRefinement.Opcodes.store_refines propext
REFINEMENT_AXIOM RiscvRefinement.Opcodes.store_refines Quot.sound
REFINEMENT_AXIOM RiscvRefinement.Opcodes.store_refines Classical.choice
REFINEMENT_THEOREM RiscvRefinement.Air.Family.MulHolds.destinationLimb2
REFINEMENT_THEOREM RiscvRefinement.Air.Bridge.Jalr.ExactLookups.program
REFINEMENT_AXIOM RiscvRefinement.Air.Bridge.Jalr.ExactLookups.program propext
REFINEMENT_AXIOM RiscvRefinement.Air.Bridge.Jalr.ExactLookups.program Quot.sound
REFINEMENT_THEOREM RiscvRefinement.Air.Bridge.Branches.Eq.rawSelectorAccepted
REFINEMENT_AXIOM RiscvRefinement.Air.Bridge.Branches.Eq.rawSelectorAccepted propext
REFINEMENT_AXIOM RiscvRefinement.Air.Bridge.Branches.Eq.rawSelectorAccepted Quot.sound
REFINEMENT_THEOREM RiscvRefinement.Air.Bridge.Jalr.additionRecurrenceValue
REFINEMENT_AXIOM RiscvRefinement.Air.Bridge.Jalr.additionRecurrenceValue propext
REFINEMENT_AXIOM RiscvRefinement.Air.Bridge.Jalr.additionRecurrenceValue Quot.sound
REFINEMENT_THEOREM RiscvRefinement.Air.Bridge.Jalr.exactProgramIdentity
REFINEMENT_THEOREM RiscvRefinement.Opcodes.LoadStoreHoldsWithoutPartialStorePreserve.halfLoadHigh
REFINEMENT_AXIOM RiscvRefinement.Opcodes.LoadStoreHoldsWithoutPartialStorePreserve.halfLoadHigh propext
REFINEMENT_THEOREM RiscvRefinement.Opcodes.shiftHolds_weakens_leftLowByte
REFINEMENT_THEOREM RiscvRefinement.Publication.TeamB.MulhDiv.Division.unsignedSignOfEquation
REFINEMENT_THEOREM RiscvRefinement.Opcodes.DivHoldsWithoutSignXorDefinition.scanMarker2
REFINEMENT_THEOREM RiscvRefinement.Opcodes.Branches.Lt.bltu_selector_theorem
REFINEMENT_AXIOM RiscvRefinement.Opcodes.Branches.Lt.bltu_selector_theorem propext
REFINEMENT_AXIOM RiscvRefinement.Opcodes.Branches.Lt.bltu_selector_theorem Quot.sound
REFINEMENT_THEOREM RiscvRefinement.Opcodes.slli_retires_shamt_shift
REFINEMENT_AXIOM RiscvRefinement.Opcodes.slli_retires_shamt_shift propext
REFINEMENT_AXIOM RiscvRefinement.Opcodes.slli_retires_shamt_shift Quot.sound
REFINEMENT_THEOREM RiscvRefinement.Opcodes.slliFreeAmountRow_refutes
REFINEMENT_THEOREM RiscvRefinement.Air.Bridge.LtImm.expectedImmediateKey
REFINEMENT_AXIOM RiscvRefinement.Air.Bridge.LtImm.expectedImmediateKey propext
REFINEMENT_AXIOM RiscvRefinement.Air.Bridge.LtImm.expectedImmediateKey Quot.sound
REFINEMENT_THEOREM RiscvRefinement.Opcodes.sbClobbersRow_refutes
REFINEMENT_AXIOM RiscvRefinement.Opcodes.sbClobbersRow_refutes propext
REFINEMENT_THEOREM RiscvRefinement.Opcodes.LoadStoreHoldsWithoutByteSignWitness.byteShiftAmount
REFINEMENT_AXIOM RiscvRefinement.Opcodes.LoadStoreHoldsWithoutByteSignWitness.byteShiftAmount propext
REFINEMENT_THEOREM RiscvRefinement.Air.Family.bit_markers_hot
REFINEMENT_AXIOM RiscvRefinement.Air.Family.bit_markers_hot propext
REFINEMENT_AXIOM RiscvRefinement.Air.Family.bit_markers_hot Quot.sound
REFINEMENT_THEOREM RiscvRefinement.Opcodes.NonVacuity.lhWrap_holds
REFINEMENT_AXIOM RiscvRefinement.Opcodes.NonVacuity.lhWrap_holds propext
REFINEMENT_THEOREM RiscvRefinement.Opcodes.sw_flags
REFINEMENT_AXIOM RiscvRefinement.Opcodes.sw_flags propext
REFINEMENT_THEOREM RiscvRefinement.Opcodes.MulhHoldsWithoutSourceOneSignBinding.productLimb0
REFINEMENT_THEOREM RiscvRefinement.Opcodes.DivHoldsWithoutNegationRecurrence.sourceOneLimb1
REFINEMENT_THEOREM RiscvRefinement.Opcodes.LoadStoreHoldsWithoutHalfLoadHigh.halfMarkerSum
REFINEMENT_AXIOM RiscvRefinement.Opcodes.LoadStoreHoldsWithoutHalfLoadHigh.halfMarkerSum propext
REFINEMENT_THEOREM RiscvRefinement.Opcodes.shiftHolds_weakens_rightLowByte
REFINEMENT_THEOREM RiscvRefinement.Opcodes.Lt.Reg.sltu_selectorAccepted
REFINEMENT_AXIOM RiscvRefinement.Opcodes.Lt.Reg.sltu_selectorAccepted propext
REFINEMENT_AXIOM RiscvRefinement.Opcodes.Lt.Reg.sltu_selectorAccepted Quot.sound
REFINEMENT_THEOREM RiscvRefinement.Opcodes.DivHoldsWithoutProductRecurrence.ltDiffUpper
REFINEMENT_THEOREM RiscvRefinement.Publication.TeamA.selectors_nodup
REFINEMENT_THEOREM RiscvRefinement.Opcodes.MulHoldsWithoutProductLimb0.sourceOneClock
REFINEMENT_THEOREM RiscvRefinement.Air.Bridge.LtReg.normalizedKeys
REFINEMENT_AXIOM RiscvRefinement.Air.Bridge.LtReg.normalizedKeys propext
REFINEMENT_AXIOM RiscvRefinement.Air.Bridge.LtReg.normalizedKeys Quot.sound
REFINEMENT_THEOREM RiscvRefinement.Air.Bridge.Auipc.Acceptance.constraints
REFINEMENT_AXIOM RiscvRefinement.Air.Bridge.Auipc.Acceptance.constraints propext
REFINEMENT_AXIOM RiscvRefinement.Air.Bridge.Auipc.Acceptance.constraints Quot.sound
REFINEMENT_THEOREM RiscvRefinement.Opcodes.DivEnvironment.pcBinds
REFINEMENT_THEOREM RiscvRefinement.Air.Bridge.DivCircuit.localise_value_eq_evalNodes
REFINEMENT_AXIOM RiscvRefinement.Air.Bridge.DivCircuit.localise_value_eq_evalNodes propext
REFINEMENT_AXIOM RiscvRefinement.Air.Bridge.DivCircuit.localise_value_eq_evalNodes Quot.sound
REFINEMENT_THEOREM RiscvRefinement.Opcodes.StoreMutation.StoreHoldsWithoutStoreResultZeroOnStores.halfLoadLow
REFINEMENT_AXIOM RiscvRefinement.Opcodes.StoreMutation.StoreHoldsWithoutStoreResultZeroOnStores.halfLoadLow propext
REFINEMENT_THEOREM RiscvRefinement.Opcodes.StoreRefinement.memoryEmit
REFINEMENT_AXIOM RiscvRefinement.Opcodes.StoreRefinement.memoryEmit propext
REFINEMENT_AXIOM RiscvRefinement.Opcodes.StoreRefinement.memoryEmit Quot.sound
REFINEMENT_THEOREM RiscvRefinement.Air.Family.div_unsigned_extensions
REFINEMENT_AXIOM RiscvRefinement.Air.Family.div_unsigned_extensions propext
REFINEMENT_THEOREM RiscvRefinement.Air.Bridge.Auipc.ProductionRefinement.noSourceProjection
REFINEMENT_AXIOM RiscvRefinement.Air.Bridge.Auipc.ProductionRefinement.noSourceProjection propext
REFINEMENT_AXIOM RiscvRefinement.Air.Bridge.Auipc.ProductionRefinement.noSourceProjection Quot.sound
REFINEMENT_THEOREM RiscvRefinement.Arith.signedValue_lower
REFINEMENT_AXIOM RiscvRefinement.Arith.signedValue_lower propext
REFINEMENT_AXIOM RiscvRefinement.Arith.signedValue_lower Quot.sound
REFINEMENT_THEOREM RiscvRefinement.Opcodes.LhRefinement.memoryConsume
REFINEMENT_AXIOM RiscvRefinement.Opcodes.LhRefinement.memoryConsume propext
REFINEMENT_AXIOM RiscvRefinement.Opcodes.LhRefinement.memoryConsume Quot.sound
REFINEMENT_THEOREM RiscvRefinement.Air.Bridge.Branches.Lt.rawConstraintRootZero
REFINEMENT_AXIOM RiscvRefinement.Air.Bridge.Branches.Lt.rawConstraintRootZero propext
REFINEMENT_AXIOM RiscvRefinement.Air.Bridge.Branches.Lt.rawConstraintRootZero Quot.sound
REFINEMENT_THEOREM RiscvRefinement.Opcodes.LoadStoreHoldsWithoutWordLoad.alignedQuarterRange
REFINEMENT_AXIOM RiscvRefinement.Opcodes.LoadStoreHoldsWithoutWordLoad.alignedQuarterRange propext
REFINEMENT_THEOREM RiscvRefinement.Air.Bridge.Branches.Eq.ProductionRefinement.nextClock
REFINEMENT_AXIOM RiscvRefinement.Air.Bridge.Branches.Eq.ProductionRefinement.nextClock propext
REFINEMENT_AXIOM RiscvRefinement.Air.Bridge.Branches.Eq.ProductionRefinement.nextClock Quot.sound
REFINEMENT_THEOREM RiscvRefinement.Opcodes.lui_zero_destination_production_nonvacuous
REFINEMENT_AXIOM RiscvRefinement.Opcodes.lui_zero_destination_production_nonvacuous propext
REFINEMENT_AXIOM RiscvRefinement.Opcodes.lui_zero_destination_production_nonvacuous Quot.sound
REFINEMENT_AXIOM RiscvRefinement.Opcodes.lui_zero_destination_production_nonvacuous Classical.choice
REFINEMENT_THEOREM RiscvRefinement.Air.Bridge.Branches.Eq.selectorAccepted
REFINEMENT_AXIOM RiscvRefinement.Air.Bridge.Branches.Eq.selectorAccepted propext
REFINEMENT_AXIOM RiscvRefinement.Air.Bridge.Branches.Eq.selectorAccepted Quot.sound
REFINEMENT_THEOREM RiscvRefinement.Air.Bridge.BaseAluImm.Admission.sourcePreviousBound
REFINEMENT_THEOREM RiscvRefinement.Air.Bridge.BaseAluImm.ProductionRefinement.resultHigh
REFINEMENT_AXIOM RiscvRefinement.Air.Bridge.BaseAluImm.ProductionRefinement.resultHigh propext
REFINEMENT_AXIOM RiscvRefinement.Air.Bridge.BaseAluImm.ProductionRefinement.resultHigh Quot.sound
REFINEMENT_THEOREM RiscvRefinement.Opcodes.AuipcMutation.originalSound
REFINEMENT_AXIOM RiscvRefinement.Opcodes.AuipcMutation.originalSound propext
REFINEMENT_AXIOM RiscvRefinement.Opcodes.AuipcMutation.originalSound Quot.sound
REFINEMENT_THEOREM RiscvRefinement.Air.Family.LoadStoreAddressRange.field_quarter_decomposition
REFINEMENT_AXIOM RiscvRefinement.Air.Family.LoadStoreAddressRange.field_quarter_decomposition propext
REFINEMENT_AXIOM RiscvRefinement.Air.Family.LoadStoreAddressRange.field_quarter_decomposition Quot.sound
REFINEMENT_THEOREM RiscvRefinement.Opcodes.DivHoldsWithoutZeroDivisorQuotient0.specialExclusive
REFINEMENT_THEOREM RiscvRefinement.Air.Generated.Programs.fenceSymbolicCertificate
REFINEMENT_AXIOM RiscvRefinement.Air.Generated.Programs.fenceSymbolicCertificate propext
REFINEMENT_AXIOM RiscvRefinement.Air.Generated.Programs.fenceSymbolicCertificate Quot.sound
REFINEMENT_THEOREM RiscvRefinement.Opcodes.DivHoldsWithoutUnsignedDivisorSign.sourceTwoClock
REFINEMENT_THEOREM RiscvRefinement.Air.Generated.Programs.remuSymbolicCertificate
REFINEMENT_AXIOM RiscvRefinement.Air.Generated.Programs.remuSymbolicCertificate propext
REFINEMENT_AXIOM RiscvRefinement.Air.Generated.Programs.remuSymbolicCertificate Quot.sound
REFINEMENT_THEOREM RiscvRefinement.Opcodes.BaseAluImm.exactProgramTuple
REFINEMENT_AXIOM RiscvRefinement.Opcodes.BaseAluImm.exactProgramTuple propext
REFINEMENT_AXIOM RiscvRefinement.Opcodes.BaseAluImm.exactProgramTuple Quot.sound
REFINEMENT_THEOREM RiscvRefinement.Publication.TeamB.MulhDiv.Division.nodeMulOfAbsolute
REFINEMENT_AXIOM RiscvRefinement.Publication.TeamB.MulhDiv.Division.nodeMulOfAbsolute propext
REFINEMENT_AXIOM RiscvRefinement.Publication.TeamB.MulhDiv.Division.nodeMulOfAbsolute Quot.sound
REFINEMENT_THEOREM RiscvRefinement.Air.Bridge.divProgramCompiled_eq_localise
REFINEMENT_THEOREM RiscvRefinement.Publication.TeamB.MulhDiv.carryEquationOfField
REFINEMENT_AXIOM RiscvRefinement.Publication.TeamB.MulhDiv.carryEquationOfField propext
REFINEMENT_AXIOM RiscvRefinement.Publication.TeamB.MulhDiv.carryEquationOfField Quot.sound
REFINEMENT_THEOREM RiscvRefinement.Publication.TeamB.MulhDiv.Division.SelectorAdmission.manifest
REFINEMENT_AXIOM RiscvRefinement.Publication.TeamB.MulhDiv.Division.SelectorAdmission.manifest propext
REFINEMENT_AXIOM RiscvRefinement.Publication.TeamB.MulhDiv.Division.SelectorAdmission.manifest Quot.sound
REFINEMENT_THEOREM RiscvRefinement.Opcodes.LoadStoreHoldsWithoutStoreResultZero.byteLoadExtension
REFINEMENT_AXIOM RiscvRefinement.Opcodes.LoadStoreHoldsWithoutStoreResultZero.byteLoadExtension propext
REFINEMENT_THEOREM RiscvRefinement.Opcodes.LtMutation.Reg.original_sound
REFINEMENT_AXIOM RiscvRefinement.Opcodes.LtMutation.Reg.original_sound propext
REFINEMENT_AXIOM RiscvRefinement.Opcodes.LtMutation.Reg.original_sound Quot.sound
REFINEMENT_THEOREM RiscvRefinement.Publication.TeamA.Control.jal_accepted_air_implies_retirement
REFINEMENT_AXIOM RiscvRefinement.Publication.TeamA.Control.jal_accepted_air_implies_retirement propext
REFINEMENT_AXIOM RiscvRefinement.Publication.TeamA.Control.jal_accepted_air_implies_retirement Quot.sound
REFINEMENT_AXIOM RiscvRefinement.Publication.TeamA.Control.jal_accepted_air_implies_retirement Classical.choice
REFINEMENT_THEOREM RiscvRefinement.Air.Family.MulHolds.productLimb3
REFINEMENT_THEOREM RiscvRefinement.Publication.TeamB.LoadStore.Admission.pcBound
REFINEMENT_THEOREM RiscvRefinement.Air.Family.mulhProductRecurrence
REFINEMENT_AXIOM RiscvRefinement.Air.Family.mulhProductRecurrence propext
REFINEMENT_AXIOM RiscvRefinement.Air.Family.mulhProductRecurrence Quot.sound
REFINEMENT_THEOREM RiscvRefinement.Decode.encode_sltiu_is_canonical
REFINEMENT_AXIOM RiscvRefinement.Decode.encode_sltiu_is_canonical propext
REFINEMENT_AXIOM RiscvRefinement.Decode.encode_sltiu_is_canonical Quot.sound
REFINEMENT_THEOREM RiscvRefinement.Opcodes.LoadStoreHoldsWithoutStoreResultZero.halfLoadHigh
REFINEMENT_AXIOM RiscvRefinement.Opcodes.LoadStoreHoldsWithoutStoreResultZero.halfLoadHigh propext
REFINEMENT_THEOREM RiscvRefinement.Opcodes.LtMutation.Imm.sltiu_wrongManifest_satisfies
REFINEMENT_AXIOM RiscvRefinement.Opcodes.LtMutation.Imm.sltiu_wrongManifest_satisfies propext
REFINEMENT_AXIOM RiscvRefinement.Opcodes.LtMutation.Imm.sltiu_wrongManifest_satisfies Quot.sound
REFINEMENT_THEOREM RiscvRefinement.Opcodes.MulhHoldsWithoutSourceOneSignBinding.sourceTwoLimb3
REFINEMENT_THEOREM RiscvRefinement.Air.Family.MulhHolds.unsignedSourceTwo
REFINEMENT_THEOREM RiscvRefinement.Air.Bridge.Branches.Lt.RawProductionRefinement.lookups
REFINEMENT_AXIOM RiscvRefinement.Air.Bridge.Branches.Lt.RawProductionRefinement.lookups propext
REFINEMENT_AXIOM RiscvRefinement.Air.Bridge.Branches.Lt.RawProductionRefinement.lookups Quot.sound
REFINEMENT_THEOREM RiscvRefinement.Opcodes.LoadMutationWord.HoldsWithoutHalfLoadExtension.halfSignWitness
REFINEMENT_AXIOM RiscvRefinement.Opcodes.LoadMutationWord.HoldsWithoutHalfLoadExtension.halfSignWitness propext
REFINEMENT_THEOREM RiscvRefinement.Air.Bridge.Branches.Eq.RawAdmission.control
REFINEMENT_AXIOM RiscvRefinement.Air.Bridge.Branches.Eq.RawAdmission.control propext
REFINEMENT_AXIOM RiscvRefinement.Air.Bridge.Branches.Eq.RawAdmission.control Quot.sound
REFINEMENT_THEOREM RiscvRefinement.Opcodes.LtMutation.Reg.slt_wrongManifest_satisfies
REFINEMENT_AXIOM RiscvRefinement.Opcodes.LtMutation.Reg.slt_wrongManifest_satisfies propext
REFINEMENT_AXIOM RiscvRefinement.Opcodes.LtMutation.Reg.slt_wrongManifest_satisfies Quot.sound
REFINEMENT_THEOREM RiscvRefinement.Air.Bridge.Addi.carryRecurrence_of_constraints
REFINEMENT_AXIOM RiscvRefinement.Air.Bridge.Addi.carryRecurrence_of_constraints propext
REFINEMENT_AXIOM RiscvRefinement.Air.Bridge.Addi.carryRecurrence_of_constraints Quot.sound
REFINEMENT_THEOREM RiscvRefinement.Opcodes.immFieldValue_neg
REFINEMENT_AXIOM RiscvRefinement.Opcodes.immFieldValue_neg propext
REFINEMENT_THEOREM RiscvRefinement.Opcodes.DivHoldsWithoutScanTotal.negationRecurrence
REFINEMENT_THEOREM RiscvRefinement.Opcodes.DivHoldsWithoutDividendSignBit.remainderZeroLimb0
REFINEMENT_THEOREM RiscvRefinement.Opcodes.JalrMutation.wrongStateEmit_strictly_weaker
REFINEMENT_AXIOM RiscvRefinement.Opcodes.JalrMutation.wrongStateEmit_strictly_weaker propext
REFINEMENT_AXIOM RiscvRefinement.Opcodes.JalrMutation.wrongStateEmit_strictly_weaker Quot.sound
REFINEMENT_AXIOM RiscvRefinement.Opcodes.JalrMutation.wrongStateEmit_strictly_weaker Classical.choice
REFINEMENT_THEOREM RiscvRefinement.Opcodes.DivHoldsWithoutScanTotal.zeroDivisorQuotient3
REFINEMENT_THEOREM RiscvRefinement.Opcodes.StoreMutation.StoreHoldsWithoutByteStoreSelect.alignedQuarterRange
REFINEMENT_AXIOM RiscvRefinement.Opcodes.StoreMutation.StoreHoldsWithoutByteStoreSelect.alignedQuarterRange propext
REFINEMENT_THEOREM RiscvRefinement.Air.Bridge.Addi.sourceClockRequestHolds_iff
REFINEMENT_AXIOM RiscvRefinement.Air.Bridge.Addi.sourceClockRequestHolds_iff propext
REFINEMENT_AXIOM RiscvRefinement.Air.Bridge.Addi.sourceClockRequestHolds_iff Quot.sound
REFINEMENT_THEOREM RiscvRefinement.Opcodes.divWitnessNegativeRemainder_holds
REFINEMENT_THEOREM RiscvRefinement.Opcodes.DivHoldsWithoutUnsignedDivisorSign.remainderZeroLimb1
REFINEMENT_THEOREM RiscvRefinement.Opcodes.loadStoreHolds_preserves_memory_word
REFINEMENT_AXIOM RiscvRefinement.Opcodes.loadStoreHolds_preserves_memory_word propext
REFINEMENT_THEOREM RiscvRefinement.Arith.remainderUnsigned_zero
REFINEMENT_AXIOM RiscvRefinement.Arith.remainderUnsigned_zero propext
REFINEMENT_THEOREM RiscvRefinement.Opcodes.ShiftsRegHoldsWithoutSecondSourceReadOnly.shiftAmountBinds
REFINEMENT_THEOREM RiscvRefinement.Air.Family.ShiftRow.multiplier_pos
REFINEMENT_AXIOM RiscvRefinement.Air.Family.ShiftRow.multiplier_pos propext
REFINEMENT_AXIOM RiscvRefinement.Air.Family.ShiftRow.multiplier_pos Quot.sound
REFINEMENT_THEOREM RiscvRefinement.Opcodes.MulhHoldsWithoutSourceOneSignBinding.productLimb3
REFINEMENT_THEOREM RiscvRefinement.Opcodes.StoreRefinement.baseEmit
REFINEMENT_AXIOM RiscvRefinement.Opcodes.StoreRefinement.baseEmit propext
REFINEMENT_AXIOM RiscvRefinement.Opcodes.StoreRefinement.baseEmit Quot.sound
REFINEMENT_THEOREM RiscvRefinement.Air.Family.MulhHolds.sourceTwoClock
REFINEMENT_THEOREM RiscvRefinement.Opcodes.LuiRefinement.destinationConsume
REFINEMENT_AXIOM RiscvRefinement.Opcodes.LuiRefinement.destinationConsume propext
REFINEMENT_AXIOM RiscvRefinement.Opcodes.LuiRefinement.destinationConsume Quot.sound
REFINEMENT_THEOREM RiscvRefinement.Opcodes.DivHoldsWithoutDestinationLimb0.absSameLimb2
REFINEMENT_THEOREM RiscvRefinement.Air.Bridge.Jalr.exampleAcceptance
REFINEMENT_AXIOM RiscvRefinement.Air.Bridge.Jalr.exampleAcceptance propext
REFINEMENT_AXIOM RiscvRefinement.Air.Bridge.Jalr.exampleAcceptance Quot.sound
REFINEMENT_THEOREM RiscvRefinement.Publication.TeamB.MulhDiv.Division.ExactFixedProjection.sourceTwoClock
REFINEMENT_AXIOM RiscvRefinement.Publication.TeamB.MulhDiv.Division.ExactFixedProjection.sourceTwoClock propext
REFINEMENT_AXIOM RiscvRefinement.Publication.TeamB.MulhDiv.Division.ExactFixedProjection.sourceTwoClock Quot.sound
REFINEMENT_THEOREM RiscvRefinement.Opcodes.sllFreeLowByteRow_refutes
REFINEMENT_THEOREM RiscvRefinement.Opcodes.DivHoldsWithoutDividendSignBit.sourceTwoLimb1
REFINEMENT_THEOREM RiscvRefinement.Publication.TeamB.MulhDiv.Division.DirectEquationsE.absSame3
REFINEMENT_THEOREM RiscvRefinement.Publication.TeamB.Shifts.RegPublicationResult.selectorIdentity
REFINEMENT_AXIOM RiscvRefinement.Publication.TeamB.Shifts.RegPublicationResult.selectorIdentity propext
REFINEMENT_AXIOM RiscvRefinement.Publication.TeamB.Shifts.RegPublicationResult.selectorIdentity Quot.sound
REFINEMENT_THEOREM RiscvRefinement.Publication.TeamB.MulhDiv.Division.DirectEquationsA.zeroQuotient2
REFINEMENT_THEOREM RiscvRefinement.Air.Bridge.Auipc.ProductionRefinement.immediateFixed
REFINEMENT_AXIOM RiscvRefinement.Air.Bridge.Auipc.ProductionRefinement.immediateFixed propext
REFINEMENT_AXIOM RiscvRefinement.Air.Bridge.Auipc.ProductionRefinement.immediateFixed Quot.sound
REFINEMENT_THEOREM RiscvRefinement.Opcodes.ShiftsImmEnvironment.pcBinds
REFINEMENT_AXIOM RiscvRefinement.Opcodes.ShiftsImmEnvironment.pcBinds propext
REFINEMENT_AXIOM RiscvRefinement.Opcodes.ShiftsImmEnvironment.pcBinds Quot.sound
REFINEMENT_THEOREM RiscvRefinement.Opcodes.ShiftsImmEnvironment.destinationBinds
REFINEMENT_AXIOM RiscvRefinement.Opcodes.ShiftsImmEnvironment.destinationBinds propext
REFINEMENT_AXIOM RiscvRefinement.Opcodes.ShiftsImmEnvironment.destinationBinds Quot.sound
REFINEMENT_THEOREM RiscvRefinement.Publication.TeamA.Control.FenceAcceptance.constraints
REFINEMENT_AXIOM RiscvRefinement.Publication.TeamA.Control.FenceAcceptance.constraints propext
REFINEMENT_AXIOM RiscvRefinement.Publication.TeamA.Control.FenceAcceptance.constraints Quot.sound
REFINEMENT_THEOREM RiscvRefinement.Air.Bridge.Jalr.AirEquations.destination3
REFINEMENT_AXIOM RiscvRefinement.Air.Bridge.Jalr.AirEquations.destination3 propext
REFINEMENT_THEOREM RiscvRefinement.Publication.TeamA.Compare.slti_accepted_air_implies_retirement
REFINEMENT_AXIOM RiscvRefinement.Publication.TeamA.Compare.slti_accepted_air_implies_retirement propext
REFINEMENT_AXIOM RiscvRefinement.Publication.TeamA.Compare.slti_accepted_air_implies_retirement Quot.sound
REFINEMENT_THEOREM RiscvRefinement.Air.Family.DivHolds.unsignedDivisorSign
REFINEMENT_THEOREM RiscvRefinement.Opcodes.LoadStoreHoldsWithoutPartialStorePreserve.byteMarkerSum
REFINEMENT_AXIOM RiscvRefinement.Opcodes.LoadStoreHoldsWithoutPartialStorePreserve.byteMarkerSum propext
REFINEMENT_THEOREM RiscvRefinement.Air.Family.shift_right_signed_value
REFINEMENT_AXIOM RiscvRefinement.Air.Family.shift_right_signed_value propext
REFINEMENT_AXIOM RiscvRefinement.Air.Family.shift_right_signed_value Quot.sound
REFINEMENT_THEOREM RiscvRefinement.Publication.TeamB.Shifts.RegExactRelationProjection.destinationConsume
REFINEMENT_AXIOM RiscvRefinement.Publication.TeamB.Shifts.RegExactRelationProjection.destinationConsume propext
REFINEMENT_AXIOM RiscvRefinement.Publication.TeamB.Shifts.RegExactRelationProjection.destinationConsume Quot.sound
REFINEMENT_THEOREM RiscvRefinement.Publication.TeamB.MulhDiv.Division.node293
REFINEMENT_AXIOM RiscvRefinement.Publication.TeamB.MulhDiv.Division.node293 propext
REFINEMENT_AXIOM RiscvRefinement.Publication.TeamB.MulhDiv.Division.node293 Quot.sound
REFINEMENT_THEOREM RiscvRefinement.Publication.TeamB.MulhDiv.Division.DirectConsequences.zeroDivisorQuotientSign
REFINEMENT_THEOREM RiscvRefinement.Opcodes.swFreeResultRow_refutes
REFINEMENT_AXIOM RiscvRefinement.Opcodes.swFreeResultRow_refutes propext
REFINEMENT_AXIOM RiscvRefinement.Opcodes.swFreeResultRow_refutes Quot.sound
REFINEMENT_THEOREM RiscvRefinement.Air.Bridge.BaseAluImm.bitwiseRequestsHold
REFINEMENT_AXIOM RiscvRefinement.Air.Bridge.BaseAluImm.bitwiseRequestsHold propext
REFINEMENT_AXIOM RiscvRefinement.Air.Bridge.BaseAluImm.bitwiseRequestsHold Quot.sound
REFINEMENT_THEOREM RiscvRefinement.Publication.universalFixedTableSchemas
REFINEMENT_AXIOM RiscvRefinement.Publication.universalFixedTableSchemas propext
REFINEMENT_AXIOM RiscvRefinement.Publication.universalFixedTableSchemas Quot.sound
REFINEMENT_THEOREM RiscvRefinement.Air.Family.MulhHolds.sourceTwoLimb3
REFINEMENT_THEOREM RiscvRefinement.Opcodes.ShiftsRegHoldsWithoutSecondSourceReadOnly.nextPcResult
REFINEMENT_THEOREM RiscvRefinement.Air.Bridge.Auipc.destinationClock_of_air
REFINEMENT_AXIOM RiscvRefinement.Air.Bridge.Auipc.destinationClock_of_air propext
REFINEMENT_AXIOM RiscvRefinement.Air.Bridge.Auipc.destinationClock_of_air Quot.sound
REFINEMENT_THEOREM RiscvRefinement.Publication.TeamB.LoadStore.DirectEquations.byteLoad1
REFINEMENT_THEOREM RiscvRefinement.Air.Bridge.Jalr.immediateBytesWord
REFINEMENT_AXIOM RiscvRefinement.Air.Bridge.Jalr.immediateBytesWord propext
REFINEMENT_AXIOM RiscvRefinement.Air.Bridge.Jalr.immediateBytesWord Quot.sound
REFINEMENT_AXIOM RiscvRefinement.Air.Bridge.Jalr.immediateBytesWord Classical.choice
REFINEMENT_THEOREM RiscvRefinement.Opcodes.StoreMutation.StoreHoldsWithoutWordStore.byteLoadExtension
REFINEMENT_AXIOM RiscvRefinement.Opcodes.StoreMutation.StoreHoldsWithoutWordStore.byteLoadExtension propext
REFINEMENT_THEOREM RiscvRefinement.Opcodes.StoreMutation.StoreHoldsWithoutPartialStorePreserve.alignedQuarterRange
REFINEMENT_AXIOM RiscvRefinement.Opcodes.StoreMutation.StoreHoldsWithoutPartialStorePreserve.alignedQuarterRange propext
REFINEMENT_THEOREM RiscvRefinement.Opcodes.MulhHoldsWithoutSourceTwoSignBinding.productLimb6
REFINEMENT_THEOREM RiscvRefinement.Opcodes.BranchesMutation.bneStateProjection_mutation_theorem
REFINEMENT_AXIOM RiscvRefinement.Opcodes.BranchesMutation.bneStateProjection_mutation_theorem propext
REFINEMENT_AXIOM RiscvRefinement.Opcodes.BranchesMutation.bneStateProjection_mutation_theorem Quot.sound
REFINEMENT_THEOREM RiscvRefinement.Air.Bridge.BaseAluReg.zeroAdmission
REFINEMENT_AXIOM RiscvRefinement.Air.Bridge.BaseAluReg.zeroAdmission propext
REFINEMENT_THEOREM RiscvRefinement.Opcodes.DivHoldsWithoutDestinationLimb0.quotientSignMatches
REFINEMENT_THEOREM RiscvRefinement.Air.Bridge.Jal.destinationClockGapBound_of_fixedLookups
REFINEMENT_AXIOM RiscvRefinement.Air.Bridge.Jal.destinationClockGapBound_of_fixedLookups propext
REFINEMENT_AXIOM RiscvRefinement.Air.Bridge.Jal.destinationClockGapBound_of_fixedLookups Quot.sound
REFINEMENT_THEOREM RiscvRefinement.Air.Bridge.BaseAluReg.addOverflowAdmission
REFINEMENT_THEOREM RiscvRefinement.Air.Family.ShiftHolds.destinationFlag
REFINEMENT_THEOREM RiscvRefinement.Opcodes.Jal.Refinement.zeroRegister
REFINEMENT_AXIOM RiscvRefinement.Opcodes.Jal.Refinement.zeroRegister propext
REFINEMENT_AXIOM RiscvRefinement.Opcodes.Jal.Refinement.zeroRegister Quot.sound
REFINEMENT_THEOREM RiscvRefinement.Opcodes.LoadStoreHoldsWithoutPartialStorePreserve.wordStore
REFINEMENT_AXIOM RiscvRefinement.Opcodes.LoadStoreHoldsWithoutPartialStorePreserve.wordStore propext
REFINEMENT_THEOREM RiscvRefinement.Publication.TeamB.MulhDiv.HighMultiply.DirectConsequences.sourceOne
REFINEMENT_THEOREM RiscvRefinement.Air.Bridge.Branches.Lt.RawProductionRefinement.immediate
REFINEMENT_AXIOM RiscvRefinement.Air.Bridge.Branches.Lt.RawProductionRefinement.immediate propext
REFINEMENT_AXIOM RiscvRefinement.Air.Bridge.Branches.Lt.RawProductionRefinement.immediate Quot.sound
REFINEMENT_THEOREM RiscvRefinement.Opcodes.DivHoldsWithoutDividendSignBit.sourceTwoLimb3
REFINEMENT_THEOREM RiscvRefinement.Opcodes.StoreMutation.shRow_commits_half_store
REFINEMENT_AXIOM RiscvRefinement.Opcodes.StoreMutation.shRow_commits_half_store propext
REFINEMENT_AXIOM RiscvRefinement.Opcodes.StoreMutation.shRow_commits_half_store Quot.sound
REFINEMENT_THEOREM RiscvRefinement.Air.Bridge.wordBytesImage
REFINEMENT_AXIOM RiscvRefinement.Air.Bridge.wordBytesImage propext
REFINEMENT_AXIOM RiscvRefinement.Air.Bridge.wordBytesImage Quot.sound
REFINEMENT_THEOREM RiscvRefinement.Opcodes.MulhuRefinement.destinationEmit
REFINEMENT_AXIOM RiscvRefinement.Opcodes.MulhuRefinement.destinationEmit propext
REFINEMENT_THEOREM RiscvRefinement.Opcodes.MulhHoldsWithoutSelectorSourceTwoSign.destinationLimb2
REFINEMENT_THEOREM RiscvRefinement.Publication.TeamB.MulhDiv.Division.DirectEquationsD.negCarryBool1
REFINEMENT_THEOREM RiscvRefinement.Opcodes.LoadStoreHoldsWithoutHalfShiftId.storeResultZero
REFINEMENT_AXIOM RiscvRefinement.Opcodes.LoadStoreHoldsWithoutHalfShiftId.storeResultZero propext
REFINEMENT_THEOREM RiscvRefinement.Opcodes.MulhHoldsWithoutSourceTwoSignBinding.productLimb5
REFINEMENT_THEOREM RiscvRefinement.Opcodes.BaseAluReg.Environment.destinationBinds
REFINEMENT_THEOREM RiscvRefinement.Publication.TeamA.AcceptedAirCertificate.exactProduction
REFINEMENT_THEOREM RiscvRefinement.Publication.TeamB.MulhDiv.Division.node341
REFINEMENT_AXIOM RiscvRefinement.Publication.TeamB.MulhDiv.Division.node341 propext
REFINEMENT_AXIOM RiscvRefinement.Publication.TeamB.MulhDiv.Division.node341 Quot.sound
REFINEMENT_THEOREM RiscvRefinement.Opcodes.ShiftsRegHoldsWithoutShiftAmountBinds.destinationClock
REFINEMENT_THEOREM RiscvRefinement.Opcodes.MulhHoldsWithoutProductLimb4.destinationLimb1
REFINEMENT_THEOREM RiscvRefinement.Publication.TeamB.LoadStore.FixedConsequences.baseHighLimbRange
REFINEMENT_THEOREM RiscvRefinement.Opcodes.Lt.Imm.sltiu_nonvacuous
REFINEMENT_AXIOM RiscvRefinement.Opcodes.Lt.Imm.sltiu_nonvacuous propext
REFINEMENT_AXIOM RiscvRefinement.Opcodes.Lt.Imm.sltiu_nonvacuous Quot.sound
REFINEMENT_THEOREM RiscvRefinement.M31.toNat_zero
REFINEMENT_THEOREM RiscvRefinement.Publication.TeamB.MulhDiv.Division.FixedSemanticConsequences.productCarry0
REFINEMENT_THEOREM RiscvRefinement.Opcodes.StoreMutation.StoreHoldsWithoutHalfStoreHigh.sourceReadOnly
REFINEMENT_AXIOM RiscvRefinement.Opcodes.StoreMutation.StoreHoldsWithoutHalfStoreHigh.sourceReadOnly propext
REFINEMENT_THEOREM RiscvRefinement.Opcodes.LoadStoreEnvironment.busAddress_eq
REFINEMENT_AXIOM RiscvRefinement.Opcodes.LoadStoreEnvironment.busAddress_eq propext
REFINEMENT_AXIOM RiscvRefinement.Opcodes.LoadStoreEnvironment.busAddress_eq Quot.sound
REFINEMENT_THEOREM RiscvRefinement.Publication.TeamB.MulhDiv.Division.DirectEquationsF.scanMarker2
REFINEMENT_THEOREM RiscvRefinement.M31.mul_toNat_of_lt
REFINEMENT_AXIOM RiscvRefinement.M31.mul_toNat_of_lt propext
REFINEMENT_THEOREM RiscvRefinement.Publication.TeamB.LoadStore.lhu_exactSelectorIdentity
REFINEMENT_AXIOM RiscvRefinement.Publication.TeamB.LoadStore.lhu_exactSelectorIdentity propext
REFINEMENT_AXIOM RiscvRefinement.Publication.TeamB.LoadStore.lhu_exactSelectorIdentity Quot.sound
REFINEMENT_THEOREM RiscvRefinement.Air.Bridge.Branches.Lt.ProductionRefinement.programIdentity
REFINEMENT_AXIOM RiscvRefinement.Air.Bridge.Branches.Lt.ProductionRefinement.programIdentity propext
REFINEMENT_AXIOM RiscvRefinement.Air.Bridge.Branches.Lt.ProductionRefinement.programIdentity Quot.sound
REFINEMENT_THEOREM RiscvRefinement.Opcodes.ByteLoadMutation.lb_byte_sign_witness_is_load_bearing
REFINEMENT_AXIOM RiscvRefinement.Opcodes.ByteLoadMutation.lb_byte_sign_witness_is_load_bearing propext
REFINEMENT_AXIOM RiscvRefinement.Opcodes.ByteLoadMutation.lb_byte_sign_witness_is_load_bearing Quot.sound
REFINEMENT_AXIOM RiscvRefinement.Opcodes.ByteLoadMutation.lb_byte_sign_witness_is_load_bearing Classical.choice
REFINEMENT_THEOREM RiscvRefinement.Opcodes.Lt.Imm.signedUnsignedHighBitDistinction
REFINEMENT_THEOREM RiscvRefinement.M31.zero_add
REFINEMENT_AXIOM RiscvRefinement.M31.zero_add propext
REFINEMENT_THEOREM RiscvRefinement.Opcodes.DivHoldsWithoutUnsignedDivisorSign.absSameLimb3
REFINEMENT_THEOREM RiscvRefinement.M31.reduce_injective_of_lt
REFINEMENT_AXIOM RiscvRefinement.M31.reduce_injective_of_lt propext
REFINEMENT_THEOREM RiscvRefinement.Air.Bridge.LtReg.Admission.destinationPreviousBound
REFINEMENT_THEOREM RiscvRefinement.Opcodes.ShiftsRegEnvironment.pcBinds
REFINEMENT_AXIOM RiscvRefinement.Opcodes.ShiftsRegEnvironment.pcBinds propext
REFINEMENT_AXIOM RiscvRefinement.Opcodes.ShiftsRegEnvironment.pcBinds Quot.sound
REFINEMENT_THEOREM RiscvRefinement.Publication.TeamA.Branches.Lt.build
REFINEMENT_AXIOM RiscvRefinement.Publication.TeamA.Branches.Lt.build propext
REFINEMENT_AXIOM RiscvRefinement.Publication.TeamA.Branches.Lt.build Quot.sound
REFINEMENT_AXIOM RiscvRefinement.Publication.TeamA.Branches.Lt.build Classical.choice
REFINEMENT_THEOREM RiscvRefinement.Publication.TeamB.MulhDiv.Division.divu_accepted_air_implies_retirement
REFINEMENT_AXIOM RiscvRefinement.Publication.TeamB.MulhDiv.Division.divu_accepted_air_implies_retirement propext
REFINEMENT_AXIOM RiscvRefinement.Publication.TeamB.MulhDiv.Division.divu_accepted_air_implies_retirement Quot.sound
REFINEMENT_AXIOM RiscvRefinement.Publication.TeamB.MulhDiv.Division.divu_accepted_air_implies_retirement Classical.choice
REFINEMENT_THEOREM RiscvRefinement.Opcodes.BaseAluReg.Refinement.noMemoryEffect
REFINEMENT_AXIOM RiscvRefinement.Opcodes.BaseAluReg.Refinement.noMemoryEffect propext
REFINEMENT_AXIOM RiscvRefinement.Opcodes.BaseAluReg.Refinement.noMemoryEffect Quot.sound
REFINEMENT_THEOREM RiscvRefinement.Publication.TeamB.MulhDiv.Division.DirectConsequences.specialExclusive
REFINEMENT_THEOREM RiscvRefinement.Opcodes.StoreMutation.StoreHoldsWithoutPartialStorePreserve.wordShiftAmount
REFINEMENT_AXIOM RiscvRefinement.Opcodes.StoreMutation.StoreHoldsWithoutPartialStorePreserve.wordShiftAmount propext
REFINEMENT_THEOREM RiscvRefinement.Opcodes.LoadStoreHoldsWithoutStoreResultZero.baseClock
REFINEMENT_AXIOM RiscvRefinement.Opcodes.LoadStoreHoldsWithoutStoreResultZero.baseClock propext
REFINEMENT_THEOREM RiscvRefinement.Air.Bridge.Branches.Eq.rawSourceReadOnly
REFINEMENT_AXIOM RiscvRefinement.Air.Bridge.Branches.Eq.rawSourceReadOnly propext
REFINEMENT_AXIOM RiscvRefinement.Air.Bridge.Branches.Eq.rawSourceReadOnly Quot.sound
REFINEMENT_THEOREM RiscvRefinement.Opcodes.StoreMutation.StoreHoldsWithoutPartialStorePreserve.byteSignWitness
REFINEMENT_AXIOM RiscvRefinement.Opcodes.StoreMutation.StoreHoldsWithoutPartialStorePreserve.byteSignWitness propext
REFINEMENT_THEOREM RiscvRefinement.Opcodes.ByteLoadMutation.ByteLoadHoldsWithoutByteLoadExtension.selectorSum
REFINEMENT_AXIOM RiscvRefinement.Opcodes.ByteLoadMutation.ByteLoadHoldsWithoutByteLoadExtension.selectorSum propext
REFINEMENT_THEOREM RiscvRefinement.Opcodes.StoreMutation.sbClobberedBytesRow_satisfies
REFINEMENT_AXIOM RiscvRefinement.Opcodes.StoreMutation.sbClobberedBytesRow_satisfies propext
REFINEMENT_THEOREM RiscvRefinement.Opcodes.BaseAluReg.and_nonvacuous
REFINEMENT_AXIOM RiscvRefinement.Opcodes.BaseAluReg.and_nonvacuous propext
REFINEMENT_AXIOM RiscvRefinement.Opcodes.BaseAluReg.and_nonvacuous Quot.sound
REFINEMENT_THEOREM RiscvRefinement.Opcodes.ShiftHoldsWithoutSignIsLogicalZero.carry0Range
REFINEMENT_THEOREM RiscvRefinement.Opcodes.ShiftsImmRefinement.destinationConsume
REFINEMENT_AXIOM RiscvRefinement.Opcodes.ShiftsImmRefinement.destinationConsume propext
REFINEMENT_AXIOM RiscvRefinement.Opcodes.ShiftsImmRefinement.destinationConsume Quot.sound
REFINEMENT_THEOREM RiscvRefinement.Air.Bridge.Branches.Eq.rawConstraintsHold_eq
REFINEMENT_AXIOM RiscvRefinement.Air.Bridge.Branches.Eq.rawConstraintsHold_eq propext
REFINEMENT_AXIOM RiscvRefinement.Air.Bridge.Branches.Eq.rawConstraintsHold_eq Quot.sound
REFINEMENT_THEOREM RiscvRefinement.Publication.TeamB.MulhDiv.Division.ExactTupleProjection.destinationEmit
REFINEMENT_AXIOM RiscvRefinement.Publication.TeamB.MulhDiv.Division.ExactTupleProjection.destinationEmit propext
REFINEMENT_AXIOM RiscvRefinement.Publication.TeamB.MulhDiv.Division.ExactTupleProjection.destinationEmit Quot.sound
REFINEMENT_THEOREM RiscvRefinement.Opcodes.LoadStoreHoldsWithoutHalfLoadHigh.baseReadOnly
REFINEMENT_AXIOM RiscvRefinement.Opcodes.LoadStoreHoldsWithoutHalfLoadHigh.baseReadOnly propext
REFINEMENT_THEOREM RiscvRefinement.Publication.TeamB.LoadStore.ExactTupleProjection.destinationEmit
REFINEMENT_AXIOM RiscvRefinement.Publication.TeamB.LoadStore.ExactTupleProjection.destinationEmit propext
REFINEMENT_AXIOM RiscvRefinement.Publication.TeamB.LoadStore.ExactTupleProjection.destinationEmit Quot.sound
REFINEMENT_THEOREM RiscvRefinement.Publication.FixedTableInterpretation.bitwise
REFINEMENT_AXIOM RiscvRefinement.Publication.FixedTableInterpretation.bitwise propext
REFINEMENT_THEOREM RiscvRefinement.Air.Bridge.Fence.ProductionRefinement.stateEmit
REFINEMENT_AXIOM RiscvRefinement.Air.Bridge.Fence.ProductionRefinement.stateEmit propext
REFINEMENT_AXIOM RiscvRefinement.Air.Bridge.Fence.ProductionRefinement.stateEmit Quot.sound
REFINEMENT_THEOREM RiscvRefinement.Opcodes.DivHoldsWithoutNegationRecurrence.sourceOneLimb0
REFINEMENT_THEOREM RiscvRefinement.Opcodes.MulRefinement.retirement
REFINEMENT_AXIOM RiscvRefinement.Opcodes.MulRefinement.retirement propext
REFINEMENT_THEOREM RiscvRefinement.Arith.divideSigned_overflow
REFINEMENT_AXIOM RiscvRefinement.Arith.divideSigned_overflow propext
REFINEMENT_THEOREM RiscvRefinement.Publication.TeamB.LoadStore.DirectEquations.byteExtension3
REFINEMENT_THEOREM RiscvRefinement.Mutation.MutationControl.refutes
REFINEMENT_THEOREM RiscvRefinement.Opcodes.ShiftHoldsWithoutSignIsLogicalZero.destinationLimb3
REFINEMENT_THEOREM RiscvRefinement.Publication.TeamB.Shifts.ExactSelectorIdentity.exactProgram
REFINEMENT_AXIOM RiscvRefinement.Publication.TeamB.Shifts.ExactSelectorIdentity.exactProgram propext
REFINEMENT_AXIOM RiscvRefinement.Publication.TeamB.Shifts.ExactSelectorIdentity.exactProgram Quot.sound
REFINEMENT_THEOREM RiscvRefinement.Publication.TeamB.Multiply.constraintsHold_eq
REFINEMENT_AXIOM RiscvRefinement.Publication.TeamB.Multiply.constraintsHold_eq propext
REFINEMENT_AXIOM RiscvRefinement.Publication.TeamB.Multiply.constraintsHold_eq Quot.sound
REFINEMENT_THEOREM RiscvRefinement.Publication.TeamA.admissionProofUnique
REFINEMENT_THEOREM RiscvRefinement.Opcodes.DivHoldsWithoutScanTotal.ltDiffUpper
REFINEMENT_THEOREM RiscvRefinement.Air.Generated.AddiHolds.destinationLimb3
REFINEMENT_THEOREM RiscvRefinement.Publication.TeamB.Shifts.RegFixedConsequences.carry1
REFINEMENT_THEOREM RiscvRefinement.Publication.TeamB.MulhDiv.HighMultiply.DirectEquations.destination3
REFINEMENT_AXIOM RiscvRefinement.Publication.TeamB.MulhDiv.HighMultiply.DirectEquations.destination3 propext
REFINEMENT_THEOREM RiscvRefinement.Publication.TeamB.MulhDiv.Division.selectedFixedLookupProjection
REFINEMENT_AXIOM RiscvRefinement.Publication.TeamB.MulhDiv.Division.selectedFixedLookupProjection propext
REFINEMENT_AXIOM RiscvRefinement.Publication.TeamB.MulhDiv.Division.selectedFixedLookupProjection Quot.sound
REFINEMENT_THEOREM RiscvRefinement.Publication.TeamB.LoadStore.DirectEquations.shiftAmount
REFINEMENT_THEOREM RiscvRefinement.Opcodes.DivHoldsWithoutSignXorDefinition.remainderZeroLimb0
REFINEMENT_THEOREM RiscvRefinement.Opcodes.slli_witness_holds
REFINEMENT_AXIOM RiscvRefinement.Opcodes.slli_witness_holds propext
REFINEMENT_THEOREM RiscvRefinement.Opcodes.shiftsRegHolds_weakens_signUpperBound
REFINEMENT_THEOREM RiscvRefinement.Opcodes.StoreRefinement.busAddress
REFINEMENT_AXIOM RiscvRefinement.Opcodes.StoreRefinement.busAddress propext
REFINEMENT_AXIOM RiscvRefinement.Opcodes.StoreRefinement.busAddress Quot.sound
REFINEMENT_THEOREM RiscvRefinement.Publication.TeamB.MulhDiv.HighMultiply.Admission.destinationPreviousBound
REFINEMENT_THEOREM RiscvRefinement.Opcodes.StoreMutation.StoreHoldsWithoutStoreResultZeroOnStores.loadDestination
REFINEMENT_AXIOM RiscvRefinement.Opcodes.StoreMutation.StoreHoldsWithoutStoreResultZeroOnStores.loadDestination propext
REFINEMENT_THEOREM RiscvRefinement.Publication.TeamB.MulhDiv.Division.FixedRequests.sourceTwoClock
REFINEMENT_AXIOM RiscvRefinement.Publication.TeamB.MulhDiv.Division.FixedRequests.sourceTwoClock propext
REFINEMENT_AXIOM RiscvRefinement.Publication.TeamB.MulhDiv.Division.FixedRequests.sourceTwoClock Quot.sound
REFINEMENT_THEOREM RiscvRefinement.Publication.TeamB.MulhDiv.HighMultiply.ExactFixedProjection.carry0
REFINEMENT_AXIOM RiscvRefinement.Publication.TeamB.MulhDiv.HighMultiply.ExactFixedProjection.carry0 propext
REFINEMENT_AXIOM RiscvRefinement.Publication.TeamB.MulhDiv.HighMultiply.ExactFixedProjection.carry0 Quot.sound
REFINEMENT_THEOREM RiscvRefinement.Opcodes.ByteLoadMutation.ByteLoadHoldsWithoutByteLoadSelect.loadDestination
REFINEMENT_AXIOM RiscvRefinement.Opcodes.ByteLoadMutation.ByteLoadHoldsWithoutByteLoadSelect.loadDestination propext
REFINEMENT_THEOREM RiscvRefinement.Air.Bridge.Lui.lookup_projection
REFINEMENT_AXIOM RiscvRefinement.Air.Bridge.Lui.lookup_projection propext
REFINEMENT_AXIOM RiscvRefinement.Air.Bridge.Lui.lookup_projection Quot.sound
REFINEMENT_THEOREM RiscvRefinement.Opcodes.DivHoldsWithoutSignXorDefinition.absSameLimb2
REFINEMENT_THEOREM RiscvRefinement.Opcodes.BaseAluImm.Environment.pcBinds
REFINEMENT_THEOREM RiscvRefinement.Publication.TeamB.MulhDiv.Division.DirectEquationsA.zeroDivisor3
REFINEMENT_THEOREM RiscvRefinement.Decode.shapes_are_disjoint
REFINEMENT_AXIOM RiscvRefinement.Decode.shapes_are_disjoint propext
REFINEMENT_THEOREM RiscvRefinement.Opcodes.Auipc.refines
REFINEMENT_AXIOM RiscvRefinement.Opcodes.Auipc.refines propext
REFINEMENT_AXIOM RiscvRefinement.Opcodes.Auipc.refines Quot.sound
REFINEMENT_THEOREM RiscvRefinement.Publication.TeamB.MulhDiv.Division.node68
REFINEMENT_AXIOM RiscvRefinement.Publication.TeamB.MulhDiv.Division.node68 propext
REFINEMENT_AXIOM RiscvRefinement.Publication.TeamB.MulhDiv.Division.node68 Quot.sound
REFINEMENT_THEOREM RiscvRefinement.Opcodes.mulhUnboundSourceTwoSignRow_satisfies
REFINEMENT_AXIOM RiscvRefinement.Opcodes.mulhUnboundSourceTwoSignRow_satisfies propext
REFINEMENT_AXIOM RiscvRefinement.Opcodes.mulhUnboundSourceTwoSignRow_satisfies Quot.sound
REFINEMENT_THEOREM RiscvRefinement.Opcodes.DivHoldsWithoutZeroDivisorQuotient0.sourceTwoLimb0
REFINEMENT_THEOREM RiscvRefinement.Air.Family.DivHolds.dividendSignBit
REFINEMENT_THEOREM RiscvRefinement.Opcodes.MulhHoldsWithoutSelectorSourceTwoSign.productLimb0
REFINEMENT_THEOREM RiscvRefinement.Air.Family.ShiftHolds.carry3Range
REFINEMENT_THEOREM RiscvRefinement.Publication.TeamB.MulhDiv.Division.DirectEquationsG.destination0
REFINEMENT_THEOREM RiscvRefinement.Opcodes.DivHoldsWithoutDividendSignBit.clockPositive
REFINEMENT_THEOREM RiscvRefinement.Publication.TeamB.MulhDiv.Division.productRecurrence5ConvolutionImage
REFINEMENT_AXIOM RiscvRefinement.Publication.TeamB.MulhDiv.Division.productRecurrence5ConvolutionImage propext
REFINEMENT_THEOREM RiscvRefinement.Air.Bridge.BaseAluImm.selectorAccepted
REFINEMENT_AXIOM RiscvRefinement.Air.Bridge.BaseAluImm.selectorAccepted propext
REFINEMENT_AXIOM RiscvRefinement.Air.Bridge.BaseAluImm.selectorAccepted Quot.sound
REFINEMENT_THEOREM RiscvRefinement.Publication.TeamB.MulhDiv.Division.ScanConsequences.equal2
REFINEMENT_THEOREM RiscvRefinement.Opcodes.ShiftsImmHoldsWithoutImmediateBinds.clockPositive
REFINEMENT_THEOREM RiscvRefinement.Air.Bridge.LtImm.ProductionRefinement.projection
REFINEMENT_AXIOM RiscvRefinement.Air.Bridge.LtImm.ProductionRefinement.projection propext
REFINEMENT_AXIOM RiscvRefinement.Air.Bridge.LtImm.ProductionRefinement.projection Quot.sound
REFINEMENT_THEOREM RiscvRefinement.Publication.TeamB.MulhDiv.Division.FixedBounds.carry6Bound
REFINEMENT_THEOREM RiscvRefinement.Opcodes.remuSlackScanRow_violates_scanTotal
REFINEMENT_THEOREM RiscvRefinement.Opcodes.ShiftHoldsWithoutSignIsLogicalZero.leftMovement
REFINEMENT_THEOREM RiscvRefinement.Opcodes.DivHoldsWithoutScanTotal.scanMarker1
REFINEMENT_THEOREM RiscvRefinement.Air.Family.LoadStoreHolds.memoryAddress
REFINEMENT_AXIOM RiscvRefinement.Air.Family.LoadStoreHolds.memoryAddress propext
REFINEMENT_THEOREM RiscvRefinement.Opcodes.DivHoldsWithoutSignXorDefinition.remainderNonzero
REFINEMENT_THEOREM RiscvRefinement.Opcodes.LoadMutationWord.HoldsWithoutHalfLoadExtension.memoryClock
REFINEMENT_AXIOM RiscvRefinement.Opcodes.LoadMutationWord.HoldsWithoutHalfLoadExtension.memoryClock propext
REFINEMENT_THEOREM RiscvRefinement.Opcodes.ShiftsRegHoldsWithoutRightLowByte.shiftAmountBinds
REFINEMENT_THEOREM RiscvRefinement.Opcodes.DivRefinement.destinationConsume
REFINEMENT_THEOREM RiscvRefinement.Opcodes.MulhHoldsWithoutSourceOneSignBinding.destinationClock
REFINEMENT_THEOREM RiscvRefinement.Air.Bridge.Addi.Admission.sourcePreviousBound
REFINEMENT_THEOREM RiscvRefinement.Opcodes.Fence.Refinement.production
REFINEMENT_AXIOM RiscvRefinement.Opcodes.Fence.Refinement.production propext
REFINEMENT_AXIOM RiscvRefinement.Opcodes.Fence.Refinement.production Quot.sound
REFINEMENT_THEOREM RiscvRefinement.Publication.TeamA.Control.fence_accepted_air_implies_retirement
REFINEMENT_AXIOM RiscvRefinement.Publication.TeamA.Control.fence_accepted_air_implies_retirement propext
REFINEMENT_AXIOM RiscvRefinement.Publication.TeamA.Control.fence_accepted_air_implies_retirement Quot.sound
REFINEMENT_THEOREM RiscvRefinement.Memory.signExtendHalf_low
REFINEMENT_AXIOM RiscvRefinement.Memory.signExtendHalf_low propext
REFINEMENT_AXIOM RiscvRefinement.Memory.signExtendHalf_low Quot.sound
REFINEMENT_AXIOM RiscvRefinement.Memory.signExtendHalf_low Classical.choice
REFINEMENT_THEOREM RiscvRefinement.Opcodes.DivHoldsWithoutUnsignedDivisorSign.zeroDivisorLimb0
REFINEMENT_THEOREM RiscvRefinement.M31.ofNat?_isSome_iff
REFINEMENT_AXIOM RiscvRefinement.M31.ofNat?_isSome_iff propext
REFINEMENT_THEOREM RiscvRefinement.Opcodes.ShiftsRegHoldsWithoutRightLowByte.secondSourceClock
REFINEMENT_THEOREM RiscvRefinement.Air.Bridge.Lui.constraintsHold_iff
REFINEMENT_AXIOM RiscvRefinement.Air.Bridge.Lui.constraintsHold_iff propext
REFINEMENT_AXIOM RiscvRefinement.Air.Bridge.Lui.constraintsHold_iff Quot.sound
REFINEMENT_THEOREM RiscvRefinement.Publication.TeamB.LoadStore.ExactFixedProjection.sourceClock
REFINEMENT_AXIOM RiscvRefinement.Publication.TeamB.LoadStore.ExactFixedProjection.sourceClock propext
REFINEMENT_AXIOM RiscvRefinement.Publication.TeamB.LoadStore.ExactFixedProjection.sourceClock Quot.sound
REFINEMENT_THEOREM RiscvRefinement.Air.Family.shift_selector_hot
REFINEMENT_AXIOM RiscvRefinement.Air.Family.shift_selector_hot Classical.choice
REFINEMENT_AXIOM RiscvRefinement.Air.Family.shift_selector_hot propext
REFINEMENT_AXIOM RiscvRefinement.Air.Family.shift_selector_hot Quot.sound
REFINEMENT_THEOREM RiscvRefinement.Opcodes.DivHoldsWithoutZeroDivisorQuotient0.zeroDivisorLimb3
REFINEMENT_THEOREM RiscvRefinement.Opcodes.DivHoldsWithoutScanTotal.zeroDivisorQuotient1
REFINEMENT_THEOREM RiscvRefinement.Opcodes.sllFreeLowByteRow_has_one_wrong_byte
REFINEMENT_THEOREM RiscvRefinement.Opcodes.LuiRefinement.programTuple
REFINEMENT_AXIOM RiscvRefinement.Opcodes.LuiRefinement.programTuple propext
REFINEMENT_AXIOM RiscvRefinement.Opcodes.LuiRefinement.programTuple Quot.sound
REFINEMENT_THEOREM RiscvRefinement.Opcodes.LoadStoreHoldsWithoutHalfLoadHigh.byteShiftAmount
REFINEMENT_AXIOM RiscvRefinement.Opcodes.LoadStoreHoldsWithoutHalfLoadHigh.byteShiftAmount propext
REFINEMENT_THEOREM RiscvRefinement.Opcodes.srli_witness_holds
REFINEMENT_AXIOM RiscvRefinement.Opcodes.srli_witness_holds propext
REFINEMENT_THEOREM RiscvRefinement.Air.Bridge.M31.sub_zero
REFINEMENT_AXIOM RiscvRefinement.Air.Bridge.M31.sub_zero propext
REFINEMENT_AXIOM RiscvRefinement.Air.Bridge.M31.sub_zero Quot.sound
REFINEMENT_THEOREM RiscvRefinement.Opcodes.DivRefinement.sourceOneConsume
REFINEMENT_THEOREM RiscvRefinement.Publication.TeamB.MulhDiv.Division.node48
REFINEMENT_AXIOM RiscvRefinement.Publication.TeamB.MulhDiv.Division.node48 propext
REFINEMENT_AXIOM RiscvRefinement.Publication.TeamB.MulhDiv.Division.node48 Quot.sound
REFINEMENT_THEOREM RiscvRefinement.Air.Generated.AddiHolds.sourceClock
REFINEMENT_THEOREM RiscvRefinement.Opcodes.LoadMutationWord.HoldsWithoutHalfLoadExtension.signWitnessCanonical
REFINEMENT_AXIOM RiscvRefinement.Opcodes.LoadMutationWord.HoldsWithoutHalfLoadExtension.signWitnessCanonical propext
REFINEMENT_THEOREM RiscvRefinement.Publication.TeamA.Branches.blt_accepted_air_implies_retirement
REFINEMENT_AXIOM RiscvRefinement.Publication.TeamA.Branches.blt_accepted_air_implies_retirement propext
REFINEMENT_AXIOM RiscvRefinement.Publication.TeamA.Branches.blt_accepted_air_implies_retirement Quot.sound
REFINEMENT_AXIOM RiscvRefinement.Publication.TeamA.Branches.blt_accepted_air_implies_retirement Classical.choice
REFINEMENT_THEOREM RiscvRefinement.Arith.signedValue_nonneg_iff
REFINEMENT_AXIOM RiscvRefinement.Arith.signedValue_nonneg_iff propext
REFINEMENT_AXIOM RiscvRefinement.Arith.signedValue_nonneg_iff Classical.choice
REFINEMENT_AXIOM RiscvRefinement.Arith.signedValue_nonneg_iff Quot.sound
REFINEMENT_THEOREM RiscvRefinement.Air.Bridge.Branches.Lt.rawDifferenceBound
REFINEMENT_AXIOM RiscvRefinement.Air.Bridge.Branches.Lt.rawDifferenceBound propext
REFINEMENT_AXIOM RiscvRefinement.Air.Bridge.Branches.Lt.rawDifferenceBound Quot.sound
REFINEMENT_THEOREM RiscvRefinement.Air.Bridge.BaseAluImm.destinationFlag
REFINEMENT_AXIOM RiscvRefinement.Air.Bridge.BaseAluImm.destinationFlag propext
REFINEMENT_AXIOM RiscvRefinement.Air.Bridge.BaseAluImm.destinationFlag Quot.sound
REFINEMENT_THEOREM RiscvRefinement.Opcodes.Jal.Refinement.retirement
REFINEMENT_AXIOM RiscvRefinement.Opcodes.Jal.Refinement.retirement propext
REFINEMENT_AXIOM RiscvRefinement.Opcodes.Jal.Refinement.retirement Quot.sound
REFINEMENT_THEOREM RiscvRefinement.Opcodes.StoreMutation.StoreHoldsWithoutStoreResultZeroOnStores.operandClock
REFINEMENT_AXIOM RiscvRefinement.Opcodes.StoreMutation.StoreHoldsWithoutStoreResultZeroOnStores.operandClock propext
REFINEMENT_THEOREM RiscvRefinement.Opcodes.DivHoldsWithoutScanTotal.remainderNonzero
REFINEMENT_THEOREM RiscvRefinement.Publication.TeamA.BaseAlu.andi_accepted_air_implies_retirement
REFINEMENT_AXIOM RiscvRefinement.Publication.TeamA.BaseAlu.andi_accepted_air_implies_retirement propext
REFINEMENT_AXIOM RiscvRefinement.Publication.TeamA.BaseAlu.andi_accepted_air_implies_retirement Quot.sound
REFINEMENT_AXIOM RiscvRefinement.Publication.TeamA.BaseAlu.andi_accepted_air_implies_retirement Classical.choice
REFINEMENT_THEOREM RiscvRefinement.Opcodes.immFieldValue_nonneg
REFINEMENT_AXIOM RiscvRefinement.Opcodes.immFieldValue_nonneg propext
REFINEMENT_THEOREM RiscvRefinement.Publication.TeamB.MulhDiv.Division.FixedBounds.carry0Bound
REFINEMENT_THEOREM RiscvRefinement.Air.Family.bitValue_true
REFINEMENT_THEOREM RiscvRefinement.Opcodes.ShiftsImmHoldsWithoutSignIsLogicalZero.destinationClock
REFINEMENT_THEOREM RiscvRefinement.Opcodes.DivHoldsWithoutSignXorDefinition.zeroDivisorLimb1
REFINEMENT_THEOREM RiscvRefinement.Air.Bridge.Branches.Eq.exactProgramIdentity
REFINEMENT_THEOREM RiscvRefinement.Opcodes.DivHoldsWithoutSignXorDefinition.destinationClock
REFINEMENT_THEOREM RiscvRefinement.Publication.TeamB.LoadStore.DirectEquations.base2
REFINEMENT_THEOREM RiscvRefinement.Opcodes.LoadStoreHoldsWithoutHalfShiftId.selectorSum
REFINEMENT_AXIOM RiscvRefinement.Opcodes.LoadStoreHoldsWithoutHalfShiftId.selectorSum propext
REFINEMENT_THEOREM RiscvRefinement.Air.Bridge.Jalr.ExactLookups.immediateRange
REFINEMENT_AXIOM RiscvRefinement.Air.Bridge.Jalr.ExactLookups.immediateRange propext
REFINEMENT_AXIOM RiscvRefinement.Air.Bridge.Jalr.ExactLookups.immediateRange Quot.sound
REFINEMENT_THEOREM RiscvRefinement.Opcodes.ByteLoadMutation.ByteLoadHoldsWithoutByteSignWitness.halfShiftAmount
REFINEMENT_AXIOM RiscvRefinement.Opcodes.ByteLoadMutation.ByteLoadHoldsWithoutByteSignWitness.halfShiftAmount propext
REFINEMENT_THEOREM RiscvRefinement.Decode.encode_lw_is_canonical
REFINEMENT_AXIOM RiscvRefinement.Decode.encode_lw_is_canonical propext
REFINEMENT_AXIOM RiscvRefinement.Decode.encode_lw_is_canonical Quot.sound
REFINEMENT_THEOREM RiscvRefinement.Publication.TeamB.Shifts.ImmFixedConsequences.destinationClock
REFINEMENT_THEOREM RiscvRefinement.Opcodes.DivHoldsWithoutProductRecurrence.scanMarker1
REFINEMENT_THEOREM RiscvRefinement.Publication.TeamB.Shifts.slli_accepted_air_implies_retirement
REFINEMENT_AXIOM RiscvRefinement.Publication.TeamB.Shifts.slli_accepted_air_implies_retirement propext
REFINEMENT_AXIOM RiscvRefinement.Publication.TeamB.Shifts.slli_accepted_air_implies_retirement Quot.sound
REFINEMENT_AXIOM RiscvRefinement.Publication.TeamB.Shifts.slli_accepted_air_implies_retirement Classical.choice
REFINEMENT_THEOREM RiscvRefinement.Publication.TeamB.MulhDiv.Division.SelectorAdmission.universalIdentity
REFINEMENT_AXIOM RiscvRefinement.Publication.TeamB.MulhDiv.Division.SelectorAdmission.universalIdentity propext
REFINEMENT_AXIOM RiscvRefinement.Publication.TeamB.MulhDiv.Division.SelectorAdmission.universalIdentity Quot.sound
REFINEMENT_THEOREM RiscvRefinement.Opcodes.mulhMutationExtra_architectural_answers
REFINEMENT_AXIOM RiscvRefinement.Opcodes.mulhMutationExtra_architectural_answers propext
REFINEMENT_THEOREM RiscvRefinement.Air.Family.MulhHolds.productLimb1
REFINEMENT_THEOREM RiscvRefinement.Air.Bridge.BaseAluReg.subResultWord
REFINEMENT_AXIOM RiscvRefinement.Air.Bridge.BaseAluReg.subResultWord propext
REFINEMENT_AXIOM RiscvRefinement.Air.Bridge.BaseAluReg.subResultWord Quot.sound
REFINEMENT_THEOREM RiscvRefinement.Opcodes.shift_left_low_byte_is_load_bearing
REFINEMENT_AXIOM RiscvRefinement.Opcodes.shift_left_low_byte_is_load_bearing propext
REFINEMENT_AXIOM RiscvRefinement.Opcodes.shift_left_low_byte_is_load_bearing Quot.sound
REFINEMENT_THEOREM RiscvRefinement.Opcodes.StoreMutation.StoreHoldsWithoutHalfStoreHigh.halfLoadLow
REFINEMENT_AXIOM RiscvRefinement.Opcodes.StoreMutation.StoreHoldsWithoutHalfStoreHigh.halfLoadLow propext
REFINEMENT_THEOREM RiscvRefinement.Publication.TeamB.MulhDiv.HighMultiply.ExactTupleProjection.stateEmit
REFINEMENT_AXIOM RiscvRefinement.Publication.TeamB.MulhDiv.HighMultiply.ExactTupleProjection.stateEmit propext
REFINEMENT_AXIOM RiscvRefinement.Publication.TeamB.MulhDiv.HighMultiply.ExactTupleProjection.stateEmit Quot.sound
REFINEMENT_THEOREM RiscvRefinement.Air.Bridge.BaseAluReg.destinationBytes
REFINEMENT_AXIOM RiscvRefinement.Air.Bridge.BaseAluReg.destinationBytes propext
REFINEMENT_AXIOM RiscvRefinement.Air.Bridge.BaseAluReg.destinationBytes Quot.sound
REFINEMENT_THEOREM RiscvRefinement.Opcodes.MulhHoldsWithoutSelectorSourceTwoSign.productLimb5
REFINEMENT_THEOREM RiscvRefinement.Air.Bridge.LtImm.ProductionRefinement.exactLookups
REFINEMENT_AXIOM RiscvRefinement.Air.Bridge.LtImm.ProductionRefinement.exactLookups propext
REFINEMENT_AXIOM RiscvRefinement.Air.Bridge.LtImm.ProductionRefinement.exactLookups Quot.sound
REFINEMENT_THEOREM RiscvRefinement.Publication.TeamB.manifestIds_nodup
REFINEMENT_THEOREM RiscvRefinement.Publication.TeamB.MulhDiv.Division.DirectEquationsG.sourceOne2
REFINEMENT_THEOREM RiscvRefinement.Air.Bridge.BaseAluReg.source1Clock
REFINEMENT_AXIOM RiscvRefinement.Air.Bridge.BaseAluReg.source1Clock propext
REFINEMENT_AXIOM RiscvRefinement.Air.Bridge.BaseAluReg.source1Clock Quot.sound
REFINEMENT_THEOREM RiscvRefinement.Publication.TeamB.MulhDiv.HighMultiply.Admission.sourceTwoPreviousBound
REFINEMENT_THEOREM RiscvRefinement.Opcodes.Jal.Refinement.decode
REFINEMENT_AXIOM RiscvRefinement.Opcodes.Jal.Refinement.decode propext
REFINEMENT_AXIOM RiscvRefinement.Opcodes.Jal.Refinement.decode Quot.sound
REFINEMENT_THEOREM RiscvRefinement.Opcodes.srli_sign_is_logical_zero_is_load_bearing
REFINEMENT_AXIOM RiscvRefinement.Opcodes.srli_sign_is_logical_zero_is_load_bearing propext
REFINEMENT_AXIOM RiscvRefinement.Opcodes.srli_sign_is_logical_zero_is_load_bearing Quot.sound
REFINEMENT_THEOREM RiscvRefinement.Opcodes.LoadStoreHoldsWithoutStoreResultZero.signWitnessCanonical
REFINEMENT_AXIOM RiscvRefinement.Opcodes.LoadStoreHoldsWithoutStoreResultZero.signWitnessCanonical propext
REFINEMENT_THEOREM RiscvRefinement.Opcodes.LoadMutationWord.HoldsWithoutWordLoad.storeResultZero
REFINEMENT_AXIOM RiscvRefinement.Opcodes.LoadMutationWord.HoldsWithoutWordLoad.storeResultZero propext
REFINEMENT_THEOREM RiscvRefinement.Opcodes.shifts_reg_decodes
REFINEMENT_AXIOM RiscvRefinement.Opcodes.shifts_reg_decodes propext
REFINEMENT_AXIOM RiscvRefinement.Opcodes.shifts_reg_decodes Quot.sound
REFINEMENT_THEOREM RiscvRefinement.Opcodes.ByteLoadMutation.ByteLoadHoldsWithoutByteSignWitness.alignedQuarterRange
REFINEMENT_AXIOM RiscvRefinement.Opcodes.ByteLoadMutation.ByteLoadHoldsWithoutByteSignWitness.alignedQuarterRange propext
REFINEMENT_THEOREM RiscvRefinement.Air.Family.ShiftHolds.limbIndexRange
REFINEMENT_THEOREM RiscvRefinement.Air.Bridge.M31.sub_expand
REFINEMENT_THEOREM RiscvRefinement.Opcodes.LoadStoreHoldsWithoutHalfShiftId.wordShiftAmount
REFINEMENT_AXIOM RiscvRefinement.Opcodes.LoadStoreHoldsWithoutHalfShiftId.wordShiftAmount propext
REFINEMENT_THEOREM RiscvRefinement.Opcodes.LoadMutationWord.lhuSignExtendedRow_isLhu
REFINEMENT_THEOREM RiscvRefinement.Opcodes.LoadMutationWord.HoldsWithoutHalfLoadHigh.halfSignWitness
REFINEMENT_AXIOM RiscvRefinement.Opcodes.LoadMutationWord.HoldsWithoutHalfLoadHigh.halfSignWitness propext
REFINEMENT_THEOREM RiscvRefinement.Publication.TeamB.MulhDiv.Division.ExactFixedProjection.divisorHigh
REFINEMENT_AXIOM RiscvRefinement.Publication.TeamB.MulhDiv.Division.ExactFixedProjection.divisorHigh propext
REFINEMENT_AXIOM RiscvRefinement.Publication.TeamB.MulhDiv.Division.ExactFixedProjection.divisorHigh Quot.sound
REFINEMENT_THEOREM RiscvRefinement.Publication.TeamB.MulhDiv.Division.productRecurrence7ConvolutionImage
REFINEMENT_AXIOM RiscvRefinement.Publication.TeamB.MulhDiv.Division.productRecurrence7ConvolutionImage propext
REFINEMENT_THEOREM RiscvRefinement.Publication.TeamB.Shifts.immConstraintsHold_eq
REFINEMENT_AXIOM RiscvRefinement.Publication.TeamB.Shifts.immConstraintsHold_eq propext
REFINEMENT_AXIOM RiscvRefinement.Publication.TeamB.Shifts.immConstraintsHold_eq Quot.sound
REFINEMENT_THEOREM RiscvRefinement.Publication.TeamB.MulhDiv.Division.node70
REFINEMENT_AXIOM RiscvRefinement.Publication.TeamB.MulhDiv.Division.node70 propext
REFINEMENT_AXIOM RiscvRefinement.Publication.TeamB.MulhDiv.Division.node70 Quot.sound
REFINEMENT_THEOREM RiscvRefinement.Opcodes.DivHoldsWithoutDestinationLimb0.destinationLimb2
REFINEMENT_THEOREM RiscvRefinement.Opcodes.LoadRefinement.memoryPreserved
REFINEMENT_AXIOM RiscvRefinement.Opcodes.LoadRefinement.memoryPreserved propext
REFINEMENT_AXIOM RiscvRefinement.Opcodes.LoadRefinement.memoryPreserved Quot.sound
REFINEMENT_THEOREM RiscvRefinement.Opcodes.busAddress_toNat
REFINEMENT_AXIOM RiscvRefinement.Opcodes.busAddress_toNat propext
REFINEMENT_AXIOM RiscvRefinement.Opcodes.busAddress_toNat Quot.sound
REFINEMENT_THEOREM RiscvRefinement.Publication.TeamB.LoadStore.DirectEquations.preserve2
REFINEMENT_THEOREM RiscvRefinement.architecturalWrite_zero
REFINEMENT_AXIOM RiscvRefinement.architecturalWrite_zero propext
REFINEMENT_THEOREM RiscvRefinement.Opcodes.DivHoldsWithoutProductRecurrence.sourceOneLimb1
REFINEMENT_THEOREM RiscvRefinement.Air.Bridge.Jal.destinationFlag
REFINEMENT_AXIOM RiscvRefinement.Air.Bridge.Jal.destinationFlag propext
REFINEMENT_AXIOM RiscvRefinement.Air.Bridge.Jal.destinationFlag Quot.sound
REFINEMENT_THEOREM RiscvRefinement.Opcodes.StoreMutation.storeHolds_weakens_wordStore
REFINEMENT_AXIOM RiscvRefinement.Opcodes.StoreMutation.storeHolds_weakens_wordStore propext
REFINEMENT_THEOREM RiscvRefinement.Opcodes.ByteLoadMutation.ByteLoadHoldsWithoutByteLoadSelect.halfLoadLow
REFINEMENT_AXIOM RiscvRefinement.Opcodes.ByteLoadMutation.ByteLoadHoldsWithoutByteLoadSelect.halfLoadLow propext
REFINEMENT_THEOREM RiscvRefinement.Publication.TeamB.MulhDiv.Division.FixedRequests.sourceOneClock
REFINEMENT_AXIOM RiscvRefinement.Publication.TeamB.MulhDiv.Division.FixedRequests.sourceOneClock propext
REFINEMENT_AXIOM RiscvRefinement.Publication.TeamB.MulhDiv.Division.FixedRequests.sourceOneClock Quot.sound
REFINEMENT_THEOREM RiscvRefinement.Publication.TeamB.MulhDiv.Division.DirectConsequences.destinationLimb1
REFINEMENT_THEOREM RiscvRefinement.Opcodes.MulhHoldsWithoutSourceTwoSignBinding.sourceOneLimb3
REFINEMENT_THEOREM RiscvRefinement.Opcodes.DivHoldsWithoutNegationRecurrence.absSameLimb1
REFINEMENT_THEOREM RiscvRefinement.Opcodes.StoreMutation.StoreHoldsWithoutPartialStorePreserve.halfStoreLow
REFINEMENT_AXIOM RiscvRefinement.Opcodes.StoreMutation.StoreHoldsWithoutPartialStorePreserve.halfStoreLow propext
REFINEMENT_THEOREM RiscvRefinement.Opcodes.ShiftsRegHoldsWithoutLeftLowByte.secondSourceClock
REFINEMENT_THEOREM RiscvRefinement.architecturalValue_zero
REFINEMENT_AXIOM RiscvRefinement.architecturalValue_zero propext
REFINEMENT_THEOREM RiscvRefinement.Air.Bridge.Branches.Lt.exampleAdmission
REFINEMENT_AXIOM RiscvRefinement.Air.Bridge.Branches.Lt.exampleAdmission propext
REFINEMENT_AXIOM RiscvRefinement.Air.Bridge.Branches.Lt.exampleAdmission Quot.sound
REFINEMENT_THEOREM RiscvRefinement.Air.Bridge.Branches.Eq.sound
REFINEMENT_AXIOM RiscvRefinement.Air.Bridge.Branches.Eq.sound propext
REFINEMENT_AXIOM RiscvRefinement.Air.Bridge.Branches.Eq.sound Quot.sound
REFINEMENT_THEOREM RiscvRefinement.Publication.TeamB.MulhDiv.Division.DirectEquationsC.unsignedDivisorSign
REFINEMENT_THEOREM RiscvRefinement.Publication.TeamB.Shifts.srai_exactSelectorIdentity
REFINEMENT_AXIOM RiscvRefinement.Publication.TeamB.Shifts.srai_exactSelectorIdentity propext
REFINEMENT_AXIOM RiscvRefinement.Publication.TeamB.Shifts.srai_exactSelectorIdentity Quot.sound
REFINEMENT_THEOREM RiscvRefinement.Publication.TeamB.MulhDiv.Division.destinationLimbOfEquation
REFINEMENT_AXIOM RiscvRefinement.Publication.TeamB.MulhDiv.Division.destinationLimbOfEquation propext
REFINEMENT_AXIOM RiscvRefinement.Publication.TeamB.MulhDiv.Division.destinationLimbOfEquation Quot.sound
REFINEMENT_THEOREM RiscvRefinement.Opcodes.LoadMutationWord.HoldsWithoutWordLoad.halfStoreHigh
REFINEMENT_AXIOM RiscvRefinement.Opcodes.LoadMutationWord.HoldsWithoutWordLoad.halfStoreHigh propext
REFINEMENT_THEOREM RiscvRefinement.Publication.TeamB.MulhDiv.Division.node290
REFINEMENT_AXIOM RiscvRefinement.Publication.TeamB.MulhDiv.Division.node290 propext
REFINEMENT_AXIOM RiscvRefinement.Publication.TeamB.MulhDiv.Division.node290 Quot.sound
REFINEMENT_THEOREM RiscvRefinement.Air.Family.DivHolds.sourceOneLimb1
REFINEMENT_THEOREM RiscvRefinement.Opcodes.DivHoldsWithoutSignXorDefinition.zeroDivisorQuotient2
REFINEMENT_THEOREM RiscvRefinement.Opcodes.DivHoldsWithoutUnsignedDivisorSign.divisorSignBit
REFINEMENT_THEOREM RiscvRefinement.Opcodes.DivHoldsWithoutDividendSignBit.quotientSignBit
REFINEMENT_THEOREM RiscvRefinement.Opcodes.LoadStoreHoldsWithoutWordLoad.halfSignWitness
REFINEMENT_AXIOM RiscvRefinement.Opcodes.LoadStoreHoldsWithoutWordLoad.halfSignWitness propext
REFINEMENT_THEOREM RiscvRefinement.Publication.TeamB.MulhDiv.accessClockFieldVal
REFINEMENT_AXIOM RiscvRefinement.Publication.TeamB.MulhDiv.accessClockFieldVal propext
REFINEMENT_AXIOM RiscvRefinement.Publication.TeamB.MulhDiv.accessClockFieldVal Quot.sound
REFINEMENT_THEOREM RiscvRefinement.Publication.TeamB.MulhDiv.Division.node95
REFINEMENT_AXIOM RiscvRefinement.Publication.TeamB.MulhDiv.Division.node95 propext
REFINEMENT_AXIOM RiscvRefinement.Publication.TeamB.MulhDiv.Division.node95 Quot.sound
REFINEMENT_THEOREM RiscvRefinement.Air.Bridge.LtComparator.ComparatorContract.limb2Selected
REFINEMENT_THEOREM RiscvRefinement.Air.Family.DivHolds.sourceTwoClock
REFINEMENT_THEOREM RiscvRefinement.Opcodes.shifts_imm_refines
REFINEMENT_AXIOM RiscvRefinement.Opcodes.shifts_imm_refines propext
REFINEMENT_AXIOM RiscvRefinement.Opcodes.shifts_imm_refines Quot.sound
REFINEMENT_AXIOM RiscvRefinement.Opcodes.shifts_imm_refines Classical.choice
REFINEMENT_THEOREM RiscvRefinement.Arith.tmod_nonneg_of_nonneg
REFINEMENT_THEOREM RiscvRefinement.Opcodes.DivHoldsWithoutUnsignedDivisorSign.absSameLimb2
REFINEMENT_THEOREM RiscvRefinement.Air.Bridge.loadStoreLoadMemoryAccess
REFINEMENT_AXIOM RiscvRefinement.Air.Bridge.loadStoreLoadMemoryAccess propext
REFINEMENT_AXIOM RiscvRefinement.Air.Bridge.loadStoreLoadMemoryAccess Quot.sound
REFINEMENT_THEOREM RiscvRefinement.Opcodes.ByteLoadMutation.lbRow_retires_signed_byte
REFINEMENT_AXIOM RiscvRefinement.Opcodes.ByteLoadMutation.lbRow_retires_signed_byte propext
REFINEMENT_AXIOM RiscvRefinement.Opcodes.ByteLoadMutation.lbRow_retires_signed_byte Quot.sound
REFINEMENT_AXIOM RiscvRefinement.Opcodes.ByteLoadMutation.lbRow_retires_signed_byte Classical.choice
REFINEMENT_THEOREM RiscvRefinement.NonVacuity.addi_production_overflow_exists
REFINEMENT_AXIOM RiscvRefinement.NonVacuity.addi_production_overflow_exists propext
REFINEMENT_AXIOM RiscvRefinement.NonVacuity.addi_production_overflow_exists Quot.sound
REFINEMENT_AXIOM RiscvRefinement.NonVacuity.addi_production_overflow_exists Classical.choice
REFINEMENT_THEOREM RiscvRefinement.Opcodes.DivHoldsWithoutScanTotal.sourceOneLimb1
REFINEMENT_THEOREM RiscvRefinement.Opcodes.LoadStoreHoldsWithoutStoreResultZero.destinationFlag
REFINEMENT_AXIOM RiscvRefinement.Opcodes.LoadStoreHoldsWithoutStoreResultZero.destinationFlag propext
REFINEMENT_THEOREM RiscvRefinement.Opcodes.ByteLoadMutation.ByteLoadHoldsWithoutByteSignWitness.baseReadOnly
REFINEMENT_AXIOM RiscvRefinement.Opcodes.ByteLoadMutation.ByteLoadHoldsWithoutByteSignWitness.baseReadOnly propext
REFINEMENT_THEOREM RiscvRefinement.Opcodes.ShiftsImmHoldsWithoutSignLowerBound.nextPcResult
REFINEMENT_THEOREM RiscvRefinement.Air.Bridge.M31.reduce_sub
REFINEMENT_AXIOM RiscvRefinement.Air.Bridge.M31.reduce_sub propext
REFINEMENT_AXIOM RiscvRefinement.Air.Bridge.M31.reduce_sub Quot.sound
REFINEMENT_THEOREM RiscvRefinement.NonVacuity.honest_addi_production_acceptance
REFINEMENT_AXIOM RiscvRefinement.NonVacuity.honest_addi_production_acceptance propext
REFINEMENT_AXIOM RiscvRefinement.NonVacuity.honest_addi_production_acceptance Quot.sound
REFINEMENT_THEOREM RiscvRefinement.Publication.TeamB.Multiply.mul_exactFixedProjection
REFINEMENT_AXIOM RiscvRefinement.Publication.TeamB.Multiply.mul_exactFixedProjection propext
REFINEMENT_AXIOM RiscvRefinement.Publication.TeamB.Multiply.mul_exactFixedProjection Quot.sound
REFINEMENT_THEOREM RiscvRefinement.Air.Generated.Programs.srliSymbolicCertificate
REFINEMENT_AXIOM RiscvRefinement.Air.Generated.Programs.srliSymbolicCertificate propext
REFINEMENT_AXIOM RiscvRefinement.Air.Generated.Programs.srliSymbolicCertificate Quot.sound
REFINEMENT_THEOREM RiscvRefinement.Air.Bridge.Jalr.ExactLookups.targetLow20
REFINEMENT_AXIOM RiscvRefinement.Air.Bridge.Jalr.ExactLookups.targetLow20 propext
REFINEMENT_AXIOM RiscvRefinement.Air.Bridge.Jalr.ExactLookups.targetLow20 Quot.sound
REFINEMENT_THEOREM RiscvRefinement.Air.Bridge.Jal.fixedLookupsHold_eq
REFINEMENT_AXIOM RiscvRefinement.Air.Bridge.Jal.fixedLookupsHold_eq propext
REFINEMENT_AXIOM RiscvRefinement.Air.Bridge.Jal.fixedLookupsHold_eq Quot.sound
REFINEMENT_THEOREM RiscvRefinement.Opcodes.DivHoldsWithoutNegationRecurrence.absSameLimb0
REFINEMENT_THEOREM RiscvRefinement.Opcodes.BaseAluReg.sub_borrow_nonvacuous
REFINEMENT_AXIOM RiscvRefinement.Opcodes.BaseAluReg.sub_borrow_nonvacuous propext
REFINEMENT_AXIOM RiscvRefinement.Opcodes.BaseAluReg.sub_borrow_nonvacuous Quot.sound
REFINEMENT_THEOREM RiscvRefinement.Air.Family.ShiftHolds.sourceReadOnly
REFINEMENT_THEOREM RiscvRefinement.Opcodes.DivHoldsWithoutDestinationLimb0.dividendSignBit
REFINEMENT_THEOREM RiscvRefinement.Opcodes.DivHoldsWithoutNegationRecurrence.sourceTwoLimb2
REFINEMENT_THEOREM RiscvRefinement.Publication.TeamB.MulhDiv.HighMultiply.SelectorAdmission.publishedMnemonic
REFINEMENT_AXIOM RiscvRefinement.Publication.TeamB.MulhDiv.HighMultiply.SelectorAdmission.publishedMnemonic propext
REFINEMENT_AXIOM RiscvRefinement.Publication.TeamB.MulhDiv.HighMultiply.SelectorAdmission.publishedMnemonic Quot.sound
REFINEMENT_THEOREM RiscvRefinement.Publication.TeamB.MulhDiv.Division.DirectEquationsD.negCarryInverse0
REFINEMENT_THEOREM RiscvRefinement.Opcodes.ShiftHoldsWithoutRightLowByte.signUpperBound
REFINEMENT_THEOREM RiscvRefinement.Opcodes.MulhRefinement.programTuple
REFINEMENT_AXIOM RiscvRefinement.Opcodes.MulhRefinement.programTuple propext
REFINEMENT_THEOREM RiscvRefinement.Publication.TeamB.MulhDiv.Division.sourceOneConsumeRawLookup_selected
REFINEMENT_THEOREM RiscvRefinement.Air.Bridge.Mutations.addiCarry_strictly_weaker
REFINEMENT_AXIOM RiscvRefinement.Air.Bridge.Mutations.addiCarry_strictly_weaker propext
REFINEMENT_AXIOM RiscvRefinement.Air.Bridge.Mutations.addiCarry_strictly_weaker Quot.sound
REFINEMENT_THEOREM RiscvRefinement.Opcodes.DivHoldsWithoutNegationRecurrence.destinationLimb3
REFINEMENT_THEOREM RiscvRefinement.Opcodes.LtMutation.Imm.wrongProgram_satisfies
REFINEMENT_AXIOM RiscvRefinement.Opcodes.LtMutation.Imm.wrongProgram_satisfies propext
REFINEMENT_AXIOM RiscvRefinement.Opcodes.LtMutation.Imm.wrongProgram_satisfies Quot.sound
REFINEMENT_THEOREM RiscvRefinement.Opcodes.LoadMutationWord.HoldsWithoutHalfLoadHigh.byteShiftAmount
REFINEMENT_AXIOM RiscvRefinement.Opcodes.LoadMutationWord.HoldsWithoutHalfLoadHigh.byteShiftAmount propext
REFINEMENT_THEOREM RiscvRefinement.Opcodes.extract_limb1
REFINEMENT_AXIOM RiscvRefinement.Opcodes.extract_limb1 propext
REFINEMENT_AXIOM RiscvRefinement.Opcodes.extract_limb1 Quot.sound
REFINEMENT_THEOREM RiscvRefinement.Decode.encode_slti_is_canonical
REFINEMENT_AXIOM RiscvRefinement.Decode.encode_slti_is_canonical propext
REFINEMENT_AXIOM RiscvRefinement.Decode.encode_slti_is_canonical Quot.sound
REFINEMENT_THEOREM RiscvRefinement.Air.Bridge.LtReg.ComparatorContract.limb2Equal
REFINEMENT_THEOREM RiscvRefinement.Air.Bridge.inverseOk_spec
REFINEMENT_AXIOM RiscvRefinement.Air.Bridge.inverseOk_spec propext
REFINEMENT_AXIOM RiscvRefinement.Air.Bridge.inverseOk_spec Quot.sound
REFINEMENT_THEOREM RiscvRefinement.Publication.TeamA.BaseAlu.Imm.accepted_air_implies_retirement
REFINEMENT_AXIOM RiscvRefinement.Publication.TeamA.BaseAlu.Imm.accepted_air_implies_retirement propext
REFINEMENT_AXIOM RiscvRefinement.Publication.TeamA.BaseAlu.Imm.accepted_air_implies_retirement Quot.sound
REFINEMENT_AXIOM RiscvRefinement.Publication.TeamA.BaseAlu.Imm.accepted_air_implies_retirement Classical.choice
REFINEMENT_THEOREM RiscvRefinement.Opcodes.ShiftsRegHoldsWithoutLeftLowByte.nextPcResult
REFINEMENT_THEOREM RiscvRefinement.Air.Bridge.LtImm.ProductionRefinement.nextPc
REFINEMENT_AXIOM RiscvRefinement.Air.Bridge.LtImm.ProductionRefinement.nextPc propext
REFINEMENT_AXIOM RiscvRefinement.Air.Bridge.LtImm.ProductionRefinement.nextPc Quot.sound
REFINEMENT_THEOREM RiscvRefinement.Opcodes.BaseAluImm.ori_refines
REFINEMENT_AXIOM RiscvRefinement.Opcodes.BaseAluImm.ori_refines propext
REFINEMENT_AXIOM RiscvRefinement.Opcodes.BaseAluImm.ori_refines Quot.sound
REFINEMENT_AXIOM RiscvRefinement.Opcodes.BaseAluImm.ori_refines Classical.choice
REFINEMENT_THEOREM RiscvRefinement.Publication.TeamB.MulhDiv.Division.programEventsShared
REFINEMENT_THEOREM RiscvRefinement.Opcodes.LhRefinement.busAddress
REFINEMENT_AXIOM RiscvRefinement.Opcodes.LhRefinement.busAddress propext
REFINEMENT_AXIOM RiscvRefinement.Opcodes.LhRefinement.busAddress Quot.sound
REFINEMENT_THEOREM RiscvRefinement.Air.Bridge.BaseAluReg.ProductionRefinement.source1ClockLookup
REFINEMENT_AXIOM RiscvRefinement.Air.Bridge.BaseAluReg.ProductionRefinement.source1ClockLookup propext
REFINEMENT_AXIOM RiscvRefinement.Air.Bridge.BaseAluReg.ProductionRefinement.source1ClockLookup Quot.sound
REFINEMENT_THEOREM RiscvRefinement.Opcodes.Lt.Reg.Refinement.retirement
REFINEMENT_AXIOM RiscvRefinement.Opcodes.Lt.Reg.Refinement.retirement propext
REFINEMENT_AXIOM RiscvRefinement.Opcodes.Lt.Reg.Refinement.retirement Quot.sound
REFINEMENT_THEOREM RiscvRefinement.Publication.TeamB.MulhDiv.Division.node296
REFINEMENT_AXIOM RiscvRefinement.Publication.TeamB.MulhDiv.Division.node296 propext
REFINEMENT_AXIOM RiscvRefinement.Publication.TeamB.MulhDiv.Division.node296 Quot.sound
REFINEMENT_THEOREM RiscvRefinement.Opcodes.LoadStoreHoldsWithoutByteSignWitness.loadDestination
REFINEMENT_AXIOM RiscvRefinement.Opcodes.LoadStoreHoldsWithoutByteSignWitness.loadDestination propext
REFINEMENT_THEOREM RiscvRefinement.Publication.TeamB.LoadStore.DirectEquations.halfLoadHigh1
REFINEMENT_THEOREM RiscvRefinement.Opcodes.DivHoldsWithoutDividendSignBit.sourceOneLimb0
REFINEMENT_THEOREM RiscvRefinement.Opcodes.SelectorNonVacuity.shift_witnesses_move
REFINEMENT_THEOREM RiscvRefinement.Opcodes.Branches.Lt.Refinement.decode
REFINEMENT_AXIOM RiscvRefinement.Opcodes.Branches.Lt.Refinement.decode propext
REFINEMENT_AXIOM RiscvRefinement.Opcodes.Branches.Lt.Refinement.decode Quot.sound
REFINEMENT_THEOREM RiscvRefinement.Opcodes.mulhSourceOneSign
REFINEMENT_AXIOM RiscvRefinement.Opcodes.mulhSourceOneSign propext
REFINEMENT_AXIOM RiscvRefinement.Opcodes.mulhSourceOneSign Quot.sound
REFINEMENT_THEOREM RiscvRefinement.Publication.TeamB.MulhDiv.Division.FixedRequests.operandSigns
REFINEMENT_AXIOM RiscvRefinement.Publication.TeamB.MulhDiv.Division.FixedRequests.operandSigns propext
REFINEMENT_AXIOM RiscvRefinement.Publication.TeamB.MulhDiv.Division.FixedRequests.operandSigns Quot.sound
REFINEMENT_THEOREM RiscvRefinement.Opcodes.DivHoldsWithoutProductRecurrence.sourceOneLimb3
REFINEMENT_THEOREM RiscvRefinement.Air.Bridge.selectorSum
REFINEMENT_THEOREM RiscvRefinement.Opcodes.DivHoldsWithoutDestinationLimb0.divisorNonzero
REFINEMENT_THEOREM RiscvRefinement.Publication.TeamB.MulhDiv.Division.DirectEquationsE.negCarryZero3
REFINEMENT_THEOREM RiscvRefinement.Opcodes.DivHoldsWithoutDestinationLimb0.zeroDivisorQuotientSign
REFINEMENT_THEOREM RiscvRefinement.Opcodes.DivHoldsWithoutZeroDivisorQuotient0.negationRecurrence
REFINEMENT_THEOREM RiscvRefinement.Air.Bridge.Auipc.immediateM31RequestHolds
REFINEMENT_AXIOM RiscvRefinement.Air.Bridge.Auipc.immediateM31RequestHolds propext
REFINEMENT_AXIOM RiscvRefinement.Air.Bridge.Auipc.immediateM31RequestHolds Quot.sound
REFINEMENT_THEOREM RiscvRefinement.Air.Bridge.Branches.Eq.exampleTaken
REFINEMENT_THEOREM RiscvRefinement.Opcodes.sllMutatedRs2Row_overwrites_its_shift_amount_register
REFINEMENT_THEOREM RiscvRefinement.Publication.TeamA.BaseAlu.sub_accepted_air_implies_retirement
REFINEMENT_AXIOM RiscvRefinement.Publication.TeamA.BaseAlu.sub_accepted_air_implies_retirement propext
REFINEMENT_AXIOM RiscvRefinement.Publication.TeamA.BaseAlu.sub_accepted_air_implies_retirement Quot.sound
REFINEMENT_THEOREM RiscvRefinement.Air.Bridge.LtImm.ProductionRefinement.fixedLookups
REFINEMENT_AXIOM RiscvRefinement.Air.Bridge.LtImm.ProductionRefinement.fixedLookups propext
REFINEMENT_AXIOM RiscvRefinement.Air.Bridge.LtImm.ProductionRefinement.fixedLookups Quot.sound
REFINEMENT_THEOREM RiscvRefinement.Publication.TeamA.AcceptedAirCertificate.admission
REFINEMENT_THEOREM RiscvRefinement.Opcodes.SelectorNonVacuity.divOverflowRow_holds
REFINEMENT_THEOREM RiscvRefinement.Opcodes.lhOddOffsetRow_refutes
REFINEMENT_THEOREM RiscvRefinement.Opcodes.DivHoldsWithoutZeroDivisorQuotient0.zeroDivisorLimb0
REFINEMENT_THEOREM RiscvRefinement.Publication.TeamB.Multiply.mul_acceptedAir_implies_holds
REFINEMENT_AXIOM RiscvRefinement.Publication.TeamB.Multiply.mul_acceptedAir_implies_holds propext
REFINEMENT_AXIOM RiscvRefinement.Publication.TeamB.Multiply.mul_acceptedAir_implies_holds Quot.sound
REFINEMENT_AXIOM RiscvRefinement.Publication.TeamB.Multiply.mul_acceptedAir_implies_holds Classical.choice
REFINEMENT_THEOREM RiscvRefinement.Air.Bridge.LtComparator.keyPolynomialUnique
REFINEMENT_AXIOM RiscvRefinement.Air.Bridge.LtComparator.keyPolynomialUnique propext
REFINEMENT_AXIOM RiscvRefinement.Air.Bridge.LtComparator.keyPolynomialUnique Quot.sound
REFINEMENT_THEOREM RiscvRefinement.Opcodes.BaseAluReg.sub_nonvacuous
REFINEMENT_AXIOM RiscvRefinement.Opcodes.BaseAluReg.sub_nonvacuous propext
REFINEMENT_AXIOM RiscvRefinement.Opcodes.BaseAluReg.sub_nonvacuous Quot.sound
REFINEMENT_THEOREM RiscvRefinement.Opcodes.MulhHoldsWithoutSourceTwoSignBinding.unsignedSourceOne
REFINEMENT_THEOREM RiscvRefinement.Publication.TeamB.MulhDiv.HighMultiply.Admission.clockPositive
REFINEMENT_THEOREM RiscvRefinement.Opcodes.LoadMutationWord.HoldsWithoutHalfLoadExtension.wordLoad
REFINEMENT_AXIOM RiscvRefinement.Opcodes.LoadMutationWord.HoldsWithoutHalfLoadExtension.wordLoad propext
REFINEMENT_THEOREM RiscvRefinement.Arith.allOnesWord_unsignedValue
REFINEMENT_THEOREM RiscvRefinement.Air.Generated.Programs.mulhSymbolicCertificate
REFINEMENT_AXIOM RiscvRefinement.Air.Generated.Programs.mulhSymbolicCertificate propext
REFINEMENT_AXIOM RiscvRefinement.Air.Generated.Programs.mulhSymbolicCertificate Quot.sound
REFINEMENT_THEOREM RiscvRefinement.Opcodes.remWrongSignRow_violates_dividendSignBit
REFINEMENT_THEOREM RiscvRefinement.Opcodes.ByteLoadMutation.ByteLoadHoldsWithoutByteLoadExtension.byteSignWitness
REFINEMENT_AXIOM RiscvRefinement.Opcodes.ByteLoadMutation.ByteLoadHoldsWithoutByteLoadExtension.byteSignWitness propext
REFINEMENT_THEOREM RiscvRefinement.Opcodes.LoadStoreHoldsWithoutByteSignWitness.operandClock
REFINEMENT_AXIOM RiscvRefinement.Opcodes.LoadStoreHoldsWithoutByteSignWitness.operandClock propext
REFINEMENT_THEOREM RiscvRefinement.Opcodes.Lt.Reg.refines
REFINEMENT_AXIOM RiscvRefinement.Opcodes.Lt.Reg.refines propext
REFINEMENT_AXIOM RiscvRefinement.Opcodes.Lt.Reg.refines Quot.sound
REFINEMENT_THEOREM RiscvRefinement.Opcodes.LhRefinement.operandEmit
REFINEMENT_AXIOM RiscvRefinement.Opcodes.LhRefinement.operandEmit propext
REFINEMENT_AXIOM RiscvRefinement.Opcodes.LhRefinement.operandEmit Quot.sound
REFINEMENT_THEOREM RiscvRefinement.Air.Bridge.Auipc.ProductionRefinement.pcDecomposition
REFINEMENT_AXIOM RiscvRefinement.Air.Bridge.Auipc.ProductionRefinement.pcDecomposition propext
REFINEMENT_AXIOM RiscvRefinement.Air.Bridge.Auipc.ProductionRefinement.pcDecomposition Quot.sound
REFINEMENT_THEOREM RiscvRefinement.Opcodes.word_of_zero_extended_half
REFINEMENT_AXIOM RiscvRefinement.Opcodes.word_of_zero_extended_half propext
REFINEMENT_AXIOM RiscvRefinement.Opcodes.word_of_zero_extended_half Quot.sound
REFINEMENT_THEOREM RiscvRefinement.Opcodes.DivHoldsWithoutZeroDivisorQuotient0.zeroDivisorQuotient3
REFINEMENT_THEOREM RiscvRefinement.Opcodes.sllMutatedRs2Row_not_sound
REFINEMENT_AXIOM RiscvRefinement.Opcodes.sllMutatedRs2Row_not_sound propext
REFINEMENT_AXIOM RiscvRefinement.Opcodes.sllMutatedRs2Row_not_sound Quot.sound
REFINEMENT_THEOREM RiscvRefinement.Air.Bridge.Jal.constraintsHold_eq
REFINEMENT_AXIOM RiscvRefinement.Air.Bridge.Jal.constraintsHold_eq propext
REFINEMENT_AXIOM RiscvRefinement.Air.Bridge.Jal.constraintsHold_eq Quot.sound
REFINEMENT_THEOREM RiscvRefinement.Opcodes.DivHoldsWithoutScanTotal.productRecurrence
REFINEMENT_THEOREM RiscvRefinement.Publication.TeamB.Shifts.imm_exactFixedProjection
REFINEMENT_AXIOM RiscvRefinement.Publication.TeamB.Shifts.imm_exactFixedProjection propext
REFINEMENT_AXIOM RiscvRefinement.Publication.TeamB.Shifts.imm_exactFixedProjection Quot.sound
REFINEMENT_THEOREM RiscvRefinement.Publication.TeamB.MulhDiv.Division.gatedBytesEqual
REFINEMENT_AXIOM RiscvRefinement.Publication.TeamB.MulhDiv.Division.gatedBytesEqual propext
REFINEMENT_AXIOM RiscvRefinement.Publication.TeamB.MulhDiv.Division.gatedBytesEqual Quot.sound
REFINEMENT_THEOREM RiscvRefinement.Publication.TeamB.MulhDiv.Division.node91
REFINEMENT_AXIOM RiscvRefinement.Publication.TeamB.MulhDiv.Division.node91 propext
REFINEMENT_AXIOM RiscvRefinement.Publication.TeamB.MulhDiv.Division.node91 Quot.sound
REFINEMENT_THEOREM RiscvRefinement.Air.Generated.Programs.luiSymbolicCertificate
REFINEMENT_AXIOM RiscvRefinement.Air.Generated.Programs.luiSymbolicCertificate propext
REFINEMENT_AXIOM RiscvRefinement.Air.Generated.Programs.luiSymbolicCertificate Quot.sound
REFINEMENT_THEOREM RiscvRefinement.Opcodes.lb_refines
REFINEMENT_AXIOM RiscvRefinement.Opcodes.lb_refines propext
REFINEMENT_AXIOM RiscvRefinement.Opcodes.lb_refines Quot.sound
REFINEMENT_AXIOM RiscvRefinement.Opcodes.lb_refines Classical.choice
REFINEMENT_THEOREM RiscvRefinement.Air.Bridge.BaseAluImm.destinationBytes
REFINEMENT_AXIOM RiscvRefinement.Air.Bridge.BaseAluImm.destinationBytes propext
REFINEMENT_AXIOM RiscvRefinement.Air.Bridge.BaseAluImm.destinationBytes Quot.sound
REFINEMENT_THEOREM RiscvRefinement.Air.Bridge.LtReg.ComparatorContract.rightTopBound
REFINEMENT_THEOREM RiscvRefinement.Opcodes.extract_limb0
REFINEMENT_AXIOM RiscvRefinement.Opcodes.extract_limb0 propext
REFINEMENT_AXIOM RiscvRefinement.Opcodes.extract_limb0 Quot.sound
REFINEMENT_THEOREM RiscvRefinement.Opcodes.LoadStoreHoldsWithoutWordLoad.baseReadOnly
REFINEMENT_AXIOM RiscvRefinement.Opcodes.LoadStoreHoldsWithoutWordLoad.baseReadOnly propext
REFINEMENT_THEOREM RiscvRefinement.Air.Bridge.Jal.Acceptance.constraints
REFINEMENT_AXIOM RiscvRefinement.Air.Bridge.Jal.Acceptance.constraints propext
REFINEMENT_AXIOM RiscvRefinement.Air.Bridge.Jal.Acceptance.constraints Quot.sound
REFINEMENT_THEOREM RiscvRefinement.Opcodes.StoreMutation.StoreHoldsWithoutStoreResultZeroOnStores.alignedQuarterRange
REFINEMENT_AXIOM RiscvRefinement.Opcodes.StoreMutation.StoreHoldsWithoutStoreResultZeroOnStores.alignedQuarterRange propext
REFINEMENT_THEOREM RiscvRefinement.Opcodes.BaseAluReg.sub_exactProgramTuple
REFINEMENT_AXIOM RiscvRefinement.Opcodes.BaseAluReg.sub_exactProgramTuple propext
REFINEMENT_AXIOM RiscvRefinement.Opcodes.BaseAluReg.sub_exactProgramTuple Quot.sound
REFINEMENT_THEOREM RiscvRefinement.Publication.TeamB.LoadStore.Admission.alignedQuarterCanonical
REFINEMENT_THEOREM RiscvRefinement.Publication.TeamB.MulhDiv.Division.DirectEquationsH.sourceTwo3
REFINEMENT_THEOREM RiscvRefinement.Opcodes.ByteLoadMutation.ByteLoadHoldsWithoutByteLoadSelect.alignedQuarterRange
REFINEMENT_AXIOM RiscvRefinement.Opcodes.ByteLoadMutation.ByteLoadHoldsWithoutByteLoadSelect.alignedQuarterRange propext
REFINEMENT_THEOREM RiscvRefinement.Opcodes.lui_refines
REFINEMENT_AXIOM RiscvRefinement.Opcodes.lui_refines propext
REFINEMENT_AXIOM RiscvRefinement.Opcodes.lui_refines Quot.sound
REFINEMENT_AXIOM RiscvRefinement.Opcodes.lui_refines Classical.choice
REFINEMENT_THEOREM RiscvRefinement.Opcodes.StoreMutation.StoreHoldsWithoutStoreResultZeroOnStores.baseClock
REFINEMENT_AXIOM RiscvRefinement.Opcodes.StoreMutation.StoreHoldsWithoutStoreResultZeroOnStores.baseClock propext
REFINEMENT_THEOREM RiscvRefinement.Air.Bridge.M31.isLt
REFINEMENT_THEOREM RiscvRefinement.Publication.TeamB.Multiply.SelectorAdmission.mnemonic
REFINEMENT_AXIOM RiscvRefinement.Publication.TeamB.Multiply.SelectorAdmission.mnemonic propext
REFINEMENT_AXIOM RiscvRefinement.Publication.TeamB.Multiply.SelectorAdmission.mnemonic Quot.sound
REFINEMENT_THEOREM RiscvRefinement.Opcodes.LoadMutationWord.lhuValue_matches_capsule
REFINEMENT_AXIOM RiscvRefinement.Opcodes.LoadMutationWord.lhuValue_matches_capsule propext
REFINEMENT_AXIOM RiscvRefinement.Opcodes.LoadMutationWord.lhuValue_matches_capsule Quot.sound
REFINEMENT_AXIOM RiscvRefinement.Opcodes.LoadMutationWord.lhuValue_matches_capsule Classical.choice
REFINEMENT_THEOREM RiscvRefinement.Opcodes.MulhHoldsWithoutSourceTwoSignBinding.signedSourceOne
REFINEMENT_THEOREM RiscvRefinement.Publication.TeamB.Multiply.mul_exactTupleProjection
REFINEMENT_AXIOM RiscvRefinement.Publication.TeamB.Multiply.mul_exactTupleProjection propext
REFINEMENT_AXIOM RiscvRefinement.Publication.TeamB.Multiply.mul_exactTupleProjection Quot.sound
REFINEMENT_THEOREM RiscvRefinement.Publication.TeamB.LoadStore.DirectEquations.loadDestination3
REFINEMENT_THEOREM RiscvRefinement.Air.Bridge.mulhProgramCompiled_value_eq_evalNodes
REFINEMENT_AXIOM RiscvRefinement.Air.Bridge.mulhProgramCompiled_value_eq_evalNodes propext
REFINEMENT_AXIOM RiscvRefinement.Air.Bridge.mulhProgramCompiled_value_eq_evalNodes Quot.sound
REFINEMENT_THEOREM RiscvRefinement.Opcodes.LoadMutationWord.HoldsWithoutHalfLoadHigh.selectorSum
REFINEMENT_AXIOM RiscvRefinement.Opcodes.LoadMutationWord.HoldsWithoutHalfLoadHigh.selectorSum propext
REFINEMENT_THEOREM RiscvRefinement.Air.Family.div_signed_identity
REFINEMENT_AXIOM RiscvRefinement.Air.Family.div_signed_identity propext
REFINEMENT_AXIOM RiscvRefinement.Air.Family.div_signed_identity Quot.sound
REFINEMENT_AXIOM RiscvRefinement.Air.Family.div_signed_identity Classical.choice
REFINEMENT_THEOREM RiscvRefinement.Opcodes.ShiftHoldsWithoutSignLowerBound.signIsLogicalZero
REFINEMENT_THEOREM RiscvRefinement.Publication.TeamB.Shifts.regHoldsOfAccepted
REFINEMENT_AXIOM RiscvRefinement.Publication.TeamB.Shifts.regHoldsOfAccepted propext
REFINEMENT_AXIOM RiscvRefinement.Publication.TeamB.Shifts.regHoldsOfAccepted Quot.sound
REFINEMENT_THEOREM RiscvRefinement.Opcodes.loadStoreHolds_weakens_halfShiftId
REFINEMENT_AXIOM RiscvRefinement.Opcodes.loadStoreHolds_weakens_halfShiftId propext
REFINEMENT_THEOREM RiscvRefinement.Air.Bridge.Jal.selectorAccepted
REFINEMENT_AXIOM RiscvRefinement.Air.Bridge.Jal.selectorAccepted propext
REFINEMENT_AXIOM RiscvRefinement.Air.Bridge.Jal.selectorAccepted Quot.sound
REFINEMENT_THEOREM RiscvRefinement.Air.Family.shift_right_arithmetic_word
REFINEMENT_AXIOM RiscvRefinement.Air.Family.shift_right_arithmetic_word propext
REFINEMENT_AXIOM RiscvRefinement.Air.Family.shift_right_arithmetic_word Quot.sound
REFINEMENT_AXIOM RiscvRefinement.Air.Family.shift_right_arithmetic_word Classical.choice
REFINEMENT_THEOREM RiscvRefinement.Publication.TeamB.Shifts.ImmExactRelationProjection.stateConsume
REFINEMENT_AXIOM RiscvRefinement.Publication.TeamB.Shifts.ImmExactRelationProjection.stateConsume propext
REFINEMENT_AXIOM RiscvRefinement.Publication.TeamB.Shifts.ImmExactRelationProjection.stateConsume Quot.sound
REFINEMENT_THEOREM RiscvRefinement.Opcodes.StoreMutation.sbSpuriousResultRow_satisfies
REFINEMENT_AXIOM RiscvRefinement.Opcodes.StoreMutation.sbSpuriousResultRow_satisfies propext
REFINEMENT_THEOREM RiscvRefinement.Air.Generated.Programs.bgeSymbolicCertificate
REFINEMENT_AXIOM RiscvRefinement.Air.Generated.Programs.bgeSymbolicCertificate propext
REFINEMENT_AXIOM RiscvRefinement.Air.Generated.Programs.bgeSymbolicCertificate Quot.sound
REFINEMENT_THEOREM RiscvRefinement.Opcodes.Jalr.jalr_exactProgramTuple
REFINEMENT_AXIOM RiscvRefinement.Opcodes.Jalr.jalr_exactProgramTuple propext
REFINEMENT_AXIOM RiscvRefinement.Opcodes.Jalr.jalr_exactProgramTuple Quot.sound
REFINEMENT_THEOREM RiscvRefinement.Decode.encode_auipc_is_canonical
REFINEMENT_AXIOM RiscvRefinement.Decode.encode_auipc_is_canonical propext
REFINEMENT_AXIOM RiscvRefinement.Decode.encode_auipc_is_canonical Quot.sound
REFINEMENT_THEOREM RiscvRefinement.Opcodes.DivHoldsWithoutZeroDivisorQuotient0.destinationLimb1
REFINEMENT_THEOREM RiscvRefinement.Publication.TeamB.MulhDiv.Division.DirectEquations.f
REFINEMENT_THEOREM RiscvRefinement.Opcodes.LoadStoreHoldsWithoutByteSignWitness.memoryClock
REFINEMENT_AXIOM RiscvRefinement.Opcodes.LoadStoreHoldsWithoutByteSignWitness.memoryClock propext
REFINEMENT_THEOREM RiscvRefinement.Air.Family.LoadStoreHolds.partialStorePreserve
REFINEMENT_AXIOM RiscvRefinement.Air.Family.LoadStoreHolds.partialStorePreserve propext
REFINEMENT_THEOREM RiscvRefinement.Air.Family.ShiftHolds.rightMovement
REFINEMENT_THEOREM RiscvRefinement.Opcodes.mulhUnboundSourceTwoSignRow_refutes
REFINEMENT_AXIOM RiscvRefinement.Opcodes.mulhUnboundSourceTwoSignRow_refutes propext
REFINEMENT_THEOREM RiscvRefinement.Air.Bridge.BaseAluReg.ProductionRefinement.source1Clock
REFINEMENT_AXIOM RiscvRefinement.Air.Bridge.BaseAluReg.ProductionRefinement.source1Clock propext
REFINEMENT_AXIOM RiscvRefinement.Air.Bridge.BaseAluReg.ProductionRefinement.source1Clock Quot.sound
REFINEMENT_THEOREM RiscvRefinement.Opcodes.Jal.Refinement.stateConsume
REFINEMENT_AXIOM RiscvRefinement.Opcodes.Jal.Refinement.stateConsume propext
REFINEMENT_AXIOM RiscvRefinement.Opcodes.Jal.Refinement.stateConsume Quot.sound
REFINEMENT_THEOREM RiscvRefinement.Opcodes.ShiftHoldsWithoutRightLowByte.carry2Range
REFINEMENT_THEOREM RiscvRefinement.Opcodes.LoadStoreEnvironment.wordBinds
REFINEMENT_AXIOM RiscvRefinement.Opcodes.LoadStoreEnvironment.wordBinds propext
REFINEMENT_AXIOM RiscvRefinement.Opcodes.LoadStoreEnvironment.wordBinds Quot.sound
REFINEMENT_THEOREM RiscvRefinement.Opcodes.DivHoldsWithoutUnsignedDivisorSign.destinationLimb1
REFINEMENT_THEOREM RiscvRefinement.Air.Generated.Programs.subSymbolicCertificate
REFINEMENT_AXIOM RiscvRefinement.Air.Generated.Programs.subSymbolicCertificate propext
REFINEMENT_AXIOM RiscvRefinement.Air.Generated.Programs.subSymbolicCertificate Quot.sound
REFINEMENT_THEOREM RiscvRefinement.Opcodes.AddiRefinement.sourceConsume
REFINEMENT_AXIOM RiscvRefinement.Opcodes.AddiRefinement.sourceConsume propext
REFINEMENT_AXIOM RiscvRefinement.Opcodes.AddiRefinement.sourceConsume Quot.sound
REFINEMENT_THEOREM RiscvRefinement.Opcodes.MulHoldsWithoutProductLimb0.productLimb3
REFINEMENT_THEOREM RiscvRefinement.Opcodes.StoreMutation.store_source_read_only_structural
REFINEMENT_THEOREM RiscvRefinement.M31.mul_val_of_lt
REFINEMENT_AXIOM RiscvRefinement.M31.mul_val_of_lt propext
REFINEMENT_THEOREM RiscvRefinement.Opcodes.shift_sign_upper_bound_is_load_bearing
REFINEMENT_AXIOM RiscvRefinement.Opcodes.shift_sign_upper_bound_is_load_bearing propext
REFINEMENT_AXIOM RiscvRefinement.Opcodes.shift_sign_upper_bound_is_load_bearing Quot.sound
REFINEMENT_AXIOM RiscvRefinement.Opcodes.shift_sign_upper_bound_is_load_bearing Classical.choice
REFINEMENT_THEOREM RiscvRefinement.Opcodes.LhRefinement.stateEmit
REFINEMENT_AXIOM RiscvRefinement.Opcodes.LhRefinement.stateEmit propext
REFINEMENT_AXIOM RiscvRefinement.Opcodes.LhRefinement.stateEmit Quot.sound
REFINEMENT_THEOREM RiscvRefinement.Opcodes.JalMutation.originalSound
REFINEMENT_AXIOM RiscvRefinement.Opcodes.JalMutation.originalSound propext
REFINEMENT_AXIOM RiscvRefinement.Opcodes.JalMutation.originalSound Quot.sound
REFINEMENT_AXIOM RiscvRefinement.Opcodes.JalMutation.originalSound Classical.choice
REFINEMENT_THEOREM RiscvRefinement.Opcodes.LoadRefinement.operandConsume
REFINEMENT_AXIOM RiscvRefinement.Opcodes.LoadRefinement.operandConsume propext
REFINEMENT_AXIOM RiscvRefinement.Opcodes.LoadRefinement.operandConsume Quot.sound
REFINEMENT_THEOREM RiscvRefinement.Publication.TeamB.MulhDiv.Division.DirectEquationsE.scanEqual3
REFINEMENT_THEOREM RiscvRefinement.Publication.TeamB.LoadStore.DirectEquations.preserve1
REFINEMENT_THEOREM RiscvRefinement.Air.Bridge.Auipc.ProductionRefinement.immediateDecomposition
REFINEMENT_AXIOM RiscvRefinement.Air.Bridge.Auipc.ProductionRefinement.immediateDecomposition propext
REFINEMENT_AXIOM RiscvRefinement.Air.Bridge.Auipc.ProductionRefinement.immediateDecomposition Quot.sound
REFINEMENT_THEOREM RiscvRefinement.Publication.TeamB.Shifts.ImmAdmission.carry2Canonical
REFINEMENT_THEOREM RiscvRefinement.Air.Bridge.LtReg.ProductionRefinement.fixedLookups
REFINEMENT_AXIOM RiscvRefinement.Air.Bridge.LtReg.ProductionRefinement.fixedLookups propext
REFINEMENT_AXIOM RiscvRefinement.Air.Bridge.LtReg.ProductionRefinement.fixedLookups Quot.sound
REFINEMENT_THEOREM RiscvRefinement.Publication.TeamB.MulhDiv.HighMultiply.SelectorAdmission.programMnemonic
REFINEMENT_AXIOM RiscvRefinement.Publication.TeamB.MulhDiv.HighMultiply.SelectorAdmission.programMnemonic propext
REFINEMENT_AXIOM RiscvRefinement.Publication.TeamB.MulhDiv.HighMultiply.SelectorAdmission.programMnemonic Quot.sound
REFINEMENT_THEOREM RiscvRefinement.Opcodes.LoadStoreHoldsWithoutWordLoad.sourceReadOnly
REFINEMENT_AXIOM RiscvRefinement.Opcodes.LoadStoreHoldsWithoutWordLoad.sourceReadOnly propext
REFINEMENT_THEOREM RiscvRefinement.Opcodes.StoreMutation.StoreHoldsWithoutWordStore.memoryClock
REFINEMENT_AXIOM RiscvRefinement.Opcodes.StoreMutation.StoreHoldsWithoutWordStore.memoryClock propext
REFINEMENT_THEOREM RiscvRefinement.Opcodes.MulhEnvironment.pcBinds
REFINEMENT_THEOREM RiscvRefinement.Air.LocalProgram.SymbolicCertificate.nodeCount
REFINEMENT_AXIOM RiscvRefinement.Air.LocalProgram.SymbolicCertificate.nodeCount propext
REFINEMENT_THEOREM RiscvRefinement.Opcodes.DivHoldsWithoutDividendSignBit.sourceTwoLimb2
REFINEMENT_THEOREM RiscvRefinement.Publication.TeamB.MulhDiv.HighMultiply.DirectEquations.unsignedOne
REFINEMENT_AXIOM RiscvRefinement.Publication.TeamB.MulhDiv.HighMultiply.DirectEquations.unsignedOne propext
REFINEMENT_THEOREM RiscvRefinement.Opcodes.DivHoldsWithoutUnsignedDivisorSign.sourceTwoLimb0
REFINEMENT_THEOREM RiscvRefinement.Opcodes.DivHoldsWithoutZeroDivisorQuotient0.remainderZeroLimb3
REFINEMENT_THEOREM RiscvRefinement.Opcodes.LoadStoreHoldsWithoutStoreResultZero.clockPositive
REFINEMENT_AXIOM RiscvRefinement.Opcodes.LoadStoreHoldsWithoutStoreResultZero.clockPositive propext
REFINEMENT_THEOREM RiscvRefinement.Publication.TeamB.MulhDiv.Division.DirectEquations.b
REFINEMENT_THEOREM RiscvRefinement.Opcodes.LoadMutationWord.HoldsWithoutHalfLoadHigh.byteSignWitness
REFINEMENT_AXIOM RiscvRefinement.Opcodes.LoadMutationWord.HoldsWithoutHalfLoadHigh.byteSignWitness propext
REFINEMENT_THEOREM RiscvRefinement.Opcodes.StoreMutation.StoreHoldsWithoutPartialStorePreserve.selectorSum
REFINEMENT_AXIOM RiscvRefinement.Opcodes.StoreMutation.StoreHoldsWithoutPartialStorePreserve.selectorSum propext
REFINEMENT_THEOREM RiscvRefinement.Opcodes.StoreMutation.StoreHoldsWithoutByteStoreSelect.nextPcResult
REFINEMENT_AXIOM RiscvRefinement.Opcodes.StoreMutation.StoreHoldsWithoutByteStoreSelect.nextPcResult propext
REFINEMENT_THEOREM RiscvRefinement.Publication.TeamB.MulhDiv.Division.productRecurrence2ConvolutionImage
REFINEMENT_AXIOM RiscvRefinement.Publication.TeamB.MulhDiv.Division.productRecurrence2ConvolutionImage propext
REFINEMENT_THEOREM RiscvRefinement.Opcodes.ByteLoadMutation.ByteLoadHoldsWithoutByteLoadSelect.wordLoad
REFINEMENT_AXIOM RiscvRefinement.Opcodes.ByteLoadMutation.ByteLoadHoldsWithoutByteLoadSelect.wordLoad propext
REFINEMENT_THEOREM RiscvRefinement.Air.Bridge.M31.reduce_shift
REFINEMENT_AXIOM RiscvRefinement.Air.Bridge.M31.reduce_shift propext
REFINEMENT_AXIOM RiscvRefinement.Air.Bridge.M31.reduce_shift Quot.sound
REFINEMENT_THEOREM RiscvRefinement.Opcodes.word_access_aligned
REFINEMENT_AXIOM RiscvRefinement.Opcodes.word_access_aligned propext
REFINEMENT_AXIOM RiscvRefinement.Opcodes.word_access_aligned Quot.sound
REFINEMENT_AXIOM RiscvRefinement.Opcodes.word_access_aligned Classical.choice
REFINEMENT_THEOREM RiscvRefinement.Air.FixedTableId.bitwise_contains_and_iff
REFINEMENT_AXIOM RiscvRefinement.Air.FixedTableId.bitwise_contains_and_iff propext
REFINEMENT_THEOREM RiscvRefinement.Recursion.FrameworkBoundary.rows_boundary
REFINEMENT_AXIOM RiscvRefinement.Recursion.FrameworkBoundary.rows_boundary propext
REFINEMENT_AXIOM RiscvRefinement.Recursion.FrameworkBoundary.rows_boundary Quot.sound
REFINEMENT_THEOREM RiscvRefinement.Opcodes.LoadMutationWord.HoldsWithoutWordLoad.clockPositive
REFINEMENT_AXIOM RiscvRefinement.Opcodes.LoadMutationWord.HoldsWithoutWordLoad.clockPositive propext
REFINEMENT_THEOREM RiscvRefinement.Opcodes.MulhHoldsWithoutProductLimb4.destinationClock
REFINEMENT_THEOREM RiscvRefinement.Air.Bridge.loadStoreLookupTuples
REFINEMENT_AXIOM RiscvRefinement.Air.Bridge.loadStoreLookupTuples propext
REFINEMENT_AXIOM RiscvRefinement.Air.Bridge.loadStoreLookupTuples Quot.sound
REFINEMENT_THEOREM RiscvRefinement.Air.Bridge.Addi.Admission.clockPositive
REFINEMENT_THEOREM RiscvRefinement.Opcodes.ShiftsRegRefinement.stateConsume
REFINEMENT_AXIOM RiscvRefinement.Opcodes.ShiftsRegRefinement.stateConsume propext
REFINEMENT_AXIOM RiscvRefinement.Opcodes.ShiftsRegRefinement.stateConsume Quot.sound
REFINEMENT_THEOREM RiscvRefinement.Opcodes.ByteLoadMutation.ByteLoadHoldsWithoutByteLoadSelect.baseReadOnly
REFINEMENT_AXIOM RiscvRefinement.Opcodes.ByteLoadMutation.ByteLoadHoldsWithoutByteLoadSelect.baseReadOnly propext
REFINEMENT_THEOREM RiscvRefinement.Opcodes.MulhBusRefinement.stateEmit
REFINEMENT_THEOREM RiscvRefinement.Publication.TeamB.MulhDiv.Division.quotientSignOfEquation
REFINEMENT_AXIOM RiscvRefinement.Publication.TeamB.MulhDiv.Division.quotientSignOfEquation propext
REFINEMENT_THEOREM RiscvRefinement.Opcodes.DivHoldsWithoutNegationRecurrence.destinationLimb2
REFINEMENT_THEOREM RiscvRefinement.Opcodes.StoreMutation.StoreHoldsWithoutStoreResultZeroOnStores.wordStore
REFINEMENT_AXIOM RiscvRefinement.Opcodes.StoreMutation.StoreHoldsWithoutStoreResultZeroOnStores.wordStore propext
REFINEMENT_THEOREM RiscvRefinement.Air.Bridge.Fence.exampleAdmission
REFINEMENT_THEOREM RiscvRefinement.Opcodes.ShiftsRegRefinement.programTuple
REFINEMENT_AXIOM RiscvRefinement.Opcodes.ShiftsRegRefinement.programTuple propext
REFINEMENT_AXIOM RiscvRefinement.Opcodes.ShiftsRegRefinement.programTuple Quot.sound
REFINEMENT_THEOREM RiscvRefinement.Air.Bridge.BaseAluReg.addOverflowAcceptance
REFINEMENT_AXIOM RiscvRefinement.Air.Bridge.BaseAluReg.addOverflowAcceptance propext
REFINEMENT_AXIOM RiscvRefinement.Air.Bridge.BaseAluReg.addOverflowAcceptance Quot.sound
REFINEMENT_THEOREM RiscvRefinement.Opcodes.srl_witness_holds
REFINEMENT_AXIOM RiscvRefinement.Opcodes.srl_witness_holds propext
REFINEMENT_THEOREM RiscvRefinement.Publication.TeamB.Shifts.slli_exactSelectorIdentity
REFINEMENT_AXIOM RiscvRefinement.Publication.TeamB.Shifts.slli_exactSelectorIdentity propext
REFINEMENT_AXIOM RiscvRefinement.Publication.TeamB.Shifts.slli_exactSelectorIdentity Quot.sound
REFINEMENT_THEOREM RiscvRefinement.Air.Bridge.LtImm.ProductionRefinement.nextClock
REFINEMENT_AXIOM RiscvRefinement.Air.Bridge.LtImm.ProductionRefinement.nextClock propext
REFINEMENT_AXIOM RiscvRefinement.Air.Bridge.LtImm.ProductionRefinement.nextClock Quot.sound
REFINEMENT_THEOREM RiscvRefinement.Publication.TeamB.LoadStore.DirectEquations.storeResult3
REFINEMENT_THEOREM RiscvRefinement.Air.Bridge.Addi.constraintsHoldExceptHighCarry_eq
REFINEMENT_AXIOM RiscvRefinement.Air.Bridge.Addi.constraintsHoldExceptHighCarry_eq propext
REFINEMENT_AXIOM RiscvRefinement.Air.Bridge.Addi.constraintsHoldExceptHighCarry_eq Quot.sound
REFINEMENT_THEOREM RiscvRefinement.Air.Family.div_flags_remu
REFINEMENT_AXIOM RiscvRefinement.Air.Family.div_flags_remu propext
REFINEMENT_THEOREM RiscvRefinement.Opcodes.MulhHoldsWithoutSourceTwoSignBinding.unsignedSourceTwo
REFINEMENT_THEOREM RiscvRefinement.Opcodes.LoadRefinement.baseEmit
REFINEMENT_AXIOM RiscvRefinement.Opcodes.LoadRefinement.baseEmit propext
REFINEMENT_AXIOM RiscvRefinement.Opcodes.LoadRefinement.baseEmit Quot.sound
REFINEMENT_THEOREM RiscvRefinement.Air.Family.LoadStoreHolds.byteMarkerSum
REFINEMENT_AXIOM RiscvRefinement.Air.Family.LoadStoreHolds.byteMarkerSum propext
REFINEMENT_THEOREM RiscvRefinement.Sail.Reviewed.executeRemu_zero_divisor
REFINEMENT_AXIOM RiscvRefinement.Sail.Reviewed.executeRemu_zero_divisor propext
REFINEMENT_THEOREM RiscvRefinement.Opcodes.SelectorNonVacuity.srli_selector_exists
REFINEMENT_AXIOM RiscvRefinement.Opcodes.SelectorNonVacuity.srli_selector_exists propext
REFINEMENT_AXIOM RiscvRefinement.Opcodes.SelectorNonVacuity.srli_selector_exists Quot.sound
REFINEMENT_AXIOM RiscvRefinement.Opcodes.SelectorNonVacuity.srli_selector_exists Classical.choice
REFINEMENT_THEOREM RiscvRefinement.Opcodes.MulhHoldsWithoutSourceTwoSignBinding.sourceTwoLimb3
REFINEMENT_THEOREM RiscvRefinement.Sail.Reviewed.shifts_advance_pc
REFINEMENT_AXIOM RiscvRefinement.Sail.Reviewed.shifts_advance_pc propext
REFINEMENT_THEOREM RiscvRefinement.Air.Bridge.Auipc.constraintsHold_eq
REFINEMENT_AXIOM RiscvRefinement.Air.Bridge.Auipc.constraintsHold_eq propext
REFINEMENT_AXIOM RiscvRefinement.Air.Bridge.Auipc.constraintsHold_eq Quot.sound
REFINEMENT_THEOREM RiscvRefinement.Opcodes.Lt.Reg.canonicalDecode
REFINEMENT_AXIOM RiscvRefinement.Opcodes.Lt.Reg.canonicalDecode propext
REFINEMENT_AXIOM RiscvRefinement.Opcodes.Lt.Reg.canonicalDecode Quot.sound
REFINEMENT_THEOREM RiscvRefinement.Opcodes.AddiRefinement.stateEmit
REFINEMENT_AXIOM RiscvRefinement.Opcodes.AddiRefinement.stateEmit propext
REFINEMENT_AXIOM RiscvRefinement.Opcodes.AddiRefinement.stateEmit Quot.sound
REFINEMENT_THEOREM RiscvRefinement.Publication.TeamB.MulhDiv.Division.DirectEquationsC.negCarryBool0
REFINEMENT_THEOREM RiscvRefinement.Opcodes.AuipcMutation.wrongDestination_refutes
REFINEMENT_AXIOM RiscvRefinement.Opcodes.AuipcMutation.wrongDestination_refutes propext
REFINEMENT_AXIOM RiscvRefinement.Opcodes.AuipcMutation.wrongDestination_refutes Quot.sound
REFINEMENT_THEOREM RiscvRefinement.Air.Bridge.Jalr.ProductionRefinement.programIdentity
REFINEMENT_AXIOM RiscvRefinement.Air.Bridge.Jalr.ProductionRefinement.programIdentity propext
REFINEMENT_AXIOM RiscvRefinement.Air.Bridge.Jalr.ProductionRefinement.programIdentity Quot.sound
REFINEMENT_THEOREM RiscvRefinement.Publication.TeamB.MulhDiv.HighMultiply.ExactFixedProjection.carry4
REFINEMENT_AXIOM RiscvRefinement.Publication.TeamB.MulhDiv.HighMultiply.ExactFixedProjection.carry4 propext
REFINEMENT_AXIOM RiscvRefinement.Publication.TeamB.MulhDiv.HighMultiply.ExactFixedProjection.carry4 Quot.sound
REFINEMENT_THEOREM RiscvRefinement.Air.Bridge.BaseAluImm.sourceClockGapBound
REFINEMENT_AXIOM RiscvRefinement.Air.Bridge.BaseAluImm.sourceClockGapBound propext
REFINEMENT_AXIOM RiscvRefinement.Air.Bridge.BaseAluImm.sourceClockGapBound Quot.sound
REFINEMENT_THEOREM RiscvRefinement.Opcodes.MulhHoldsWithoutSelectorSourceTwoSign.sourceTwoLimb2
REFINEMENT_THEOREM RiscvRefinement.Opcodes.DivHoldsWithoutScanTotal.sourceTwoLimb2
REFINEMENT_THEOREM RiscvRefinement.Publication.exactProductionManifestIdsNodup
REFINEMENT_AXIOM RiscvRefinement.Publication.exactProductionManifestIdsNodup propext
REFINEMENT_AXIOM RiscvRefinement.Publication.exactProductionManifestIdsNodup Quot.sound
REFINEMENT_AXIOM RiscvRefinement.Publication.exactProductionManifestIdsNodup Classical.choice
REFINEMENT_THEOREM RiscvRefinement.Opcodes.half_access_aligned
REFINEMENT_AXIOM RiscvRefinement.Opcodes.half_access_aligned propext
REFINEMENT_AXIOM RiscvRefinement.Opcodes.half_access_aligned Quot.sound
REFINEMENT_AXIOM RiscvRefinement.Opcodes.half_access_aligned Classical.choice
REFINEMENT_THEOREM RiscvRefinement.Air.LocalProgram.SymbolicCertificate.events
REFINEMENT_AXIOM RiscvRefinement.Air.LocalProgram.SymbolicCertificate.events propext
REFINEMENT_THEOREM RiscvRefinement.Air.Family.ShiftsRegHolds.shiftAmountBinds
REFINEMENT_THEOREM RiscvRefinement.Opcodes.LoadMutationWord.HoldsWithoutHalfLoadExtension.nextPcResult
REFINEMENT_AXIOM RiscvRefinement.Opcodes.LoadMutationWord.HoldsWithoutHalfLoadExtension.nextPcResult propext
REFINEMENT_THEOREM RiscvRefinement.Air.Bridge.BaseAluReg.bitwiseRequestsHold
REFINEMENT_AXIOM RiscvRefinement.Air.Bridge.BaseAluReg.bitwiseRequestsHold propext
REFINEMENT_AXIOM RiscvRefinement.Air.Bridge.BaseAluReg.bitwiseRequestsHold Quot.sound
REFINEMENT_THEOREM RiscvRefinement.Air.Bridge.MulhCircuit.localise_value_eq_evalNodes
REFINEMENT_AXIOM RiscvRefinement.Air.Bridge.MulhCircuit.localise_value_eq_evalNodes propext
REFINEMENT_AXIOM RiscvRefinement.Air.Bridge.MulhCircuit.localise_value_eq_evalNodes Quot.sound
REFINEMENT_THEOREM RiscvRefinement.Air.Bridge.BaseAluImm.exampleAcceptance
REFINEMENT_AXIOM RiscvRefinement.Air.Bridge.BaseAluImm.exampleAcceptance propext
REFINEMENT_AXIOM RiscvRefinement.Air.Bridge.BaseAluImm.exampleAcceptance Quot.sound
REFINEMENT_THEOREM RiscvRefinement.Opcodes.lh_refines
REFINEMENT_AXIOM RiscvRefinement.Opcodes.lh_refines propext
REFINEMENT_AXIOM RiscvRefinement.Opcodes.lh_refines Quot.sound
REFINEMENT_AXIOM RiscvRefinement.Opcodes.lh_refines Classical.choice
REFINEMENT_THEOREM RiscvRefinement.Opcodes.LoadStoreHoldsWithoutStoreResultZero.halfSignWitness
REFINEMENT_AXIOM RiscvRefinement.Opcodes.LoadStoreHoldsWithoutStoreResultZero.halfSignWitness propext
REFINEMENT_THEOREM RiscvRefinement.Publication.TeamB.MulhDiv.Division.ScanConsequences.equal3
REFINEMENT_THEOREM RiscvRefinement.Opcodes.LoadStoreHoldsWithoutByteSignWitness.byteLoadSelect
REFINEMENT_AXIOM RiscvRefinement.Opcodes.LoadStoreHoldsWithoutByteSignWitness.byteLoadSelect propext
REFINEMENT_THEOREM RiscvRefinement.Publication.TeamA.BaseAlu.xori_accepted_air_implies_retirement
REFINEMENT_AXIOM RiscvRefinement.Publication.TeamA.BaseAlu.xori_accepted_air_implies_retirement propext
REFINEMENT_AXIOM RiscvRefinement.Publication.TeamA.BaseAlu.xori_accepted_air_implies_retirement Quot.sound
REFINEMENT_AXIOM RiscvRefinement.Publication.TeamA.BaseAlu.xori_accepted_air_implies_retirement Classical.choice
REFINEMENT_THEOREM RiscvRefinement.Publication.TeamB.MulhDiv.Division.selectedProgramManifestId
REFINEMENT_THEOREM RiscvRefinement.Opcodes.DivHoldsWithoutDestinationLimb0.destinationLimb3
REFINEMENT_THEOREM RiscvRefinement.Opcodes.ShiftsImmRefinement.sourceConsume
REFINEMENT_AXIOM RiscvRefinement.Opcodes.ShiftsImmRefinement.sourceConsume propext
REFINEMENT_AXIOM RiscvRefinement.Opcodes.ShiftsImmRefinement.sourceConsume Quot.sound
REFINEMENT_THEOREM RiscvRefinement.Opcodes.ByteLoadMutation.lbWrongByteRow_refutes
REFINEMENT_AXIOM RiscvRefinement.Opcodes.ByteLoadMutation.lbWrongByteRow_refutes propext
REFINEMENT_THEOREM RiscvRefinement.Air.Bridge.Jal.destinationClock_of_air
REFINEMENT_AXIOM RiscvRefinement.Air.Bridge.Jal.destinationClock_of_air propext
REFINEMENT_AXIOM RiscvRefinement.Air.Bridge.Jal.destinationClock_of_air Quot.sound
REFINEMENT_THEOREM RiscvRefinement.Opcodes.ShiftsImmRefinement.destinationEmit
REFINEMENT_AXIOM RiscvRefinement.Opcodes.ShiftsImmRefinement.destinationEmit propext
REFINEMENT_AXIOM RiscvRefinement.Opcodes.ShiftsImmRefinement.destinationEmit Quot.sound
REFINEMENT_THEOREM RiscvRefinement.Publication.TeamB.MulhDiv.Division.node67
REFINEMENT_AXIOM RiscvRefinement.Publication.TeamB.MulhDiv.Division.node67 propext
REFINEMENT_AXIOM RiscvRefinement.Publication.TeamB.MulhDiv.Division.node67 Quot.sound
REFINEMENT_THEOREM RiscvRefinement.Opcodes.DivHoldsWithoutProductRecurrence.zeroDivisorQuotientSign
REFINEMENT_THEOREM RiscvRefinement.Air.Bridge.Jalr.AirEquations.result
REFINEMENT_AXIOM RiscvRefinement.Air.Bridge.Jalr.AirEquations.result propext
REFINEMENT_THEOREM RiscvRefinement.Publication.TeamB.Shifts.RegFixedConsequences.sourceClock
REFINEMENT_THEOREM RiscvRefinement.Air.Bridge.Addi.Admission.clockBound
REFINEMENT_THEOREM RiscvRefinement.Opcodes.div_negation_recurrence_is_load_bearing
REFINEMENT_AXIOM RiscvRefinement.Opcodes.div_negation_recurrence_is_load_bearing propext
REFINEMENT_AXIOM RiscvRefinement.Opcodes.div_negation_recurrence_is_load_bearing Quot.sound
REFINEMENT_AXIOM RiscvRefinement.Opcodes.div_negation_recurrence_is_load_bearing Classical.choice
REFINEMENT_THEOREM RiscvRefinement.Opcodes.DivHoldsWithoutUnsignedDivisorSign.quotientSignImpliesXor
REFINEMENT_THEOREM RiscvRefinement.Air.Bridge.Jalr.zeroDestinationRefines
REFINEMENT_AXIOM RiscvRefinement.Air.Bridge.Jalr.zeroDestinationRefines propext
REFINEMENT_AXIOM RiscvRefinement.Air.Bridge.Jalr.zeroDestinationRefines Quot.sound
REFINEMENT_AXIOM RiscvRefinement.Air.Bridge.Jalr.zeroDestinationRefines Classical.choice
REFINEMENT_THEOREM RiscvRefinement.Publication.TeamB.MulhDiv.Division.FixedRequests.destinationClock
REFINEMENT_AXIOM RiscvRefinement.Publication.TeamB.MulhDiv.Division.FixedRequests.destinationClock propext
REFINEMENT_AXIOM RiscvRefinement.Publication.TeamB.MulhDiv.Division.FixedRequests.destinationClock Quot.sound
REFINEMENT_THEOREM RiscvRefinement.Opcodes.LtMutation.Reg.sltu_wrongManifest_strictly_weaker
REFINEMENT_AXIOM RiscvRefinement.Opcodes.LtMutation.Reg.sltu_wrongManifest_strictly_weaker propext
REFINEMENT_AXIOM RiscvRefinement.Opcodes.LtMutation.Reg.sltu_wrongManifest_strictly_weaker Quot.sound
REFINEMENT_THEOREM RiscvRefinement.Opcodes.LoadStoreHoldsWithoutPartialStorePreserve.storeResultZero
REFINEMENT_AXIOM RiscvRefinement.Opcodes.LoadStoreHoldsWithoutPartialStorePreserve.storeResultZero propext
REFINEMENT_THEOREM RiscvRefinement.M31.reduce_val_of_lt
REFINEMENT_AXIOM RiscvRefinement.M31.reduce_val_of_lt propext
REFINEMENT_THEOREM RiscvRefinement.Opcodes.DivHoldsWithoutDividendSignBit.destinationLimb1
REFINEMENT_THEOREM RiscvRefinement.Opcodes.StoreMutation.StoreHoldsWithoutPartialStorePreserve.byteLoadExtension
REFINEMENT_AXIOM RiscvRefinement.Opcodes.StoreMutation.StoreHoldsWithoutPartialStorePreserve.byteLoadExtension propext
REFINEMENT_THEOREM RiscvRefinement.Opcodes.divSlackScanRow_satisfies
REFINEMENT_THEOREM RiscvRefinement.Opcodes.BaseAluMutation.Reg.mutationCertificate
REFINEMENT_AXIOM RiscvRefinement.Opcodes.BaseAluMutation.Reg.mutationCertificate propext
REFINEMENT_AXIOM RiscvRefinement.Opcodes.BaseAluMutation.Reg.mutationCertificate Quot.sound
REFINEMENT_THEOREM RiscvRefinement.Publication.TeamB.LoadStore.DirectEquations.loadDestination0
REFINEMENT_THEOREM RiscvRefinement.Publication.TeamB.LoadStore.ExactTupleProjection.stateEmit
REFINEMENT_AXIOM RiscvRefinement.Publication.TeamB.LoadStore.ExactTupleProjection.stateEmit propext
REFINEMENT_AXIOM RiscvRefinement.Publication.TeamB.LoadStore.ExactTupleProjection.stateEmit Quot.sound
REFINEMENT_THEOREM RiscvRefinement.Opcodes.LoadStoreEnvironment.immBinds
REFINEMENT_AXIOM RiscvRefinement.Opcodes.LoadStoreEnvironment.immBinds propext
REFINEMENT_AXIOM RiscvRefinement.Opcodes.LoadStoreEnvironment.immBinds Quot.sound
REFINEMENT_THEOREM RiscvRefinement.Opcodes.shiftsImmHolds_weakens_signLowerBound
REFINEMENT_THEOREM RiscvRefinement.Opcodes.LoadMutationWord.HoldsWithoutHalfLoadHigh.destinationFlag
REFINEMENT_AXIOM RiscvRefinement.Opcodes.LoadMutationWord.HoldsWithoutHalfLoadHigh.destinationFlag propext
REFINEMENT_THEOREM RiscvRefinement.Publication.TeamB.MulhDiv.Division.rem_programIdentity
REFINEMENT_THEOREM RiscvRefinement.Opcodes.DivHoldsWithoutZeroDivisorQuotient0.sourceOneLimb1
REFINEMENT_THEOREM RiscvRefinement.Air.Bridge.mulhProgramCompiled_eq_localise
REFINEMENT_THEOREM RiscvRefinement.Opcodes.BranchesMutation.original_sound
REFINEMENT_AXIOM RiscvRefinement.Opcodes.BranchesMutation.original_sound propext
REFINEMENT_AXIOM RiscvRefinement.Opcodes.BranchesMutation.original_sound Quot.sound
REFINEMENT_THEOREM RiscvRefinement.Opcodes.Lt.Reg.sltu_refines
REFINEMENT_AXIOM RiscvRefinement.Opcodes.Lt.Reg.sltu_refines propext
REFINEMENT_AXIOM RiscvRefinement.Opcodes.Lt.Reg.sltu_refines Quot.sound
REFINEMENT_THEOREM RiscvRefinement.Opcodes.DivHoldsWithoutScanTotal.sourceOneLimb3
REFINEMENT_THEOREM RiscvRefinement.Opcodes.DivHoldsWithoutUnsignedDivisorSign.scanMarker2
REFINEMENT_THEOREM RiscvRefinement.Opcodes.LoadMutationWord.lwTruncatedRow_satisfies
REFINEMENT_AXIOM RiscvRefinement.Opcodes.LoadMutationWord.lwTruncatedRow_satisfies propext
REFINEMENT_THEOREM RiscvRefinement.Air.Bridge.BaseAluImm.zeroDestinationNonvacuous
REFINEMENT_AXIOM RiscvRefinement.Air.Bridge.BaseAluImm.zeroDestinationNonvacuous propext
REFINEMENT_AXIOM RiscvRefinement.Air.Bridge.BaseAluImm.zeroDestinationNonvacuous Quot.sound
REFINEMENT_THEOREM RiscvRefinement.Memory.applyMask_word
REFINEMENT_AXIOM RiscvRefinement.Memory.applyMask_word propext
REFINEMENT_THEOREM RiscvRefinement.Air.Bridge.LtComparator.ComparatorContract.topSelected
REFINEMENT_THEOREM RiscvRefinement.Recursion.FrameworkBoundary.sum_constant
REFINEMENT_AXIOM RiscvRefinement.Recursion.FrameworkBoundary.sum_constant propext
REFINEMENT_THEOREM RiscvRefinement.Opcodes.ByteLoadMutation.byte_load_mutation_control_names
REFINEMENT_AXIOM RiscvRefinement.Opcodes.ByteLoadMutation.byte_load_mutation_control_names propext
REFINEMENT_THEOREM RiscvRefinement.Opcodes.MulhHoldsWithoutSourceOneSignBinding.productLimb7
REFINEMENT_THEOREM RiscvRefinement.Air.Family.DivHolds.destinationLimb3
REFINEMENT_THEOREM RiscvRefinement.Air.Bridge.LtComparator.ComparatorContract.limb2Equal
REFINEMENT_THEOREM RiscvRefinement.Opcodes.Branches.Eq.takenAndFallthroughRefine
REFINEMENT_AXIOM RiscvRefinement.Opcodes.Branches.Eq.takenAndFallthroughRefine propext
REFINEMENT_AXIOM RiscvRefinement.Opcodes.Branches.Eq.takenAndFallthroughRefine Quot.sound
REFINEMENT_AXIOM RiscvRefinement.Opcodes.Branches.Eq.takenAndFallthroughRefine Classical.choice
REFINEMENT_THEOREM RiscvRefinement.Opcodes.DivHoldsWithoutUnsignedDivisorSign.unsignedDividendSign
REFINEMENT_THEOREM RiscvRefinement.Publication.TeamB.MulhDiv.Division.DirectConsequences.quotientSignMatches
REFINEMENT_THEOREM RiscvRefinement.Opcodes.DivHoldsWithoutUnsignedDivisorSign.destinationLimb2
REFINEMENT_THEOREM RiscvRefinement.Opcodes.LoadStoreHoldsWithoutByteSignWitness.wordShiftAmount
REFINEMENT_AXIOM RiscvRefinement.Opcodes.LoadStoreHoldsWithoutByteSignWitness.wordShiftAmount propext
REFINEMENT_THEOREM RiscvRefinement.Opcodes.ShiftHoldsWithoutLeftLowByte.sourceReadOnly
REFINEMENT_THEOREM RiscvRefinement.Publication.TeamB.MulhDiv.Division.DirectConsequences.zeroDivisorLimb0
REFINEMENT_THEOREM RiscvRefinement.Opcodes.BaseAluImm.Refinement.decode
REFINEMENT_AXIOM RiscvRefinement.Opcodes.BaseAluImm.Refinement.decode propext
REFINEMENT_AXIOM RiscvRefinement.Opcodes.BaseAluImm.Refinement.decode Quot.sound
REFINEMENT_THEOREM RiscvRefinement.Publication.TeamB.MulhDiv.Division.node313
REFINEMENT_AXIOM RiscvRefinement.Publication.TeamB.MulhDiv.Division.node313 propext
REFINEMENT_AXIOM RiscvRefinement.Publication.TeamB.MulhDiv.Division.node313 Quot.sound
REFINEMENT_THEOREM RiscvRefinement.Opcodes.MulhHoldsWithoutSourceTwoSignBinding.productLimb2
REFINEMENT_THEOREM RiscvRefinement.Opcodes.MulHoldsWithoutProductLimb0.sourceOneLimb1
REFINEMENT_THEOREM RiscvRefinement.Opcodes.DivRefinement.stateEmit
REFINEMENT_THEOREM RiscvRefinement.Opcodes.LoadMutationWord.HoldsWithoutHalfLoadExtension.memoryAddress
REFINEMENT_AXIOM RiscvRefinement.Opcodes.LoadMutationWord.HoldsWithoutHalfLoadExtension.memoryAddress propext
REFINEMENT_THEOREM RiscvRefinement.Opcodes.DivHoldsWithoutNegationRecurrence.scanEqual1
REFINEMENT_THEOREM RiscvRefinement.Air.Bridge.limbSumInverseTable_ok
REFINEMENT_THEOREM RiscvRefinement.Opcodes.slliFreeAmountRow_not_sound
REFINEMENT_AXIOM RiscvRefinement.Opcodes.slliFreeAmountRow_not_sound propext
REFINEMENT_AXIOM RiscvRefinement.Opcodes.slliFreeAmountRow_not_sound Quot.sound
REFINEMENT_THEOREM RiscvRefinement.Air.Bridge.Lui.zeroAcceptance
REFINEMENT_AXIOM RiscvRefinement.Air.Bridge.Lui.zeroAcceptance propext
REFINEMENT_AXIOM RiscvRefinement.Air.Bridge.Lui.zeroAcceptance Quot.sound
REFINEMENT_THEOREM RiscvRefinement.Air.Bridge.TeamACommon.bitVecM31_injective_of_bounds
REFINEMENT_AXIOM RiscvRefinement.Air.Bridge.TeamACommon.bitVecM31_injective_of_bounds propext
REFINEMENT_THEOREM RiscvRefinement.Opcodes.LoadMutationWord.HoldsWithoutHalfLoadHigh.clockPositive
REFINEMENT_AXIOM RiscvRefinement.Opcodes.LoadMutationWord.HoldsWithoutHalfLoadHigh.clockPositive propext
REFINEMENT_THEOREM RiscvRefinement.Opcodes.Lt.Imm.slti_refines
REFINEMENT_AXIOM RiscvRefinement.Opcodes.Lt.Imm.slti_refines propext
REFINEMENT_AXIOM RiscvRefinement.Opcodes.Lt.Imm.slti_refines Quot.sound
REFINEMENT_THEOREM RiscvRefinement.Publication.TeamB.MulhDiv.Division.DirectEquations.h
REFINEMENT_THEOREM RiscvRefinement.Publication.TeamB.MulhDiv.Division.ExactFixedProjection.carry1
REFINEMENT_AXIOM RiscvRefinement.Publication.TeamB.MulhDiv.Division.ExactFixedProjection.carry1 propext
REFINEMENT_AXIOM RiscvRefinement.Publication.TeamB.MulhDiv.Division.ExactFixedProjection.carry1 Quot.sound
REFINEMENT_THEOREM RiscvRefinement.M31.toNat_injective
REFINEMENT_AXIOM RiscvRefinement.M31.toNat_injective propext
REFINEMENT_THEOREM RiscvRefinement.Air.Bridge.Auipc.destinationBytes
REFINEMENT_AXIOM RiscvRefinement.Air.Bridge.Auipc.destinationBytes propext
REFINEMENT_AXIOM RiscvRefinement.Air.Bridge.Auipc.destinationBytes Quot.sound
REFINEMENT_THEOREM RiscvRefinement.Opcodes.divuSignedDivisorRow_refutes
REFINEMENT_THEOREM RiscvRefinement.Air.Bridge.DivRowFits.programCounter
REFINEMENT_THEOREM RiscvRefinement.Opcodes.StoreMutation.StoreHoldsWithoutByteStoreSelect.baseReadOnly
REFINEMENT_AXIOM RiscvRefinement.Opcodes.StoreMutation.StoreHoldsWithoutByteStoreSelect.baseReadOnly propext
REFINEMENT_THEOREM RiscvRefinement.Opcodes.StoreMutation.StoreHoldsWithoutByteStoreSelect.halfMarkerSum
REFINEMENT_AXIOM RiscvRefinement.Opcodes.StoreMutation.StoreHoldsWithoutByteStoreSelect.halfMarkerSum propext
REFINEMENT_THEOREM RiscvRefinement.Opcodes.StoreMutation.StoreHoldsWithoutByteStoreSelect.halfShiftAmount
REFINEMENT_AXIOM RiscvRefinement.Opcodes.StoreMutation.StoreHoldsWithoutByteStoreSelect.halfShiftAmount propext
REFINEMENT_THEOREM RiscvRefinement.Publication.TeamB.MulhDiv.Division.acceptedAir_implies_holds
REFINEMENT_AXIOM RiscvRefinement.Publication.TeamB.MulhDiv.Division.acceptedAir_implies_holds propext
REFINEMENT_AXIOM RiscvRefinement.Publication.TeamB.MulhDiv.Division.acceptedAir_implies_holds Quot.sound
REFINEMENT_AXIOM RiscvRefinement.Publication.TeamB.MulhDiv.Division.acceptedAir_implies_holds Classical.choice
REFINEMENT_THEOREM RiscvRefinement.Air.Bridge.LtComparator.ComparatorContract.topEqual
REFINEMENT_THEOREM RiscvRefinement.Air.Generated.Programs.xoriSymbolicCertificate
REFINEMENT_AXIOM RiscvRefinement.Air.Generated.Programs.xoriSymbolicCertificate propext
REFINEMENT_AXIOM RiscvRefinement.Air.Generated.Programs.xoriSymbolicCertificate Quot.sound
REFINEMENT_THEOREM RiscvRefinement.Air.Bridge.BaseAluReg.ProductionRefinement.stateConsume
REFINEMENT_AXIOM RiscvRefinement.Air.Bridge.BaseAluReg.ProductionRefinement.stateConsume propext
REFINEMENT_AXIOM RiscvRefinement.Air.Bridge.BaseAluReg.ProductionRefinement.stateConsume Quot.sound
REFINEMENT_THEOREM RiscvRefinement.Opcodes.DivHoldsWithoutNegationRecurrence.remainderZeroLimb3
REFINEMENT_THEOREM RiscvRefinement.Opcodes.DivHoldsWithoutDividendSignBit.zeroDivisorQuotient0
REFINEMENT_THEOREM RiscvRefinement.Air.Family.DivHolds.sourceTwoLimb1
REFINEMENT_THEOREM RiscvRefinement.Opcodes.LoadMutationWord.loadStoreHolds_weakens_halfLoadHigh
REFINEMENT_AXIOM RiscvRefinement.Opcodes.LoadMutationWord.loadStoreHolds_weakens_halfLoadHigh propext
REFINEMENT_THEOREM RiscvRefinement.Opcodes.LoadStoreHoldsWithoutHalfLoadHigh.selectorSum
REFINEMENT_AXIOM RiscvRefinement.Opcodes.LoadStoreHoldsWithoutHalfLoadHigh.selectorSum propext
REFINEMENT_THEOREM RiscvRefinement.Opcodes.lb_flags
REFINEMENT_AXIOM RiscvRefinement.Opcodes.lb_flags propext
REFINEMENT_THEOREM RiscvRefinement.Publication.TeamB.MulhDiv.Division.ExactTupleProjection.sourceOneEmit
REFINEMENT_AXIOM RiscvRefinement.Publication.TeamB.MulhDiv.Division.ExactTupleProjection.sourceOneEmit propext
REFINEMENT_AXIOM RiscvRefinement.Publication.TeamB.MulhDiv.Division.ExactTupleProjection.sourceOneEmit Quot.sound
REFINEMENT_THEOREM RiscvRefinement.Opcodes.LoadStoreHoldsWithoutHalfShiftId.nextPcResult
REFINEMENT_AXIOM RiscvRefinement.Opcodes.LoadStoreHoldsWithoutHalfShiftId.nextPcResult propext
REFINEMENT_THEOREM RiscvRefinement.Opcodes.ByteLoadMutation.lbuWrongByteRow_refutes
REFINEMENT_AXIOM RiscvRefinement.Opcodes.ByteLoadMutation.lbuWrongByteRow_refutes propext
REFINEMENT_THEOREM RiscvRefinement.Opcodes.ShiftsRegHoldsWithoutLeftLowByte.sourceClock
REFINEMENT_THEOREM RiscvRefinement.Opcodes.MulHoldsWithoutProductLimb0.sourceTwoClock
REFINEMENT_THEOREM RiscvRefinement.Decode.encode_rem_is_canonical
REFINEMENT_AXIOM RiscvRefinement.Decode.encode_rem_is_canonical propext
REFINEMENT_AXIOM RiscvRefinement.Decode.encode_rem_is_canonical Quot.sound
REFINEMENT_THEOREM RiscvRefinement.Opcodes.DivHoldsWithoutProductRecurrence.dividendSignBit
REFINEMENT_THEOREM RiscvRefinement.Opcodes.DivHoldsWithoutDestinationLimb0.zeroDivisorLimb2
REFINEMENT_THEOREM RiscvRefinement.Air.Family.LoadStoreHolds.byteLoadSelect
REFINEMENT_AXIOM RiscvRefinement.Air.Family.LoadStoreHolds.byteLoadSelect propext
REFINEMENT_THEOREM RiscvRefinement.Opcodes.JalMutation.wrongStateEmit_satisfies
REFINEMENT_AXIOM RiscvRefinement.Opcodes.JalMutation.wrongStateEmit_satisfies propext
REFINEMENT_AXIOM RiscvRefinement.Opcodes.JalMutation.wrongStateEmit_satisfies Quot.sound
REFINEMENT_THEOREM RiscvRefinement.Air.Bridge.Lui.Acceptance.selectors
REFINEMENT_AXIOM RiscvRefinement.Air.Bridge.Lui.Acceptance.selectors propext
REFINEMENT_AXIOM RiscvRefinement.Air.Bridge.Lui.Acceptance.selectors Quot.sound
REFINEMENT_THEOREM RiscvRefinement.Publication.TeamB.MulhDiv.Division.Admission.sourceTwoPreviousBound
REFINEMENT_THEOREM RiscvRefinement.Publication.TeamB.MulhDiv.Division.DirectEquationsB.remainderInverse
REFINEMENT_THEOREM RiscvRefinement.Publication.TeamB.Multiply.directConsequences
REFINEMENT_AXIOM RiscvRefinement.Publication.TeamB.Multiply.directConsequences propext
REFINEMENT_AXIOM RiscvRefinement.Publication.TeamB.Multiply.directConsequences Quot.sound
REFINEMENT_THEOREM RiscvRefinement.Opcodes.BaseAluReg.sameSourceRefinementNonvacuous
REFINEMENT_AXIOM RiscvRefinement.Opcodes.BaseAluReg.sameSourceRefinementNonvacuous propext
REFINEMENT_AXIOM RiscvRefinement.Opcodes.BaseAluReg.sameSourceRefinementNonvacuous Quot.sound
REFINEMENT_THEOREM RiscvRefinement.Air.Bridge.Auipc.resultWord
REFINEMENT_AXIOM RiscvRefinement.Air.Bridge.Auipc.resultWord propext
REFINEMENT_AXIOM RiscvRefinement.Air.Bridge.Auipc.resultWord Quot.sound
REFINEMENT_THEOREM RiscvRefinement.Publication.TeamB.MulhDiv.Division.directConsequences
REFINEMENT_AXIOM RiscvRefinement.Publication.TeamB.MulhDiv.Division.directConsequences propext
REFINEMENT_AXIOM RiscvRefinement.Publication.TeamB.MulhDiv.Division.directConsequences Quot.sound
REFINEMENT_THEOREM RiscvRefinement.Opcodes.StoreMutation.StoreHoldsWithoutWordStore.halfSignWitness
REFINEMENT_AXIOM RiscvRefinement.Opcodes.StoreMutation.StoreHoldsWithoutWordStore.halfSignWitness propext
REFINEMENT_THEOREM RiscvRefinement.Publication.TeamB.MulhDiv.Division.wordSumField_ne_zero
REFINEMENT_AXIOM RiscvRefinement.Publication.TeamB.MulhDiv.Division.wordSumField_ne_zero propext
REFINEMENT_AXIOM RiscvRefinement.Publication.TeamB.MulhDiv.Division.wordSumField_ne_zero Quot.sound
REFINEMENT_THEOREM RiscvRefinement.Opcodes.ByteLoadMutation.ByteLoadHoldsWithoutByteLoadSelect.clockPositive
REFINEMENT_AXIOM RiscvRefinement.Opcodes.ByteLoadMutation.ByteLoadHoldsWithoutByteLoadSelect.clockPositive propext
REFINEMENT_THEOREM RiscvRefinement.Opcodes.lw_refines
REFINEMENT_AXIOM RiscvRefinement.Opcodes.lw_refines propext
REFINEMENT_AXIOM RiscvRefinement.Opcodes.lw_refines Quot.sound
REFINEMENT_AXIOM RiscvRefinement.Opcodes.lw_refines Classical.choice
REFINEMENT_THEOREM RiscvRefinement.Opcodes.lbFreeSignRow_satisfies
REFINEMENT_AXIOM RiscvRefinement.Opcodes.lbFreeSignRow_satisfies propext
REFINEMENT_THEOREM RiscvRefinement.Publication.TeamB.Shifts.RegFixedConsequences.carry0
REFINEMENT_THEOREM RiscvRefinement.Opcodes.ShiftHoldsWithoutLeftLowByte.signIsLogicalZero
REFINEMENT_THEOREM RiscvRefinement.Publication.TeamB.MulhDiv.Division.DirectEquationsD.absSame2
REFINEMENT_THEOREM RiscvRefinement.Air.Family.multiplySignIsMsb
REFINEMENT_AXIOM RiscvRefinement.Air.Family.multiplySignIsMsb propext
REFINEMENT_AXIOM RiscvRefinement.Air.Family.multiplySignIsMsb Quot.sound
REFINEMENT_THEOREM RiscvRefinement.Opcodes.LoadStoreHoldsWithoutPartialStorePreserve.halfSignWitness
REFINEMENT_AXIOM RiscvRefinement.Opcodes.LoadStoreHoldsWithoutPartialStorePreserve.halfSignWitness propext
REFINEMENT_THEOREM RiscvRefinement.Opcodes.ByteLoadMutation.ByteLoadHoldsWithoutByteLoadExtension.byteStoreSelect
REFINEMENT_AXIOM RiscvRefinement.Opcodes.ByteLoadMutation.ByteLoadHoldsWithoutByteLoadExtension.byteStoreSelect propext
REFINEMENT_THEOREM RiscvRefinement.Publication.TeamB.LoadStore.DirectEquations.byteLoad2
REFINEMENT_THEOREM RiscvRefinement.Opcodes.LoadMutationWord.HoldsWithoutHalfLoadExtension.halfMarkerSum
REFINEMENT_AXIOM RiscvRefinement.Opcodes.LoadMutationWord.HoldsWithoutHalfLoadExtension.halfMarkerSum propext
REFINEMENT_THEOREM RiscvRefinement.Publication.TeamB.MulhDiv.HighMultiply.DirectEquations.sourceOne2
REFINEMENT_AXIOM RiscvRefinement.Publication.TeamB.MulhDiv.HighMultiply.DirectEquations.sourceOne2 propext
REFINEMENT_THEOREM RiscvRefinement.Opcodes.Fence.refines
REFINEMENT_AXIOM RiscvRefinement.Opcodes.Fence.refines propext
REFINEMENT_AXIOM RiscvRefinement.Opcodes.Fence.refines Quot.sound
REFINEMENT_THEOREM RiscvRefinement.Air.Bridge.Auipc.lookupProjection
REFINEMENT_AXIOM RiscvRefinement.Air.Bridge.Auipc.lookupProjection propext
REFINEMENT_AXIOM RiscvRefinement.Air.Bridge.Auipc.lookupProjection Quot.sound
REFINEMENT_THEOREM RiscvRefinement.Air.Bridge.LtImm.Acceptance.constraints
REFINEMENT_AXIOM RiscvRefinement.Air.Bridge.LtImm.Acceptance.constraints propext
REFINEMENT_AXIOM RiscvRefinement.Air.Bridge.LtImm.Acceptance.constraints Quot.sound
REFINEMENT_THEOREM RiscvRefinement.Opcodes.mul_exists
REFINEMENT_AXIOM RiscvRefinement.Opcodes.mul_exists propext
REFINEMENT_AXIOM RiscvRefinement.Opcodes.mul_exists Quot.sound
REFINEMENT_AXIOM RiscvRefinement.Opcodes.mul_exists Classical.choice
REFINEMENT_THEOREM RiscvRefinement.Air.Family.DivHolds.zeroDivisorLimb0
REFINEMENT_THEOREM RiscvRefinement.Opcodes.StoreMutation.sb_byte_store_sound
REFINEMENT_AXIOM RiscvRefinement.Opcodes.StoreMutation.sb_byte_store_sound propext
REFINEMENT_AXIOM RiscvRefinement.Opcodes.StoreMutation.sb_byte_store_sound Quot.sound
REFINEMENT_THEOREM RiscvRefinement.Memory.applyMask_limb3_preserved
REFINEMENT_AXIOM RiscvRefinement.Memory.applyMask_limb3_preserved propext
REFINEMENT_THEOREM RiscvRefinement.Opcodes.DivHoldsWithoutProductRecurrence.absSameLimb2
REFINEMENT_THEOREM RiscvRefinement.Publication.TeamB.MulhDiv.Division.node345
REFINEMENT_AXIOM RiscvRefinement.Publication.TeamB.MulhDiv.Division.node345 propext
REFINEMENT_AXIOM RiscvRefinement.Publication.TeamB.MulhDiv.Division.node345 Quot.sound
REFINEMENT_THEOREM RiscvRefinement.Opcodes.divWitness_architectural_agreement
REFINEMENT_AXIOM RiscvRefinement.Opcodes.divWitness_architectural_agreement propext
REFINEMENT_THEOREM RiscvRefinement.Opcodes.ShiftsImmEnvironment.wordBinds
REFINEMENT_AXIOM RiscvRefinement.Opcodes.ShiftsImmEnvironment.wordBinds propext
REFINEMENT_AXIOM RiscvRefinement.Opcodes.ShiftsImmEnvironment.wordBinds Quot.sound
REFINEMENT_THEOREM RiscvRefinement.Publication.TeamB.MulhDiv.Division.DirectEquationsD.absSame1
REFINEMENT_THEOREM RiscvRefinement.Opcodes.ByteLoadMutation.ByteLoadHoldsWithoutByteSignWitness.wordShiftAmount
REFINEMENT_AXIOM RiscvRefinement.Opcodes.ByteLoadMutation.ByteLoadHoldsWithoutByteSignWitness.wordShiftAmount propext
REFINEMENT_THEOREM RiscvRefinement.Opcodes.LoadMutationWord.lwTruncatedRow_isLw
REFINEMENT_THEOREM RiscvRefinement.Air.Bridge.Jalr.ProductionRefinement.immediateRange
REFINEMENT_AXIOM RiscvRefinement.Air.Bridge.Jalr.ProductionRefinement.immediateRange propext
REFINEMENT_AXIOM RiscvRefinement.Air.Bridge.Jalr.ProductionRefinement.immediateRange Quot.sound
REFINEMENT_THEOREM RiscvRefinement.Opcodes.remWrongSignRow_refutes
REFINEMENT_AXIOM RiscvRefinement.Opcodes.remWrongSignRow_refutes propext
REFINEMENT_THEOREM RiscvRefinement.Air.Family.DivHolds.sourceOneClock
REFINEMENT_THEOREM RiscvRefinement.Opcodes.NonVacuity.lb_holds
REFINEMENT_AXIOM RiscvRefinement.Opcodes.NonVacuity.lb_holds propext
REFINEMENT_THEOREM RiscvRefinement.Air.Bridge.M31.reduce_zero
REFINEMENT_THEOREM RiscvRefinement.Air.Family.shifts_reg_amount_is_masked
REFINEMENT_AXIOM RiscvRefinement.Air.Family.shifts_reg_amount_is_masked propext
REFINEMENT_AXIOM RiscvRefinement.Air.Family.shifts_reg_amount_is_masked Quot.sound
REFINEMENT_THEOREM RiscvRefinement.Opcodes.MulhHoldsWithoutSourceTwoSignBinding.sourceOneLimb0
REFINEMENT_THEOREM RiscvRefinement.Opcodes.rem_refines
REFINEMENT_AXIOM RiscvRefinement.Opcodes.rem_refines propext
REFINEMENT_AXIOM RiscvRefinement.Opcodes.rem_refines Quot.sound
REFINEMENT_AXIOM RiscvRefinement.Opcodes.rem_refines Classical.choice
REFINEMENT_THEOREM RiscvRefinement.Air.Family.remu_result_word
REFINEMENT_AXIOM RiscvRefinement.Air.Family.remu_result_word propext
REFINEMENT_AXIOM RiscvRefinement.Air.Family.remu_result_word Quot.sound
REFINEMENT_AXIOM RiscvRefinement.Air.Family.remu_result_word Classical.choice
REFINEMENT_THEOREM RiscvRefinement.Opcodes.DivHoldsWithoutSignXorDefinition.destinationLimb3
REFINEMENT_THEOREM RiscvRefinement.Opcodes.DivHoldsWithoutZeroDivisorQuotient0.ltDiffLower
REFINEMENT_THEOREM RiscvRefinement.Opcodes.MulhBusRefinement.sourceTwoEmit
REFINEMENT_THEOREM RiscvRefinement.Air.Family.ShiftHolds.carry1Range
REFINEMENT_THEOREM RiscvRefinement.Air.Bridge.Jalr.targetLow20Bound
REFINEMENT_AXIOM RiscvRefinement.Air.Bridge.Jalr.targetLow20Bound propext
REFINEMENT_AXIOM RiscvRefinement.Air.Bridge.Jalr.targetLow20Bound Quot.sound
REFINEMENT_THEOREM RiscvRefinement.Air.Family.DivHolds.sourceOneLimb2
REFINEMENT_THEOREM RiscvRefinement.Opcodes.BaseAluMutation.Reg.and_mutation
REFINEMENT_AXIOM RiscvRefinement.Opcodes.BaseAluMutation.Reg.and_mutation propext
REFINEMENT_AXIOM RiscvRefinement.Opcodes.BaseAluMutation.Reg.and_mutation Quot.sound
REFINEMENT_THEOREM RiscvRefinement.Opcodes.MulhHoldsWithoutProductLimb4.unsignedSourceOne
REFINEMENT_THEOREM RiscvRefinement.Opcodes.ShiftHoldsWithoutLeftLowByte.carry1Range
REFINEMENT_THEOREM RiscvRefinement.Publication.TeamB.MulhDiv.Division.DirectEquations.a
REFINEMENT_THEOREM RiscvRefinement.Opcodes.DivHoldsWithoutDestinationLimb0.scanEqual2
REFINEMENT_THEOREM RiscvRefinement.Publication.TeamB.MulhDiv.HighMultiply.FixedConsequences.sourceOneGap
REFINEMENT_THEOREM RiscvRefinement.Opcodes.LoadMutationWord.lhuSignExtendedRow_refutes
REFINEMENT_AXIOM RiscvRefinement.Opcodes.LoadMutationWord.lhuSignExtendedRow_refutes propext
REFINEMENT_AXIOM RiscvRefinement.Opcodes.LoadMutationWord.lhuSignExtendedRow_refutes Quot.sound
REFINEMENT_THEOREM RiscvRefinement.Publication.TeamB.Shifts.regConstraintsHold_eq
REFINEMENT_AXIOM RiscvRefinement.Publication.TeamB.Shifts.regConstraintsHold_eq propext
REFINEMENT_AXIOM RiscvRefinement.Publication.TeamB.Shifts.regConstraintsHold_eq Quot.sound
REFINEMENT_THEOREM RiscvRefinement.Air.Family.div_signed_bound
REFINEMENT_AXIOM RiscvRefinement.Air.Family.div_signed_bound propext
REFINEMENT_AXIOM RiscvRefinement.Air.Family.div_signed_bound Quot.sound
REFINEMENT_THEOREM RiscvRefinement.Air.Generated.Programs.sltiSymbolicCertificate
REFINEMENT_AXIOM RiscvRefinement.Air.Generated.Programs.sltiSymbolicCertificate propext
REFINEMENT_AXIOM RiscvRefinement.Air.Generated.Programs.sltiSymbolicCertificate Quot.sound
REFINEMENT_THEOREM RiscvRefinement.Opcodes.remuRelabelledResultRow_refutes
REFINEMENT_THEOREM RiscvRefinement.Publication.TeamB.MulhDiv.Division.boolM31_eq_reduce
REFINEMENT_THEOREM RiscvRefinement.Opcodes.DivRefinement.noRead
REFINEMENT_THEOREM RiscvRefinement.Air.Bridge.BaseAluReg.selectorAccepted
REFINEMENT_AXIOM RiscvRefinement.Air.Bridge.BaseAluReg.selectorAccepted propext
REFINEMENT_AXIOM RiscvRefinement.Air.Bridge.BaseAluReg.selectorAccepted Quot.sound
REFINEMENT_THEOREM RiscvRefinement.Air.Bridge.LtReg.ComparatorContract.topEqual
REFINEMENT_THEOREM RiscvRefinement.Opcodes.DivHoldsWithoutProductRecurrence.divisorNonzero
REFINEMENT_THEOREM RiscvRefinement.Opcodes.LoadStoreHoldsWithoutPartialStorePreserve.baseReadOnly
REFINEMENT_AXIOM RiscvRefinement.Opcodes.LoadStoreHoldsWithoutPartialStorePreserve.baseReadOnly propext
REFINEMENT_THEOREM RiscvRefinement.Air.Bridge.LtReg.ProductionRefinement.nextClock
REFINEMENT_AXIOM RiscvRefinement.Air.Bridge.LtReg.ProductionRefinement.nextClock propext
REFINEMENT_AXIOM RiscvRefinement.Air.Bridge.LtReg.ProductionRefinement.nextClock Quot.sound
REFINEMENT_THEOREM RiscvRefinement.Opcodes.ByteLoadMutation.ByteLoadHoldsWithoutByteSignWitness.partialStorePreserve
REFINEMENT_AXIOM RiscvRefinement.Opcodes.ByteLoadMutation.ByteLoadHoldsWithoutByteSignWitness.partialStorePreserve propext
REFINEMENT_THEOREM RiscvRefinement.Publication.TeamB.MulhDiv.Division.divSelectorConsequences
REFINEMENT_AXIOM RiscvRefinement.Publication.TeamB.MulhDiv.Division.divSelectorConsequences propext
REFINEMENT_AXIOM RiscvRefinement.Publication.TeamB.MulhDiv.Division.divSelectorConsequences Quot.sound
REFINEMENT_THEOREM RiscvRefinement.Air.Bridge.registerInverseTable_spec
REFINEMENT_AXIOM RiscvRefinement.Air.Bridge.registerInverseTable_spec propext
REFINEMENT_THEOREM RiscvRefinement.Opcodes.LhRefinement.stateConsume
REFINEMENT_AXIOM RiscvRefinement.Opcodes.LhRefinement.stateConsume propext
REFINEMENT_AXIOM RiscvRefinement.Opcodes.LhRefinement.stateConsume Quot.sound
REFINEMENT_THEOREM RiscvRefinement.Opcodes.DivHoldsWithoutDestinationLimb0.destinationFlag
REFINEMENT_THEOREM RiscvRefinement.Air.Family.MulhHolds.productLimb3
REFINEMENT_THEOREM RiscvRefinement.Opcodes.LoadStoreHoldsWithoutHalfShiftId.alignedQuarterRange
REFINEMENT_AXIOM RiscvRefinement.Opcodes.LoadStoreHoldsWithoutHalfShiftId.alignedQuarterRange propext
REFINEMENT_THEOREM RiscvRefinement.Opcodes.LoadMutationWord.HoldsWithoutWordLoad.memoryAddress
REFINEMENT_AXIOM RiscvRefinement.Opcodes.LoadMutationWord.HoldsWithoutWordLoad.memoryAddress propext
REFINEMENT_THEOREM RiscvRefinement.Air.FixedTableId.rangeCheckM31_contains_iff
REFINEMENT_AXIOM RiscvRefinement.Air.FixedTableId.rangeCheckM31_contains_iff propext
REFINEMENT_THEOREM RiscvRefinement.Publication.TeamB.Shifts.ImmExactRelationProjection.stateEmit
REFINEMENT_AXIOM RiscvRefinement.Publication.TeamB.Shifts.ImmExactRelationProjection.stateEmit propext
REFINEMENT_AXIOM RiscvRefinement.Publication.TeamB.Shifts.ImmExactRelationProjection.stateEmit Quot.sound
REFINEMENT_THEOREM RiscvRefinement.Opcodes.StoreMutation.storeHolds_weakens_storeResultZero
REFINEMENT_AXIOM RiscvRefinement.Opcodes.StoreMutation.storeHolds_weakens_storeResultZero propext
REFINEMENT_THEOREM RiscvRefinement.Memory.highHalf_extract
REFINEMENT_AXIOM RiscvRefinement.Memory.highHalf_extract propext
REFINEMENT_AXIOM RiscvRefinement.Memory.highHalf_extract Quot.sound
REFINEMENT_THEOREM RiscvRefinement.Opcodes.DivHoldsWithoutScanTotal.nextPcResult
REFINEMENT_THEOREM RiscvRefinement.Opcodes.ByteLoadMutation.lbu_byte_load_select_is_load_bearing_for_lbu
REFINEMENT_AXIOM RiscvRefinement.Opcodes.ByteLoadMutation.lbu_byte_load_select_is_load_bearing_for_lbu propext
REFINEMENT_THEOREM RiscvRefinement.Air.Bridge.loadStoreFixedRequestsHold
REFINEMENT_AXIOM RiscvRefinement.Air.Bridge.loadStoreFixedRequestsHold propext
REFINEMENT_AXIOM RiscvRefinement.Air.Bridge.loadStoreFixedRequestsHold Quot.sound
REFINEMENT_THEOREM RiscvRefinement.Air.LocalProgram.SymbolicCertificate.valid
REFINEMENT_AXIOM RiscvRefinement.Air.LocalProgram.SymbolicCertificate.valid propext
REFINEMENT_THEOREM RiscvRefinement.Air.Generated.Programs.srlSymbolicCertificate
REFINEMENT_AXIOM RiscvRefinement.Air.Generated.Programs.srlSymbolicCertificate propext
REFINEMENT_AXIOM RiscvRefinement.Air.Generated.Programs.srlSymbolicCertificate Quot.sound
REFINEMENT_THEOREM RiscvRefinement.Air.Bridge.Jalr.resultValueBound
REFINEMENT_AXIOM RiscvRefinement.Air.Bridge.Jalr.resultValueBound propext
REFINEMENT_AXIOM RiscvRefinement.Air.Bridge.Jalr.resultValueBound Quot.sound
REFINEMENT_THEOREM RiscvRefinement.Air.Family.LoadStoreAddressRange.doubled_base_high
REFINEMENT_AXIOM RiscvRefinement.Air.Family.LoadStoreAddressRange.doubled_base_high propext
REFINEMENT_AXIOM RiscvRefinement.Air.Family.LoadStoreAddressRange.doubled_base_high Quot.sound
REFINEMENT_THEOREM RiscvRefinement.Opcodes.LoadStoreHoldsWithoutStoreResultZero.immFeltRange
REFINEMENT_AXIOM RiscvRefinement.Opcodes.LoadStoreHoldsWithoutStoreResultZero.immFeltRange propext
REFINEMENT_THEOREM RiscvRefinement.Air.Bridge.Addi.constraintsHold_eq
REFINEMENT_AXIOM RiscvRefinement.Air.Bridge.Addi.constraintsHold_eq propext
REFINEMENT_AXIOM RiscvRefinement.Air.Bridge.Addi.constraintsHold_eq Quot.sound
REFINEMENT_THEOREM RiscvRefinement.Opcodes.BaseAluReg.or_exactProgramTuple
REFINEMENT_AXIOM RiscvRefinement.Opcodes.BaseAluReg.or_exactProgramTuple propext
REFINEMENT_AXIOM RiscvRefinement.Opcodes.BaseAluReg.or_exactProgramTuple Quot.sound
REFINEMENT_THEOREM RiscvRefinement.Publication.TeamB.MulhDiv.Division.FixedSemanticConsequences.sourceOneClock
REFINEMENT_THEOREM RiscvRefinement.Air.Family.div_unsigned_remainder_lt
REFINEMENT_AXIOM RiscvRefinement.Air.Family.div_unsigned_remainder_lt propext
REFINEMENT_AXIOM RiscvRefinement.Air.Family.div_unsigned_remainder_lt Quot.sound
REFINEMENT_THEOREM RiscvRefinement.Air.Bridge.Addi.constraintsHold_iff
REFINEMENT_AXIOM RiscvRefinement.Air.Bridge.Addi.constraintsHold_iff propext
REFINEMENT_AXIOM RiscvRefinement.Air.Bridge.Addi.constraintsHold_iff Quot.sound
REFINEMENT_THEOREM RiscvRefinement.Decode.isShiftImm_fields
REFINEMENT_AXIOM RiscvRefinement.Decode.isShiftImm_fields propext
REFINEMENT_THEOREM RiscvRefinement.Opcodes.LoadMutationWord.HoldsWithoutHalfLoadHigh.baseReadOnly
REFINEMENT_AXIOM RiscvRefinement.Opcodes.LoadMutationWord.HoldsWithoutHalfLoadHigh.baseReadOnly propext
REFINEMENT_THEOREM RiscvRefinement.Air.Bridge.LtImm.ProductionRefinement.eventOrder
REFINEMENT_AXIOM RiscvRefinement.Air.Bridge.LtImm.ProductionRefinement.eventOrder propext
REFINEMENT_AXIOM RiscvRefinement.Air.Bridge.LtImm.ProductionRefinement.eventOrder Quot.sound
REFINEMENT_THEOREM RiscvRefinement.Air.Bridge.Lui.exampleAcceptance
REFINEMENT_AXIOM RiscvRefinement.Air.Bridge.Lui.exampleAcceptance propext
REFINEMENT_AXIOM RiscvRefinement.Air.Bridge.Lui.exampleAcceptance Quot.sound
REFINEMENT_THEOREM RiscvRefinement.Opcodes.DivHoldsWithoutProductRecurrence.sourceTwoClock
REFINEMENT_THEOREM RiscvRefinement.Publication.TeamB.LoadStore.PublicationResult.everyLiveNonFixedRelation
REFINEMENT_AXIOM RiscvRefinement.Publication.TeamB.LoadStore.PublicationResult.everyLiveNonFixedRelation propext
REFINEMENT_AXIOM RiscvRefinement.Publication.TeamB.LoadStore.PublicationResult.everyLiveNonFixedRelation Quot.sound
REFINEMENT_THEOREM RiscvRefinement.Air.Bridge.LtImm.highBitAdmission
REFINEMENT_THEOREM RiscvRefinement.Publication.TeamB.LoadStore.ExactTupleProjection.destinationConsume
REFINEMENT_AXIOM RiscvRefinement.Publication.TeamB.LoadStore.ExactTupleProjection.destinationConsume propext
REFINEMENT_AXIOM RiscvRefinement.Publication.TeamB.LoadStore.ExactTupleProjection.destinationConsume Quot.sound
REFINEMENT_THEOREM RiscvRefinement.Air.Bridge.Jalr.destinationFlag
REFINEMENT_AXIOM RiscvRefinement.Air.Bridge.Jalr.destinationFlag propext
REFINEMENT_AXIOM RiscvRefinement.Air.Bridge.Jalr.destinationFlag Quot.sound
REFINEMENT_THEOREM RiscvRefinement.Opcodes.ShiftHoldsWithoutSignUpperBound.signIsLogicalZero
REFINEMENT_THEOREM RiscvRefinement.Air.Family.DivHolds.quotientSignBit
REFINEMENT_THEOREM RiscvRefinement.Air.Family.LoadStoreAddressRange.field_doubled_base_high
REFINEMENT_AXIOM RiscvRefinement.Air.Family.LoadStoreAddressRange.field_doubled_base_high propext
REFINEMENT_AXIOM RiscvRefinement.Air.Family.LoadStoreAddressRange.field_doubled_base_high Quot.sound
REFINEMENT_THEOREM RiscvRefinement.Opcodes.divWitnessOverflowRemainder_holds
REFINEMENT_THEOREM RiscvRefinement.Opcodes.LoadStoreHoldsWithoutHalfLoadHigh.loadDestination
REFINEMENT_AXIOM RiscvRefinement.Opcodes.LoadStoreHoldsWithoutHalfLoadHigh.loadDestination propext
REFINEMENT_THEOREM RiscvRefinement.Opcodes.DivHoldsWithoutScanTotal.scanMarker0
REFINEMENT_THEOREM RiscvRefinement.Air.Bridge.Lui.accessClockField_val
REFINEMENT_AXIOM RiscvRefinement.Air.Bridge.Lui.accessClockField_val propext
REFINEMENT_AXIOM RiscvRefinement.Air.Bridge.Lui.accessClockField_val Quot.sound
REFINEMENT_THEOREM RiscvRefinement.M31.sub_zero
REFINEMENT_AXIOM RiscvRefinement.M31.sub_zero propext
REFINEMENT_THEOREM RiscvRefinement.Opcodes.ShiftHoldsWithoutLeftLowByte.signUpperBound
REFINEMENT_THEOREM RiscvRefinement.Opcodes.ByteLoadMutation.ByteLoadHoldsWithoutByteSignWitness.byteMarkerSum
REFINEMENT_AXIOM RiscvRefinement.Opcodes.ByteLoadMutation.ByteLoadHoldsWithoutByteSignWitness.byteMarkerSum propext
REFINEMENT_THEOREM RiscvRefinement.Publication.TeamB.Shifts.ImmFixedConsequences.carry1
REFINEMENT_THEOREM RiscvRefinement.Opcodes.StoreMutation.StoreHoldsWithoutWordStore.halfShiftAmount
REFINEMENT_AXIOM RiscvRefinement.Opcodes.StoreMutation.StoreHoldsWithoutWordStore.halfShiftAmount propext
REFINEMENT_THEOREM RiscvRefinement.Opcodes.StoreMutation.sh_half_store_high_is_load_bearing
REFINEMENT_AXIOM RiscvRefinement.Opcodes.StoreMutation.sh_half_store_high_is_load_bearing propext
REFINEMENT_AXIOM RiscvRefinement.Opcodes.StoreMutation.sh_half_store_high_is_load_bearing Quot.sound
REFINEMENT_THEOREM RiscvRefinement.Opcodes.Jalr.jalr_selectorAccepted
REFINEMENT_AXIOM RiscvRefinement.Opcodes.Jalr.jalr_selectorAccepted propext
REFINEMENT_AXIOM RiscvRefinement.Opcodes.Jalr.jalr_selectorAccepted Quot.sound
REFINEMENT_THEOREM RiscvRefinement.Opcodes.Branches.Lt.bltu_tuple_theorem
REFINEMENT_AXIOM RiscvRefinement.Opcodes.Branches.Lt.bltu_tuple_theorem propext
REFINEMENT_AXIOM RiscvRefinement.Opcodes.Branches.Lt.bltu_tuple_theorem Quot.sound
REFINEMENT_THEOREM RiscvRefinement.Opcodes.Lt.Reg.Refinement.exactDestination
REFINEMENT_AXIOM RiscvRefinement.Opcodes.Lt.Reg.Refinement.exactDestination propext
REFINEMENT_AXIOM RiscvRefinement.Opcodes.Lt.Reg.Refinement.exactDestination Quot.sound
REFINEMENT_THEOREM RiscvRefinement.Air.Bridge.Jal.ProductionRefinement.fixedLookups
REFINEMENT_AXIOM RiscvRefinement.Air.Bridge.Jal.ProductionRefinement.fixedLookups propext
REFINEMENT_AXIOM RiscvRefinement.Air.Bridge.Jal.ProductionRefinement.fixedLookups Quot.sound
REFINEMENT_THEOREM RiscvRefinement.Air.Family.DivHolds.scanEqual1
REFINEMENT_THEOREM RiscvRefinement.Opcodes.LoadMutationWord.HoldsWithoutHalfLoadHigh.immFeltRange
REFINEMENT_AXIOM RiscvRefinement.Opcodes.LoadMutationWord.HoldsWithoutHalfLoadHigh.immFeltRange propext
REFINEMENT_THEOREM RiscvRefinement.Opcodes.NonVacuity.lh_low_exists
REFINEMENT_AXIOM RiscvRefinement.Opcodes.NonVacuity.lh_low_exists propext
REFINEMENT_AXIOM RiscvRefinement.Opcodes.NonVacuity.lh_low_exists Quot.sound
REFINEMENT_AXIOM RiscvRefinement.Opcodes.NonVacuity.lh_low_exists Classical.choice
REFINEMENT_THEOREM RiscvRefinement.M31.modulus_eq
REFINEMENT_THEOREM RiscvRefinement.Air.Bridge.Auipc.pcLimbsValueBound_of_fixedLookups
REFINEMENT_AXIOM RiscvRefinement.Air.Bridge.Auipc.pcLimbsValueBound_of_fixedLookups propext
REFINEMENT_AXIOM RiscvRefinement.Air.Bridge.Auipc.pcLimbsValueBound_of_fixedLookups Quot.sound
REFINEMENT_THEOREM RiscvRefinement.Air.Bridge.Jalr.ProductionRefinement.targetBound
REFINEMENT_AXIOM RiscvRefinement.Air.Bridge.Jalr.ProductionRefinement.targetBound propext
REFINEMENT_AXIOM RiscvRefinement.Air.Bridge.Jalr.ProductionRefinement.targetBound Quot.sound
REFINEMENT_THEOREM RiscvRefinement.Publication.TeamB.LoadStore.DirectEquations.byteStore1
REFINEMENT_THEOREM RiscvRefinement.Opcodes.LoadStoreHoldsWithoutHalfShiftId.baseClock
REFINEMENT_AXIOM RiscvRefinement.Opcodes.LoadStoreHoldsWithoutHalfShiftId.baseClock propext
REFINEMENT_THEOREM RiscvRefinement.Air.Bridge.Jalr.ProductionRefinement.signedImmediate
REFINEMENT_AXIOM RiscvRefinement.Air.Bridge.Jalr.ProductionRefinement.signedImmediate propext
REFINEMENT_AXIOM RiscvRefinement.Air.Bridge.Jalr.ProductionRefinement.signedImmediate Quot.sound
REFINEMENT_THEOREM RiscvRefinement.Publication.TeamB.MulhDiv.Division.FixedSemanticConsequences.sourceTwoClock
REFINEMENT_THEOREM RiscvRefinement.Opcodes.DivHoldsWithoutScanTotal.destinationLimb2
REFINEMENT_THEOREM RiscvRefinement.Air.Family.DivHolds.sourceOneLimb0
REFINEMENT_THEOREM RiscvRefinement.Publication.universalAdmissionDecode
REFINEMENT_AXIOM RiscvRefinement.Publication.universalAdmissionDecode propext
REFINEMENT_AXIOM RiscvRefinement.Publication.universalAdmissionDecode Quot.sound
REFINEMENT_THEOREM RiscvRefinement.Opcodes.ByteLoadMutation.ByteLoadHoldsWithoutByteSignWitness.halfMarkerSum
REFINEMENT_AXIOM RiscvRefinement.Opcodes.ByteLoadMutation.ByteLoadHoldsWithoutByteSignWitness.halfMarkerSum propext
REFINEMENT_THEOREM RiscvRefinement.Opcodes.StoreMutation.StoreHoldsWithoutHalfStoreHigh.wordShiftAmount
REFINEMENT_AXIOM RiscvRefinement.Opcodes.StoreMutation.StoreHoldsWithoutHalfStoreHigh.wordShiftAmount propext
REFINEMENT_THEOREM RiscvRefinement.Opcodes.BranchesMutation.beqStateProjection_mutation_theorem
REFINEMENT_AXIOM RiscvRefinement.Opcodes.BranchesMutation.beqStateProjection_mutation_theorem propext
REFINEMENT_AXIOM RiscvRefinement.Opcodes.BranchesMutation.beqStateProjection_mutation_theorem Quot.sound
REFINEMENT_THEOREM RiscvRefinement.Opcodes.BaseAluReg.sub_refines
REFINEMENT_AXIOM RiscvRefinement.Opcodes.BaseAluReg.sub_refines propext
REFINEMENT_AXIOM RiscvRefinement.Opcodes.BaseAluReg.sub_refines Quot.sound
REFINEMENT_THEOREM RiscvRefinement.Air.Bridge.Jalr.ProductionRefinement.sourceMiddle
REFINEMENT_AXIOM RiscvRefinement.Air.Bridge.Jalr.ProductionRefinement.sourceMiddle propext
REFINEMENT_AXIOM RiscvRefinement.Air.Bridge.Jalr.ProductionRefinement.sourceMiddle Quot.sound
REFINEMENT_THEOREM RiscvRefinement.Publication.TeamB.LoadStore.lbu_exactSelectorIdentity
REFINEMENT_AXIOM RiscvRefinement.Publication.TeamB.LoadStore.lbu_exactSelectorIdentity propext
REFINEMENT_AXIOM RiscvRefinement.Publication.TeamB.LoadStore.lbu_exactSelectorIdentity Quot.sound
REFINEMENT_THEOREM RiscvRefinement.Opcodes.StoreMutation.StoreHoldsWithoutPartialStorePreserve.wordStore
REFINEMENT_AXIOM RiscvRefinement.Opcodes.StoreMutation.StoreHoldsWithoutPartialStorePreserve.wordStore propext
REFINEMENT_THEOREM RiscvRefinement.Opcodes.shifts_reg_result_word
REFINEMENT_AXIOM RiscvRefinement.Opcodes.shifts_reg_result_word propext
REFINEMENT_AXIOM RiscvRefinement.Opcodes.shifts_reg_result_word Quot.sound
REFINEMENT_AXIOM RiscvRefinement.Opcodes.shifts_reg_result_word Classical.choice
REFINEMENT_THEOREM RiscvRefinement.Decode.encode_rtype_is_canonical
REFINEMENT_AXIOM RiscvRefinement.Decode.encode_rtype_is_canonical propext
REFINEMENT_AXIOM RiscvRefinement.Decode.encode_rtype_is_canonical Quot.sound
REFINEMENT_THEOREM RiscvRefinement.Publication.TeamB.LoadStore.FixedConsequences.destinationGap
REFINEMENT_THEOREM RiscvRefinement.Opcodes.MulhHoldsWithoutSourceOneSignBinding.sourceTwoLimb2
REFINEMENT_THEOREM RiscvRefinement.Air.Bridge.Jalr.AirEquations.targetOverTwo
REFINEMENT_AXIOM RiscvRefinement.Air.Bridge.Jalr.AirEquations.targetOverTwo propext
REFINEMENT_THEOREM RiscvRefinement.Opcodes.StoreMutation.sb_partial_store_preserve_is_load_bearing
REFINEMENT_AXIOM RiscvRefinement.Opcodes.StoreMutation.sb_partial_store_preserve_is_load_bearing propext
REFINEMENT_AXIOM RiscvRefinement.Opcodes.StoreMutation.sb_partial_store_preserve_is_load_bearing Quot.sound
REFINEMENT_THEOREM RiscvRefinement.Air.Bridge.localiseNodes_length
REFINEMENT_AXIOM RiscvRefinement.Air.Bridge.localiseNodes_length propext
REFINEMENT_THEOREM RiscvRefinement.Publication.TeamB.Shifts.ImmAdmission.carry0Canonical
REFINEMENT_THEOREM RiscvRefinement.Publication.TeamB.Shifts.RegAdmission.pcBound
REFINEMENT_THEOREM RiscvRefinement.Air.Bridge.LtReg.exampleAcceptance
REFINEMENT_AXIOM RiscvRefinement.Air.Bridge.LtReg.exampleAcceptance propext
REFINEMENT_AXIOM RiscvRefinement.Air.Bridge.LtReg.exampleAcceptance Quot.sound
REFINEMENT_THEOREM RiscvRefinement.Opcodes.SelectorNonVacuity.divu_exists
REFINEMENT_AXIOM RiscvRefinement.Opcodes.SelectorNonVacuity.divu_exists propext
REFINEMENT_AXIOM RiscvRefinement.Opcodes.SelectorNonVacuity.divu_exists Quot.sound
REFINEMENT_AXIOM RiscvRefinement.Opcodes.SelectorNonVacuity.divu_exists Classical.choice
REFINEMENT_THEOREM RiscvRefinement.Air.Bridge.evalNodesFrom_nil
REFINEMENT_THEOREM RiscvRefinement.Opcodes.MulHoldsWithoutProductLimb0.nextPcResult
REFINEMENT_THEOREM RiscvRefinement.Opcodes.MulhHoldsWithoutProductLimb4.signedSourceTwo
REFINEMENT_THEOREM RiscvRefinement.Air.Family.ShiftHolds.destinationLimb1
REFINEMENT_THEOREM RiscvRefinement.Opcodes.MulhHoldsWithoutSourceTwoSignBinding.sourceTwoLimb2
REFINEMENT_THEOREM RiscvRefinement.Air.Generated.AddiHolds.destinationLimb1
REFINEMENT_THEOREM RiscvRefinement.Air.Bridge.Jalr.targetAligned
REFINEMENT_AXIOM RiscvRefinement.Air.Bridge.Jalr.targetAligned propext
REFINEMENT_AXIOM RiscvRefinement.Air.Bridge.Jalr.targetAligned Quot.sound
REFINEMENT_THEOREM RiscvRefinement.Opcodes.DivHoldsWithoutDestinationLimb0.sourceOneLimb0
REFINEMENT_THEOREM RiscvRefinement.Opcodes.MulhHoldsWithoutSelectorSourceTwoSign.productLimb6
REFINEMENT_THEOREM RiscvRefinement.Air.Bridge.MulRowFits.programCounter
REFINEMENT_THEOREM RiscvRefinement.Air.Bridge.BaseAluReg.Acceptance.fixedLookups
REFINEMENT_AXIOM RiscvRefinement.Air.Bridge.BaseAluReg.Acceptance.fixedLookups propext
REFINEMENT_AXIOM RiscvRefinement.Air.Bridge.BaseAluReg.Acceptance.fixedLookups Quot.sound
REFINEMENT_THEOREM RiscvRefinement.Publication.TeamB.MulhDiv.Division.wordSumNat_lt
REFINEMENT_AXIOM RiscvRefinement.Publication.TeamB.MulhDiv.Division.wordSumNat_lt propext
REFINEMENT_AXIOM RiscvRefinement.Publication.TeamB.MulhDiv.Division.wordSumNat_lt Quot.sound
REFINEMENT_THEOREM RiscvRefinement.Publication.TeamB.Shifts.RegExactRelationProjection.stateConsume
REFINEMENT_AXIOM RiscvRefinement.Publication.TeamB.Shifts.RegExactRelationProjection.stateConsume propext
REFINEMENT_AXIOM RiscvRefinement.Publication.TeamB.Shifts.RegExactRelationProjection.stateConsume Quot.sound
REFINEMENT_THEOREM RiscvRefinement.Publication.TeamB.MulhDiv.HighMultiply.Admission.clockBound
REFINEMENT_THEOREM RiscvRefinement.Opcodes.ShiftsRegHoldsWithoutSecondSourceReadOnly.destinationClock
REFINEMENT_THEOREM RiscvRefinement.Recursion.CompactPoseidon.unchanged_context
REFINEMENT_AXIOM RiscvRefinement.Recursion.CompactPoseidon.unchanged_context Quot.sound
REFINEMENT_AXIOM RiscvRefinement.Recursion.CompactPoseidon.unchanged_context propext
REFINEMENT_THEOREM RiscvRefinement.Opcodes.load_write_value
REFINEMENT_AXIOM RiscvRefinement.Opcodes.load_write_value propext
REFINEMENT_THEOREM RiscvRefinement.Publication.TeamB.MulhDiv.HighMultiply.DirectEquations.sourceTwo1
REFINEMENT_AXIOM RiscvRefinement.Publication.TeamB.MulhDiv.HighMultiply.DirectEquations.sourceTwo1 propext
REFINEMENT_THEOREM RiscvRefinement.Opcodes.BaseAluReg.or_refines
REFINEMENT_AXIOM RiscvRefinement.Opcodes.BaseAluReg.or_refines propext
REFINEMENT_AXIOM RiscvRefinement.Opcodes.BaseAluReg.or_refines Quot.sound
REFINEMENT_THEOREM RiscvRefinement.Publication.TeamB.Multiply.FixedConsequences.destinationGap
REFINEMENT_THEOREM RiscvRefinement.Opcodes.DivHoldsWithoutProductRecurrence.ltDiffLower
REFINEMENT_THEOREM RiscvRefinement.Decode.isLoad_fields
REFINEMENT_AXIOM RiscvRefinement.Decode.isLoad_fields propext
REFINEMENT_THEOREM RiscvRefinement.Air.Family.DivHolds.scanEqual0
REFINEMENT_THEOREM RiscvRefinement.Air.Family.ShiftHolds.signUpperBound
REFINEMENT_THEOREM RiscvRefinement.Publication.TeamB.MulhDiv.Division.DirectConsequences.zeroDivisorLimb2
REFINEMENT_THEOREM RiscvRefinement.Opcodes.LoadStoreHoldsWithoutStoreResultZero.byteLoadSelect
REFINEMENT_AXIOM RiscvRefinement.Opcodes.LoadStoreHoldsWithoutStoreResultZero.byteLoadSelect propext
REFINEMENT_THEOREM RiscvRefinement.Publication.TeamB.MulhDiv.HighMultiply.mulh_programIdentity
REFINEMENT_THEOREM RiscvRefinement.Air.Family.DivHolds.signXorDefinition
REFINEMENT_THEOREM RiscvRefinement.Opcodes.DivHoldsWithoutScanTotal.scanEqual3
REFINEMENT_THEOREM RiscvRefinement.Opcodes.ByteLoadMutation.lbuSignFilledByteRow_is_the_lb_answer
REFINEMENT_AXIOM RiscvRefinement.Opcodes.ByteLoadMutation.lbuSignFilledByteRow_is_the_lb_answer propext
REFINEMENT_THEOREM RiscvRefinement.Opcodes.ByteLoadMutation.ByteLoadHoldsWithoutByteLoadExtension.nextPcResult
REFINEMENT_AXIOM RiscvRefinement.Opcodes.ByteLoadMutation.ByteLoadHoldsWithoutByteLoadExtension.nextPcResult propext
REFINEMENT_THEOREM RiscvRefinement.Air.Family.ShiftsRegHolds.clockPositive
REFINEMENT_THEOREM RiscvRefinement.Opcodes.DivHoldsWithoutDestinationLimb0.absSameLimb3
REFINEMENT_THEOREM RiscvRefinement.Air.Generated.Programs.lhuSymbolicCertificate
REFINEMENT_AXIOM RiscvRefinement.Air.Generated.Programs.lhuSymbolicCertificate propext
REFINEMENT_AXIOM RiscvRefinement.Air.Generated.Programs.lhuSymbolicCertificate Quot.sound
REFINEMENT_THEOREM RiscvRefinement.Opcodes.addi_arithmetic_from_constraints
REFINEMENT_AXIOM RiscvRefinement.Opcodes.addi_arithmetic_from_constraints propext
REFINEMENT_AXIOM RiscvRefinement.Opcodes.addi_arithmetic_from_constraints Quot.sound
REFINEMENT_THEOREM RiscvRefinement.Air.Bridge.M31.reduce_sub_of_lt
REFINEMENT_AXIOM RiscvRefinement.Air.Bridge.M31.reduce_sub_of_lt propext
REFINEMENT_THEOREM RiscvRefinement.Air.Bridge.Lui.fixedLookupsHold_eq
REFINEMENT_AXIOM RiscvRefinement.Air.Bridge.Lui.fixedLookupsHold_eq propext
REFINEMENT_AXIOM RiscvRefinement.Air.Bridge.Lui.fixedLookupsHold_eq Quot.sound
REFINEMENT_THEOREM RiscvRefinement.Opcodes.div_conclusion_sound
REFINEMENT_AXIOM RiscvRefinement.Opcodes.div_conclusion_sound propext
REFINEMENT_AXIOM RiscvRefinement.Opcodes.div_conclusion_sound Quot.sound
REFINEMENT_AXIOM RiscvRefinement.Opcodes.div_conclusion_sound Classical.choice
REFINEMENT_THEOREM RiscvRefinement.Opcodes.AddiRefinement.sourceEmit
REFINEMENT_AXIOM RiscvRefinement.Opcodes.AddiRefinement.sourceEmit propext
REFINEMENT_AXIOM RiscvRefinement.Opcodes.AddiRefinement.sourceEmit Quot.sound
REFINEMENT_THEOREM RiscvRefinement.Opcodes.row_lh_result
REFINEMENT_AXIOM RiscvRefinement.Opcodes.row_lh_result propext
REFINEMENT_AXIOM RiscvRefinement.Opcodes.row_lh_result Quot.sound
REFINEMENT_AXIOM RiscvRefinement.Opcodes.row_lh_result Classical.choice
REFINEMENT_THEOREM RiscvRefinement.Opcodes.ShiftHoldsWithoutSignIsLogicalZero.carry1Range
REFINEMENT_THEOREM RiscvRefinement.Air.Bridge.Branches.Eq.ProductionRefinement.lookups
REFINEMENT_AXIOM RiscvRefinement.Air.Bridge.Branches.Eq.ProductionRefinement.lookups propext
REFINEMENT_AXIOM RiscvRefinement.Air.Bridge.Branches.Eq.ProductionRefinement.lookups Quot.sound
REFINEMENT_THEOREM RiscvRefinement.Opcodes.StoreMutation.StoreHoldsWithoutByteStoreSelect.halfLoadLow
REFINEMENT_AXIOM RiscvRefinement.Opcodes.StoreMutation.StoreHoldsWithoutByteStoreSelect.halfLoadLow propext
REFINEMENT_THEOREM RiscvRefinement.Opcodes.Branches.Eq.bne_selector_theorem
REFINEMENT_AXIOM RiscvRefinement.Opcodes.Branches.Eq.bne_selector_theorem propext
REFINEMENT_AXIOM RiscvRefinement.Opcodes.Branches.Eq.bne_selector_theorem Quot.sound
REFINEMENT_THEOREM RiscvRefinement.Opcodes.shiftHolds_weakens_signIsLogicalZero
REFINEMENT_THEOREM RiscvRefinement.Publication.TeamB.MulhDiv.Division.negationRecurrenceOfEquations
REFINEMENT_AXIOM RiscvRefinement.Publication.TeamB.MulhDiv.Division.negationRecurrenceOfEquations propext
REFINEMENT_AXIOM RiscvRefinement.Publication.TeamB.MulhDiv.Division.negationRecurrenceOfEquations Quot.sound
REFINEMENT_THEOREM RiscvRefinement.Publication.TeamB.MulhDiv.HighMultiply.ExactFixedProjection.sourceOneSign
REFINEMENT_AXIOM RiscvRefinement.Publication.TeamB.MulhDiv.HighMultiply.ExactFixedProjection.sourceOneSign propext
REFINEMENT_AXIOM RiscvRefinement.Publication.TeamB.MulhDiv.HighMultiply.ExactFixedProjection.sourceOneSign Quot.sound
REFINEMENT_THEOREM RiscvRefinement.Opcodes.byte_selected
REFINEMENT_AXIOM RiscvRefinement.Opcodes.byte_selected propext
REFINEMENT_AXIOM RiscvRefinement.Opcodes.byte_selected Quot.sound
REFINEMENT_AXIOM RiscvRefinement.Opcodes.byte_selected Classical.choice
REFINEMENT_THEOREM RiscvRefinement.Opcodes.LoadMutationWord.HoldsWithoutHalfLoadHigh.operandClock
REFINEMENT_AXIOM RiscvRefinement.Opcodes.LoadMutationWord.HoldsWithoutHalfLoadHigh.operandClock propext
REFINEMENT_THEOREM RiscvRefinement.Air.Bridge.LtReg.ComparatorContract.topSelected
REFINEMENT_THEOREM RiscvRefinement.Opcodes.BaseAluMutation.Reg.or_mutation
REFINEMENT_AXIOM RiscvRefinement.Opcodes.BaseAluMutation.Reg.or_mutation propext
REFINEMENT_AXIOM RiscvRefinement.Opcodes.BaseAluMutation.Reg.or_mutation Quot.sound
REFINEMENT_THEOREM RiscvRefinement.Publication.TeamA.AcceptedAirCertificate.admissionProofUnique
REFINEMENT_THEOREM RiscvRefinement.Opcodes.ByteLoadMutation.ByteLoadHoldsWithoutByteLoadExtension.halfStoreHigh
REFINEMENT_AXIOM RiscvRefinement.Opcodes.ByteLoadMutation.ByteLoadHoldsWithoutByteLoadExtension.halfStoreHigh propext
REFINEMENT_THEOREM RiscvRefinement.Opcodes.NonVacuity.lhLow_holds
REFINEMENT_AXIOM RiscvRefinement.Opcodes.NonVacuity.lhLow_holds propext
REFINEMENT_THEOREM RiscvRefinement.Publication.TeamB.MulhDiv.Division.productRecurrence3FieldEquation
REFINEMENT_AXIOM RiscvRefinement.Publication.TeamB.MulhDiv.Division.productRecurrence3FieldEquation propext
REFINEMENT_THEOREM RiscvRefinement.Opcodes.DivHoldsWithoutNegationRecurrence.scanEqual0
REFINEMENT_THEOREM RiscvRefinement.Opcodes.DivHoldsWithoutSignXorDefinition.dividendSignBit
REFINEMENT_THEOREM RiscvRefinement.Opcodes.BaseAluReg.Refinement.source2
REFINEMENT_AXIOM RiscvRefinement.Opcodes.BaseAluReg.Refinement.source2 propext
REFINEMENT_AXIOM RiscvRefinement.Opcodes.BaseAluReg.Refinement.source2 Quot.sound
REFINEMENT_THEOREM RiscvRefinement.Opcodes.DivHoldsWithoutZeroDivisorQuotient0.remainderNonzero
REFINEMENT_THEOREM RiscvRefinement.Opcodes.Jalr.Refinement.signedImmediate
REFINEMENT_AXIOM RiscvRefinement.Opcodes.Jalr.Refinement.signedImmediate propext
REFINEMENT_AXIOM RiscvRefinement.Opcodes.Jalr.Refinement.signedImmediate Quot.sound
REFINEMENT_THEOREM RiscvRefinement.Decode.encode_mul_is_canonical
REFINEMENT_AXIOM RiscvRefinement.Decode.encode_mul_is_canonical propext
REFINEMENT_AXIOM RiscvRefinement.Decode.encode_mul_is_canonical Quot.sound
REFINEMENT_THEOREM RiscvRefinement.Opcodes.ShiftHoldsWithoutSignUpperBound.destinationLimb0
REFINEMENT_THEOREM RiscvRefinement.Air.Bridge.Branches.Lt.exampleTaken
REFINEMENT_AXIOM RiscvRefinement.Air.Bridge.Branches.Lt.exampleTaken propext
REFINEMENT_THEOREM RiscvRefinement.Opcodes.sll_refines
REFINEMENT_AXIOM RiscvRefinement.Opcodes.sll_refines propext
REFINEMENT_AXIOM RiscvRefinement.Opcodes.sll_refines Quot.sound
REFINEMENT_AXIOM RiscvRefinement.Opcodes.sll_refines Classical.choice
REFINEMENT_THEOREM RiscvRefinement.Opcodes.LoadStoreHoldsWithoutHalfLoadHigh.memoryClock
REFINEMENT_AXIOM RiscvRefinement.Opcodes.LoadStoreHoldsWithoutHalfLoadHigh.memoryClock propext
REFINEMENT_THEOREM RiscvRefinement.Opcodes.MulhHoldsWithoutSourceOneSignBinding.destinationLimb0
REFINEMENT_THEOREM RiscvRefinement.Air.Family.DivHolds.zeroDivisorLimb2
REFINEMENT_THEOREM RiscvRefinement.Air.Bridge.BaseAluReg.ProductionRefinement.destinationValue
REFINEMENT_AXIOM RiscvRefinement.Air.Bridge.BaseAluReg.ProductionRefinement.destinationValue propext
REFINEMENT_AXIOM RiscvRefinement.Air.Bridge.BaseAluReg.ProductionRefinement.destinationValue Quot.sound
REFINEMENT_THEOREM RiscvRefinement.Publication.TeamB.MulhDiv.HighMultiply.ExactTupleProjection.destinationConsume
REFINEMENT_AXIOM RiscvRefinement.Publication.TeamB.MulhDiv.HighMultiply.ExactTupleProjection.destinationConsume propext
REFINEMENT_AXIOM RiscvRefinement.Publication.TeamB.MulhDiv.HighMultiply.ExactTupleProjection.destinationConsume Quot.sound
REFINEMENT_THEOREM RiscvRefinement.Opcodes.StoreMutation.StoreHoldsWithoutWordStore.operandClock
REFINEMENT_AXIOM RiscvRefinement.Opcodes.StoreMutation.StoreHoldsWithoutWordStore.operandClock propext
REFINEMENT_THEOREM RiscvRefinement.Opcodes.DivHoldsWithoutZeroDivisorQuotient0.scanMarker0
REFINEMENT_THEOREM RiscvRefinement.Air.Bridge.Branches.Lt.lookupProjection
REFINEMENT_AXIOM RiscvRefinement.Air.Bridge.Branches.Lt.lookupProjection propext
REFINEMENT_AXIOM RiscvRefinement.Air.Bridge.Branches.Lt.lookupProjection Quot.sound
REFINEMENT_THEOREM RiscvRefinement.Opcodes.StoreMutation.StoreHoldsWithoutStoreResultZeroOnStores.halfStoreLow
REFINEMENT_AXIOM RiscvRefinement.Opcodes.StoreMutation.StoreHoldsWithoutStoreResultZeroOnStores.halfStoreLow propext
REFINEMENT_THEOREM RiscvRefinement.Opcodes.DivHoldsWithoutDividendSignBit.quotientSignMatches
REFINEMENT_THEOREM RiscvRefinement.Opcodes.MulhuRefinement.bus
REFINEMENT_AXIOM RiscvRefinement.Opcodes.MulhuRefinement.bus propext
REFINEMENT_THEOREM RiscvRefinement.Opcodes.MulhHoldsWithoutSourceOneSignBinding.productLimb4
REFINEMENT_THEOREM RiscvRefinement.Opcodes.Branches.Eq.Refinement.noRegisterOrMemoryEffect
REFINEMENT_AXIOM RiscvRefinement.Opcodes.Branches.Eq.Refinement.noRegisterOrMemoryEffect propext
REFINEMENT_AXIOM RiscvRefinement.Opcodes.Branches.Eq.Refinement.noRegisterOrMemoryEffect Quot.sound
REFINEMENT_THEOREM RiscvRefinement.Publication.TeamB.MulhDiv.HighMultiply.ExactFixedProjection.sourceOneClock
REFINEMENT_AXIOM RiscvRefinement.Publication.TeamB.MulhDiv.HighMultiply.ExactFixedProjection.sourceOneClock propext
REFINEMENT_AXIOM RiscvRefinement.Publication.TeamB.MulhDiv.HighMultiply.ExactFixedProjection.sourceOneClock Quot.sound
REFINEMENT_THEOREM RiscvRefinement.Opcodes.Jalr.jalr_zero_destination_nonvacuous
REFINEMENT_AXIOM RiscvRefinement.Opcodes.Jalr.jalr_zero_destination_nonvacuous propext
REFINEMENT_AXIOM RiscvRefinement.Opcodes.Jalr.jalr_zero_destination_nonvacuous Quot.sound
REFINEMENT_AXIOM RiscvRefinement.Opcodes.Jalr.jalr_zero_destination_nonvacuous Classical.choice
REFINEMENT_THEOREM RiscvRefinement.Opcodes.DivHoldsWithoutUnsignedDivisorSign.productRecurrence
REFINEMENT_THEOREM RiscvRefinement.Opcodes.DivHoldsWithoutScanTotal.clockPositive
REFINEMENT_THEOREM RiscvRefinement.Opcodes.DivHoldsWithoutZeroDivisorQuotient0.nextPcResult
REFINEMENT_THEOREM RiscvRefinement.Opcodes.StoreMutation.StoreHoldsWithoutPartialStorePreserve.halfLoadHigh
REFINEMENT_AXIOM RiscvRefinement.Opcodes.StoreMutation.StoreHoldsWithoutPartialStorePreserve.halfLoadHigh propext
REFINEMENT_THEOREM RiscvRefinement.Opcodes.Branches.Lt.Refinement.retirement
REFINEMENT_AXIOM RiscvRefinement.Opcodes.Branches.Lt.Refinement.retirement propext
REFINEMENT_AXIOM RiscvRefinement.Opcodes.Branches.Lt.Refinement.retirement Quot.sound
REFINEMENT_THEOREM RiscvRefinement.Opcodes.lui_production_refines
REFINEMENT_AXIOM RiscvRefinement.Opcodes.lui_production_refines propext
REFINEMENT_AXIOM RiscvRefinement.Opcodes.lui_production_refines Quot.sound
REFINEMENT_AXIOM RiscvRefinement.Opcodes.lui_production_refines Classical.choice
REFINEMENT_THEOREM RiscvRefinement.Opcodes.mulhMutationExtra_weakened_nonvacuous
REFINEMENT_AXIOM RiscvRefinement.Opcodes.mulhMutationExtra_weakened_nonvacuous propext
REFINEMENT_THEOREM RiscvRefinement.Opcodes.shifts_imm_immediate_binds_is_load_bearing
REFINEMENT_AXIOM RiscvRefinement.Opcodes.shifts_imm_immediate_binds_is_load_bearing propext
REFINEMENT_AXIOM RiscvRefinement.Opcodes.shifts_imm_immediate_binds_is_load_bearing Quot.sound
REFINEMENT_THEOREM RiscvRefinement.Publication.FixedTableInterpretation.rangeCheck884
REFINEMENT_AXIOM RiscvRefinement.Publication.FixedTableInterpretation.rangeCheck884 propext
REFINEMENT_THEOREM RiscvRefinement.Opcodes.MulhHoldsWithoutProductLimb4.productLimb6
REFINEMENT_THEOREM RiscvRefinement.Opcodes.ByteLoadMutation.lb_byte_load_select_is_load_bearing_for_lb
REFINEMENT_AXIOM RiscvRefinement.Opcodes.ByteLoadMutation.lb_byte_load_select_is_load_bearing_for_lb propext
REFINEMENT_THEOREM RiscvRefinement.Opcodes.divHolds_weakens_scanTotal
REFINEMENT_THEOREM RiscvRefinement.Opcodes.DivHoldsWithoutSignXorDefinition.ltDiffUpper
REFINEMENT_THEOREM RiscvRefinement.Publication.TeamB.Shifts.RegExactFixedProjection.carry3
REFINEMENT_AXIOM RiscvRefinement.Publication.TeamB.Shifts.RegExactFixedProjection.carry3 propext
REFINEMENT_AXIOM RiscvRefinement.Publication.TeamB.Shifts.RegExactFixedProjection.carry3 Quot.sound
REFINEMENT_THEOREM RiscvRefinement.Air.Bridge.Jalr.selectorAccepted
REFINEMENT_AXIOM RiscvRefinement.Air.Bridge.Jalr.selectorAccepted propext
REFINEMENT_AXIOM RiscvRefinement.Air.Bridge.Jalr.selectorAccepted Quot.sound
REFINEMENT_THEOREM RiscvRefinement.Air.Bridge.Jalr.targetM31Request
REFINEMENT_AXIOM RiscvRefinement.Air.Bridge.Jalr.targetM31Request propext
REFINEMENT_AXIOM RiscvRefinement.Air.Bridge.Jalr.targetM31Request Quot.sound
REFINEMENT_THEOREM RiscvRefinement.Opcodes.mulhu_refines
REFINEMENT_AXIOM RiscvRefinement.Opcodes.mulhu_refines propext
REFINEMENT_AXIOM RiscvRefinement.Opcodes.mulhu_refines Quot.sound
REFINEMENT_THEOREM RiscvRefinement.Opcodes.DivHoldsWithoutScanTotal.destinationFlag
REFINEMENT_THEOREM RiscvRefinement.Opcodes.div_scan_total_is_load_bearing
REFINEMENT_AXIOM RiscvRefinement.Opcodes.div_scan_total_is_load_bearing propext
REFINEMENT_AXIOM RiscvRefinement.Opcodes.div_scan_total_is_load_bearing Quot.sound
REFINEMENT_AXIOM RiscvRefinement.Opcodes.div_scan_total_is_load_bearing Classical.choice
REFINEMENT_THEOREM RiscvRefinement.Decode.encode_mulhu_is_canonical
REFINEMENT_AXIOM RiscvRefinement.Decode.encode_mulhu_is_canonical propext
REFINEMENT_AXIOM RiscvRefinement.Decode.encode_mulhu_is_canonical Quot.sound
REFINEMENT_THEOREM RiscvRefinement.Memory.selectHalf_high
REFINEMENT_AXIOM RiscvRefinement.Memory.selectHalf_high propext
REFINEMENT_AXIOM RiscvRefinement.Memory.selectHalf_high Quot.sound
REFINEMENT_THEOREM RiscvRefinement.Air.Family.DivHolds.quotientSignMatches
REFINEMENT_THEOREM RiscvRefinement.Publication.TeamB.MulhDiv.Division.actualOpcodeNode
REFINEMENT_AXIOM RiscvRefinement.Publication.TeamB.MulhDiv.Division.actualOpcodeNode propext
REFINEMENT_AXIOM RiscvRefinement.Publication.TeamB.MulhDiv.Division.actualOpcodeNode Quot.sound
REFINEMENT_THEOREM RiscvRefinement.Opcodes.sra_exists
REFINEMENT_AXIOM RiscvRefinement.Opcodes.sra_exists propext
REFINEMENT_AXIOM RiscvRefinement.Opcodes.sra_exists Quot.sound
REFINEMENT_AXIOM RiscvRefinement.Opcodes.sra_exists Classical.choice
REFINEMENT_THEOREM RiscvRefinement.Air.Bridge.Jal.Acceptance.selectors
REFINEMENT_AXIOM RiscvRefinement.Air.Bridge.Jal.Acceptance.selectors propext
REFINEMENT_AXIOM RiscvRefinement.Air.Bridge.Jal.Acceptance.selectors Quot.sound
REFINEMENT_THEOREM RiscvRefinement.Opcodes.LoadMutationWord.lhuWrongHalfRow_not_sound
REFINEMENT_AXIOM RiscvRefinement.Opcodes.LoadMutationWord.lhuWrongHalfRow_not_sound propext
REFINEMENT_AXIOM RiscvRefinement.Opcodes.LoadMutationWord.lhuWrongHalfRow_not_sound Quot.sound
REFINEMENT_THEOREM RiscvRefinement.Opcodes.Lt.Reg.slt_nonvacuous
REFINEMENT_AXIOM RiscvRefinement.Opcodes.Lt.Reg.slt_nonvacuous propext
REFINEMENT_AXIOM RiscvRefinement.Opcodes.Lt.Reg.slt_nonvacuous Quot.sound
REFINEMENT_THEOREM RiscvRefinement.Air.Family.div_flags_div
REFINEMENT_AXIOM RiscvRefinement.Air.Family.div_flags_div propext
REFINEMENT_THEOREM RiscvRefinement.Opcodes.ShiftsRegHoldsWithoutShiftAmountBinds.secondSourceClock
REFINEMENT_THEOREM RiscvRefinement.Opcodes.DivHoldsWithoutUnsignedDivisorSign.selectorUnique
REFINEMENT_THEOREM RiscvRefinement.Opcodes.StoreMutation.StoreHoldsWithoutPartialStorePreserve.byteShiftAmount
REFINEMENT_AXIOM RiscvRefinement.Opcodes.StoreMutation.StoreHoldsWithoutPartialStorePreserve.byteShiftAmount propext
REFINEMENT_THEOREM RiscvRefinement.Arith.unsignedValue_lt
REFINEMENT_AXIOM RiscvRefinement.Arith.unsignedValue_lt propext
REFINEMENT_THEOREM RiscvRefinement.Opcodes.Auipc.Refinement.stateEmit
REFINEMENT_AXIOM RiscvRefinement.Opcodes.Auipc.Refinement.stateEmit propext
REFINEMENT_AXIOM RiscvRefinement.Opcodes.Auipc.Refinement.stateEmit Quot.sound
REFINEMENT_THEOREM RiscvRefinement.Air.Family.div_product_identity
REFINEMENT_AXIOM RiscvRefinement.Air.Family.div_product_identity propext
REFINEMENT_AXIOM RiscvRefinement.Air.Family.div_product_identity Quot.sound
REFINEMENT_AXIOM RiscvRefinement.Air.Family.div_product_identity Classical.choice
REFINEMENT_THEOREM RiscvRefinement.Opcodes.lhOddOffsetRow_satisfies
REFINEMENT_AXIOM RiscvRefinement.Opcodes.lhOddOffsetRow_satisfies propext
REFINEMENT_THEOREM RiscvRefinement.Air.Bridge.Auipc.x0AcceptanceNonvacuous
REFINEMENT_AXIOM RiscvRefinement.Air.Bridge.Auipc.x0AcceptanceNonvacuous propext
REFINEMENT_AXIOM RiscvRefinement.Air.Bridge.Auipc.x0AcceptanceNonvacuous Quot.sound
REFINEMENT_THEOREM RiscvRefinement.Air.Family.DivHolds.destinationLimb1
REFINEMENT_THEOREM RiscvRefinement.Opcodes.mulHolds_computes_product
REFINEMENT_AXIOM RiscvRefinement.Opcodes.mulHolds_computes_product propext
REFINEMENT_AXIOM RiscvRefinement.Opcodes.mulHolds_computes_product Quot.sound
REFINEMENT_AXIOM RiscvRefinement.Opcodes.mulHolds_computes_product Classical.choice
REFINEMENT_THEOREM RiscvRefinement.Air.Bridge.LtReg.comparisonBytes_limb0_field
REFINEMENT_THEOREM RiscvRefinement.Opcodes.LhRefinement.memoryEmit
REFINEMENT_AXIOM RiscvRefinement.Opcodes.LhRefinement.memoryEmit propext
REFINEMENT_AXIOM RiscvRefinement.Opcodes.LhRefinement.memoryEmit Quot.sound
REFINEMENT_THEOREM RiscvRefinement.Opcodes.Jalr.Refinement.sourceBeforeDestination
REFINEMENT_AXIOM RiscvRefinement.Opcodes.Jalr.Refinement.sourceBeforeDestination propext
REFINEMENT_AXIOM RiscvRefinement.Opcodes.Jalr.Refinement.sourceBeforeDestination Quot.sound
REFINEMENT_THEOREM RiscvRefinement.Air.Bridge.BaseAluImm.destinationClockGapBound
REFINEMENT_AXIOM RiscvRefinement.Air.Bridge.BaseAluImm.destinationClockGapBound propext
REFINEMENT_AXIOM RiscvRefinement.Air.Bridge.BaseAluImm.destinationClockGapBound Quot.sound
REFINEMENT_THEOREM RiscvRefinement.Arith.divideSigned_high_bit
REFINEMENT_AXIOM RiscvRefinement.Arith.divideSigned_high_bit propext
REFINEMENT_THEOREM RiscvRefinement.Opcodes.half_sign_bit
REFINEMENT_AXIOM RiscvRefinement.Opcodes.half_sign_bit propext
REFINEMENT_AXIOM RiscvRefinement.Opcodes.half_sign_bit Quot.sound
REFINEMENT_THEOREM RiscvRefinement.Opcodes.MulRefinement.programTuple
REFINEMENT_AXIOM RiscvRefinement.Opcodes.MulRefinement.programTuple propext
REFINEMENT_THEOREM RiscvRefinement.Publication.TeamB.MulhDiv.Division.DirectEquationsF.scanTotal
REFINEMENT_THEOREM RiscvRefinement.Opcodes.MulhHoldsWithoutSourceOneSignBinding.signedSourceTwo
REFINEMENT_THEOREM RiscvRefinement.Opcodes.ShiftsRegHoldsWithoutRightLowByte.sourceClock
REFINEMENT_THEOREM RiscvRefinement.Publication.TeamB.Shifts.DestinationConsequences.flag
REFINEMENT_THEOREM RiscvRefinement.Air.Bridge.Jal.jumpTargetToNat
REFINEMENT_AXIOM RiscvRefinement.Air.Bridge.Jal.jumpTargetToNat propext
REFINEMENT_AXIOM RiscvRefinement.Air.Bridge.Jal.jumpTargetToNat Quot.sound
REFINEMENT_AXIOM RiscvRefinement.Air.Bridge.Jal.jumpTargetToNat Classical.choice
REFINEMENT_THEOREM RiscvRefinement.Air.Bridge.LtReg.highBitAdmission
REFINEMENT_THEOREM RiscvRefinement.Memory.signExtendHalf_nonnegative
REFINEMENT_AXIOM RiscvRefinement.Memory.signExtendHalf_nonnegative propext
REFINEMENT_AXIOM RiscvRefinement.Memory.signExtendHalf_nonnegative Quot.sound
REFINEMENT_AXIOM RiscvRefinement.Memory.signExtendHalf_nonnegative Classical.choice
REFINEMENT_THEOREM RiscvRefinement.Opcodes.lui_production_nonvacuous
REFINEMENT_AXIOM RiscvRefinement.Opcodes.lui_production_nonvacuous propext
REFINEMENT_AXIOM RiscvRefinement.Opcodes.lui_production_nonvacuous Quot.sound
REFINEMENT_AXIOM RiscvRefinement.Opcodes.lui_production_nonvacuous Classical.choice
REFINEMENT_THEOREM RiscvRefinement.Air.Family.DivHolds.destinationClock
REFINEMENT_THEOREM RiscvRefinement.Opcodes.ByteLoadMutation.byteLoadHolds_weakens_byteLoadExtension
REFINEMENT_AXIOM RiscvRefinement.Opcodes.ByteLoadMutation.byteLoadHolds_weakens_byteLoadExtension propext
REFINEMENT_THEOREM RiscvRefinement.Air.LocalExprNode.eval_eq_symbolic
REFINEMENT_AXIOM RiscvRefinement.Air.LocalExprNode.eval_eq_symbolic propext
REFINEMENT_AXIOM RiscvRefinement.Air.LocalExprNode.eval_eq_symbolic Quot.sound
REFINEMENT_THEOREM RiscvRefinement.Opcodes.sllUnmaskedAmountRow_not_sound
REFINEMENT_AXIOM RiscvRefinement.Opcodes.sllUnmaskedAmountRow_not_sound propext
REFINEMENT_AXIOM RiscvRefinement.Opcodes.sllUnmaskedAmountRow_not_sound Quot.sound
REFINEMENT_THEOREM RiscvRefinement.Publication.TeamB.MulhDiv.Division.divu_programIdentity
REFINEMENT_THEOREM RiscvRefinement.Air.Bridge.Addi.Acceptance.selectors
REFINEMENT_AXIOM RiscvRefinement.Air.Bridge.Addi.Acceptance.selectors propext
REFINEMENT_AXIOM RiscvRefinement.Air.Bridge.Addi.Acceptance.selectors Quot.sound
REFINEMENT_THEOREM RiscvRefinement.Opcodes.Branches.Eq.RawRefinement.retirementPc
REFINEMENT_AXIOM RiscvRefinement.Opcodes.Branches.Eq.RawRefinement.retirementPc propext
REFINEMENT_AXIOM RiscvRefinement.Opcodes.Branches.Eq.RawRefinement.retirementPc Quot.sound
REFINEMENT_THEOREM RiscvRefinement.Publication.TeamB.MulhDiv.HighMultiply.SelectorAdmission.universalIdentity
REFINEMENT_AXIOM RiscvRefinement.Publication.TeamB.MulhDiv.HighMultiply.SelectorAdmission.universalIdentity propext
REFINEMENT_AXIOM RiscvRefinement.Publication.TeamB.MulhDiv.HighMultiply.SelectorAdmission.universalIdentity Quot.sound
REFINEMENT_THEOREM RiscvRefinement.Opcodes.StoreMutation.StoreHoldsWithoutWordStore.halfLoadExtension
REFINEMENT_AXIOM RiscvRefinement.Opcodes.StoreMutation.StoreHoldsWithoutWordStore.halfLoadExtension propext
REFINEMENT_THEOREM RiscvRefinement.Air.Bridge.Branches.Eq.RawProductionRefinement.constraints
REFINEMENT_AXIOM RiscvRefinement.Air.Bridge.Branches.Eq.RawProductionRefinement.constraints propext
REFINEMENT_AXIOM RiscvRefinement.Air.Bridge.Branches.Eq.RawProductionRefinement.constraints Quot.sound
REFINEMENT_THEOREM RiscvRefinement.Opcodes.MulhHoldsWithoutSourceOneSignBinding.productLimb6
REFINEMENT_THEOREM RiscvRefinement.Air.Bridge.BaseAluImm.ProductionRefinement.bitwise1
REFINEMENT_AXIOM RiscvRefinement.Air.Bridge.BaseAluImm.ProductionRefinement.bitwise1 propext
REFINEMENT_AXIOM RiscvRefinement.Air.Bridge.BaseAluImm.ProductionRefinement.bitwise1 Quot.sound
REFINEMENT_THEOREM RiscvRefinement.Air.Bridge.Jal.destinationBytes
REFINEMENT_AXIOM RiscvRefinement.Air.Bridge.Jal.destinationBytes propext
REFINEMENT_AXIOM RiscvRefinement.Air.Bridge.Jal.destinationBytes Quot.sound
REFINEMENT_THEOREM RiscvRefinement.Publication.TeamB.MulhDiv.HighMultiply.DirectEquations.sourceOne3
REFINEMENT_AXIOM RiscvRefinement.Publication.TeamB.MulhDiv.HighMultiply.DirectEquations.sourceOne3 propext
REFINEMENT_THEOREM RiscvRefinement.Opcodes.sh_memory_after
REFINEMENT_AXIOM RiscvRefinement.Opcodes.sh_memory_after propext
REFINEMENT_AXIOM RiscvRefinement.Opcodes.sh_memory_after Quot.sound
REFINEMENT_AXIOM RiscvRefinement.Opcodes.sh_memory_after Classical.choice
REFINEMENT_THEOREM RiscvRefinement.Opcodes.StoreMutation.StoreHoldsWithoutByteStoreSelect.sourceReadOnly
REFINEMENT_AXIOM RiscvRefinement.Opcodes.StoreMutation.StoreHoldsWithoutByteStoreSelect.sourceReadOnly propext
REFINEMENT_THEOREM RiscvRefinement.Opcodes.DivHoldsWithoutProductRecurrence.destinationClock
REFINEMENT_THEOREM RiscvRefinement.Publication.TeamB.MulhDiv.Division.FixedSemanticConsequences.quotientSignBit
REFINEMENT_THEOREM RiscvRefinement.Opcodes.ShiftsRegRefinement.stateEmit
REFINEMENT_AXIOM RiscvRefinement.Opcodes.ShiftsRegRefinement.stateEmit propext
REFINEMENT_AXIOM RiscvRefinement.Opcodes.ShiftsRegRefinement.stateEmit Quot.sound
REFINEMENT_THEOREM RiscvRefinement.Air.Bridge.Auipc.destinationFlag
REFINEMENT_AXIOM RiscvRefinement.Air.Bridge.Auipc.destinationFlag propext
REFINEMENT_AXIOM RiscvRefinement.Air.Bridge.Auipc.destinationFlag Quot.sound
REFINEMENT_THEOREM RiscvRefinement.Opcodes.StoreMutation.StoreHoldsWithoutHalfStoreHigh.byteShiftAmount
REFINEMENT_AXIOM RiscvRefinement.Opcodes.StoreMutation.StoreHoldsWithoutHalfStoreHigh.byteShiftAmount propext
REFINEMENT_THEOREM RiscvRefinement.Air.Generated.AddiHolds.destinationLimb0
REFINEMENT_THEOREM RiscvRefinement.Opcodes.remMutation_selectors_are_carried
REFINEMENT_THEOREM RiscvRefinement.Opcodes.sra_witness_holds
REFINEMENT_AXIOM RiscvRefinement.Opcodes.sra_witness_holds propext
REFINEMENT_THEOREM RiscvRefinement.Opcodes.DivHoldsWithoutProductRecurrence.destinationLimb3
REFINEMENT_THEOREM RiscvRefinement.Air.Bridge.mulhWitnessFits
REFINEMENT_THEOREM RiscvRefinement.Opcodes.ShiftsRegRefinement.noMemoryEffect
REFINEMENT_AXIOM RiscvRefinement.Opcodes.ShiftsRegRefinement.noMemoryEffect propext
REFINEMENT_AXIOM RiscvRefinement.Opcodes.ShiftsRegRefinement.noMemoryEffect Quot.sound
REFINEMENT_THEOREM RiscvRefinement.Opcodes.LoadStoreHoldsWithoutStoreResultZero.wordShiftAmount
REFINEMENT_AXIOM RiscvRefinement.Opcodes.LoadStoreHoldsWithoutStoreResultZero.wordShiftAmount propext
REFINEMENT_THEOREM RiscvRefinement.Air.Family.div_flags_divu
REFINEMENT_AXIOM RiscvRefinement.Air.Family.div_flags_divu propext
REFINEMENT_THEOREM RiscvRefinement.Opcodes.LoadMutationWord.HoldsWithoutHalfLoadHigh.nextPcResult
REFINEMENT_AXIOM RiscvRefinement.Opcodes.LoadMutationWord.HoldsWithoutHalfLoadHigh.nextPcResult propext
REFINEMENT_THEOREM RiscvRefinement.Opcodes.StoreMutation.StoreHoldsWithoutPartialStorePreserve.halfStoreHigh
REFINEMENT_AXIOM RiscvRefinement.Opcodes.StoreMutation.StoreHoldsWithoutPartialStorePreserve.halfStoreHigh propext
REFINEMENT_THEOREM RiscvRefinement.Opcodes.SelectorNonVacuity.sra_selector_exists
REFINEMENT_AXIOM RiscvRefinement.Opcodes.SelectorNonVacuity.sra_selector_exists propext
REFINEMENT_AXIOM RiscvRefinement.Opcodes.SelectorNonVacuity.sra_selector_exists Quot.sound
REFINEMENT_AXIOM RiscvRefinement.Opcodes.SelectorNonVacuity.sra_selector_exists Classical.choice
REFINEMENT_THEOREM RiscvRefinement.Opcodes.StoreMutation.StoreHoldsWithoutPartialStorePreserve.byteStoreSelect
REFINEMENT_AXIOM RiscvRefinement.Opcodes.StoreMutation.StoreHoldsWithoutPartialStorePreserve.byteStoreSelect propext
REFINEMENT_THEOREM RiscvRefinement.Opcodes.DivHoldsWithoutZeroDivisorQuotient0.divisorNonzero
REFINEMENT_THEOREM RiscvRefinement.Opcodes.ShiftsRegHoldsWithoutRightLowByte.nextPcResult
REFINEMENT_THEOREM RiscvRefinement.Publication.TeamB.MulhDiv.HighMultiply.directConsequences
REFINEMENT_AXIOM RiscvRefinement.Publication.TeamB.MulhDiv.HighMultiply.directConsequences propext
REFINEMENT_AXIOM RiscvRefinement.Publication.TeamB.MulhDiv.HighMultiply.directConsequences Quot.sound
REFINEMENT_THEOREM RiscvRefinement.Memory.address_split
REFINEMENT_AXIOM RiscvRefinement.Memory.address_split propext
REFINEMENT_AXIOM RiscvRefinement.Memory.address_split Quot.sound
REFINEMENT_THEOREM RiscvRefinement.Publication.TeamB.MulhDiv.HighMultiply.ExactTupleProjection.sourceOneEmit
REFINEMENT_AXIOM RiscvRefinement.Publication.TeamB.MulhDiv.HighMultiply.ExactTupleProjection.sourceOneEmit propext
REFINEMENT_AXIOM RiscvRefinement.Publication.TeamB.MulhDiv.HighMultiply.ExactTupleProjection.sourceOneEmit Quot.sound
REFINEMENT_THEOREM RiscvRefinement.Publication.TeamB.MulhDiv.Division.directEquationsB
REFINEMENT_AXIOM RiscvRefinement.Publication.TeamB.MulhDiv.Division.directEquationsB propext
REFINEMENT_AXIOM RiscvRefinement.Publication.TeamB.MulhDiv.Division.directEquationsB Quot.sound
REFINEMENT_THEOREM RiscvRefinement.Air.Bridge.BaseAluImm.sourcePreserved
REFINEMENT_AXIOM RiscvRefinement.Air.Bridge.BaseAluImm.sourcePreserved propext
REFINEMENT_AXIOM RiscvRefinement.Air.Bridge.BaseAluImm.sourcePreserved Quot.sound
REFINEMENT_THEOREM RiscvRefinement.Air.Bridge.Jalr.Acceptance.selectors
REFINEMENT_AXIOM RiscvRefinement.Air.Bridge.Jalr.Acceptance.selectors propext
REFINEMENT_AXIOM RiscvRefinement.Air.Bridge.Jalr.Acceptance.selectors Quot.sound
REFINEMENT_THEOREM RiscvRefinement.Opcodes.BranchesMutation.ltWrongStateEmit_refutes
REFINEMENT_AXIOM RiscvRefinement.Opcodes.BranchesMutation.ltWrongStateEmit_refutes propext
REFINEMENT_AXIOM RiscvRefinement.Opcodes.BranchesMutation.ltWrongStateEmit_refutes Quot.sound
REFINEMENT_THEOREM RiscvRefinement.Air.Bridge.Addi.fixedLookupsHold_eq
REFINEMENT_AXIOM RiscvRefinement.Air.Bridge.Addi.fixedLookupsHold_eq propext
REFINEMENT_AXIOM RiscvRefinement.Air.Bridge.Addi.fixedLookupsHold_eq Quot.sound
REFINEMENT_THEOREM RiscvRefinement.Publication.TeamB.MulhDiv.Division.node294
REFINEMENT_AXIOM RiscvRefinement.Publication.TeamB.MulhDiv.Division.node294 propext
REFINEMENT_AXIOM RiscvRefinement.Publication.TeamB.MulhDiv.Division.node294 Quot.sound
REFINEMENT_THEOREM RiscvRefinement.Air.Bridge.Branches.Admission.clockPositive
REFINEMENT_AXIOM RiscvRefinement.Air.Bridge.Branches.Admission.clockPositive propext
REFINEMENT_AXIOM RiscvRefinement.Air.Bridge.Branches.Admission.clockPositive Quot.sound
REFINEMENT_THEOREM RiscvRefinement.Air.Bridge.LtReg.ComparatorContract.differencePositive
REFINEMENT_THEOREM RiscvRefinement.Publication.TeamB.MulhDiv.Division.DirectEquationsG.sourceOne0
REFINEMENT_THEOREM RiscvRefinement.Opcodes.LtMutation.Imm.wrongProgram_strictly_weaker
REFINEMENT_AXIOM RiscvRefinement.Opcodes.LtMutation.Imm.wrongProgram_strictly_weaker propext
REFINEMENT_AXIOM RiscvRefinement.Opcodes.LtMutation.Imm.wrongProgram_strictly_weaker Quot.sound
REFINEMENT_THEOREM RiscvRefinement.Publication.TeamB.MulhDiv.HighMultiply.FixedConsequences.carry2Bound
REFINEMENT_THEOREM RiscvRefinement.Sail.Reviewed.registerShiftAmount_toNat
REFINEMENT_AXIOM RiscvRefinement.Sail.Reviewed.registerShiftAmount_toNat propext
REFINEMENT_THEOREM RiscvRefinement.Opcodes.DivHoldsWithoutNegationRecurrence.sourceTwoLimb3
REFINEMENT_THEOREM RiscvRefinement.Publication.TeamB.LoadStore.FixedConsequences.alignedQuarterRange
REFINEMENT_THEOREM RiscvRefinement.Opcodes.ShiftsRegHoldsWithoutSignUpperBound.sourceClock
REFINEMENT_THEOREM RiscvRefinement.Opcodes.sll_witness_holds
REFINEMENT_AXIOM RiscvRefinement.Opcodes.sll_witness_holds propext
REFINEMENT_THEOREM RiscvRefinement.Air.Bridge.Jalr.ProductionRefinement.resultM31
REFINEMENT_AXIOM RiscvRefinement.Air.Bridge.Jalr.ProductionRefinement.resultM31 propext
REFINEMENT_AXIOM RiscvRefinement.Air.Bridge.Jalr.ProductionRefinement.resultM31 Quot.sound
REFINEMENT_THEOREM RiscvRefinement.Opcodes.ShiftsImmRefinement.decode
REFINEMENT_AXIOM RiscvRefinement.Opcodes.ShiftsImmRefinement.decode propext
REFINEMENT_AXIOM RiscvRefinement.Opcodes.ShiftsImmRefinement.decode Quot.sound
REFINEMENT_THEOREM RiscvRefinement.Publication.TeamB.MulhDiv.Division.div_selectorAdmission
REFINEMENT_AXIOM RiscvRefinement.Publication.TeamB.MulhDiv.Division.div_selectorAdmission propext
REFINEMENT_AXIOM RiscvRefinement.Publication.TeamB.MulhDiv.Division.div_selectorAdmission Quot.sound
REFINEMENT_THEOREM RiscvRefinement.Air.Bridge.LtComparator.ComparatorContract.left0Bound
REFINEMENT_THEOREM RiscvRefinement.Opcodes.sraiReleasedSignRow_satisfies
REFINEMENT_AXIOM RiscvRefinement.Opcodes.sraiReleasedSignRow_satisfies propext
REFINEMENT_THEOREM RiscvRefinement.Air.Bridge.Branches.Lt.RawProductionRefinement.nextPc
REFINEMENT_AXIOM RiscvRefinement.Air.Bridge.Branches.Lt.RawProductionRefinement.nextPc propext
REFINEMENT_AXIOM RiscvRefinement.Air.Bridge.Branches.Lt.RawProductionRefinement.nextPc Quot.sound
REFINEMENT_THEOREM RiscvRefinement.Air.Bridge.LtComparator.ComparatorContract.right0Bound
REFINEMENT_THEOREM RiscvRefinement.Air.Bridge.Branches.Lt.rawSourceReadOnly
REFINEMENT_AXIOM RiscvRefinement.Air.Bridge.Branches.Lt.rawSourceReadOnly propext
REFINEMENT_AXIOM RiscvRefinement.Air.Bridge.Branches.Lt.rawSourceReadOnly Quot.sound
REFINEMENT_THEOREM RiscvRefinement.Opcodes.MulhHoldsWithoutSourceTwoSignBinding.productLimb0
REFINEMENT_THEOREM RiscvRefinement.Publication.TeamB.MulhDiv.Division.DirectEquationsC.quotientSignImplies
REFINEMENT_THEOREM RiscvRefinement.Publication.TeamB.MulhDiv.Division.opcodeNatEquation
REFINEMENT_AXIOM RiscvRefinement.Publication.TeamB.MulhDiv.Division.opcodeNatEquation propext
REFINEMENT_AXIOM RiscvRefinement.Publication.TeamB.MulhDiv.Division.opcodeNatEquation Quot.sound
REFINEMENT_THEOREM RiscvRefinement.Opcodes.store_operand_value
REFINEMENT_AXIOM RiscvRefinement.Opcodes.store_operand_value propext
REFINEMENT_AXIOM RiscvRefinement.Opcodes.store_operand_value Quot.sound
REFINEMENT_THEOREM RiscvRefinement.Opcodes.ShiftsRegRefinement.secondSourceConsume
REFINEMENT_AXIOM RiscvRefinement.Opcodes.ShiftsRegRefinement.secondSourceConsume propext
REFINEMENT_AXIOM RiscvRefinement.Opcodes.ShiftsRegRefinement.secondSourceConsume Quot.sound
REFINEMENT_THEOREM RiscvRefinement.Opcodes.DivHoldsWithoutDividendSignBit.sourceOneLimb2
REFINEMENT_THEOREM RiscvRefinement.Opcodes.BaseAluImm.Environment.destinationBinds
REFINEMENT_THEOREM RiscvRefinement.Opcodes.DivHoldsWithoutNegationRecurrence.absSameLimb2
REFINEMENT_THEOREM RiscvRefinement.Publication.TeamB.LoadStore.DirectEquations.word2
REFINEMENT_THEOREM RiscvRefinement.Opcodes.mulhsuUnboundSourceOneSignRow_satisfies
REFINEMENT_AXIOM RiscvRefinement.Opcodes.mulhsuUnboundSourceOneSignRow_satisfies propext
REFINEMENT_AXIOM RiscvRefinement.Opcodes.mulhsuUnboundSourceOneSignRow_satisfies Quot.sound
REFINEMENT_THEOREM RiscvRefinement.Opcodes.shifts_reg_conclusions_are_reachable
REFINEMENT_AXIOM RiscvRefinement.Opcodes.shifts_reg_conclusions_are_reachable propext
REFINEMENT_AXIOM RiscvRefinement.Opcodes.shifts_reg_conclusions_are_reachable Quot.sound
REFINEMENT_AXIOM RiscvRefinement.Opcodes.shifts_reg_conclusions_are_reachable Classical.choice
REFINEMENT_THEOREM RiscvRefinement.Opcodes.DivHoldsWithoutDestinationLimb0.clockPositive
REFINEMENT_THEOREM RiscvRefinement.Opcodes.ShiftsRegHoldsWithoutRightLowByte.core
REFINEMENT_THEOREM RiscvRefinement.Opcodes.remMutation_witnesses_are_not_sound
REFINEMENT_AXIOM RiscvRefinement.Opcodes.remMutation_witnesses_are_not_sound propext
REFINEMENT_AXIOM RiscvRefinement.Opcodes.remMutation_witnesses_are_not_sound Quot.sound
REFINEMENT_AXIOM RiscvRefinement.Opcodes.remMutation_witnesses_are_not_sound Classical.choice
REFINEMENT_THEOREM RiscvRefinement.Air.Bridge.LtReg.signedAliasNonvacuous
REFINEMENT_AXIOM RiscvRefinement.Air.Bridge.LtReg.signedAliasNonvacuous propext
REFINEMENT_AXIOM RiscvRefinement.Air.Bridge.LtReg.signedAliasNonvacuous Quot.sound
REFINEMENT_THEOREM RiscvRefinement.Opcodes.Branches.Eq.bne_nonvacuity_theorem
REFINEMENT_AXIOM RiscvRefinement.Opcodes.Branches.Eq.bne_nonvacuity_theorem propext
REFINEMENT_AXIOM RiscvRefinement.Opcodes.Branches.Eq.bne_nonvacuity_theorem Quot.sound
REFINEMENT_AXIOM RiscvRefinement.Opcodes.Branches.Eq.bne_nonvacuity_theorem Classical.choice
REFINEMENT_THEOREM RiscvRefinement.Opcodes.DivHoldsWithoutDividendSignBit.sourceOneLimb1
REFINEMENT_THEOREM RiscvRefinement.Opcodes.StoreMutation.sw_word_store_sound
REFINEMENT_AXIOM RiscvRefinement.Opcodes.StoreMutation.sw_word_store_sound propext
REFINEMENT_AXIOM RiscvRefinement.Opcodes.StoreMutation.sw_word_store_sound Quot.sound
REFINEMENT_THEOREM RiscvRefinement.Decode.encode_load_is_canonical
REFINEMENT_AXIOM RiscvRefinement.Decode.encode_load_is_canonical propext
REFINEMENT_AXIOM RiscvRefinement.Decode.encode_load_is_canonical Quot.sound
REFINEMENT_THEOREM RiscvRefinement.Air.Family.MulhHolds.destinationLimb2
REFINEMENT_THEOREM RiscvRefinement.Opcodes.StoreMutation.StoreHoldsWithoutByteStoreSelect.baseClock
REFINEMENT_AXIOM RiscvRefinement.Opcodes.StoreMutation.StoreHoldsWithoutByteStoreSelect.baseClock propext
REFINEMENT_THEOREM RiscvRefinement.Publication.TeamB.MulhDiv.Division.DirectEquationsB.unsignedDividendSign
REFINEMENT_THEOREM RiscvRefinement.Opcodes.LhRefinement.baseConsume
REFINEMENT_AXIOM RiscvRefinement.Opcodes.LhRefinement.baseConsume propext
REFINEMENT_AXIOM RiscvRefinement.Opcodes.LhRefinement.baseConsume Quot.sound
REFINEMENT_THEOREM RiscvRefinement.Publication.TeamB.MulhDiv.HighMultiply.ExactFixedProjection.carry5
REFINEMENT_AXIOM RiscvRefinement.Publication.TeamB.MulhDiv.HighMultiply.ExactFixedProjection.carry5 propext
REFINEMENT_AXIOM RiscvRefinement.Publication.TeamB.MulhDiv.HighMultiply.ExactFixedProjection.carry5 Quot.sound
REFINEMENT_THEOREM RiscvRefinement.Air.Bridge.Jalr.targetDecomposition
REFINEMENT_AXIOM RiscvRefinement.Air.Bridge.Jalr.targetDecomposition propext
REFINEMENT_AXIOM RiscvRefinement.Air.Bridge.Jalr.targetDecomposition Quot.sound
REFINEMENT_THEOREM RiscvRefinement.Publication.TeamB.MulhDiv.Division.ExactTupleProjection.stateEmit
REFINEMENT_AXIOM RiscvRefinement.Publication.TeamB.MulhDiv.Division.ExactTupleProjection.stateEmit propext
REFINEMENT_AXIOM RiscvRefinement.Publication.TeamB.MulhDiv.Division.ExactTupleProjection.stateEmit Quot.sound
REFINEMENT_THEOREM RiscvRefinement.Publication.TeamB.LoadStore.DirectEquations.word3
REFINEMENT_THEOREM RiscvRefinement.Opcodes.rem_zero_divisor_convention_is_the_dividend
REFINEMENT_AXIOM RiscvRefinement.Opcodes.rem_zero_divisor_convention_is_the_dividend propext
REFINEMENT_THEOREM RiscvRefinement.Air.Bridge.loadStoreStoreMemoryAccess
REFINEMENT_AXIOM RiscvRefinement.Air.Bridge.loadStoreStoreMemoryAccess propext
REFINEMENT_AXIOM RiscvRefinement.Air.Bridge.loadStoreStoreMemoryAccess Quot.sound
REFINEMENT_THEOREM RiscvRefinement.Air.Bridge.LtComparator.translatedSub
REFINEMENT_AXIOM RiscvRefinement.Air.Bridge.LtComparator.translatedSub propext
REFINEMENT_AXIOM RiscvRefinement.Air.Bridge.LtComparator.translatedSub Quot.sound
REFINEMENT_THEOREM RiscvRefinement.Publication.TeamB.MulhDiv.Division.negCarryZeroAbsolute
REFINEMENT_AXIOM RiscvRefinement.Publication.TeamB.MulhDiv.Division.negCarryZeroAbsolute propext
REFINEMENT_AXIOM RiscvRefinement.Publication.TeamB.MulhDiv.Division.negCarryZeroAbsolute Quot.sound
REFINEMENT_THEOREM RiscvRefinement.Opcodes.BranchesMutation.bltuStateProjection_mutation_theorem
REFINEMENT_AXIOM RiscvRefinement.Opcodes.BranchesMutation.bltuStateProjection_mutation_theorem propext
REFINEMENT_AXIOM RiscvRefinement.Opcodes.BranchesMutation.bltuStateProjection_mutation_theorem Quot.sound
REFINEMENT_THEOREM RiscvRefinement.Opcodes.LoadMutationWord.HoldsWithoutWordLoad.sourceReadOnly
REFINEMENT_AXIOM RiscvRefinement.Opcodes.LoadMutationWord.HoldsWithoutWordLoad.sourceReadOnly propext
REFINEMENT_THEOREM RiscvRefinement.Air.Bridge.LtReg.differencePositive
REFINEMENT_AXIOM RiscvRefinement.Air.Bridge.LtReg.differencePositive propext
REFINEMENT_AXIOM RiscvRefinement.Air.Bridge.LtReg.differencePositive Quot.sound
REFINEMENT_THEOREM RiscvRefinement.Opcodes.shiftHolds_weakens_signLowerBound
REFINEMENT_THEOREM RiscvRefinement.Opcodes.Lt.Imm.Refinement.exactProgramTuple
REFINEMENT_AXIOM RiscvRefinement.Opcodes.Lt.Imm.Refinement.exactProgramTuple propext
REFINEMENT_AXIOM RiscvRefinement.Opcodes.Lt.Imm.Refinement.exactProgramTuple Quot.sound
REFINEMENT_THEOREM RiscvRefinement.Air.Bridge.TeamACommon.reduceMul
REFINEMENT_AXIOM RiscvRefinement.Air.Bridge.TeamACommon.reduceMul propext
REFINEMENT_THEOREM RiscvRefinement.Opcodes.Branches.Eq.decisionIsArchitectural
REFINEMENT_AXIOM RiscvRefinement.Opcodes.Branches.Eq.decisionIsArchitectural Quot.sound
REFINEMENT_AXIOM RiscvRefinement.Opcodes.Branches.Eq.decisionIsArchitectural propext
REFINEMENT_THEOREM RiscvRefinement.Publication.TeamA.localTheoremIdentities_length
REFINEMENT_THEOREM RiscvRefinement.Publication.TeamB.MulhDiv.Division.FixedSemanticConsequences.productCarry4
REFINEMENT_THEOREM RiscvRefinement.Opcodes.mulhWitness_validClock
REFINEMENT_AXIOM RiscvRefinement.Opcodes.mulhWitness_validClock propext
REFINEMENT_AXIOM RiscvRefinement.Opcodes.mulhWitness_validClock Quot.sound
REFINEMENT_THEOREM RiscvRefinement.Air.Bridge.M31.val_add
REFINEMENT_THEOREM RiscvRefinement.Opcodes.MulhHoldsWithoutSourceOneSignBinding.destinationLimb1
REFINEMENT_THEOREM RiscvRefinement.Air.Bridge.M31.add_zero
REFINEMENT_AXIOM RiscvRefinement.Air.Bridge.M31.add_zero propext
REFINEMENT_THEOREM RiscvRefinement.Air.Bridge.Addi.bitwiseLookup0_projection_for_columns
REFINEMENT_AXIOM RiscvRefinement.Air.Bridge.Addi.bitwiseLookup0_projection_for_columns propext
REFINEMENT_AXIOM RiscvRefinement.Air.Bridge.Addi.bitwiseLookup0_projection_for_columns Quot.sound
REFINEMENT_THEOREM RiscvRefinement.Air.Family.MulhHolds.signedSourceOne
REFINEMENT_THEOREM RiscvRefinement.Air.Bridge.evalNodes_eq_evalNodesFrom
REFINEMENT_THEOREM RiscvRefinement.Opcodes.remuSlackScanRow_satisfies
REFINEMENT_THEOREM RiscvRefinement.Opcodes.StoreMutation.StoreHoldsWithoutByteStoreSelect.partialStorePreserve
REFINEMENT_AXIOM RiscvRefinement.Opcodes.StoreMutation.StoreHoldsWithoutByteStoreSelect.partialStorePreserve propext
REFINEMENT_THEOREM RiscvRefinement.Publication.TeamB.Shifts.ImmExactFixedProjection.carry2
REFINEMENT_AXIOM RiscvRefinement.Publication.TeamB.Shifts.ImmExactFixedProjection.carry2 propext
REFINEMENT_AXIOM RiscvRefinement.Publication.TeamB.Shifts.ImmExactFixedProjection.carry2 Quot.sound
REFINEMENT_THEOREM RiscvRefinement.Opcodes.BaseAluReg.sub_selectorAccepted
REFINEMENT_AXIOM RiscvRefinement.Opcodes.BaseAluReg.sub_selectorAccepted propext
REFINEMENT_AXIOM RiscvRefinement.Opcodes.BaseAluReg.sub_selectorAccepted Quot.sound
REFINEMENT_THEOREM RiscvRefinement.Opcodes.ByteLoadMutation.ByteLoadHoldsWithoutByteLoadSelect.destinationFlag
REFINEMENT_AXIOM RiscvRefinement.Opcodes.ByteLoadMutation.ByteLoadHoldsWithoutByteLoadSelect.destinationFlag propext
REFINEMENT_THEOREM RiscvRefinement.Publication.TeamB.MulhDiv.Division.boundedNegCarryRoot
REFINEMENT_AXIOM RiscvRefinement.Publication.TeamB.MulhDiv.Division.boundedNegCarryRoot propext
REFINEMENT_AXIOM RiscvRefinement.Publication.TeamB.MulhDiv.Division.boundedNegCarryRoot Quot.sound
REFINEMENT_THEOREM RiscvRefinement.Publication.TeamB.MulhDiv.Division.node93
REFINEMENT_AXIOM RiscvRefinement.Publication.TeamB.MulhDiv.Division.node93 propext
REFINEMENT_AXIOM RiscvRefinement.Publication.TeamB.MulhDiv.Division.node93 Quot.sound
REFINEMENT_THEOREM RiscvRefinement.Opcodes.ShiftsRegHoldsWithoutRightLowByte.destinationClock
REFINEMENT_THEOREM RiscvRefinement.Publication.TeamB.Multiply.ExactTupleProjection.sourceOneConsume
REFINEMENT_AXIOM RiscvRefinement.Publication.TeamB.Multiply.ExactTupleProjection.sourceOneConsume propext
REFINEMENT_AXIOM RiscvRefinement.Publication.TeamB.Multiply.ExactTupleProjection.sourceOneConsume Quot.sound
REFINEMENT_THEOREM RiscvRefinement.Air.Bridge.Jal.ProductionRefinement.noSourceProjection
REFINEMENT_AXIOM RiscvRefinement.Air.Bridge.Jal.ProductionRefinement.noSourceProjection propext
REFINEMENT_AXIOM RiscvRefinement.Air.Bridge.Jal.ProductionRefinement.noSourceProjection Quot.sound
REFINEMENT_THEOREM RiscvRefinement.instLawfulBEqM31
REFINEMENT_AXIOM RiscvRefinement.instLawfulBEqM31 propext
REFINEMENT_THEOREM RiscvRefinement.Air.Family.LoadStoreAddressRange.base_displacement_no_wrap
REFINEMENT_AXIOM RiscvRefinement.Air.Family.LoadStoreAddressRange.base_displacement_no_wrap propext
REFINEMENT_AXIOM RiscvRefinement.Air.Family.LoadStoreAddressRange.base_displacement_no_wrap Quot.sound
REFINEMENT_THEOREM RiscvRefinement.Air.Bridge.LtImm.ProductionRefinement.sourceReadOnly
REFINEMENT_AXIOM RiscvRefinement.Air.Bridge.LtImm.ProductionRefinement.sourceReadOnly propext
REFINEMENT_AXIOM RiscvRefinement.Air.Bridge.LtImm.ProductionRefinement.sourceReadOnly Quot.sound
REFINEMENT_THEOREM RiscvRefinement.Opcodes.Branches.Lt.refines
REFINEMENT_AXIOM RiscvRefinement.Opcodes.Branches.Lt.refines propext
REFINEMENT_AXIOM RiscvRefinement.Opcodes.Branches.Lt.refines Quot.sound
REFINEMENT_AXIOM RiscvRefinement.Opcodes.Branches.Lt.refines Classical.choice
REFINEMENT_THEOREM RiscvRefinement.Air.Bridge.Jalr.ProductionRefinement.destinationClockLookup
REFINEMENT_AXIOM RiscvRefinement.Air.Bridge.Jalr.ProductionRefinement.destinationClockLookup propext
REFINEMENT_AXIOM RiscvRefinement.Air.Bridge.Jalr.ProductionRefinement.destinationClockLookup Quot.sound
REFINEMENT_THEOREM RiscvRefinement.Opcodes.shifts_reg_left_low_byte_is_load_bearing
REFINEMENT_AXIOM RiscvRefinement.Opcodes.shifts_reg_left_low_byte_is_load_bearing propext
REFINEMENT_AXIOM RiscvRefinement.Opcodes.shifts_reg_left_low_byte_is_load_bearing Quot.sound
REFINEMENT_THEOREM RiscvRefinement.Air.Bridge.Branches.Lt.RawProductionRefinement.sourceReadOnly
REFINEMENT_AXIOM RiscvRefinement.Air.Bridge.Branches.Lt.RawProductionRefinement.sourceReadOnly propext
REFINEMENT_AXIOM RiscvRefinement.Air.Bridge.Branches.Lt.RawProductionRefinement.sourceReadOnly Quot.sound
REFINEMENT_THEOREM RiscvRefinement.Decode.encode_srli_is_canonical
REFINEMENT_AXIOM RiscvRefinement.Decode.encode_srli_is_canonical propext
REFINEMENT_AXIOM RiscvRefinement.Decode.encode_srli_is_canonical Quot.sound
REFINEMENT_THEOREM RiscvRefinement.Opcodes.JalrMutation.jalr_state_target_mutation_certificate
REFINEMENT_AXIOM RiscvRefinement.Opcodes.JalrMutation.jalr_state_target_mutation_certificate propext
REFINEMENT_AXIOM RiscvRefinement.Opcodes.JalrMutation.jalr_state_target_mutation_certificate Quot.sound
REFINEMENT_THEOREM RiscvRefinement.Publication.TeamB.MulhDiv.Division.m31ReduceSubOfLt
REFINEMENT_AXIOM RiscvRefinement.Publication.TeamB.MulhDiv.Division.m31ReduceSubOfLt propext
REFINEMENT_AXIOM RiscvRefinement.Publication.TeamB.MulhDiv.Division.m31ReduceSubOfLt Quot.sound
REFINEMENT_THEOREM RiscvRefinement.Opcodes.MulhHoldsWithoutProductLimb4.sourceOneClock
REFINEMENT_THEOREM RiscvRefinement.Arith.wrapSigned_ofNat
REFINEMENT_AXIOM RiscvRefinement.Arith.wrapSigned_ofNat propext
REFINEMENT_AXIOM RiscvRefinement.Arith.wrapSigned_ofNat Quot.sound
REFINEMENT_THEOREM RiscvRefinement.Publication.TeamB.Shifts.RegFixedConsequences.signLower
REFINEMENT_THEOREM RiscvRefinement.Opcodes.DivHoldsWithoutZeroDivisorQuotient0.selectorUnique
REFINEMENT_THEOREM RiscvRefinement.Opcodes.StoreMutation.StoreHoldsWithoutPartialStorePreserve.loadDestination
REFINEMENT_AXIOM RiscvRefinement.Opcodes.StoreMutation.StoreHoldsWithoutPartialStorePreserve.loadDestination propext
REFINEMENT_THEOREM RiscvRefinement.Opcodes.DivHoldsWithoutSignXorDefinition.scanEqual3
REFINEMENT_THEOREM RiscvRefinement.Opcodes.MulhBusRefinement.noMemoryRead
REFINEMENT_THEOREM RiscvRefinement.Opcodes.divuFreeSignXorRow_satisfies
REFINEMENT_THEOREM RiscvRefinement.Air.Bridge.LoadStoreRowFits.programCounter
REFINEMENT_THEOREM RiscvRefinement.Opcodes.DivHoldsWithoutNegationRecurrence.productRecurrence
REFINEMENT_THEOREM RiscvRefinement.Publication.TeamB.LoadStore.lh_exactSelectorIdentity
REFINEMENT_AXIOM RiscvRefinement.Publication.TeamB.LoadStore.lh_exactSelectorIdentity propext
REFINEMENT_AXIOM RiscvRefinement.Publication.TeamB.LoadStore.lh_exactSelectorIdentity Quot.sound
REFINEMENT_THEOREM RiscvRefinement.Air.Bridge.LtReg.comparisonCorrect
REFINEMENT_AXIOM RiscvRefinement.Air.Bridge.LtReg.comparisonCorrect propext
REFINEMENT_AXIOM RiscvRefinement.Air.Bridge.LtReg.comparisonCorrect Quot.sound
REFINEMENT_THEOREM RiscvRefinement.Opcodes.DivHoldsWithoutScanTotal.remainderZeroLimb3
REFINEMENT_THEOREM RiscvRefinement.Opcodes.DivHoldsWithoutNegationRecurrence.destinationFlag
REFINEMENT_THEOREM RiscvRefinement.Opcodes.sraiReleasedSignRow_refutes
REFINEMENT_AXIOM RiscvRefinement.Opcodes.sraiReleasedSignRow_refutes propext
REFINEMENT_THEOREM RiscvRefinement.Air.Family.div_abs_negated
REFINEMENT_AXIOM RiscvRefinement.Air.Family.div_abs_negated propext
REFINEMENT_AXIOM RiscvRefinement.Air.Family.div_abs_negated Quot.sound
REFINEMENT_AXIOM RiscvRefinement.Air.Family.div_abs_negated Classical.choice
REFINEMENT_THEOREM RiscvRefinement.Publication.TeamB.MulhDiv.Division.node295
REFINEMENT_AXIOM RiscvRefinement.Publication.TeamB.MulhDiv.Division.node295 propext
REFINEMENT_AXIOM RiscvRefinement.Publication.TeamB.MulhDiv.Division.node295 Quot.sound
REFINEMENT_THEOREM RiscvRefinement.Opcodes.StoreMutation.StoreHoldsWithoutByteStoreSelect.halfShiftId
REFINEMENT_AXIOM RiscvRefinement.Opcodes.StoreMutation.StoreHoldsWithoutByteStoreSelect.halfShiftId propext
REFINEMENT_THEOREM RiscvRefinement.Opcodes.DivHoldsWithoutScanTotal.zeroDivisorLimb0
REFINEMENT_THEOREM RiscvRefinement.Publication.TeamB.MulhDiv.Division.divu_selectorAdmission
REFINEMENT_AXIOM RiscvRefinement.Publication.TeamB.MulhDiv.Division.divu_selectorAdmission propext
REFINEMENT_AXIOM RiscvRefinement.Publication.TeamB.MulhDiv.Division.divu_selectorAdmission Quot.sound
REFINEMENT_THEOREM RiscvRefinement.Opcodes.LoadMutationWord.HoldsWithoutWordLoad.halfSignWitness
REFINEMENT_AXIOM RiscvRefinement.Opcodes.LoadMutationWord.HoldsWithoutWordLoad.halfSignWitness propext
REFINEMENT_THEOREM RiscvRefinement.Air.Family.LoadStoreHolds.loadDestination
REFINEMENT_AXIOM RiscvRefinement.Air.Family.LoadStoreHolds.loadDestination propext
REFINEMENT_THEOREM RiscvRefinement.Opcodes.word_of_negative_byte
REFINEMENT_AXIOM RiscvRefinement.Opcodes.word_of_negative_byte propext
REFINEMENT_AXIOM RiscvRefinement.Opcodes.word_of_negative_byte Quot.sound
REFINEMENT_AXIOM RiscvRefinement.Opcodes.word_of_negative_byte Classical.choice
REFINEMENT_THEOREM RiscvRefinement.Air.Bridge.Fence.sound
REFINEMENT_AXIOM RiscvRefinement.Air.Bridge.Fence.sound propext
REFINEMENT_AXIOM RiscvRefinement.Air.Bridge.Fence.sound Quot.sound
REFINEMENT_THEOREM RiscvRefinement.Publication.FixedTableInterpretation.rangeCheckM31
REFINEMENT_AXIOM RiscvRefinement.Publication.FixedTableInterpretation.rangeCheckM31 propext
REFINEMENT_THEOREM RiscvRefinement.Opcodes.ByteLoadMutation.ByteLoadHoldsWithoutByteSignWitness.halfLoadExtension
REFINEMENT_AXIOM RiscvRefinement.Opcodes.ByteLoadMutation.ByteLoadHoldsWithoutByteSignWitness.halfLoadExtension propext
REFINEMENT_THEOREM RiscvRefinement.Opcodes.LoadStoreHoldsWithoutByteSignWitness.selectorSum
REFINEMENT_AXIOM RiscvRefinement.Opcodes.LoadStoreHoldsWithoutByteSignWitness.selectorSum propext
REFINEMENT_THEOREM RiscvRefinement.Opcodes.LoadMutationWord.HoldsWithoutWordLoad.destinationFlag
REFINEMENT_AXIOM RiscvRefinement.Opcodes.LoadMutationWord.HoldsWithoutWordLoad.destinationFlag propext
REFINEMENT_THEOREM RiscvRefinement.Air.Family.shift_right_logical_value
REFINEMENT_AXIOM RiscvRefinement.Air.Family.shift_right_logical_value propext
REFINEMENT_AXIOM RiscvRefinement.Air.Family.shift_right_logical_value Quot.sound
REFINEMENT_THEOREM RiscvRefinement.Publication.TeamB.MulhDiv.Division.DirectEquationsC.negCarryZero0
REFINEMENT_THEOREM RiscvRefinement.Air.Bridge.divConstraintValues
REFINEMENT_AXIOM RiscvRefinement.Air.Bridge.divConstraintValues propext
REFINEMENT_AXIOM RiscvRefinement.Air.Bridge.divConstraintValues Quot.sound
REFINEMENT_THEOREM RiscvRefinement.Air.Bridge.BaseAluImm.ProductionRefinement.destinationConsume
REFINEMENT_AXIOM RiscvRefinement.Air.Bridge.BaseAluImm.ProductionRefinement.destinationConsume propext
REFINEMENT_AXIOM RiscvRefinement.Air.Bridge.BaseAluImm.ProductionRefinement.destinationConsume Quot.sound
REFINEMENT_THEOREM RiscvRefinement.Opcodes.ShiftHoldsWithoutLeftLowByte.limbIndexRange
REFINEMENT_THEOREM RiscvRefinement.Opcodes.LoadMutationWord.HoldsWithoutHalfLoadExtension.halfShiftAmount
REFINEMENT_AXIOM RiscvRefinement.Opcodes.LoadMutationWord.HoldsWithoutHalfLoadExtension.halfShiftAmount propext
REFINEMENT_THEOREM RiscvRefinement.Opcodes.Branches.Eq.bne_refinement_theorem
REFINEMENT_AXIOM RiscvRefinement.Opcodes.Branches.Eq.bne_refinement_theorem propext
REFINEMENT_AXIOM RiscvRefinement.Opcodes.Branches.Eq.bne_refinement_theorem Quot.sound
REFINEMENT_AXIOM RiscvRefinement.Opcodes.Branches.Eq.bne_refinement_theorem Classical.choice
REFINEMENT_THEOREM RiscvRefinement.Opcodes.divuFreeSignXorRow_refutes
REFINEMENT_THEOREM RiscvRefinement.Opcodes.LoadStoreHoldsWithoutPartialStorePreserve.byteLoadSelect
REFINEMENT_AXIOM RiscvRefinement.Opcodes.LoadStoreHoldsWithoutPartialStorePreserve.byteLoadSelect propext
REFINEMENT_THEOREM RiscvRefinement.Opcodes.sbClobbersRow_satisfies
REFINEMENT_AXIOM RiscvRefinement.Opcodes.sbClobbersRow_satisfies propext
REFINEMENT_THEOREM RiscvRefinement.Opcodes.DivHoldsWithoutScanTotal.remainderZeroLimb1
REFINEMENT_THEOREM RiscvRefinement.Air.Bridge.Fence.lookupProjection
REFINEMENT_AXIOM RiscvRefinement.Air.Bridge.Fence.lookupProjection propext
REFINEMENT_AXIOM RiscvRefinement.Air.Bridge.Fence.lookupProjection Quot.sound
REFINEMENT_THEOREM RiscvRefinement.Opcodes.LoadStoreHoldsWithoutHalfLoadHigh.storeResultZero
REFINEMENT_AXIOM RiscvRefinement.Opcodes.LoadStoreHoldsWithoutHalfLoadHigh.storeResultZero propext
REFINEMENT_THEOREM RiscvRefinement.Publication.TeamB.MulhDiv.Division.exactFixedProjectionFor
REFINEMENT_AXIOM RiscvRefinement.Publication.TeamB.MulhDiv.Division.exactFixedProjectionFor propext
REFINEMENT_AXIOM RiscvRefinement.Publication.TeamB.MulhDiv.Division.exactFixedProjectionFor Quot.sound
REFINEMENT_THEOREM RiscvRefinement.Air.Bridge.Jalr.ProductionRefinement.targetAligned
REFINEMENT_AXIOM RiscvRefinement.Air.Bridge.Jalr.ProductionRefinement.targetAligned propext
REFINEMENT_AXIOM RiscvRefinement.Air.Bridge.Jalr.ProductionRefinement.targetAligned Quot.sound
REFINEMENT_THEOREM RiscvRefinement.Opcodes.ByteLoadMutation.ByteLoadHoldsWithoutByteLoadSelect.halfLoadHigh
REFINEMENT_AXIOM RiscvRefinement.Opcodes.ByteLoadMutation.ByteLoadHoldsWithoutByteLoadSelect.halfLoadHigh propext
REFINEMENT_THEOREM RiscvRefinement.Opcodes.Branches.Eq.Refinement.retirement
REFINEMENT_AXIOM RiscvRefinement.Opcodes.Branches.Eq.Refinement.retirement propext
REFINEMENT_AXIOM RiscvRefinement.Opcodes.Branches.Eq.Refinement.retirement Quot.sound
REFINEMENT_THEOREM RiscvRefinement.Publication.TeamB.externalSailTheoremIdentities_nodup
REFINEMENT_THEOREM RiscvRefinement.Publication.TeamB.Shifts.RegExactRelationProjection.secondSourceConsume
REFINEMENT_AXIOM RiscvRefinement.Publication.TeamB.Shifts.RegExactRelationProjection.secondSourceConsume propext
REFINEMENT_AXIOM RiscvRefinement.Publication.TeamB.Shifts.RegExactRelationProjection.secondSourceConsume Quot.sound
REFINEMENT_THEOREM RiscvRefinement.Air.Family.mulSourceTwoStable
REFINEMENT_AXIOM RiscvRefinement.Air.Family.mulSourceTwoStable propext
REFINEMENT_THEOREM RiscvRefinement.Opcodes.BranchesMutation.eqOriginal_sound
REFINEMENT_AXIOM RiscvRefinement.Opcodes.BranchesMutation.eqOriginal_sound propext
REFINEMENT_AXIOM RiscvRefinement.Opcodes.BranchesMutation.eqOriginal_sound Quot.sound
REFINEMENT_THEOREM RiscvRefinement.Opcodes.JalMutation.wrongStateEmit_strictly_weaker
REFINEMENT_AXIOM RiscvRefinement.Opcodes.JalMutation.wrongStateEmit_strictly_weaker propext
REFINEMENT_AXIOM RiscvRefinement.Opcodes.JalMutation.wrongStateEmit_strictly_weaker Quot.sound
REFINEMENT_AXIOM RiscvRefinement.Opcodes.JalMutation.wrongStateEmit_strictly_weaker Classical.choice
REFINEMENT_THEOREM RiscvRefinement.Publication.TeamB.MulhDiv.HighMultiply.DirectEquations.destinationInverse
REFINEMENT_AXIOM RiscvRefinement.Publication.TeamB.MulhDiv.HighMultiply.DirectEquations.destinationInverse propext
REFINEMENT_THEOREM RiscvRefinement.Air.Family.div_conv_sum_telescope
REFINEMENT_AXIOM RiscvRefinement.Air.Family.div_conv_sum_telescope propext
REFINEMENT_AXIOM RiscvRefinement.Air.Family.div_conv_sum_telescope Quot.sound
REFINEMENT_THEOREM RiscvRefinement.Opcodes.LoadMutationWord.lwValue_matches_capsule
REFINEMENT_AXIOM RiscvRefinement.Opcodes.LoadMutationWord.lwValue_matches_capsule propext
REFINEMENT_AXIOM RiscvRefinement.Opcodes.LoadMutationWord.lwValue_matches_capsule Quot.sound
REFINEMENT_AXIOM RiscvRefinement.Opcodes.LoadMutationWord.lwValue_matches_capsule Classical.choice
REFINEMENT_THEOREM RiscvRefinement.Opcodes.StoreMutation.StoreHoldsWithoutHalfStoreHigh.nextPcResult
REFINEMENT_AXIOM RiscvRefinement.Opcodes.StoreMutation.StoreHoldsWithoutHalfStoreHigh.nextPcResult propext
REFINEMENT_THEOREM RiscvRefinement.Air.Family.LoadStoreHolds.halfMarkerSum
REFINEMENT_AXIOM RiscvRefinement.Air.Family.LoadStoreHolds.halfMarkerSum propext
REFINEMENT_THEOREM RiscvRefinement.Opcodes.ShiftHoldsWithoutRightLowByte.sourceReadOnly
REFINEMENT_THEOREM RiscvRefinement.Opcodes.LoadMutationWord.HoldsWithoutWordLoad.wordStore
REFINEMENT_AXIOM RiscvRefinement.Opcodes.LoadMutationWord.HoldsWithoutWordLoad.wordStore propext
REFINEMENT_THEOREM RiscvRefinement.Air.Family.LoadStoreHolds.immFeltRange
REFINEMENT_AXIOM RiscvRefinement.Air.Family.LoadStoreHolds.immFeltRange propext
REFINEMENT_THEOREM RiscvRefinement.Opcodes.ShiftsRegHoldsWithoutShiftAmountBinds.sourceClock
REFINEMENT_THEOREM RiscvRefinement.Publication.TeamB.LoadStore.DirectEquations.halfExtension2
REFINEMENT_THEOREM RiscvRefinement.Air.Bridge.LtReg.Admission.clockPositive
REFINEMENT_THEOREM RiscvRefinement.Opcodes.StoreMutation.StoreHoldsWithoutByteStoreSelect.destinationFlag
REFINEMENT_AXIOM RiscvRefinement.Opcodes.StoreMutation.StoreHoldsWithoutByteStoreSelect.destinationFlag propext
REFINEMENT_THEOREM RiscvRefinement.Opcodes.BaseAluMutation.Reg.wrongStateEmit_satisfies
REFINEMENT_AXIOM RiscvRefinement.Opcodes.BaseAluMutation.Reg.wrongStateEmit_satisfies propext
REFINEMENT_AXIOM RiscvRefinement.Opcodes.BaseAluMutation.Reg.wrongStateEmit_satisfies Quot.sound
REFINEMENT_THEOREM RiscvRefinement.Publication.TeamB.MulhDiv.Division.node84
REFINEMENT_AXIOM RiscvRefinement.Publication.TeamB.MulhDiv.Division.node84 propext
REFINEMENT_AXIOM RiscvRefinement.Publication.TeamB.MulhDiv.Division.node84 Quot.sound
REFINEMENT_THEOREM RiscvRefinement.Opcodes.DivHoldsWithoutUnsignedDivisorSign.remainderNonzero
REFINEMENT_THEOREM RiscvRefinement.Air.Bridge.BaseAluReg.ProductionRefinement.source1Emit
REFINEMENT_AXIOM RiscvRefinement.Air.Bridge.BaseAluReg.ProductionRefinement.source1Emit propext
REFINEMENT_AXIOM RiscvRefinement.Air.Bridge.BaseAluReg.ProductionRefinement.source1Emit Quot.sound
REFINEMENT_THEOREM RiscvRefinement.Opcodes.BaseAluReg.or_nonvacuous
REFINEMENT_AXIOM RiscvRefinement.Opcodes.BaseAluReg.or_nonvacuous propext
REFINEMENT_AXIOM RiscvRefinement.Opcodes.BaseAluReg.or_nonvacuous Quot.sound
REFINEMENT_THEOREM RiscvRefinement.Opcodes.LoadStoreHoldsWithoutHalfLoadHigh.sourceReadOnly
REFINEMENT_AXIOM RiscvRefinement.Opcodes.LoadStoreHoldsWithoutHalfLoadHigh.sourceReadOnly propext
REFINEMENT_THEOREM RiscvRefinement.Opcodes.AddiRefinement.programTuple
REFINEMENT_AXIOM RiscvRefinement.Opcodes.AddiRefinement.programTuple propext
REFINEMENT_AXIOM RiscvRefinement.Opcodes.AddiRefinement.programTuple Quot.sound
REFINEMENT_THEOREM RiscvRefinement.Air.Bridge.Addi.immediateLookup_projection_for_columns
REFINEMENT_AXIOM RiscvRefinement.Air.Bridge.Addi.immediateLookup_projection_for_columns propext
REFINEMENT_AXIOM RiscvRefinement.Air.Bridge.Addi.immediateLookup_projection_for_columns Quot.sound
REFINEMENT_THEOREM RiscvRefinement.Air.Bridge.Fence.fixedLookupsHold
REFINEMENT_AXIOM RiscvRefinement.Air.Bridge.Fence.fixedLookupsHold propext
REFINEMENT_AXIOM RiscvRefinement.Air.Bridge.Fence.fixedLookupsHold Quot.sound
REFINEMENT_THEOREM RiscvRefinement.Air.Bridge.Auipc.immediateWordAndSign
REFINEMENT_AXIOM RiscvRefinement.Air.Bridge.Auipc.immediateWordAndSign propext
REFINEMENT_AXIOM RiscvRefinement.Air.Bridge.Auipc.immediateWordAndSign Quot.sound
REFINEMENT_THEOREM RiscvRefinement.Air.Bridge.Jalr.ProductionRefinement.destinationEmit
REFINEMENT_AXIOM RiscvRefinement.Air.Bridge.Jalr.ProductionRefinement.destinationEmit propext
REFINEMENT_AXIOM RiscvRefinement.Air.Bridge.Jalr.ProductionRefinement.destinationEmit Quot.sound
REFINEMENT_THEOREM RiscvRefinement.Publication.TeamA.localTheoremIdentities_nodup
REFINEMENT_THEOREM RiscvRefinement.Publication.TeamB.Shifts.RegAdmission.claimedNextPcCanonical
REFINEMENT_THEOREM RiscvRefinement.Opcodes.ShiftHoldsWithoutSignUpperBound.rightMovement
REFINEMENT_THEOREM RiscvRefinement.Air.Generated.Programs.sraSymbolicCertificate
REFINEMENT_AXIOM RiscvRefinement.Air.Generated.Programs.sraSymbolicCertificate propext
REFINEMENT_AXIOM RiscvRefinement.Air.Generated.Programs.sraSymbolicCertificate Quot.sound
REFINEMENT_THEOREM RiscvRefinement.Opcodes.ShiftsImmHoldsWithoutSignLowerBound.destinationClock
REFINEMENT_THEOREM RiscvRefinement.Air.Bridge.LtReg.Admission.clockBound
REFINEMENT_THEOREM RiscvRefinement.Air.Family.ShiftsRegHolds.secondSourceReadOnly
REFINEMENT_THEOREM RiscvRefinement.Publication.TeamB.LoadStore.DirectEquations.sourceSelector
REFINEMENT_THEOREM RiscvRefinement.Opcodes.BaseAluImm.andi_exactLookupProjection
REFINEMENT_AXIOM RiscvRefinement.Opcodes.BaseAluImm.andi_exactLookupProjection propext
REFINEMENT_AXIOM RiscvRefinement.Opcodes.BaseAluImm.andi_exactLookupProjection Quot.sound
REFINEMENT_THEOREM RiscvRefinement.Opcodes.DivHoldsWithoutProductRecurrence.sourceTwoLimb0
REFINEMENT_THEOREM RiscvRefinement.Opcodes.BaseAluReg.refinementNonvacuous
REFINEMENT_AXIOM RiscvRefinement.Opcodes.BaseAluReg.refinementNonvacuous propext
REFINEMENT_AXIOM RiscvRefinement.Opcodes.BaseAluReg.refinementNonvacuous Quot.sound
REFINEMENT_THEOREM RiscvRefinement.Opcodes.BaseAluReg.and_exactLookupProjection
REFINEMENT_AXIOM RiscvRefinement.Opcodes.BaseAluReg.and_exactLookupProjection propext
REFINEMENT_AXIOM RiscvRefinement.Opcodes.BaseAluReg.and_exactLookupProjection Quot.sound
REFINEMENT_THEOREM RiscvRefinement.Air.Family.MulHolds.productLimb0
REFINEMENT_THEOREM RiscvRefinement.Opcodes.DivHoldsWithoutProductRecurrence.quotientSignImpliesXor
REFINEMENT_THEOREM RiscvRefinement.Opcodes.DivHoldsWithoutNegationRecurrence.sourceTwoClock
REFINEMENT_THEOREM RiscvRefinement.Opcodes.ByteLoadMutation.ByteLoadHoldsWithoutByteSignWitness.halfStoreHigh
REFINEMENT_AXIOM RiscvRefinement.Opcodes.ByteLoadMutation.ByteLoadHoldsWithoutByteSignWitness.halfStoreHigh propext
REFINEMENT_THEOREM RiscvRefinement.M31.sub_val_of_le
REFINEMENT_AXIOM RiscvRefinement.M31.sub_val_of_le propext
REFINEMENT_AXIOM RiscvRefinement.M31.sub_val_of_le Quot.sound
REFINEMENT_THEOREM RiscvRefinement.Air.Bridge.BaseAluImm.ProductionRefinement.destinationClockLookup
REFINEMENT_AXIOM RiscvRefinement.Air.Bridge.BaseAluImm.ProductionRefinement.destinationClockLookup propext
REFINEMENT_AXIOM RiscvRefinement.Air.Bridge.BaseAluImm.ProductionRefinement.destinationClockLookup Quot.sound
REFINEMENT_THEOREM RiscvRefinement.Publication.TeamB.MulhDiv.Division.node319
REFINEMENT_AXIOM RiscvRefinement.Publication.TeamB.MulhDiv.Division.node319 propext
REFINEMENT_AXIOM RiscvRefinement.Publication.TeamB.MulhDiv.Division.node319 Quot.sound
REFINEMENT_THEOREM RiscvRefinement.Opcodes.Branches.Eq.RawRefinement.decode
REFINEMENT_AXIOM RiscvRefinement.Opcodes.Branches.Eq.RawRefinement.decode propext
REFINEMENT_AXIOM RiscvRefinement.Opcodes.Branches.Eq.RawRefinement.decode Quot.sound
REFINEMENT_THEOREM RiscvRefinement.Opcodes.StoreMutation.swRow_commits_word_store
REFINEMENT_AXIOM RiscvRefinement.Opcodes.StoreMutation.swRow_commits_word_store propext
REFINEMENT_AXIOM RiscvRefinement.Opcodes.StoreMutation.swRow_commits_word_store Quot.sound
REFINEMENT_THEOREM RiscvRefinement.Opcodes.DivHoldsWithoutDestinationLimb0.zeroDivisorQuotient2
REFINEMENT_THEOREM RiscvRefinement.Opcodes.LoadMutationWord.HoldsWithoutHalfLoadExtension.byteLoadExtension
REFINEMENT_AXIOM RiscvRefinement.Opcodes.LoadMutationWord.HoldsWithoutHalfLoadExtension.byteLoadExtension propext
REFINEMENT_THEOREM RiscvRefinement.Publication.TeamB.MulhDiv.Division.opcodeEquation
REFINEMENT_AXIOM RiscvRefinement.Publication.TeamB.MulhDiv.Division.opcodeEquation propext
REFINEMENT_AXIOM RiscvRefinement.Publication.TeamB.MulhDiv.Division.opcodeEquation Quot.sound
REFINEMENT_THEOREM RiscvRefinement.Decode.encode_jal_is_canonical
REFINEMENT_AXIOM RiscvRefinement.Decode.encode_jal_is_canonical propext
REFINEMENT_AXIOM RiscvRefinement.Decode.encode_jal_is_canonical Quot.sound
REFINEMENT_THEOREM RiscvRefinement.Air.Bridge.Branches.Eq.RawProductionRefinement.immediate
REFINEMENT_AXIOM RiscvRefinement.Air.Bridge.Branches.Eq.RawProductionRefinement.immediate propext
REFINEMENT_AXIOM RiscvRefinement.Air.Bridge.Branches.Eq.RawProductionRefinement.immediate Quot.sound
REFINEMENT_THEOREM RiscvRefinement.Opcodes.DivHoldsWithoutZeroDivisorQuotient0.scanTotal
REFINEMENT_THEOREM RiscvRefinement.Publication.TeamB.Shifts.ImmExactRelationProjection.program
REFINEMENT_AXIOM RiscvRefinement.Publication.TeamB.Shifts.ImmExactRelationProjection.program propext
REFINEMENT_AXIOM RiscvRefinement.Publication.TeamB.Shifts.ImmExactRelationProjection.program Quot.sound
REFINEMENT_THEOREM RiscvRefinement.Opcodes.DivHoldsWithoutDividendSignBit.zeroDivisorQuotient1
REFINEMENT_THEOREM RiscvRefinement.Opcodes.DivHoldsWithoutSignXorDefinition.remainderZeroLimb3
REFINEMENT_THEOREM RiscvRefinement.Air.Generated.Programs.mulSymbolicCertificate
REFINEMENT_AXIOM RiscvRefinement.Air.Generated.Programs.mulSymbolicCertificate propext
REFINEMENT_AXIOM RiscvRefinement.Air.Generated.Programs.mulSymbolicCertificate Quot.sound
REFINEMENT_THEOREM RiscvRefinement.Decode.load_selectors_are_disjoint
REFINEMENT_AXIOM RiscvRefinement.Decode.load_selectors_are_disjoint propext
REFINEMENT_THEOREM RiscvRefinement.Opcodes.DivHoldsWithoutScanTotal.unsignedDividendSign
REFINEMENT_THEOREM RiscvRefinement.Opcodes.DivHoldsWithoutScanTotal.divisorNonzero
REFINEMENT_THEOREM RiscvRefinement.Opcodes.BaseAluMutation.Reg.add_mutation
REFINEMENT_AXIOM RiscvRefinement.Opcodes.BaseAluMutation.Reg.add_mutation propext
REFINEMENT_AXIOM RiscvRefinement.Opcodes.BaseAluMutation.Reg.add_mutation Quot.sound
REFINEMENT_THEOREM RiscvRefinement.Air.Family.LoadStoreHolds.nextPcResult
REFINEMENT_AXIOM RiscvRefinement.Air.Family.LoadStoreHolds.nextPcResult propext
REFINEMENT_THEOREM RiscvRefinement.Opcodes.MulhHoldsWithoutSelectorSourceTwoSign.sourceTwoLimb1
REFINEMENT_THEOREM RiscvRefinement.Air.Family.DivHolds.remainderNonzero
REFINEMENT_THEOREM RiscvRefinement.Publication.TeamB.LoadStore.DirectEquations.halfLoadLow0
REFINEMENT_THEOREM RiscvRefinement.Opcodes.StoreMutation.StoreHoldsWithoutHalfStoreHigh.storeResultZero
REFINEMENT_AXIOM RiscvRefinement.Opcodes.StoreMutation.StoreHoldsWithoutHalfStoreHigh.storeResultZero propext
REFINEMENT_THEOREM RiscvRefinement.Opcodes.StoreMutation.StoreHoldsWithoutStoreResultZeroOnStores.memoryClock
REFINEMENT_AXIOM RiscvRefinement.Opcodes.StoreMutation.StoreHoldsWithoutStoreResultZeroOnStores.memoryClock propext
REFINEMENT_THEOREM RiscvRefinement.Publication.TeamB.MulhDiv.Division.productRecurrence4ConvolutionImage
REFINEMENT_AXIOM RiscvRefinement.Publication.TeamB.MulhDiv.Division.productRecurrence4ConvolutionImage propext
REFINEMENT_THEOREM RiscvRefinement.Air.Generated.Programs.mulhuSymbolicCertificate
REFINEMENT_AXIOM RiscvRefinement.Air.Generated.Programs.mulhuSymbolicCertificate propext
REFINEMENT_AXIOM RiscvRefinement.Air.Generated.Programs.mulhuSymbolicCertificate Quot.sound
REFINEMENT_THEOREM RiscvRefinement.Air.Bridge.absInverseTable_ok
REFINEMENT_THEOREM RiscvRefinement.Opcodes.NonVacuity.sb_exists
REFINEMENT_AXIOM RiscvRefinement.Opcodes.NonVacuity.sb_exists propext
REFINEMENT_AXIOM RiscvRefinement.Opcodes.NonVacuity.sb_exists Quot.sound
REFINEMENT_AXIOM RiscvRefinement.Opcodes.NonVacuity.sb_exists Classical.choice
REFINEMENT_THEOREM RiscvRefinement.Opcodes.FenceMutation.original_sound
REFINEMENT_AXIOM RiscvRefinement.Opcodes.FenceMutation.original_sound propext
REFINEMENT_AXIOM RiscvRefinement.Opcodes.FenceMutation.original_sound Quot.sound
REFINEMENT_THEOREM RiscvRefinement.Opcodes.Branches.Lt.bge_tuple_theorem
REFINEMENT_AXIOM RiscvRefinement.Opcodes.Branches.Lt.bge_tuple_theorem propext
REFINEMENT_AXIOM RiscvRefinement.Opcodes.Branches.Lt.bge_tuple_theorem Quot.sound
REFINEMENT_THEOREM RiscvRefinement.Opcodes.DivHoldsWithoutScanTotal.zeroDivisorLimb1
REFINEMENT_THEOREM RiscvRefinement.Opcodes.DivHoldsWithoutDividendSignBit.zeroDivisorLimb3
REFINEMENT_THEOREM RiscvRefinement.Opcodes.lhWrongHalfRow_refutes
REFINEMENT_AXIOM RiscvRefinement.Opcodes.lhWrongHalfRow_refutes propext
REFINEMENT_AXIOM RiscvRefinement.Opcodes.lhWrongHalfRow_refutes Quot.sound
REFINEMENT_THEOREM RiscvRefinement.Opcodes.LoadStoreHoldsWithoutStoreResultZero.halfShiftAmount
REFINEMENT_AXIOM RiscvRefinement.Opcodes.LoadStoreHoldsWithoutStoreResultZero.halfShiftAmount propext
REFINEMENT_THEOREM RiscvRefinement.Opcodes.remu_refines
REFINEMENT_AXIOM RiscvRefinement.Opcodes.remu_refines propext
REFINEMENT_AXIOM RiscvRefinement.Opcodes.remu_refines Quot.sound
REFINEMENT_AXIOM RiscvRefinement.Opcodes.remu_refines Classical.choice
REFINEMENT_THEOREM RiscvRefinement.Opcodes.shift_sign_is_logical_zero_is_load_bearing
REFINEMENT_AXIOM RiscvRefinement.Opcodes.shift_sign_is_logical_zero_is_load_bearing propext
REFINEMENT_AXIOM RiscvRefinement.Opcodes.shift_sign_is_logical_zero_is_load_bearing Quot.sound
REFINEMENT_THEOREM RiscvRefinement.Opcodes.MulRefinement.noMemoryRead
REFINEMENT_AXIOM RiscvRefinement.Opcodes.MulRefinement.noMemoryRead propext
REFINEMENT_THEOREM RiscvRefinement.Opcodes.loadStoreHolds_weakens_wordLoad
REFINEMENT_AXIOM RiscvRefinement.Opcodes.loadStoreHolds_weakens_wordLoad propext
REFINEMENT_THEOREM RiscvRefinement.Air.Bridge.mulhProgram_wellFormed
REFINEMENT_THEOREM RiscvRefinement.Publication.TeamB.MulhDiv.Division.DirectEquationsG.destination3
REFINEMENT_THEOREM RiscvRefinement.Publication.TeamB.Shifts.ImmExactRelationProjection.destinationConsume
REFINEMENT_AXIOM RiscvRefinement.Publication.TeamB.Shifts.ImmExactRelationProjection.destinationConsume propext
REFINEMENT_AXIOM RiscvRefinement.Publication.TeamB.Shifts.ImmExactRelationProjection.destinationConsume Quot.sound
REFINEMENT_THEOREM RiscvRefinement.Opcodes.ByteLoadMutation.ByteLoadHoldsWithoutByteLoadSelect.selectorSum
REFINEMENT_AXIOM RiscvRefinement.Opcodes.ByteLoadMutation.ByteLoadHoldsWithoutByteLoadSelect.selectorSum propext
REFINEMENT_THEOREM RiscvRefinement.Opcodes.MulhHoldsWithoutProductLimb4.productLimb3
REFINEMENT_THEOREM RiscvRefinement.Opcodes.DivHoldsWithoutZeroDivisorQuotient0.absSameLimb2
REFINEMENT_THEOREM RiscvRefinement.Opcodes.LoadStoreHoldsWithoutPartialStorePreserve.byteStoreSelect
REFINEMENT_AXIOM RiscvRefinement.Opcodes.LoadStoreHoldsWithoutPartialStorePreserve.byteStoreSelect propext
REFINEMENT_THEOREM RiscvRefinement.Air.Bridge.Branches.Eq.ProductionRefinement.constraints
REFINEMENT_AXIOM RiscvRefinement.Air.Bridge.Branches.Eq.ProductionRefinement.constraints propext
REFINEMENT_AXIOM RiscvRefinement.Air.Bridge.Branches.Eq.ProductionRefinement.constraints Quot.sound
REFINEMENT_THEOREM RiscvRefinement.Opcodes.ShiftsRegHoldsWithoutLeftLowByte.clockPositive
REFINEMENT_THEOREM RiscvRefinement.Publication.TeamB.MulhDiv.HighMultiply.DirectEquations.unsignedTwo
REFINEMENT_AXIOM RiscvRefinement.Publication.TeamB.MulhDiv.HighMultiply.DirectEquations.unsignedTwo propext
REFINEMENT_THEOREM RiscvRefinement.Opcodes.shifts_imm_decodes
REFINEMENT_AXIOM RiscvRefinement.Opcodes.shifts_imm_decodes propext
REFINEMENT_AXIOM RiscvRefinement.Opcodes.shifts_imm_decodes Quot.sound
REFINEMENT_THEOREM RiscvRefinement.Air.Bridge.Jal.ProductionRefinement.stateEmission
REFINEMENT_AXIOM RiscvRefinement.Air.Bridge.Jal.ProductionRefinement.stateEmission propext
REFINEMENT_AXIOM RiscvRefinement.Air.Bridge.Jal.ProductionRefinement.stateEmission Quot.sound
REFINEMENT_THEOREM RiscvRefinement.Opcodes.BaseAluImm.xori_selectorAccepted
REFINEMENT_AXIOM RiscvRefinement.Opcodes.BaseAluImm.xori_selectorAccepted propext
REFINEMENT_AXIOM RiscvRefinement.Opcodes.BaseAluImm.xori_selectorAccepted Quot.sound
REFINEMENT_THEOREM RiscvRefinement.Air.Family.LoadStoreHolds.baseHighLimbRange
REFINEMENT_AXIOM RiscvRefinement.Air.Family.LoadStoreHolds.baseHighLimbRange propext
REFINEMENT_THEOREM RiscvRefinement.Opcodes.LoadStoreHoldsWithoutWordLoad.byteMarkerSum
REFINEMENT_AXIOM RiscvRefinement.Opcodes.LoadStoreHoldsWithoutWordLoad.byteMarkerSum propext
REFINEMENT_THEOREM RiscvRefinement.Publication.TeamB.MulhDiv.Division.DirectConsequences.sourceOne
REFINEMENT_THEOREM RiscvRefinement.Arith.remainderUnsigned_high_bit
REFINEMENT_THEOREM RiscvRefinement.Air.Bridge.Branches.Lt.takenAndFallthroughNonvacuous
REFINEMENT_AXIOM RiscvRefinement.Air.Bridge.Branches.Lt.takenAndFallthroughNonvacuous propext
REFINEMENT_AXIOM RiscvRefinement.Air.Bridge.Branches.Lt.takenAndFallthroughNonvacuous Quot.sound
REFINEMENT_THEOREM RiscvRefinement.Air.Family.LoadStoreHolds.baseReadOnly
REFINEMENT_AXIOM RiscvRefinement.Air.Family.LoadStoreHolds.baseReadOnly propext
REFINEMENT_THEOREM RiscvRefinement.Air.Bridge.Mutations.luiLowLimb_refutes
REFINEMENT_AXIOM RiscvRefinement.Air.Bridge.Mutations.luiLowLimb_refutes propext
REFINEMENT_AXIOM RiscvRefinement.Air.Bridge.Mutations.luiLowLimb_refutes Quot.sound
REFINEMENT_THEOREM RiscvRefinement.Air.Bridge.LtReg.ComparatorContract.right2Bound
REFINEMENT_THEOREM RiscvRefinement.Opcodes.DivHoldsWithoutDividendSignBit.zeroDivisorLimb1
REFINEMENT_THEOREM RiscvRefinement.Opcodes.MulhHoldsWithoutProductLimb4.sourceOneLimb1
REFINEMENT_THEOREM RiscvRefinement.Publication.TeamB.Shifts.ImmAdmission.immediateCanonical
REFINEMENT_THEOREM RiscvRefinement.Opcodes.ShiftHoldsWithoutLeftLowByte.destinationFlag
REFINEMENT_THEOREM RiscvRefinement.Opcodes.mulhFreeHighLimbRow_refutes
REFINEMENT_AXIOM RiscvRefinement.Opcodes.mulhFreeHighLimbRow_refutes propext
REFINEMENT_THEOREM RiscvRefinement.Opcodes.DivHoldsWithoutZeroDivisorQuotient0.absSameLimb1
REFINEMENT_THEOREM RiscvRefinement.Opcodes.ByteLoadMutation.ByteLoadHoldsWithoutByteLoadSelect.sourceReadOnly
REFINEMENT_AXIOM RiscvRefinement.Opcodes.ByteLoadMutation.ByteLoadHoldsWithoutByteLoadSelect.sourceReadOnly propext
REFINEMENT_THEOREM RiscvRefinement.Publication.TeamB.Shifts.ExactSelectorIdentity.mnemonicUnique
REFINEMENT_AXIOM RiscvRefinement.Publication.TeamB.Shifts.ExactSelectorIdentity.mnemonicUnique propext
REFINEMENT_AXIOM RiscvRefinement.Publication.TeamB.Shifts.ExactSelectorIdentity.mnemonicUnique Quot.sound
REFINEMENT_THEOREM RiscvRefinement.Memory.signExtendByte_fill
REFINEMENT_AXIOM RiscvRefinement.Memory.signExtendByte_fill propext
REFINEMENT_AXIOM RiscvRefinement.Memory.signExtendByte_fill Quot.sound
REFINEMENT_AXIOM RiscvRefinement.Memory.signExtendByte_fill Classical.choice
REFINEMENT_THEOREM RiscvRefinement.Opcodes.shifts_reg_right_low_byte_is_load_bearing
REFINEMENT_AXIOM RiscvRefinement.Opcodes.shifts_reg_right_low_byte_is_load_bearing propext
REFINEMENT_AXIOM RiscvRefinement.Opcodes.shifts_reg_right_low_byte_is_load_bearing Quot.sound
REFINEMENT_THEOREM RiscvRefinement.Opcodes.StoreMutation.storeHolds_weakens_byteStoreSelect
REFINEMENT_AXIOM RiscvRefinement.Opcodes.StoreMutation.storeHolds_weakens_byteStoreSelect propext
REFINEMENT_THEOREM RiscvRefinement.Publication.TeamB.MulhDiv.Division.m31SubOneScaled256
REFINEMENT_AXIOM RiscvRefinement.Publication.TeamB.MulhDiv.Division.m31SubOneScaled256 propext
REFINEMENT_AXIOM RiscvRefinement.Publication.TeamB.MulhDiv.Division.m31SubOneScaled256 Quot.sound
REFINEMENT_THEOREM RiscvRefinement.Publication.TeamB.MulhDiv.Division.selectorConsequences
REFINEMENT_AXIOM RiscvRefinement.Publication.TeamB.MulhDiv.Division.selectorConsequences propext
REFINEMENT_AXIOM RiscvRefinement.Publication.TeamB.MulhDiv.Division.selectorConsequences Quot.sound
REFINEMENT_THEOREM RiscvRefinement.Air.Bridge.BaseAluImm.ProductionRefinement.sourceValue
REFINEMENT_AXIOM RiscvRefinement.Air.Bridge.BaseAluImm.ProductionRefinement.sourceValue propext
REFINEMENT_AXIOM RiscvRefinement.Air.Bridge.BaseAluImm.ProductionRefinement.sourceValue Quot.sound
REFINEMENT_THEOREM RiscvRefinement.Opcodes.StoreMutation.StoreHoldsWithoutWordStore.loadDestination
REFINEMENT_AXIOM RiscvRefinement.Opcodes.StoreMutation.StoreHoldsWithoutWordStore.loadDestination propext
REFINEMENT_THEOREM RiscvRefinement.Opcodes.Lt.Imm.sltiu_exactLookupTuples
REFINEMENT_AXIOM RiscvRefinement.Opcodes.Lt.Imm.sltiu_exactLookupTuples propext
REFINEMENT_AXIOM RiscvRefinement.Opcodes.Lt.Imm.sltiu_exactLookupTuples Quot.sound
REFINEMENT_THEOREM RiscvRefinement.Opcodes.LoadStoreHoldsWithoutHalfLoadHigh.halfSignWitness
REFINEMENT_AXIOM RiscvRefinement.Opcodes.LoadStoreHoldsWithoutHalfLoadHigh.halfSignWitness propext
REFINEMENT_THEOREM RiscvRefinement.Opcodes.StoreMutation.StoreHoldsWithoutWordStore.byteMarkerSum
REFINEMENT_AXIOM RiscvRefinement.Opcodes.StoreMutation.StoreHoldsWithoutWordStore.byteMarkerSum propext
REFINEMENT_THEOREM RiscvRefinement.Air.Bridge.evalLoop_localiseNodes
REFINEMENT_AXIOM RiscvRefinement.Air.Bridge.evalLoop_localiseNodes propext
REFINEMENT_AXIOM RiscvRefinement.Air.Bridge.evalLoop_localiseNodes Quot.sound
REFINEMENT_THEOREM RiscvRefinement.Opcodes.StoreRefinement.effectiveAddress
REFINEMENT_AXIOM RiscvRefinement.Opcodes.StoreRefinement.effectiveAddress propext
REFINEMENT_AXIOM RiscvRefinement.Opcodes.StoreRefinement.effectiveAddress Quot.sound
REFINEMENT_THEOREM RiscvRefinement.Opcodes.LoadStoreEnvironment.memoryBinds
REFINEMENT_AXIOM RiscvRefinement.Opcodes.LoadStoreEnvironment.memoryBinds propext
REFINEMENT_AXIOM RiscvRefinement.Opcodes.LoadStoreEnvironment.memoryBinds Quot.sound
REFINEMENT_THEOREM RiscvRefinement.Publication.TeamB.MulhDiv.Division.SelectorAdmission.familyAdmits
REFINEMENT_AXIOM RiscvRefinement.Publication.TeamB.MulhDiv.Division.SelectorAdmission.familyAdmits propext
REFINEMENT_AXIOM RiscvRefinement.Publication.TeamB.MulhDiv.Division.SelectorAdmission.familyAdmits Quot.sound
REFINEMENT_THEOREM RiscvRefinement.Opcodes.LuiRefinement.retirement
REFINEMENT_AXIOM RiscvRefinement.Opcodes.LuiRefinement.retirement propext
REFINEMENT_AXIOM RiscvRefinement.Opcodes.LuiRefinement.retirement Quot.sound
REFINEMENT_THEOREM RiscvRefinement.Opcodes.MulEnvironment.sourceTwoBinds
REFINEMENT_THEOREM RiscvRefinement.Opcodes.ByteLoadMutation.ByteLoadHoldsWithoutByteLoadSelect.halfSignWitness
REFINEMENT_AXIOM RiscvRefinement.Opcodes.ByteLoadMutation.ByteLoadHoldsWithoutByteLoadSelect.halfSignWitness propext
REFINEMENT_THEOREM RiscvRefinement.Publication.TeamB.MulhDiv.HighMultiply.DirectEquations.sourceTwo0
REFINEMENT_AXIOM RiscvRefinement.Publication.TeamB.MulhDiv.HighMultiply.DirectEquations.sourceTwo0 propext
REFINEMENT_THEOREM RiscvRefinement.Opcodes.BaseAluReg.add_exactLookupProjection
REFINEMENT_AXIOM RiscvRefinement.Opcodes.BaseAluReg.add_exactLookupProjection propext
REFINEMENT_AXIOM RiscvRefinement.Opcodes.BaseAluReg.add_exactLookupProjection Quot.sound
REFINEMENT_THEOREM RiscvRefinement.Air.Bridge.LtReg.constraintRootZero
REFINEMENT_AXIOM RiscvRefinement.Air.Bridge.LtReg.constraintRootZero propext
REFINEMENT_AXIOM RiscvRefinement.Air.Bridge.LtReg.constraintRootZero Quot.sound
REFINEMENT_THEOREM RiscvRefinement.Opcodes.Jalr.Environment.destinationBinds
REFINEMENT_THEOREM RiscvRefinement.Air.Family.LoadStoreAddressRange.doubled_base_lookup_is_necessary
REFINEMENT_THEOREM RiscvRefinement.Publication.TeamB.Multiply.SelectorAdmission.universalIdentity
REFINEMENT_AXIOM RiscvRefinement.Publication.TeamB.Multiply.SelectorAdmission.universalIdentity propext
REFINEMENT_AXIOM RiscvRefinement.Publication.TeamB.Multiply.SelectorAdmission.universalIdentity Quot.sound
REFINEMENT_THEOREM RiscvRefinement.Opcodes.divFreeRemainderAbsRow_satisfies
REFINEMENT_THEOREM RiscvRefinement.Opcodes.LoadStoreHoldsWithoutPartialStorePreserve.memoryClock
REFINEMENT_AXIOM RiscvRefinement.Opcodes.LoadStoreHoldsWithoutPartialStorePreserve.memoryClock propext
REFINEMENT_THEOREM RiscvRefinement.Opcodes.DivHoldsWithoutDividendSignBit.destinationLimb2
REFINEMENT_THEOREM RiscvRefinement.Opcodes.StoreMutation.StoreHoldsWithoutHalfStoreHigh.baseClock
REFINEMENT_AXIOM RiscvRefinement.Opcodes.StoreMutation.StoreHoldsWithoutHalfStoreHigh.baseClock propext
REFINEMENT_THEOREM RiscvRefinement.Opcodes.ShiftHoldsWithoutSignIsLogicalZero.signUpperBound
REFINEMENT_THEOREM RiscvRefinement.Opcodes.sraZeroFillRow_is_a_zero_fill_on_a_negative_operand
REFINEMENT_AXIOM RiscvRefinement.Opcodes.sraZeroFillRow_is_a_zero_fill_on_a_negative_operand propext
REFINEMENT_THEOREM RiscvRefinement.Decode.encode_sra_is_canonical
REFINEMENT_AXIOM RiscvRefinement.Decode.encode_sra_is_canonical propext
REFINEMENT_AXIOM RiscvRefinement.Decode.encode_sra_is_canonical Quot.sound
REFINEMENT_THEOREM RiscvRefinement.Opcodes.ShiftHoldsWithoutRightLowByte.destinationLimb0
REFINEMENT_THEOREM RiscvRefinement.Air.Bridge.M31.reduce_add
REFINEMENT_AXIOM RiscvRefinement.Air.Bridge.M31.reduce_add propext
REFINEMENT_THEOREM RiscvRefinement.Publication.TeamB.MulhDiv.HighMultiply.DirectEquations.sourceTwo3
REFINEMENT_AXIOM RiscvRefinement.Publication.TeamB.MulhDiv.HighMultiply.DirectEquations.sourceTwo3 propext
REFINEMENT_THEOREM RiscvRefinement.Air.Bridge.Branches.Lt.RawProductionRefinement.decision
REFINEMENT_AXIOM RiscvRefinement.Air.Bridge.Branches.Lt.RawProductionRefinement.decision propext
REFINEMENT_AXIOM RiscvRefinement.Air.Bridge.Branches.Lt.RawProductionRefinement.decision Quot.sound
REFINEMENT_THEOREM RiscvRefinement.Mutation.strictly_weaker_of_not_original
REFINEMENT_THEOREM RiscvRefinement.Opcodes.ByteLoadMutation.ByteLoadHoldsWithoutByteSignWitness.clockPositive
REFINEMENT_AXIOM RiscvRefinement.Opcodes.ByteLoadMutation.ByteLoadHoldsWithoutByteSignWitness.clockPositive propext
REFINEMENT_THEOREM RiscvRefinement.Air.Bridge.LtReg.ProductionRefinement.constraints
REFINEMENT_AXIOM RiscvRefinement.Air.Bridge.LtReg.ProductionRefinement.constraints propext
REFINEMENT_AXIOM RiscvRefinement.Air.Bridge.LtReg.ProductionRefinement.constraints Quot.sound
REFINEMENT_THEOREM RiscvRefinement.Air.Family.div_result_word
REFINEMENT_AXIOM RiscvRefinement.Air.Family.div_result_word propext
REFINEMENT_AXIOM RiscvRefinement.Air.Family.div_result_word Quot.sound
REFINEMENT_AXIOM RiscvRefinement.Air.Family.div_result_word Classical.choice
REFINEMENT_THEOREM RiscvRefinement.Publication.TeamB.MulhDiv.Division.DirectEquationsB.remainderZero0
REFINEMENT_THEOREM RiscvRefinement.Opcodes.StoreMutation.StoreHoldsWithoutWordStore.sourceReadOnly
REFINEMENT_AXIOM RiscvRefinement.Opcodes.StoreMutation.StoreHoldsWithoutWordStore.sourceReadOnly propext
REFINEMENT_THEOREM RiscvRefinement.Air.Bridge.Jal.resultM31RequestHolds_iff
REFINEMENT_AXIOM RiscvRefinement.Air.Bridge.Jal.resultM31RequestHolds_iff propext
REFINEMENT_AXIOM RiscvRefinement.Air.Bridge.Jal.resultM31RequestHolds_iff Quot.sound
REFINEMENT_THEOREM RiscvRefinement.Opcodes.DivHoldsWithoutZeroDivisorQuotient0.dividendSignBit
REFINEMENT_THEOREM RiscvRefinement.PreState.x0IsZero
REFINEMENT_THEOREM RiscvRefinement.Opcodes.DivHoldsWithoutProductRecurrence.scanMarker3
REFINEMENT_THEOREM RiscvRefinement.Publication.TeamB.MulhDiv.HighMultiply.DirectEquations.destination0
REFINEMENT_AXIOM RiscvRefinement.Publication.TeamB.MulhDiv.HighMultiply.DirectEquations.destination0 propext
REFINEMENT_THEOREM RiscvRefinement.Opcodes.memoryAfter_load
REFINEMENT_AXIOM RiscvRefinement.Opcodes.memoryAfter_load propext
REFINEMENT_THEOREM RiscvRefinement.Opcodes.ByteLoadMutation.ByteLoadHoldsWithoutByteLoadSelect.byteShiftAmount
REFINEMENT_AXIOM RiscvRefinement.Opcodes.ByteLoadMutation.ByteLoadHoldsWithoutByteLoadSelect.byteShiftAmount propext
REFINEMENT_THEOREM RiscvRefinement.Opcodes.divHolds_weakens_productRecurrence
REFINEMENT_THEOREM RiscvRefinement.Publication.TeamB.LoadStore.ExactTupleProjection.stateConsume
REFINEMENT_AXIOM RiscvRefinement.Publication.TeamB.LoadStore.ExactTupleProjection.stateConsume propext
REFINEMENT_AXIOM RiscvRefinement.Publication.TeamB.LoadStore.ExactTupleProjection.stateConsume Quot.sound
REFINEMENT_THEOREM RiscvRefinement.Publication.TeamB.MulhDiv.Division.node309
REFINEMENT_AXIOM RiscvRefinement.Publication.TeamB.MulhDiv.Division.node309 propext
REFINEMENT_AXIOM RiscvRefinement.Publication.TeamB.MulhDiv.Division.node309 Quot.sound
REFINEMENT_THEOREM RiscvRefinement.Air.Bridge.Branches.Lt.rawDifferenceGapBound
REFINEMENT_AXIOM RiscvRefinement.Air.Bridge.Branches.Lt.rawDifferenceGapBound propext
REFINEMENT_AXIOM RiscvRefinement.Air.Bridge.Branches.Lt.rawDifferenceGapBound Quot.sound
REFINEMENT_THEOREM RiscvRefinement.Memory.applyMask_limb0_preserved
REFINEMENT_AXIOM RiscvRefinement.Memory.applyMask_limb0_preserved propext
REFINEMENT_THEOREM RiscvRefinement.Publication.TeamB.LoadStore.sb_accepted_air_refines
REFINEMENT_AXIOM RiscvRefinement.Publication.TeamB.LoadStore.sb_accepted_air_refines propext
REFINEMENT_AXIOM RiscvRefinement.Publication.TeamB.LoadStore.sb_accepted_air_refines Quot.sound
REFINEMENT_AXIOM RiscvRefinement.Publication.TeamB.LoadStore.sb_accepted_air_refines Classical.choice
REFINEMENT_THEOREM RiscvRefinement.M31.add_toNat_of_lt
REFINEMENT_AXIOM RiscvRefinement.M31.add_toNat_of_lt propext
REFINEMENT_THEOREM RiscvRefinement.Publication.TeamB.MulhDiv.Division.productThreeByteSumCancel
REFINEMENT_AXIOM RiscvRefinement.Publication.TeamB.MulhDiv.Division.productThreeByteSumCancel propext
REFINEMENT_AXIOM RiscvRefinement.Publication.TeamB.MulhDiv.Division.productThreeByteSumCancel Quot.sound
REFINEMENT_THEOREM RiscvRefinement.Air.Bridge.limbSumInverse_spec
REFINEMENT_AXIOM RiscvRefinement.Air.Bridge.limbSumInverse_spec propext
REFINEMENT_AXIOM RiscvRefinement.Air.Bridge.limbSumInverse_spec Quot.sound
REFINEMENT_THEOREM RiscvRefinement.Air.Bridge.LtComparator.ComparatorContract.noMarkerResult
REFINEMENT_THEOREM RiscvRefinement.Opcodes.Auipc.Refinement.programLookup
REFINEMENT_AXIOM RiscvRefinement.Opcodes.Auipc.Refinement.programLookup propext
REFINEMENT_AXIOM RiscvRefinement.Opcodes.Auipc.Refinement.programLookup Quot.sound
REFINEMENT_THEOREM RiscvRefinement.Air.Bridge.mulProgramCompiled_eq_localise
REFINEMENT_THEOREM RiscvRefinement.Opcodes.MulRefinement.noMemoryWrite
REFINEMENT_AXIOM RiscvRefinement.Opcodes.MulRefinement.noMemoryWrite propext
REFINEMENT_THEOREM RiscvRefinement.Opcodes.DivHoldsWithoutDestinationLimb0.scanMarker0
REFINEMENT_THEOREM RiscvRefinement.Publication.TeamB.LoadStore.DirectEquations.preserve0
REFINEMENT_THEOREM RiscvRefinement.Opcodes.row_half_selected
REFINEMENT_AXIOM RiscvRefinement.Opcodes.row_half_selected propext
REFINEMENT_AXIOM RiscvRefinement.Opcodes.row_half_selected Quot.sound
REFINEMENT_THEOREM RiscvRefinement.Opcodes.LtMutation.Imm.sltiu_wrongManifest_strictly_weaker
REFINEMENT_AXIOM RiscvRefinement.Opcodes.LtMutation.Imm.sltiu_wrongManifest_strictly_weaker propext
REFINEMENT_AXIOM RiscvRefinement.Opcodes.LtMutation.Imm.sltiu_wrongManifest_strictly_weaker Quot.sound
REFINEMENT_THEOREM RiscvRefinement.Air.Bridge.Jalr.ProductionRefinement.destinationConsume
REFINEMENT_AXIOM RiscvRefinement.Air.Bridge.Jalr.ProductionRefinement.destinationConsume propext
REFINEMENT_AXIOM RiscvRefinement.Air.Bridge.Jalr.ProductionRefinement.destinationConsume Quot.sound
REFINEMENT_THEOREM RiscvRefinement.Air.Bridge.Jalr.immediateRangeRequest
REFINEMENT_AXIOM RiscvRefinement.Air.Bridge.Jalr.immediateRangeRequest propext
REFINEMENT_AXIOM RiscvRefinement.Air.Bridge.Jalr.immediateRangeRequest Quot.sound
REFINEMENT_THEOREM RiscvRefinement.Opcodes.LoadStoreHoldsWithoutStoreResultZero.selectorSum
REFINEMENT_AXIOM RiscvRefinement.Opcodes.LoadStoreHoldsWithoutStoreResultZero.selectorSum propext
REFINEMENT_THEOREM RiscvRefinement.Opcodes.ByteLoadMutation.ByteLoadHoldsWithoutByteSignWitness.signWitnessCanonical
REFINEMENT_AXIOM RiscvRefinement.Opcodes.ByteLoadMutation.ByteLoadHoldsWithoutByteSignWitness.signWitnessCanonical propext
REFINEMENT_THEOREM RiscvRefinement.Publication.TeamB.Multiply.mul_programIdentity
REFINEMENT_THEOREM RiscvRefinement.Opcodes.MulhHoldsWithoutSourceTwoSignBinding.clockPositive
REFINEMENT_THEOREM RiscvRefinement.Opcodes.Branches.Eq.Refinement.production
REFINEMENT_AXIOM RiscvRefinement.Opcodes.Branches.Eq.Refinement.production propext
REFINEMENT_AXIOM RiscvRefinement.Opcodes.Branches.Eq.Refinement.production Quot.sound
REFINEMENT_THEOREM RiscvRefinement.Publication.TeamB.MulhDiv.Division.byteLt256
REFINEMENT_THEOREM RiscvRefinement.Air.Family.ShiftsRegHolds.secondSourceClock
REFINEMENT_THEOREM RiscvRefinement.Opcodes.MulhHoldsWithoutSelectorSourceTwoSign.sourceTwoLimb0
REFINEMENT_THEOREM RiscvRefinement.Opcodes.Jalr.Refinement.program
REFINEMENT_AXIOM RiscvRefinement.Opcodes.Jalr.Refinement.program propext
REFINEMENT_AXIOM RiscvRefinement.Opcodes.Jalr.Refinement.program Quot.sound
REFINEMENT_THEOREM RiscvRefinement.Opcodes.loadStoreRetirement_load
REFINEMENT_AXIOM RiscvRefinement.Opcodes.loadStoreRetirement_load propext
REFINEMENT_THEOREM RiscvRefinement.Opcodes.LoadStoreDecode.encode_store_is_canonical
REFINEMENT_AXIOM RiscvRefinement.Opcodes.LoadStoreDecode.encode_store_is_canonical propext
REFINEMENT_AXIOM RiscvRefinement.Opcodes.LoadStoreDecode.encode_store_is_canonical Quot.sound
REFINEMENT_THEOREM RiscvRefinement.Opcodes.LhRefinement.baseEmit
REFINEMENT_AXIOM RiscvRefinement.Opcodes.LhRefinement.baseEmit propext
REFINEMENT_AXIOM RiscvRefinement.Opcodes.LhRefinement.baseEmit Quot.sound
REFINEMENT_THEOREM RiscvRefinement.Publication.TeamB.LoadStore.DirectEquations.halfShift
REFINEMENT_THEOREM RiscvRefinement.Opcodes.DivHoldsWithoutProductRecurrence.zeroDivisorQuotient3
REFINEMENT_THEOREM RiscvRefinement.Publication.TeamB.MulhDiv.reduceAddSubCancelOfBound
REFINEMENT_AXIOM RiscvRefinement.Publication.TeamB.MulhDiv.reduceAddSubCancelOfBound propext
REFINEMENT_AXIOM RiscvRefinement.Publication.TeamB.MulhDiv.reduceAddSubCancelOfBound Quot.sound
REFINEMENT_THEOREM RiscvRefinement.Opcodes.LoadStoreHoldsWithoutByteSignWitness.nextPcResult
REFINEMENT_AXIOM RiscvRefinement.Opcodes.LoadStoreHoldsWithoutByteSignWitness.nextPcResult propext
REFINEMENT_THEOREM RiscvRefinement.Opcodes.DivHoldsWithoutDividendSignBit.absSameLimb0
REFINEMENT_THEOREM RiscvRefinement.Air.Bridge.LtImm.Admission.destinationPreviousBound
REFINEMENT_THEOREM RiscvRefinement.Opcodes.DivHoldsWithoutUnsignedDivisorSign.sourceTwoLimb2
REFINEMENT_THEOREM RiscvRefinement.Publication.TeamB.LoadStore.DirectEquations.storeResult1
REFINEMENT_THEOREM RiscvRefinement.M31.mul_one
REFINEMENT_AXIOM RiscvRefinement.M31.mul_one propext
REFINEMENT_THEOREM RiscvRefinement.Publication.TeamB.Shifts.RegFixedConsequences.carry2
REFINEMENT_THEOREM RiscvRefinement.Publication.TeamB.MulhDiv.HighMultiply.SelectorAdmission.manifest
REFINEMENT_AXIOM RiscvRefinement.Publication.TeamB.MulhDiv.HighMultiply.SelectorAdmission.manifest propext
REFINEMENT_AXIOM RiscvRefinement.Publication.TeamB.MulhDiv.HighMultiply.SelectorAdmission.manifest Quot.sound
REFINEMENT_THEOREM RiscvRefinement.Opcodes.LoadMutationWord.lhuWrongHalfRow_addressesHighHalf
REFINEMENT_THEOREM RiscvRefinement.Air.Bridge.divProgramCompiled_value_eq_evalNodes
REFINEMENT_AXIOM RiscvRefinement.Air.Bridge.divProgramCompiled_value_eq_evalNodes propext
REFINEMENT_AXIOM RiscvRefinement.Air.Bridge.divProgramCompiled_value_eq_evalNodes Quot.sound
REFINEMENT_THEOREM RiscvRefinement.Publication.TeamB.LoadStore.ExactTupleProjection.baseEmit
REFINEMENT_AXIOM RiscvRefinement.Publication.TeamB.LoadStore.ExactTupleProjection.baseEmit propext
REFINEMENT_AXIOM RiscvRefinement.Publication.TeamB.LoadStore.ExactTupleProjection.baseEmit Quot.sound
REFINEMENT_THEOREM RiscvRefinement.Air.Bridge.BaseAluReg.Admission.source2PreviousBound
REFINEMENT_THEOREM RiscvRefinement.Publication.TeamB.Multiply.ExactFixedProjection.sourceTwoClock
REFINEMENT_AXIOM RiscvRefinement.Publication.TeamB.Multiply.ExactFixedProjection.sourceTwoClock propext
REFINEMENT_AXIOM RiscvRefinement.Publication.TeamB.Multiply.ExactFixedProjection.sourceTwoClock Quot.sound
REFINEMENT_THEOREM RiscvRefinement.Air.Bridge.Jalr.acceptanceNonvacuous
REFINEMENT_AXIOM RiscvRefinement.Air.Bridge.Jalr.acceptanceNonvacuous propext
REFINEMENT_AXIOM RiscvRefinement.Air.Bridge.Jalr.acceptanceNonvacuous Quot.sound
REFINEMENT_THEOREM RiscvRefinement.Air.Bridge.Program.nodeCount_of_wellFormed
REFINEMENT_AXIOM RiscvRefinement.Air.Bridge.Program.nodeCount_of_wellFormed propext
REFINEMENT_THEOREM RiscvRefinement.Opcodes.NonVacuity.lh_zero_destination_exists
REFINEMENT_AXIOM RiscvRefinement.Opcodes.NonVacuity.lh_zero_destination_exists propext
REFINEMENT_AXIOM RiscvRefinement.Opcodes.NonVacuity.lh_zero_destination_exists Quot.sound
REFINEMENT_AXIOM RiscvRefinement.Opcodes.NonVacuity.lh_zero_destination_exists Classical.choice
REFINEMENT_THEOREM RiscvRefinement.Opcodes.DivHoldsWithoutProductRecurrence.unsignedDividendSign
REFINEMENT_THEOREM RiscvRefinement.Opcodes.sllMutatedRs2Row_satisfies
REFINEMENT_AXIOM RiscvRefinement.Opcodes.sllMutatedRs2Row_satisfies propext
REFINEMENT_THEOREM RiscvRefinement.Air.Bridge.evalNodes_eq_localised
REFINEMENT_AXIOM RiscvRefinement.Air.Bridge.evalNodes_eq_localised propext
REFINEMENT_AXIOM RiscvRefinement.Air.Bridge.evalNodes_eq_localised Quot.sound
REFINEMENT_THEOREM RiscvRefinement.Air.Family.ShiftsRegHolds.destinationClock
REFINEMENT_THEOREM RiscvRefinement.Air.Bridge.Auipc.fixedLookupsHold_eq
REFINEMENT_AXIOM RiscvRefinement.Air.Bridge.Auipc.fixedLookupsHold_eq propext
REFINEMENT_AXIOM RiscvRefinement.Air.Bridge.Auipc.fixedLookupsHold_eq Quot.sound
REFINEMENT_THEOREM RiscvRefinement.Air.Bridge.Lui.Acceptance.fixedLookups
REFINEMENT_AXIOM RiscvRefinement.Air.Bridge.Lui.Acceptance.fixedLookups propext
REFINEMENT_AXIOM RiscvRefinement.Air.Bridge.Lui.Acceptance.fixedLookups Quot.sound
REFINEMENT_THEOREM RiscvRefinement.Air.Bridge.Auipc.ProductionRefinement.fixedLookups
REFINEMENT_AXIOM RiscvRefinement.Air.Bridge.Auipc.ProductionRefinement.fixedLookups propext
REFINEMENT_AXIOM RiscvRefinement.Air.Bridge.Auipc.ProductionRefinement.fixedLookups Quot.sound
REFINEMENT_THEOREM RiscvRefinement.Opcodes.sraZeroFillRow_refutes
REFINEMENT_AXIOM RiscvRefinement.Opcodes.sraZeroFillRow_refutes propext
REFINEMENT_THEOREM RiscvRefinement.Air.Bridge.BaseAluReg.fixedLookupsHold_eq
REFINEMENT_AXIOM RiscvRefinement.Air.Bridge.BaseAluReg.fixedLookupsHold_eq propext
REFINEMENT_AXIOM RiscvRefinement.Air.Bridge.BaseAluReg.fixedLookupsHold_eq Quot.sound
REFINEMENT_THEOREM RiscvRefinement.Air.FixedTableId.bitwise_contains_or_iff
REFINEMENT_AXIOM RiscvRefinement.Air.FixedTableId.bitwise_contains_or_iff propext
REFINEMENT_THEOREM RiscvRefinement.Air.Family.DivHolds.zeroDivisorQuotient3
REFINEMENT_THEOREM RiscvRefinement.Opcodes.ByteLoadMutation.ByteLoadHoldsWithoutByteLoadSelect.halfStoreLow
REFINEMENT_AXIOM RiscvRefinement.Opcodes.ByteLoadMutation.ByteLoadHoldsWithoutByteLoadSelect.halfStoreLow propext
REFINEMENT_THEOREM RiscvRefinement.Air.Bridge.Auipc.Admission.clockBound
REFINEMENT_AXIOM RiscvRefinement.Air.Bridge.Auipc.Admission.clockBound propext
REFINEMENT_AXIOM RiscvRefinement.Air.Bridge.Auipc.Admission.clockBound Quot.sound
REFINEMENT_THEOREM RiscvRefinement.Air.Bridge.Jal.x0ExampleAdmission
REFINEMENT_AXIOM RiscvRefinement.Air.Bridge.Jal.x0ExampleAdmission propext
REFINEMENT_AXIOM RiscvRefinement.Air.Bridge.Jal.x0ExampleAdmission Quot.sound
REFINEMENT_THEOREM RiscvRefinement.Opcodes.DivHoldsWithoutDestinationLimb0.zeroDivisorQuotient1
REFINEMENT_THEOREM RiscvRefinement.Opcodes.BaseAluReg.Refinement.program
REFINEMENT_AXIOM RiscvRefinement.Opcodes.BaseAluReg.Refinement.program propext
REFINEMENT_AXIOM RiscvRefinement.Opcodes.BaseAluReg.Refinement.program Quot.sound
REFINEMENT_THEOREM RiscvRefinement.Publication.TeamB.Shifts.RegAdmission.carry1Canonical
REFINEMENT_THEOREM RiscvRefinement.Opcodes.ShiftsRegHoldsWithoutLeftLowByte.secondSourceReadOnly
REFINEMENT_THEOREM RiscvRefinement.Opcodes.ByteLoadMutation.ByteLoadHoldsWithoutByteLoadSelect.byteLoadExtension
REFINEMENT_AXIOM RiscvRefinement.Opcodes.ByteLoadMutation.ByteLoadHoldsWithoutByteLoadSelect.byteLoadExtension propext
REFINEMENT_THEOREM RiscvRefinement.Opcodes.DivHoldsWithoutScanTotal.remainderZeroLimb0
REFINEMENT_THEOREM RiscvRefinement.Publication.TeamB.Shifts.ImmExactRelationProjection.sourceEmit
REFINEMENT_AXIOM RiscvRefinement.Publication.TeamB.Shifts.ImmExactRelationProjection.sourceEmit propext
REFINEMENT_AXIOM RiscvRefinement.Publication.TeamB.Shifts.ImmExactRelationProjection.sourceEmit Quot.sound
REFINEMENT_THEOREM RiscvRefinement.Opcodes.DivHoldsWithoutProductRecurrence.destinationLimb1
REFINEMENT_THEOREM RiscvRefinement.Publication.TeamB.LoadStore.DirectEquations.byteExtension1
REFINEMENT_THEOREM RiscvRefinement.Air.Bridge.Addi.Acceptance.constraints
REFINEMENT_AXIOM RiscvRefinement.Air.Bridge.Addi.Acceptance.constraints propext
REFINEMENT_AXIOM RiscvRefinement.Air.Bridge.Addi.Acceptance.constraints Quot.sound
REFINEMENT_THEOREM RiscvRefinement.Publication.TeamB.LoadStore.PublicationResult.selectedRow
REFINEMENT_AXIOM RiscvRefinement.Publication.TeamB.LoadStore.PublicationResult.selectedRow propext
REFINEMENT_AXIOM RiscvRefinement.Publication.TeamB.LoadStore.PublicationResult.selectedRow Quot.sound
REFINEMENT_THEOREM RiscvRefinement.Opcodes.BaseAluReg.zeroDestinationRefinementNonvacuous
REFINEMENT_AXIOM RiscvRefinement.Opcodes.BaseAluReg.zeroDestinationRefinementNonvacuous propext
REFINEMENT_AXIOM RiscvRefinement.Opcodes.BaseAluReg.zeroDestinationRefinementNonvacuous Quot.sound
REFINEMENT_THEOREM RiscvRefinement.Opcodes.LoadStoreHoldsWithoutHalfShiftId.halfLoadExtension
REFINEMENT_AXIOM RiscvRefinement.Opcodes.LoadStoreHoldsWithoutHalfShiftId.halfLoadExtension propext
REFINEMENT_THEOREM RiscvRefinement.Air.Bridge.Jal.Admission.targetNoWrap
REFINEMENT_AXIOM RiscvRefinement.Air.Bridge.Jal.Admission.targetNoWrap propext
REFINEMENT_AXIOM RiscvRefinement.Air.Bridge.Jal.Admission.targetNoWrap Quot.sound
REFINEMENT_THEOREM RiscvRefinement.Air.Bridge.Jalr.ExactLookups.targetMiddle
REFINEMENT_AXIOM RiscvRefinement.Air.Bridge.Jalr.ExactLookups.targetMiddle propext
REFINEMENT_AXIOM RiscvRefinement.Air.Bridge.Jalr.ExactLookups.targetMiddle Quot.sound
REFINEMENT_THEOREM RiscvRefinement.Opcodes.LoadMutationWord.HoldsWithoutHalfLoadHigh.halfMarkerSum
REFINEMENT_AXIOM RiscvRefinement.Opcodes.LoadMutationWord.HoldsWithoutHalfLoadHigh.halfMarkerSum propext
REFINEMENT_THEOREM RiscvRefinement.Opcodes.DivHoldsWithoutDividendSignBit.destinationClock
REFINEMENT_THEOREM RiscvRefinement.Air.Bridge.LtReg.ComparatorContract.left2Bound
REFINEMENT_THEOREM RiscvRefinement.Opcodes.ByteLoadMutation.ByteLoadHoldsWithoutByteSignWitness.sourceReadOnly
REFINEMENT_AXIOM RiscvRefinement.Opcodes.ByteLoadMutation.ByteLoadHoldsWithoutByteSignWitness.sourceReadOnly propext
REFINEMENT_THEOREM RiscvRefinement.Air.Bridge.Auipc.ProductionRefinement.exactProgramTuple
REFINEMENT_AXIOM RiscvRefinement.Air.Bridge.Auipc.ProductionRefinement.exactProgramTuple propext
REFINEMENT_AXIOM RiscvRefinement.Air.Bridge.Auipc.ProductionRefinement.exactProgramTuple Quot.sound
REFINEMENT_THEOREM RiscvRefinement.Opcodes.MulhHoldsWithoutProductLimb4.sourceTwoLimb0
REFINEMENT_THEOREM RiscvRefinement.Opcodes.ShiftHoldsWithoutSignLowerBound.bitIndexRange
REFINEMENT_THEOREM RiscvRefinement.Opcodes.Fence.Refinement.retirement
REFINEMENT_AXIOM RiscvRefinement.Opcodes.Fence.Refinement.retirement propext
REFINEMENT_AXIOM RiscvRefinement.Opcodes.Fence.Refinement.retirement Quot.sound
REFINEMENT_THEOREM RiscvRefinement.Arith.signedValue_upper
REFINEMENT_AXIOM RiscvRefinement.Arith.signedValue_upper propext
REFINEMENT_AXIOM RiscvRefinement.Arith.signedValue_upper Quot.sound
REFINEMENT_THEOREM RiscvRefinement.Opcodes.LoadStoreHoldsWithoutWordLoad.halfShiftAmount
REFINEMENT_AXIOM RiscvRefinement.Opcodes.LoadStoreHoldsWithoutWordLoad.halfShiftAmount propext
REFINEMENT_THEOREM RiscvRefinement.Air.Bridge.LtReg.ComparatorContract.leftTopBound
REFINEMENT_THEOREM RiscvRefinement.Publication.TeamB.MulhDiv.Division.DirectConsequences.quotientSignImpliesXor
REFINEMENT_THEOREM RiscvRefinement.Air.Bridge.Addi.Admission.destinationPreviousBound
REFINEMENT_THEOREM RiscvRefinement.Opcodes.DivHoldsWithoutScanTotal.scanMarker2
REFINEMENT_THEOREM RiscvRefinement.Opcodes.DivHoldsWithoutProductRecurrence.sourceTwoLimb2
REFINEMENT_THEOREM RiscvRefinement.Opcodes.LoadStoreHoldsWithoutByteSignWitness.byteMarkerSum
REFINEMENT_AXIOM RiscvRefinement.Opcodes.LoadStoreHoldsWithoutByteSignWitness.byteMarkerSum propext
REFINEMENT_THEOREM RiscvRefinement.Opcodes.DivHoldsWithoutScanTotal.scanEqual2
REFINEMENT_THEOREM RiscvRefinement.Opcodes.remu_result_selector_is_load_bearing
REFINEMENT_AXIOM RiscvRefinement.Opcodes.remu_result_selector_is_load_bearing propext
REFINEMENT_AXIOM RiscvRefinement.Opcodes.remu_result_selector_is_load_bearing Quot.sound
REFINEMENT_AXIOM RiscvRefinement.Opcodes.remu_result_selector_is_load_bearing Classical.choice
REFINEMENT_THEOREM RiscvRefinement.Publication.TeamB.MulhDiv.Division.DirectEquationsA.zeroDivisor2
REFINEMENT_THEOREM RiscvRefinement.Publication.TeamB.MulhDiv.Division.DirectEquationsG.sourceOne1
REFINEMENT_THEOREM RiscvRefinement.Air.Family.DivHolds.sourceTwoLimb0
REFINEMENT_THEOREM RiscvRefinement.Opcodes.operandBefore_store
REFINEMENT_AXIOM RiscvRefinement.Opcodes.operandBefore_store propext
REFINEMENT_THEOREM RiscvRefinement.Publication.TeamB.MulhDiv.Division.DirectEquationsB.zeroQuotient3
REFINEMENT_THEOREM RiscvRefinement.Opcodes.DivHoldsWithoutSignXorDefinition.quotientSignImpliesXor
REFINEMENT_THEOREM RiscvRefinement.Opcodes.Lt.Reg.Refinement.noMemoryEffect
REFINEMENT_AXIOM RiscvRefinement.Opcodes.Lt.Reg.Refinement.noMemoryEffect propext
REFINEMENT_AXIOM RiscvRefinement.Opcodes.Lt.Reg.Refinement.noMemoryEffect Quot.sound
REFINEMENT_THEOREM RiscvRefinement.Opcodes.MulhRefinement.destinationEmit
REFINEMENT_AXIOM RiscvRefinement.Opcodes.MulhRefinement.destinationEmit propext
REFINEMENT_THEOREM RiscvRefinement.Air.Family.rem_result_word
REFINEMENT_AXIOM RiscvRefinement.Air.Family.rem_result_word propext
REFINEMENT_AXIOM RiscvRefinement.Air.Family.rem_result_word Quot.sound
REFINEMENT_AXIOM RiscvRefinement.Air.Family.rem_result_word Classical.choice
REFINEMENT_THEOREM RiscvRefinement.Opcodes.LoadRefinement.retirement
REFINEMENT_AXIOM RiscvRefinement.Opcodes.LoadRefinement.retirement propext
REFINEMENT_AXIOM RiscvRefinement.Opcodes.LoadRefinement.retirement Quot.sound
REFINEMENT_THEOREM RiscvRefinement.Opcodes.shiftHolds_weakens_signUpperBound
REFINEMENT_THEOREM RiscvRefinement.Publication.TeamB.Shifts.RegExactRelationProjection.program
REFINEMENT_AXIOM RiscvRefinement.Publication.TeamB.Shifts.RegExactRelationProjection.program propext
REFINEMENT_AXIOM RiscvRefinement.Publication.TeamB.Shifts.RegExactRelationProjection.program Quot.sound
REFINEMENT_THEOREM RiscvRefinement.Opcodes.ShiftsImmHoldsWithoutSignIsLogicalZero.clockPositive
REFINEMENT_THEOREM RiscvRefinement.Opcodes.LoadStoreHoldsWithoutByteSignWitness.halfShiftAmount
REFINEMENT_AXIOM RiscvRefinement.Opcodes.LoadStoreHoldsWithoutByteSignWitness.halfShiftAmount propext
REFINEMENT_THEOREM RiscvRefinement.Publication.TeamB.MulhDiv.Division.productLtModulusOfLt512
REFINEMENT_AXIOM RiscvRefinement.Publication.TeamB.MulhDiv.Division.productLtModulusOfLt512 propext
REFINEMENT_AXIOM RiscvRefinement.Publication.TeamB.MulhDiv.Division.productLtModulusOfLt512 Quot.sound
REFINEMENT_THEOREM RiscvRefinement.Air.Family.DivHolds.specialExclusive
REFINEMENT_THEOREM RiscvRefinement.Air.Generated.Programs.lbSymbolicCertificate
REFINEMENT_AXIOM RiscvRefinement.Air.Generated.Programs.lbSymbolicCertificate propext
REFINEMENT_AXIOM RiscvRefinement.Air.Generated.Programs.lbSymbolicCertificate Quot.sound
REFINEMENT_THEOREM RiscvRefinement.Opcodes.StoreMutation.sbClobberedBytesRow_refutes
REFINEMENT_AXIOM RiscvRefinement.Opcodes.StoreMutation.sbClobberedBytesRow_refutes propext
REFINEMENT_THEOREM RiscvRefinement.Opcodes.DivHoldsWithoutDestinationLimb0.sourceOneLimb2
REFINEMENT_THEOREM RiscvRefinement.Opcodes.NonVacuity.sw_exists
REFINEMENT_AXIOM RiscvRefinement.Opcodes.NonVacuity.sw_exists propext
REFINEMENT_AXIOM RiscvRefinement.Opcodes.NonVacuity.sw_exists Quot.sound
REFINEMENT_AXIOM RiscvRefinement.Opcodes.NonVacuity.sw_exists Classical.choice
REFINEMENT_THEOREM RiscvRefinement.Opcodes.DivHoldsWithoutNegationRecurrence.destinationClock
REFINEMENT_THEOREM RiscvRefinement.Opcodes.ShiftsRegHoldsWithoutSecondSourceReadOnly.sourceClock
REFINEMENT_THEOREM RiscvRefinement.Outcome.retirement?_rejected
REFINEMENT_THEOREM RiscvRefinement.Opcodes.DivHoldsWithoutProductRecurrence.quotientSignMatches
REFINEMENT_THEOREM RiscvRefinement.Air.Bridge.Auipc.immediateHighAdjustedBound_of_request
REFINEMENT_AXIOM RiscvRefinement.Air.Bridge.Auipc.immediateHighAdjustedBound_of_request propext
REFINEMENT_AXIOM RiscvRefinement.Air.Bridge.Auipc.immediateHighAdjustedBound_of_request Quot.sound
REFINEMENT_THEOREM RiscvRefinement.Opcodes.AuipcMutation.auipcDestinationProjectionLoadBearing
REFINEMENT_AXIOM RiscvRefinement.Opcodes.AuipcMutation.auipcDestinationProjectionLoadBearing propext
REFINEMENT_AXIOM RiscvRefinement.Opcodes.AuipcMutation.auipcDestinationProjectionLoadBearing Quot.sound
REFINEMENT_THEOREM RiscvRefinement.Air.Family.div_selector_cases
REFINEMENT_AXIOM RiscvRefinement.Air.Family.div_selector_cases propext
REFINEMENT_THEOREM RiscvRefinement.Opcodes.mulhsuSignedSourceTwoRow_satisfies
REFINEMENT_AXIOM RiscvRefinement.Opcodes.mulhsuSignedSourceTwoRow_satisfies propext
REFINEMENT_AXIOM RiscvRefinement.Opcodes.mulhsuSignedSourceTwoRow_satisfies Quot.sound
REFINEMENT_THEOREM RiscvRefinement.Opcodes.BaseAluReg.xor_nonvacuous
REFINEMENT_AXIOM RiscvRefinement.Opcodes.BaseAluReg.xor_nonvacuous propext
REFINEMENT_AXIOM RiscvRefinement.Opcodes.BaseAluReg.xor_nonvacuous Quot.sound
REFINEMENT_THEOREM RiscvRefinement.Air.Bridge.Jalr.targetOverTwo
REFINEMENT_AXIOM RiscvRefinement.Air.Bridge.Jalr.targetOverTwo propext
REFINEMENT_AXIOM RiscvRefinement.Air.Bridge.Jalr.targetOverTwo Quot.sound
REFINEMENT_THEOREM RiscvRefinement.Opcodes.DivHoldsWithoutSignXorDefinition.destinationLimb1
REFINEMENT_THEOREM RiscvRefinement.Opcodes.StoreMutation.StoreHoldsWithoutHalfStoreHigh.halfShiftAmount
REFINEMENT_AXIOM RiscvRefinement.Opcodes.StoreMutation.StoreHoldsWithoutHalfStoreHigh.halfShiftAmount propext
REFINEMENT_THEOREM RiscvRefinement.Opcodes.StoreRefinement.noRead
REFINEMENT_AXIOM RiscvRefinement.Opcodes.StoreRefinement.noRead propext
REFINEMENT_AXIOM RiscvRefinement.Opcodes.StoreRefinement.noRead Quot.sound
REFINEMENT_THEOREM RiscvRefinement.Air.Bridge.Auipc.ProductionRefinement.destinationClock
REFINEMENT_AXIOM RiscvRefinement.Air.Bridge.Auipc.ProductionRefinement.destinationClock propext
REFINEMENT_AXIOM RiscvRefinement.Air.Bridge.Auipc.ProductionRefinement.destinationClock Quot.sound
REFINEMENT_THEOREM RiscvRefinement.Air.Generated.AddiHolds.sourceLimb1
REFINEMENT_THEOREM RiscvRefinement.Opcodes.MulRefinement.zeroDestination
REFINEMENT_AXIOM RiscvRefinement.Opcodes.MulRefinement.zeroDestination propext
REFINEMENT_THEOREM RiscvRefinement.Mutation.MutationControl.strictly_weaker
REFINEMENT_THEOREM RiscvRefinement.Air.LocalProgram.SymbolicCertificate.projection
REFINEMENT_AXIOM RiscvRefinement.Air.LocalProgram.SymbolicCertificate.projection propext
REFINEMENT_THEOREM RiscvRefinement.Opcodes.LoadMutationWord.HoldsWithoutHalfLoadExtension.halfStoreLow
REFINEMENT_AXIOM RiscvRefinement.Opcodes.LoadMutationWord.HoldsWithoutHalfLoadExtension.halfStoreLow propext
REFINEMENT_THEOREM RiscvRefinement.Opcodes.mask_sb
REFINEMENT_AXIOM RiscvRefinement.Opcodes.mask_sb propext
REFINEMENT_THEOREM RiscvRefinement.Opcodes.DivHoldsWithoutDividendSignBit.unsignedDivisorSign
REFINEMENT_THEOREM RiscvRefinement.Opcodes.LtMutation.Reg.wrongProgram_satisfies
REFINEMENT_AXIOM RiscvRefinement.Opcodes.LtMutation.Reg.wrongProgram_satisfies propext
REFINEMENT_AXIOM RiscvRefinement.Opcodes.LtMutation.Reg.wrongProgram_satisfies Quot.sound
REFINEMENT_THEOREM RiscvRefinement.Opcodes.LoadMutationWord.HoldsWithoutHalfLoadHigh.byteLoadSelect
REFINEMENT_AXIOM RiscvRefinement.Opcodes.LoadMutationWord.HoldsWithoutHalfLoadHigh.byteLoadSelect propext
REFINEMENT_THEOREM RiscvRefinement.Publication.TeamB.Shifts.RegAdmission.carry3Canonical
REFINEMENT_THEOREM RiscvRefinement.Publication.TeamB.selectors_nodup
REFINEMENT_THEOREM RiscvRefinement.Air.Family.DivHolds.quotientSignImpliesXor
REFINEMENT_THEOREM RiscvRefinement.Air.Bridge.M31.sub_cancel
REFINEMENT_AXIOM RiscvRefinement.Air.Bridge.M31.sub_cancel propext
REFINEMENT_AXIOM RiscvRefinement.Air.Bridge.M31.sub_cancel Quot.sound
REFINEMENT_THEOREM RiscvRefinement.Opcodes.MulhHoldsWithoutProductLimb4.signedSourceOne
REFINEMENT_THEOREM RiscvRefinement.Air.Bridge.LtImm.signedHighBitResult
REFINEMENT_THEOREM RiscvRefinement.Air.Bridge.LtComparator.ComparatorContract.differencePositive
REFINEMENT_THEOREM RiscvRefinement.Opcodes.LoadStoreHoldsWithoutWordLoad.signWitnessCanonical
REFINEMENT_AXIOM RiscvRefinement.Opcodes.LoadStoreHoldsWithoutWordLoad.signWitnessCanonical propext
REFINEMENT_THEOREM RiscvRefinement.Opcodes.DivHoldsWithoutDestinationLimb0.zeroDivisorQuotient3
REFINEMENT_THEOREM RiscvRefinement.Opcodes.DivHoldsWithoutDestinationLimb0.scanEqual0
REFINEMENT_THEOREM RiscvRefinement.Publication.TeamB.MulhDiv.Division.DirectEquationsA.zeroQuotient1
REFINEMENT_THEOREM RiscvRefinement.Air.Bridge.Branches.Eq.rawDecisionCorrect
REFINEMENT_AXIOM RiscvRefinement.Air.Bridge.Branches.Eq.rawDecisionCorrect propext
REFINEMENT_AXIOM RiscvRefinement.Air.Bridge.Branches.Eq.rawDecisionCorrect Quot.sound
REFINEMENT_THEOREM RiscvRefinement.Opcodes.ShiftHoldsWithoutSignUpperBound.destinationLimb3
REFINEMENT_THEOREM RiscvRefinement.Air.Generated.Programs.Entry.symbolicCertificate
REFINEMENT_AXIOM RiscvRefinement.Air.Generated.Programs.Entry.symbolicCertificate propext
REFINEMENT_THEOREM RiscvRefinement.Publication.TeamB.MulhDiv.Division.gatedByteZero
REFINEMENT_AXIOM RiscvRefinement.Publication.TeamB.MulhDiv.Division.gatedByteZero propext
REFINEMENT_AXIOM RiscvRefinement.Publication.TeamB.MulhDiv.Division.gatedByteZero Quot.sound
REFINEMENT_THEOREM RiscvRefinement.Opcodes.mulhUnboundSourceOneSignRow_refutes
REFINEMENT_AXIOM RiscvRefinement.Opcodes.mulhUnboundSourceOneSignRow_refutes propext
REFINEMENT_THEOREM RiscvRefinement.Air.Bridge.BaseAluReg.source1ClockGapBound
REFINEMENT_AXIOM RiscvRefinement.Air.Bridge.BaseAluReg.source1ClockGapBound propext
REFINEMENT_AXIOM RiscvRefinement.Air.Bridge.BaseAluReg.source1ClockGapBound Quot.sound
REFINEMENT_THEOREM RiscvRefinement.Opcodes.half_marker_cases
REFINEMENT_AXIOM RiscvRefinement.Opcodes.half_marker_cases propext
REFINEMENT_THEOREM RiscvRefinement.Air.Bridge.BaseAluReg.ProductionRefinement.program
REFINEMENT_AXIOM RiscvRefinement.Air.Bridge.BaseAluReg.ProductionRefinement.program propext
REFINEMENT_AXIOM RiscvRefinement.Air.Bridge.BaseAluReg.ProductionRefinement.program Quot.sound
REFINEMENT_THEOREM RiscvRefinement.Air.Generated.Programs.bltuSymbolicCertificate
REFINEMENT_AXIOM RiscvRefinement.Air.Generated.Programs.bltuSymbolicCertificate propext
REFINEMENT_AXIOM RiscvRefinement.Air.Generated.Programs.bltuSymbolicCertificate Quot.sound
REFINEMENT_THEOREM RiscvRefinement.Opcodes.LoadStoreHoldsWithoutHalfShiftId.wordLoad
REFINEMENT_AXIOM RiscvRefinement.Opcodes.LoadStoreHoldsWithoutHalfShiftId.wordLoad propext
REFINEMENT_THEOREM RiscvRefinement.Opcodes.LoadStoreHoldsWithoutHalfShiftId.byteSignWitness
REFINEMENT_AXIOM RiscvRefinement.Opcodes.LoadStoreHoldsWithoutHalfShiftId.byteSignWitness propext
REFINEMENT_THEOREM RiscvRefinement.Opcodes.AddiEnvironment.destinationBinds
REFINEMENT_AXIOM RiscvRefinement.Opcodes.AddiEnvironment.destinationBinds propext
REFINEMENT_AXIOM RiscvRefinement.Opcodes.AddiEnvironment.destinationBinds Quot.sound
REFINEMENT_THEOREM RiscvRefinement.Air.Bridge.Branches.Lt.RawProductionRefinement.projection
REFINEMENT_AXIOM RiscvRefinement.Air.Bridge.Branches.Lt.RawProductionRefinement.projection propext
REFINEMENT_AXIOM RiscvRefinement.Air.Bridge.Branches.Lt.RawProductionRefinement.projection Quot.sound
REFINEMENT_THEOREM RiscvRefinement.Opcodes.ShiftsImmHoldsWithoutSignIsLogicalZero.immediateBinds
REFINEMENT_THEOREM RiscvRefinement.Air.Bridge.Auipc.immediateWordToNat
REFINEMENT_AXIOM RiscvRefinement.Air.Bridge.Auipc.immediateWordToNat propext
REFINEMENT_AXIOM RiscvRefinement.Air.Bridge.Auipc.immediateWordToNat Quot.sound
REFINEMENT_THEOREM RiscvRefinement.Opcodes.srliSignFillRow_is_an_arithmetic_fill
REFINEMENT_AXIOM RiscvRefinement.Opcodes.srliSignFillRow_is_an_arithmetic_fill propext
REFINEMENT_THEOREM RiscvRefinement.Opcodes.ByteLoadMutation.lbu_byte_load_select_is_load_bearing
REFINEMENT_AXIOM RiscvRefinement.Opcodes.ByteLoadMutation.lbu_byte_load_select_is_load_bearing propext
REFINEMENT_AXIOM RiscvRefinement.Opcodes.ByteLoadMutation.lbu_byte_load_select_is_load_bearing Quot.sound
REFINEMENT_THEOREM RiscvRefinement.Opcodes.ByteLoadMutation.ByteLoadHoldsWithoutByteLoadSelect.wordStore
REFINEMENT_AXIOM RiscvRefinement.Opcodes.ByteLoadMutation.ByteLoadHoldsWithoutByteLoadSelect.wordStore propext
REFINEMENT_THEOREM RiscvRefinement.Air.Bridge.Jal.x0AcceptanceNonvacuous
REFINEMENT_AXIOM RiscvRefinement.Air.Bridge.Jal.x0AcceptanceNonvacuous propext
REFINEMENT_AXIOM RiscvRefinement.Air.Bridge.Jal.x0AcceptanceNonvacuous Quot.sound
REFINEMENT_AXIOM RiscvRefinement.Air.Bridge.Jal.x0AcceptanceNonvacuous Classical.choice
REFINEMENT_THEOREM RiscvRefinement.Air.Family.mul_word_value
REFINEMENT_AXIOM RiscvRefinement.Air.Family.mul_word_value propext
REFINEMENT_THEOREM RiscvRefinement.Air.Bridge.LtImm.immediateLimbFields
REFINEMENT_AXIOM RiscvRefinement.Air.Bridge.LtImm.immediateLimbFields propext
REFINEMENT_AXIOM RiscvRefinement.Air.Bridge.LtImm.immediateLimbFields Quot.sound
REFINEMENT_THEOREM RiscvRefinement.Air.Bridge.BaseAluImm.zeroAdmission
REFINEMENT_AXIOM RiscvRefinement.Air.Bridge.BaseAluImm.zeroAdmission propext
REFINEMENT_THEOREM RiscvRefinement.Opcodes.Auipc.Refinement.noMemoryEffect
REFINEMENT_AXIOM RiscvRefinement.Opcodes.Auipc.Refinement.noMemoryEffect propext
REFINEMENT_AXIOM RiscvRefinement.Opcodes.Auipc.Refinement.noMemoryEffect Quot.sound
REFINEMENT_THEOREM RiscvRefinement.Opcodes.StoreMutation.StoreHoldsWithoutByteStoreSelect.byteMarkerSum
REFINEMENT_AXIOM RiscvRefinement.Opcodes.StoreMutation.StoreHoldsWithoutByteStoreSelect.byteMarkerSum propext
REFINEMENT_THEOREM RiscvRefinement.Opcodes.store_preserves_unselected
REFINEMENT_AXIOM RiscvRefinement.Opcodes.store_preserves_unselected propext
REFINEMENT_AXIOM RiscvRefinement.Opcodes.store_preserves_unselected Quot.sound
REFINEMENT_AXIOM RiscvRefinement.Opcodes.store_preserves_unselected Classical.choice
REFINEMENT_THEOREM RiscvRefinement.Memory.busAddress_of_wordAligned
REFINEMENT_AXIOM RiscvRefinement.Memory.busAddress_of_wordAligned propext
REFINEMENT_AXIOM RiscvRefinement.Memory.busAddress_of_wordAligned Quot.sound
REFINEMENT_THEOREM RiscvRefinement.Opcodes.MulHoldsWithoutProductLimb0.destinationClock
REFINEMENT_THEOREM RiscvRefinement.Publication.TeamB.MulhDiv.Division.ExactFixedProjection.carry3
REFINEMENT_AXIOM RiscvRefinement.Publication.TeamB.MulhDiv.Division.ExactFixedProjection.carry3 propext
REFINEMENT_AXIOM RiscvRefinement.Publication.TeamB.MulhDiv.Division.ExactFixedProjection.carry3 Quot.sound
REFINEMENT_THEOREM RiscvRefinement.Publication.TeamB.MulhDiv.Division.selectedLookupProjection
REFINEMENT_AXIOM RiscvRefinement.Publication.TeamB.MulhDiv.Division.selectedLookupProjection propext
REFINEMENT_AXIOM RiscvRefinement.Publication.TeamB.MulhDiv.Division.selectedLookupProjection Quot.sound
REFINEMENT_THEOREM RiscvRefinement.Opcodes.loadStoreHolds_weakens_partialStorePreserve
REFINEMENT_AXIOM RiscvRefinement.Opcodes.loadStoreHolds_weakens_partialStorePreserve propext
REFINEMENT_THEOREM RiscvRefinement.Opcodes.row_lbu_result
REFINEMENT_AXIOM RiscvRefinement.Opcodes.row_lbu_result propext
REFINEMENT_AXIOM RiscvRefinement.Opcodes.row_lbu_result Quot.sound
REFINEMENT_THEOREM RiscvRefinement.Opcodes.Jal.Refinement.program
REFINEMENT_AXIOM RiscvRefinement.Opcodes.Jal.Refinement.program propext
REFINEMENT_AXIOM RiscvRefinement.Opcodes.Jal.Refinement.program Quot.sound
REFINEMENT_THEOREM RiscvRefinement.Opcodes.remuFreeZeroDivisorRow_refutes
REFINEMENT_THEOREM RiscvRefinement.Publication.TeamB.MulhDiv.HighMultiply.constraintsHold_eq
REFINEMENT_AXIOM RiscvRefinement.Publication.TeamB.MulhDiv.HighMultiply.constraintsHold_eq propext
REFINEMENT_AXIOM RiscvRefinement.Publication.TeamB.MulhDiv.HighMultiply.constraintsHold_eq Quot.sound
REFINEMENT_THEOREM RiscvRefinement.Opcodes.DivHoldsWithoutScanTotal.sourceOneClock
REFINEMENT_THEOREM RiscvRefinement.Opcodes.addi_immediate_refines
REFINEMENT_AXIOM RiscvRefinement.Opcodes.addi_immediate_refines propext
REFINEMENT_AXIOM RiscvRefinement.Opcodes.addi_immediate_refines Quot.sound
REFINEMENT_AXIOM RiscvRefinement.Opcodes.addi_immediate_refines Classical.choice
REFINEMENT_THEOREM RiscvRefinement.Publication.TeamB.Multiply.Admission.clockPositive
REFINEMENT_THEOREM RiscvRefinement.Publication.TeamB.MulhDiv.Division.node113
REFINEMENT_AXIOM RiscvRefinement.Publication.TeamB.MulhDiv.Division.node113 propext
REFINEMENT_AXIOM RiscvRefinement.Publication.TeamB.MulhDiv.Division.node113 Quot.sound
REFINEMENT_THEOREM RiscvRefinement.Opcodes.LoadStoreHoldsWithoutWordLoad.wordStore
REFINEMENT_AXIOM RiscvRefinement.Opcodes.LoadStoreHoldsWithoutWordLoad.wordStore propext
REFINEMENT_THEOREM RiscvRefinement.Publication.TeamB.LoadStore.DirectEquations.halfLoadHigh0
REFINEMENT_THEOREM RiscvRefinement.Opcodes.MulhHoldsWithoutSourceOneSignBinding.productLimb1
REFINEMENT_THEOREM RiscvRefinement.Opcodes.MulHoldsWithoutProductLimb0.destinationLimb0
REFINEMENT_THEOREM RiscvRefinement.Memory.signExtendHalf_fill
REFINEMENT_AXIOM RiscvRefinement.Memory.signExtendHalf_fill propext
REFINEMENT_AXIOM RiscvRefinement.Memory.signExtendHalf_fill Quot.sound
REFINEMENT_AXIOM RiscvRefinement.Memory.signExtendHalf_fill Classical.choice
REFINEMENT_THEOREM RiscvRefinement.Opcodes.mulhsu_conclusion_sound
REFINEMENT_AXIOM RiscvRefinement.Opcodes.mulhsu_conclusion_sound propext
REFINEMENT_AXIOM RiscvRefinement.Opcodes.mulhsu_conclusion_sound Quot.sound
REFINEMENT_AXIOM RiscvRefinement.Opcodes.mulhsu_conclusion_sound Classical.choice
REFINEMENT_THEOREM RiscvRefinement.Air.Bridge.evalNodes_length
REFINEMENT_AXIOM RiscvRefinement.Air.Bridge.evalNodes_length propext
REFINEMENT_AXIOM RiscvRefinement.Air.Bridge.evalNodes_length Quot.sound
REFINEMENT_THEOREM RiscvRefinement.Publication.TeamB.MulhDiv.Division.ExactFixedProjection.carry4
REFINEMENT_AXIOM RiscvRefinement.Publication.TeamB.MulhDiv.Division.ExactFixedProjection.carry4 propext
REFINEMENT_AXIOM RiscvRefinement.Publication.TeamB.MulhDiv.Division.ExactFixedProjection.carry4 Quot.sound
REFINEMENT_THEOREM RiscvRefinement.Publication.TeamB.MulhDiv.Division.DirectEquationsH.sourceTwo2
REFINEMENT_THEOREM RiscvRefinement.Air.Bridge.Branches.Lt.RawProductionRefinement.constraints
REFINEMENT_AXIOM RiscvRefinement.Air.Bridge.Branches.Lt.RawProductionRefinement.constraints propext
REFINEMENT_AXIOM RiscvRefinement.Air.Bridge.Branches.Lt.RawProductionRefinement.constraints Quot.sound
REFINEMENT_THEOREM RiscvRefinement.Air.Bridge.M31.reduce_quarter
REFINEMENT_AXIOM RiscvRefinement.Air.Bridge.M31.reduce_quarter propext
REFINEMENT_AXIOM RiscvRefinement.Air.Bridge.M31.reduce_quarter Quot.sound
REFINEMENT_THEOREM RiscvRefinement.Opcodes.DivHoldsWithoutProductRecurrence.divisorSignBit
REFINEMENT_THEOREM RiscvRefinement.Air.Bridge.BaseAluImm.constraintsHold_iff
REFINEMENT_AXIOM RiscvRefinement.Air.Bridge.BaseAluImm.constraintsHold_iff propext
REFINEMENT_AXIOM RiscvRefinement.Air.Bridge.BaseAluImm.constraintsHold_iff Quot.sound
REFINEMENT_THEOREM RiscvRefinement.Opcodes.BaseAluImm.andi_nonvacuous
REFINEMENT_AXIOM RiscvRefinement.Opcodes.BaseAluImm.andi_nonvacuous propext
REFINEMENT_AXIOM RiscvRefinement.Opcodes.BaseAluImm.andi_nonvacuous Quot.sound
REFINEMENT_AXIOM RiscvRefinement.Opcodes.BaseAluImm.andi_nonvacuous Classical.choice
REFINEMENT_THEOREM RiscvRefinement.Publication.TeamB.Multiply.DirectConsequences.sourceOne
REFINEMENT_THEOREM RiscvRefinement.Opcodes.loadStoreHolds_commits_masked_word
REFINEMENT_AXIOM RiscvRefinement.Opcodes.loadStoreHolds_commits_masked_word propext
REFINEMENT_AXIOM RiscvRefinement.Opcodes.loadStoreHolds_commits_masked_word Quot.sound
REFINEMENT_THEOREM RiscvRefinement.Opcodes.srliSignFillRow_not_sound
REFINEMENT_AXIOM RiscvRefinement.Opcodes.srliSignFillRow_not_sound propext
REFINEMENT_AXIOM RiscvRefinement.Opcodes.srliSignFillRow_not_sound Quot.sound
REFINEMENT_THEOREM RiscvRefinement.Opcodes.LoadStoreHoldsWithoutHalfLoadHigh.partialStorePreserve
REFINEMENT_AXIOM RiscvRefinement.Opcodes.LoadStoreHoldsWithoutHalfLoadHigh.partialStorePreserve propext
REFINEMENT_THEOREM RiscvRefinement.M31.reduce_eq_one_of_lt
REFINEMENT_AXIOM RiscvRefinement.M31.reduce_eq_one_of_lt propext
REFINEMENT_THEOREM RiscvRefinement.Opcodes.Branches.Lt.takenAndFallthroughRefine
REFINEMENT_AXIOM RiscvRefinement.Opcodes.Branches.Lt.takenAndFallthroughRefine propext
REFINEMENT_AXIOM RiscvRefinement.Opcodes.Branches.Lt.takenAndFallthroughRefine Quot.sound
REFINEMENT_AXIOM RiscvRefinement.Opcodes.Branches.Lt.takenAndFallthroughRefine Classical.choice
REFINEMENT_THEOREM RiscvRefinement.Opcodes.DivHoldsWithoutZeroDivisorQuotient0.destinationFlag
REFINEMENT_THEOREM RiscvRefinement.Publication.TeamB.MulhDiv.Division.nodeAddOfAbsolute
REFINEMENT_AXIOM RiscvRefinement.Publication.TeamB.MulhDiv.Division.nodeAddOfAbsolute propext
REFINEMENT_AXIOM RiscvRefinement.Publication.TeamB.MulhDiv.Division.nodeAddOfAbsolute Quot.sound
REFINEMENT_THEOREM RiscvRefinement.Publication.TeamB.MulhDiv.Division.ExactTupleProjection.sourceOneConsume
REFINEMENT_AXIOM RiscvRefinement.Publication.TeamB.MulhDiv.Division.ExactTupleProjection.sourceOneConsume propext
REFINEMENT_AXIOM RiscvRefinement.Publication.TeamB.MulhDiv.Division.ExactTupleProjection.sourceOneConsume Quot.sound
REFINEMENT_THEOREM RiscvRefinement.Air.Bridge.Jalr.immediateComponents
REFINEMENT_AXIOM RiscvRefinement.Air.Bridge.Jalr.immediateComponents propext
REFINEMENT_AXIOM RiscvRefinement.Air.Bridge.Jalr.immediateComponents Quot.sound
REFINEMENT_THEOREM RiscvRefinement.Opcodes.LoadStoreHoldsWithoutHalfLoadHigh.wordShiftAmount
REFINEMENT_AXIOM RiscvRefinement.Opcodes.LoadStoreHoldsWithoutHalfLoadHigh.wordShiftAmount propext
REFINEMENT_THEOREM RiscvRefinement.Air.Bridge.Branches.Lt.RawProductionRefinement.selectors
REFINEMENT_AXIOM RiscvRefinement.Air.Bridge.Branches.Lt.RawProductionRefinement.selectors propext
REFINEMENT_AXIOM RiscvRefinement.Air.Bridge.Branches.Lt.RawProductionRefinement.selectors Quot.sound
REFINEMENT_THEOREM RiscvRefinement.Opcodes.NonVacuity.lb_exists
REFINEMENT_AXIOM RiscvRefinement.Opcodes.NonVacuity.lb_exists propext
REFINEMENT_AXIOM RiscvRefinement.Opcodes.NonVacuity.lb_exists Quot.sound
REFINEMENT_AXIOM RiscvRefinement.Opcodes.NonVacuity.lb_exists Classical.choice
REFINEMENT_THEOREM RiscvRefinement.Opcodes.lw_flags
REFINEMENT_AXIOM RiscvRefinement.Opcodes.lw_flags propext
REFINEMENT_THEOREM RiscvRefinement.Air.Generated.LuiHolds.clockPositive
REFINEMENT_AXIOM RiscvRefinement.Air.Generated.LuiHolds.clockPositive propext
REFINEMENT_AXIOM RiscvRefinement.Air.Generated.LuiHolds.clockPositive Quot.sound
REFINEMENT_THEOREM RiscvRefinement.Air.Bridge.Branches.Lt.RawAdmission.control
REFINEMENT_AXIOM RiscvRefinement.Air.Bridge.Branches.Lt.RawAdmission.control propext
REFINEMENT_AXIOM RiscvRefinement.Air.Bridge.Branches.Lt.RawAdmission.control Quot.sound
REFINEMENT_THEOREM RiscvRefinement.Opcodes.DivHoldsWithoutUnsignedDivisorSign.zeroDivisorQuotient3
REFINEMENT_THEOREM RiscvRefinement.Air.Bridge.Jalr.ExactLookups.sourceEmit
REFINEMENT_AXIOM RiscvRefinement.Air.Bridge.Jalr.ExactLookups.sourceEmit propext
REFINEMENT_AXIOM RiscvRefinement.Air.Bridge.Jalr.ExactLookups.sourceEmit Quot.sound
REFINEMENT_THEOREM RiscvRefinement.Air.Family.MulhHolds.sourceOneLimb0
REFINEMENT_THEOREM RiscvRefinement.Air.Bridge.Lui.acceptance_nonvacuous
REFINEMENT_AXIOM RiscvRefinement.Air.Bridge.Lui.acceptance_nonvacuous propext
REFINEMENT_AXIOM RiscvRefinement.Air.Bridge.Lui.acceptance_nonvacuous Quot.sound
REFINEMENT_THEOREM RiscvRefinement.Air.Family.div_unsigned_result
REFINEMENT_AXIOM RiscvRefinement.Air.Family.div_unsigned_result propext
REFINEMENT_AXIOM RiscvRefinement.Air.Family.div_unsigned_result Quot.sound
REFINEMENT_AXIOM RiscvRefinement.Air.Family.div_unsigned_result Classical.choice
REFINEMENT_THEOREM RiscvRefinement.Opcodes.DivHoldsWithoutNegationRecurrence.remainderZeroLimb2
REFINEMENT_THEOREM RiscvRefinement.Air.Family.LoadStoreAddressRange.low_lookup_is_necessary
REFINEMENT_THEOREM RiscvRefinement.Publication.TeamB.MulhDiv.Division.node339
REFINEMENT_AXIOM RiscvRefinement.Publication.TeamB.MulhDiv.Division.node339 propext
REFINEMENT_AXIOM RiscvRefinement.Publication.TeamB.MulhDiv.Division.node339 Quot.sound
REFINEMENT_THEOREM RiscvRefinement.Opcodes.lwSwappedBytesRow_refutes
REFINEMENT_AXIOM RiscvRefinement.Opcodes.lwSwappedBytesRow_refutes propext
REFINEMENT_AXIOM RiscvRefinement.Opcodes.lwSwappedBytesRow_refutes Quot.sound
REFINEMENT_THEOREM RiscvRefinement.Opcodes.StoreRefinement.decode
REFINEMENT_AXIOM RiscvRefinement.Opcodes.StoreRefinement.decode propext
REFINEMENT_AXIOM RiscvRefinement.Opcodes.StoreRefinement.decode Quot.sound
REFINEMENT_THEOREM RiscvRefinement.Opcodes.sllMutatedRs2Row_refutes
REFINEMENT_THEOREM RiscvRefinement.Air.Family.MulHolds.sourceTwoLimb0
REFINEMENT_THEOREM RiscvRefinement.Opcodes.LuiEnvironment.pcBinds
REFINEMENT_AXIOM RiscvRefinement.Opcodes.LuiEnvironment.pcBinds propext
REFINEMENT_AXIOM RiscvRefinement.Opcodes.LuiEnvironment.pcBinds Quot.sound
REFINEMENT_THEOREM RiscvRefinement.Opcodes.mask_sw
REFINEMENT_AXIOM RiscvRefinement.Opcodes.mask_sw propext
REFINEMENT_THEOREM RiscvRefinement.Air.Family.DivHolds.destinationLimb2
REFINEMENT_THEOREM RiscvRefinement.Opcodes.addi_production_refines
REFINEMENT_AXIOM RiscvRefinement.Opcodes.addi_production_refines propext
REFINEMENT_AXIOM RiscvRefinement.Opcodes.addi_production_refines Quot.sound
REFINEMENT_AXIOM RiscvRefinement.Opcodes.addi_production_refines Classical.choice
REFINEMENT_THEOREM RiscvRefinement.Air.Family.div_opcode_id_div
REFINEMENT_AXIOM RiscvRefinement.Air.Family.div_opcode_id_div propext
REFINEMENT_THEOREM RiscvRefinement.Air.Bridge.LtImm.exampleAdmission
REFINEMENT_THEOREM RiscvRefinement.Opcodes.Lt.Reg.sltu_exactLookupTuples
REFINEMENT_AXIOM RiscvRefinement.Opcodes.Lt.Reg.sltu_exactLookupTuples propext
REFINEMENT_AXIOM RiscvRefinement.Opcodes.Lt.Reg.sltu_exactLookupTuples Quot.sound
REFINEMENT_THEOREM RiscvRefinement.Decode.encode_srai_is_canonical
REFINEMENT_AXIOM RiscvRefinement.Decode.encode_srai_is_canonical propext
REFINEMENT_AXIOM RiscvRefinement.Decode.encode_srai_is_canonical Quot.sound
REFINEMENT_THEOREM RiscvRefinement.Opcodes.DivHoldsWithoutDestinationLimb0.scanMarker3
REFINEMENT_THEOREM RiscvRefinement.Air.Bridge.Branches.Lt.RawProductionRefinement.programIdentity
REFINEMENT_AXIOM RiscvRefinement.Air.Bridge.Branches.Lt.RawProductionRefinement.programIdentity propext
REFINEMENT_AXIOM RiscvRefinement.Air.Bridge.Branches.Lt.RawProductionRefinement.programIdentity Quot.sound
REFINEMENT_THEOREM RiscvRefinement.Opcodes.operandAfter_store
REFINEMENT_AXIOM RiscvRefinement.Opcodes.operandAfter_store propext
REFINEMENT_THEOREM RiscvRefinement.Opcodes.ShiftsRegRefinement.sourceEmit
REFINEMENT_AXIOM RiscvRefinement.Opcodes.ShiftsRegRefinement.sourceEmit propext
REFINEMENT_AXIOM RiscvRefinement.Opcodes.ShiftsRegRefinement.sourceEmit Quot.sound
REFINEMENT_THEOREM RiscvRefinement.Publication.TeamB.LoadStore.Admission.shiftAmountCanonical
REFINEMENT_THEOREM RiscvRefinement.Opcodes.operandBefore_load
REFINEMENT_AXIOM RiscvRefinement.Opcodes.operandBefore_load propext
REFINEMENT_THEOREM RiscvRefinement.Opcodes.honestMulhuRow_holds
REFINEMENT_AXIOM RiscvRefinement.Opcodes.honestMulhuRow_holds propext
REFINEMENT_THEOREM RiscvRefinement.Opcodes.ShiftsRegEnvironment.sourceBinds
REFINEMENT_AXIOM RiscvRefinement.Opcodes.ShiftsRegEnvironment.sourceBinds propext
REFINEMENT_AXIOM RiscvRefinement.Opcodes.ShiftsRegEnvironment.sourceBinds Quot.sound
REFINEMENT_THEOREM RiscvRefinement.Air.Bridge.loadStoreLoadWitnessHolds
REFINEMENT_AXIOM RiscvRefinement.Air.Bridge.loadStoreLoadWitnessHolds propext
REFINEMENT_THEOREM RiscvRefinement.Publication.TeamB.MulhDiv.Division.selectedEvaluationManifestId
REFINEMENT_AXIOM RiscvRefinement.Publication.TeamB.MulhDiv.Division.selectedEvaluationManifestId propext
REFINEMENT_AXIOM RiscvRefinement.Publication.TeamB.MulhDiv.Division.selectedEvaluationManifestId Quot.sound
REFINEMENT_THEOREM RiscvRefinement.Opcodes.DivHoldsWithoutZeroDivisorQuotient0.quotientSignImpliesXor
REFINEMENT_THEOREM RiscvRefinement.Opcodes.LoadStoreHoldsWithoutWordLoad.loadDestination
REFINEMENT_AXIOM RiscvRefinement.Opcodes.LoadStoreHoldsWithoutWordLoad.loadDestination propext
REFINEMENT_THEOREM RiscvRefinement.Opcodes.ByteLoadMutation.ByteLoadHoldsWithoutByteSignWitness.byteStoreSelect
REFINEMENT_AXIOM RiscvRefinement.Opcodes.ByteLoadMutation.ByteLoadHoldsWithoutByteSignWitness.byteStoreSelect propext
REFINEMENT_THEOREM RiscvRefinement.Memory.effectiveAddress_toNat
REFINEMENT_AXIOM RiscvRefinement.Memory.effectiveAddress_toNat propext
REFINEMENT_THEOREM RiscvRefinement.Publication.TeamB.MulhDiv.Division.productDividendHighFieldImage
REFINEMENT_THEOREM RiscvRefinement.Publication.TeamB.Multiply.FixedConsequences.carry2Bound
REFINEMENT_THEOREM RiscvRefinement.Publication.TeamB.LoadStore.DirectEquations.halfStoreHigh3
REFINEMENT_THEOREM RiscvRefinement.M31.reduce_one
REFINEMENT_THEOREM RiscvRefinement.Air.Generated.Programs.sraiSymbolicCertificate
REFINEMENT_AXIOM RiscvRefinement.Air.Generated.Programs.sraiSymbolicCertificate propext
REFINEMENT_AXIOM RiscvRefinement.Air.Generated.Programs.sraiSymbolicCertificate Quot.sound
REFINEMENT_THEOREM RiscvRefinement.Opcodes.ByteLoadMutation.lbWrongByteRow_is_lb
REFINEMENT_THEOREM RiscvRefinement.Publication.TeamB.MulhDiv.Division.FixedSemanticConsequences.destinationClock
REFINEMENT_THEOREM RiscvRefinement.Opcodes.StoreMutation.StoreHoldsWithoutWordStore.halfMarkerSum
REFINEMENT_AXIOM RiscvRefinement.Opcodes.StoreMutation.StoreHoldsWithoutWordStore.halfMarkerSum propext
REFINEMENT_THEOREM RiscvRefinement.Publication.TeamB.LoadStore.PublicationResult.activeProductionRow
REFINEMENT_AXIOM RiscvRefinement.Publication.TeamB.LoadStore.PublicationResult.activeProductionRow propext
REFINEMENT_AXIOM RiscvRefinement.Publication.TeamB.LoadStore.PublicationResult.activeProductionRow Quot.sound
REFINEMENT_THEOREM RiscvRefinement.Opcodes.addi_source_alias_production_nonvacuous
REFINEMENT_AXIOM RiscvRefinement.Opcodes.addi_source_alias_production_nonvacuous propext
REFINEMENT_AXIOM RiscvRefinement.Opcodes.addi_source_alias_production_nonvacuous Quot.sound
REFINEMENT_AXIOM RiscvRefinement.Opcodes.addi_source_alias_production_nonvacuous Classical.choice
REFINEMENT_THEOREM RiscvRefinement.Opcodes.divWitnessNegativeRemainder_quotient
REFINEMENT_THEOREM RiscvRefinement.Opcodes.ShiftHoldsWithoutLeftLowByte.rightMovement
REFINEMENT_THEOREM RiscvRefinement.Publication.TeamB.MulhDiv.HighMultiply.exactFixedProjection
REFINEMENT_AXIOM RiscvRefinement.Publication.TeamB.MulhDiv.HighMultiply.exactFixedProjection propext
REFINEMENT_AXIOM RiscvRefinement.Publication.TeamB.MulhDiv.HighMultiply.exactFixedProjection Quot.sound
REFINEMENT_THEOREM RiscvRefinement.Opcodes.BaseAluImm.Environment.sourceBinds
REFINEMENT_THEOREM RiscvRefinement.Publication.TeamB.MulhDiv.Division.directEquationsE
REFINEMENT_AXIOM RiscvRefinement.Publication.TeamB.MulhDiv.Division.directEquationsE propext
REFINEMENT_AXIOM RiscvRefinement.Publication.TeamB.MulhDiv.Division.directEquationsE Quot.sound
REFINEMENT_THEOREM RiscvRefinement.Publication.liveRelationRequest
REFINEMENT_AXIOM RiscvRefinement.Publication.liveRelationRequest propext
REFINEMENT_THEOREM RiscvRefinement.Publication.TeamB.MulhDiv.HighMultiply.DirectConsequences.unsignedSourceOne
REFINEMENT_THEOREM RiscvRefinement.Air.Family.LoadStoreHolds.storeResultZero
REFINEMENT_AXIOM RiscvRefinement.Air.Family.LoadStoreHolds.storeResultZero propext
REFINEMENT_THEOREM RiscvRefinement.Air.Family.DivHolds.remainderZeroLimb3
REFINEMENT_THEOREM RiscvRefinement.M31.isLt
REFINEMENT_THEOREM RiscvRefinement.Opcodes.DivHoldsWithoutNegationRecurrence.scanMarker0
REFINEMENT_THEOREM RiscvRefinement.Publication.TeamB.MulhDiv.Division.difficultTupleProjectionAt
REFINEMENT_AXIOM RiscvRefinement.Publication.TeamB.MulhDiv.Division.difficultTupleProjectionAt propext
REFINEMENT_AXIOM RiscvRefinement.Publication.TeamB.MulhDiv.Division.difficultTupleProjectionAt Quot.sound
REFINEMENT_THEOREM RiscvRefinement.Opcodes.StoreMutation.StoreHoldsWithoutHalfStoreHigh.memoryAddress
REFINEMENT_AXIOM RiscvRefinement.Opcodes.StoreMutation.StoreHoldsWithoutHalfStoreHigh.memoryAddress propext
REFINEMENT_THEOREM RiscvRefinement.Publication.TeamB.MulhDiv.HighMultiply.mulh_accepted_air_implies_retirement
REFINEMENT_AXIOM RiscvRefinement.Publication.TeamB.MulhDiv.HighMultiply.mulh_accepted_air_implies_retirement propext
REFINEMENT_AXIOM RiscvRefinement.Publication.TeamB.MulhDiv.HighMultiply.mulh_accepted_air_implies_retirement Quot.sound
REFINEMENT_AXIOM RiscvRefinement.Publication.TeamB.MulhDiv.HighMultiply.mulh_accepted_air_implies_retirement Classical.choice
REFINEMENT_THEOREM RiscvRefinement.Opcodes.MulhHoldsWithoutSourceOneSignBinding.sourceTwoLimb0
REFINEMENT_THEOREM RiscvRefinement.Air.Bridge.Branches.Eq.RawAdmission.immediateFieldBinds
REFINEMENT_AXIOM RiscvRefinement.Air.Bridge.Branches.Eq.RawAdmission.immediateFieldBinds propext
REFINEMENT_AXIOM RiscvRefinement.Air.Bridge.Branches.Eq.RawAdmission.immediateFieldBinds Quot.sound
REFINEMENT_THEOREM RiscvRefinement.Air.Bridge.Jalr.ProductionRefinement.targetM31
REFINEMENT_AXIOM RiscvRefinement.Air.Bridge.Jalr.ProductionRefinement.targetM31 propext
REFINEMENT_AXIOM RiscvRefinement.Air.Bridge.Jalr.ProductionRefinement.targetM31 Quot.sound
REFINEMENT_THEOREM RiscvRefinement.Air.Generated.Programs.lwSymbolicCertificate
REFINEMENT_AXIOM RiscvRefinement.Air.Generated.Programs.lwSymbolicCertificate propext
REFINEMENT_AXIOM RiscvRefinement.Air.Generated.Programs.lwSymbolicCertificate Quot.sound
REFINEMENT_THEOREM RiscvRefinement.Opcodes.ByteLoadMutation.lbuSignFilledByteRow_violates_byteLoadExtension
REFINEMENT_THEOREM RiscvRefinement.Publication.TeamB.MulhDiv.Division.DirectConsequences.destinationLimb3
REFINEMENT_THEOREM RiscvRefinement.Air.Family.DivHolds.absSameLimb0
REFINEMENT_THEOREM RiscvRefinement.Opcodes.DivHoldsWithoutNegationRecurrence.clockPositive
REFINEMENT_THEOREM RiscvRefinement.Opcodes.LoadStoreHoldsWithoutByteSignWitness.storeResultZero
REFINEMENT_AXIOM RiscvRefinement.Opcodes.LoadStoreHoldsWithoutByteSignWitness.storeResultZero propext
REFINEMENT_THEOREM RiscvRefinement.Air.Family.ShiftHolds.destinationLimb0
REFINEMENT_THEOREM RiscvRefinement.Publication.TeamB.LoadStore.loadStoreHoldsOfAccepted
REFINEMENT_AXIOM RiscvRefinement.Publication.TeamB.LoadStore.loadStoreHoldsOfAccepted propext
REFINEMENT_AXIOM RiscvRefinement.Publication.TeamB.LoadStore.loadStoreHoldsOfAccepted Quot.sound
REFINEMENT_THEOREM RiscvRefinement.Opcodes.LoadStoreHoldsWithoutWordLoad.byteStoreSelect
REFINEMENT_AXIOM RiscvRefinement.Opcodes.LoadStoreHoldsWithoutWordLoad.byteStoreSelect propext
REFINEMENT_THEOREM RiscvRefinement.Publication.TeamB.Shifts.sll_accepted_air_implies_retirement
REFINEMENT_AXIOM RiscvRefinement.Publication.TeamB.Shifts.sll_accepted_air_implies_retirement propext
REFINEMENT_AXIOM RiscvRefinement.Publication.TeamB.Shifts.sll_accepted_air_implies_retirement Quot.sound
REFINEMENT_AXIOM RiscvRefinement.Publication.TeamB.Shifts.sll_accepted_air_implies_retirement Classical.choice
REFINEMENT_THEOREM RiscvRefinement.Publication.TeamB.MulhDiv.HighMultiply.ExactTupleProjection.sourceTwoEmit
REFINEMENT_AXIOM RiscvRefinement.Publication.TeamB.MulhDiv.HighMultiply.ExactTupleProjection.sourceTwoEmit propext
REFINEMENT_AXIOM RiscvRefinement.Publication.TeamB.MulhDiv.HighMultiply.ExactTupleProjection.sourceTwoEmit Quot.sound
REFINEMENT_THEOREM RiscvRefinement.Opcodes.LoadStoreHoldsWithoutByteSignWitness.halfStoreHigh
REFINEMENT_AXIOM RiscvRefinement.Opcodes.LoadStoreHoldsWithoutByteSignWitness.halfStoreHigh propext
REFINEMENT_THEOREM RiscvRefinement.Opcodes.div_retires_as_reviewed
REFINEMENT_AXIOM RiscvRefinement.Opcodes.div_retires_as_reviewed propext
REFINEMENT_AXIOM RiscvRefinement.Opcodes.div_retires_as_reviewed Quot.sound
REFINEMENT_AXIOM RiscvRefinement.Opcodes.div_retires_as_reviewed Classical.choice
REFINEMENT_THEOREM RiscvRefinement.Publication.TeamB.Shifts.DestinationConsequences.bytes
REFINEMENT_THEOREM RiscvRefinement.Opcodes.DivHoldsWithoutSignXorDefinition.scanMarker3
REFINEMENT_THEOREM RiscvRefinement.Opcodes.StoreMutation.StoreHoldsWithoutWordStore.halfStoreLow
REFINEMENT_AXIOM RiscvRefinement.Opcodes.StoreMutation.StoreHoldsWithoutWordStore.halfStoreLow propext
REFINEMENT_THEOREM RiscvRefinement.M31.reduce_zero
REFINEMENT_THEOREM RiscvRefinement.Publication.TeamB.MulhDiv.Division.node292
REFINEMENT_AXIOM RiscvRefinement.Publication.TeamB.MulhDiv.Division.node292 propext
REFINEMENT_AXIOM RiscvRefinement.Publication.TeamB.MulhDiv.Division.node292 Quot.sound
REFINEMENT_THEOREM RiscvRefinement.Opcodes.JalrMutation.original_sound
REFINEMENT_AXIOM RiscvRefinement.Opcodes.JalrMutation.original_sound propext
REFINEMENT_AXIOM RiscvRefinement.Opcodes.JalrMutation.original_sound Quot.sound
REFINEMENT_AXIOM RiscvRefinement.Opcodes.JalrMutation.original_sound Classical.choice
REFINEMENT_THEOREM RiscvRefinement.Air.Family.LoadStoreHolds.halfLoadLow
REFINEMENT_AXIOM RiscvRefinement.Air.Family.LoadStoreHolds.halfLoadLow propext
REFINEMENT_THEOREM RiscvRefinement.Publication.TeamA.Control.auipc_accepted_air_implies_retirement
REFINEMENT_AXIOM RiscvRefinement.Publication.TeamA.Control.auipc_accepted_air_implies_retirement propext
REFINEMENT_AXIOM RiscvRefinement.Publication.TeamA.Control.auipc_accepted_air_implies_retirement Quot.sound
REFINEMENT_THEOREM RiscvRefinement.Air.Bridge.localValue_eq_evalNodes
REFINEMENT_AXIOM RiscvRefinement.Air.Bridge.localValue_eq_evalNodes propext
REFINEMENT_AXIOM RiscvRefinement.Air.Bridge.localValue_eq_evalNodes Quot.sound
REFINEMENT_THEOREM RiscvRefinement.Opcodes.MulRefinement.destinationConsume
REFINEMENT_AXIOM RiscvRefinement.Opcodes.MulRefinement.destinationConsume propext
REFINEMENT_THEOREM RiscvRefinement.Opcodes.LoadStoreHoldsWithoutHalfLoadHigh.byteStoreSelect
REFINEMENT_AXIOM RiscvRefinement.Opcodes.LoadStoreHoldsWithoutHalfLoadHigh.byteStoreSelect propext
REFINEMENT_THEOREM RiscvRefinement.Air.Family.DivHolds.absSameLimb3
REFINEMENT_THEOREM RiscvRefinement.Opcodes.StoreMutation.StoreHoldsWithoutStoreResultZeroOnStores.byteStoreSelect
REFINEMENT_AXIOM RiscvRefinement.Opcodes.StoreMutation.StoreHoldsWithoutStoreResultZeroOnStores.byteStoreSelect propext
REFINEMENT_THEOREM RiscvRefinement.Publication.TeamB.Multiply.SelectorAdmission.familyAdmits
REFINEMENT_AXIOM RiscvRefinement.Publication.TeamB.Multiply.SelectorAdmission.familyAdmits propext
REFINEMENT_AXIOM RiscvRefinement.Publication.TeamB.Multiply.SelectorAdmission.familyAdmits Quot.sound
REFINEMENT_THEOREM RiscvRefinement.Publication.TeamB.MulhDiv.Division.exactFixedProjection
REFINEMENT_AXIOM RiscvRefinement.Publication.TeamB.MulhDiv.Division.exactFixedProjection propext
REFINEMENT_AXIOM RiscvRefinement.Publication.TeamB.MulhDiv.Division.exactFixedProjection Quot.sound
REFINEMENT_THEOREM RiscvRefinement.Air.Generated.LuiHolds.nextPcResult
REFINEMENT_AXIOM RiscvRefinement.Air.Generated.LuiHolds.nextPcResult propext
REFINEMENT_AXIOM RiscvRefinement.Air.Generated.LuiHolds.nextPcResult Quot.sound
REFINEMENT_THEOREM RiscvRefinement.Air.Bridge.BaseAluReg.ProductionRefinement.destinationConsume
REFINEMENT_AXIOM RiscvRefinement.Air.Bridge.BaseAluReg.ProductionRefinement.destinationConsume propext
REFINEMENT_AXIOM RiscvRefinement.Air.Bridge.BaseAluReg.ProductionRefinement.destinationConsume Quot.sound
REFINEMENT_THEOREM RiscvRefinement.Opcodes.ShiftHoldsWithoutSignIsLogicalZero.bitIndexRange
REFINEMENT_THEOREM RiscvRefinement.Opcodes.LoadStoreHoldsWithoutByteSignWitness.halfLoadHigh
REFINEMENT_AXIOM RiscvRefinement.Opcodes.LoadStoreHoldsWithoutByteSignWitness.halfLoadHigh propext
REFINEMENT_THEOREM RiscvRefinement.Publication.TeamB.Shifts.ImmAdmission.carry1Canonical
REFINEMENT_THEOREM RiscvRefinement.Air.Bridge.LtImm.signedAliasNonvacuous
REFINEMENT_AXIOM RiscvRefinement.Air.Bridge.LtImm.signedAliasNonvacuous propext
REFINEMENT_AXIOM RiscvRefinement.Air.Bridge.LtImm.signedAliasNonvacuous Quot.sound
REFINEMENT_THEOREM RiscvRefinement.Sail.Reviewed.executeRem_zero_divisor
REFINEMENT_AXIOM RiscvRefinement.Sail.Reviewed.executeRem_zero_divisor propext
REFINEMENT_THEOREM RiscvRefinement.Opcodes.DivHoldsWithoutDestinationLimb0.absSameLimb0
REFINEMENT_THEOREM RiscvRefinement.Air.Bridge.Branches.Eq.exactProjectionMetadata
REFINEMENT_THEOREM RiscvRefinement.Opcodes.divFreeZeroQuotientRow_satisfies
REFINEMENT_THEOREM RiscvRefinement.Publication.TeamB.LoadStore.DirectEquations.selector
REFINEMENT_THEOREM RiscvRefinement.Opcodes.DivHoldsWithoutZeroDivisorQuotient0.destinationLimb3
REFINEMENT_THEOREM RiscvRefinement.Opcodes.Jalr.exactProgramTuple
REFINEMENT_THEOREM RiscvRefinement.Air.Family.LoadStoreHolds.baseClock
REFINEMENT_AXIOM RiscvRefinement.Air.Family.LoadStoreHolds.baseClock propext
REFINEMENT_THEOREM RiscvRefinement.Air.Family.MulhHolds.signedSourceTwo
REFINEMENT_THEOREM RiscvRefinement.Publication.TeamB.MulhDiv.Division.baseConstraintRootZero
REFINEMENT_AXIOM RiscvRefinement.Publication.TeamB.MulhDiv.Division.baseConstraintRootZero propext
REFINEMENT_AXIOM RiscvRefinement.Publication.TeamB.MulhDiv.Division.baseConstraintRootZero Quot.sound
REFINEMENT_THEOREM RiscvRefinement.Opcodes.Branches.Lt.Refinement.production
REFINEMENT_AXIOM RiscvRefinement.Opcodes.Branches.Lt.Refinement.production propext
REFINEMENT_AXIOM RiscvRefinement.Opcodes.Branches.Lt.Refinement.production Quot.sound
REFINEMENT_THEOREM RiscvRefinement.Opcodes.Lt.Imm.Refinement.exactDestination
REFINEMENT_AXIOM RiscvRefinement.Opcodes.Lt.Imm.Refinement.exactDestination propext
REFINEMENT_AXIOM RiscvRefinement.Opcodes.Lt.Imm.Refinement.exactDestination Quot.sound
REFINEMENT_THEOREM RiscvRefinement.Air.Bridge.Jalr.AirEquations.carry4
REFINEMENT_AXIOM RiscvRefinement.Air.Bridge.Jalr.AirEquations.carry4 propext
REFINEMENT_THEOREM RiscvRefinement.Opcodes.MulEnvironment.pcBinds
REFINEMENT_THEOREM RiscvRefinement.Publication.TeamB.MulhDiv.Division.SelectorAdmission.programMnemonic
REFINEMENT_AXIOM RiscvRefinement.Publication.TeamB.MulhDiv.Division.SelectorAdmission.programMnemonic propext
REFINEMENT_AXIOM RiscvRefinement.Publication.TeamB.MulhDiv.Division.SelectorAdmission.programMnemonic Quot.sound
REFINEMENT_THEOREM RiscvRefinement.Opcodes.m31_sum_cases
REFINEMENT_AXIOM RiscvRefinement.Opcodes.m31_sum_cases propext
REFINEMENT_AXIOM RiscvRefinement.Opcodes.m31_sum_cases Quot.sound
REFINEMENT_THEOREM RiscvRefinement.Air.Bridge.mulhWitnessUngatedHolds
REFINEMENT_AXIOM RiscvRefinement.Air.Bridge.mulhWitnessUngatedHolds propext
REFINEMENT_THEOREM RiscvRefinement.Air.Bridge.Program.nodesWellFormed_of_wellFormed
REFINEMENT_AXIOM RiscvRefinement.Air.Bridge.Program.nodesWellFormed_of_wellFormed propext
REFINEMENT_THEOREM RiscvRefinement.Mutation.MutationControl.witness_not_sound
REFINEMENT_THEOREM RiscvRefinement.Air.Family.DivHolds.ltDiffUpper
REFINEMENT_THEOREM RiscvRefinement.Opcodes.DivHoldsWithoutUnsignedDivisorSign.zeroDivisorLimb1
REFINEMENT_THEOREM RiscvRefinement.Opcodes.DivRefinement.sourceTwoEmit
REFINEMENT_THEOREM RiscvRefinement.Opcodes.LoadStoreHoldsWithoutStoreResultZero.sourceReadOnly
REFINEMENT_AXIOM RiscvRefinement.Opcodes.LoadStoreHoldsWithoutStoreResultZero.sourceReadOnly propext
REFINEMENT_THEOREM RiscvRefinement.Air.Family.LoadStoreAddressRange.largest_word_address
REFINEMENT_THEOREM RiscvRefinement.Publication.TeamB.LoadStore.ExactFixedProjection.alignedQuarter
REFINEMENT_AXIOM RiscvRefinement.Publication.TeamB.LoadStore.ExactFixedProjection.alignedQuarter propext
REFINEMENT_AXIOM RiscvRefinement.Publication.TeamB.LoadStore.ExactFixedProjection.alignedQuarter Quot.sound
REFINEMENT_THEOREM RiscvRefinement.Publication.TeamA.externalSailTheoremIdentities_length
REFINEMENT_THEOREM RiscvRefinement.Air.Bridge.limbSum_pos
REFINEMENT_AXIOM RiscvRefinement.Air.Bridge.limbSum_pos propext
REFINEMENT_AXIOM RiscvRefinement.Air.Bridge.limbSum_pos Quot.sound
REFINEMENT_THEOREM RiscvRefinement.Publication.TeamB.LoadStore.ExactFixedProjection.alignedHigh
REFINEMENT_AXIOM RiscvRefinement.Publication.TeamB.LoadStore.ExactFixedProjection.alignedHigh propext
REFINEMENT_AXIOM RiscvRefinement.Publication.TeamB.LoadStore.ExactFixedProjection.alignedHigh Quot.sound
REFINEMENT_THEOREM RiscvRefinement.Opcodes.Auipc.Refinement.decode
REFINEMENT_AXIOM RiscvRefinement.Opcodes.Auipc.Refinement.decode propext
REFINEMENT_AXIOM RiscvRefinement.Opcodes.Auipc.Refinement.decode Quot.sound
REFINEMENT_THEOREM RiscvRefinement.Publication.TeamB.MulhDiv.Division.DirectEquations.c
REFINEMENT_THEOREM RiscvRefinement.Publication.TeamB.LoadStore.PublicationResult.holds
REFINEMENT_AXIOM RiscvRefinement.Publication.TeamB.LoadStore.PublicationResult.holds propext
REFINEMENT_AXIOM RiscvRefinement.Publication.TeamB.LoadStore.PublicationResult.holds Quot.sound
REFINEMENT_THEOREM RiscvRefinement.Opcodes.DivHoldsWithoutDividendSignBit.ltDiffUpper
REFINEMENT_THEOREM RiscvRefinement.Air.Bridge.LtReg.ProductionRefinement.exactLookups
REFINEMENT_AXIOM RiscvRefinement.Air.Bridge.LtReg.ProductionRefinement.exactLookups propext
REFINEMENT_AXIOM RiscvRefinement.Air.Bridge.LtReg.ProductionRefinement.exactLookups Quot.sound
REFINEMENT_THEOREM RiscvRefinement.Opcodes.StoreMutation.StoreHoldsWithoutHalfStoreHigh.byteMarkerSum
REFINEMENT_AXIOM RiscvRefinement.Opcodes.StoreMutation.StoreHoldsWithoutHalfStoreHigh.byteMarkerSum propext
REFINEMENT_THEOREM RiscvRefinement.Air.Bridge.Jalr.ProductionRefinement.sourceConsume
REFINEMENT_AXIOM RiscvRefinement.Air.Bridge.Jalr.ProductionRefinement.sourceConsume propext
REFINEMENT_AXIOM RiscvRefinement.Air.Bridge.Jalr.ProductionRefinement.sourceConsume Quot.sound
REFINEMENT_THEOREM RiscvRefinement.Opcodes.DivHoldsWithoutNegationRecurrence.scanEqual2
REFINEMENT_THEOREM RiscvRefinement.Opcodes.LoadMutationWord.lw_identity_is_load_bearing
REFINEMENT_AXIOM RiscvRefinement.Opcodes.LoadMutationWord.lw_identity_is_load_bearing propext
REFINEMENT_THEOREM RiscvRefinement.Air.Bridge.Jalr.ProductionRefinement.sourceClock
REFINEMENT_AXIOM RiscvRefinement.Air.Bridge.Jalr.ProductionRefinement.sourceClock propext
REFINEMENT_AXIOM RiscvRefinement.Air.Bridge.Jalr.ProductionRefinement.sourceClock Quot.sound
REFINEMENT_THEOREM RiscvRefinement.Publication.TeamB.MulhDiv.Division.m31ScaleRight
REFINEMENT_AXIOM RiscvRefinement.Publication.TeamB.MulhDiv.Division.m31ScaleRight propext
REFINEMENT_THEOREM RiscvRefinement.Opcodes.BaseAluImm.Refinement.source
REFINEMENT_AXIOM RiscvRefinement.Opcodes.BaseAluImm.Refinement.source propext
REFINEMENT_AXIOM RiscvRefinement.Opcodes.BaseAluImm.Refinement.source Quot.sound
REFINEMENT_THEOREM RiscvRefinement.Opcodes.AddiRefinement.retirement
REFINEMENT_AXIOM RiscvRefinement.Opcodes.AddiRefinement.retirement propext
REFINEMENT_AXIOM RiscvRefinement.Opcodes.AddiRefinement.retirement Quot.sound
REFINEMENT_THEOREM RiscvRefinement.Air.Family.MulhHolds.sourceOneClock
REFINEMENT_THEOREM RiscvRefinement.Opcodes.LoadStoreHoldsWithoutHalfShiftId.signWitnessCanonical
REFINEMENT_AXIOM RiscvRefinement.Opcodes.LoadStoreHoldsWithoutHalfShiftId.signWitnessCanonical propext
REFINEMENT_THEOREM RiscvRefinement.Air.Bridge.LtReg.lookupProjection
REFINEMENT_AXIOM RiscvRefinement.Air.Bridge.LtReg.lookupProjection propext
REFINEMENT_AXIOM RiscvRefinement.Air.Bridge.LtReg.lookupProjection Quot.sound
REFINEMENT_THEOREM RiscvRefinement.Air.Family.div_signed_remainder_bound
REFINEMENT_AXIOM RiscvRefinement.Air.Family.div_signed_remainder_bound propext
REFINEMENT_AXIOM RiscvRefinement.Air.Family.div_signed_remainder_bound Quot.sound
REFINEMENT_AXIOM RiscvRefinement.Air.Family.div_signed_remainder_bound Classical.choice
REFINEMENT_THEOREM RiscvRefinement.Opcodes.NonVacuity.lhu_holds
REFINEMENT_AXIOM RiscvRefinement.Opcodes.NonVacuity.lhu_holds propext
REFINEMENT_THEOREM RiscvRefinement.Opcodes.DivHoldsWithoutDividendSignBit.absSameLimb2
REFINEMENT_THEOREM RiscvRefinement.Air.Bridge.LtImm.selectorAccepted
REFINEMENT_AXIOM RiscvRefinement.Air.Bridge.LtImm.selectorAccepted propext
REFINEMENT_AXIOM RiscvRefinement.Air.Bridge.LtImm.selectorAccepted Quot.sound
REFINEMENT_THEOREM RiscvRefinement.Opcodes.DivHoldsWithoutNegationRecurrence.specialExclusive
REFINEMENT_THEOREM RiscvRefinement.Opcodes.DivHoldsWithoutProductRecurrence.scanEqual1
REFINEMENT_THEOREM RiscvRefinement.Opcodes.ShiftsRegHoldsWithoutLeftLowByte.destinationClock
REFINEMENT_THEOREM RiscvRefinement.Air.Bridge.Jalr.Admission.sourcePreviousBound
REFINEMENT_THEOREM RiscvRefinement.Opcodes.DivHoldsWithoutDividendSignBit.destinationLimb3
REFINEMENT_THEOREM RiscvRefinement.Publication.TeamB.MulhDiv.Division.byteBound
REFINEMENT_AXIOM RiscvRefinement.Publication.TeamB.MulhDiv.Division.byteBound propext
REFINEMENT_AXIOM RiscvRefinement.Publication.TeamB.MulhDiv.Division.byteBound Quot.sound
REFINEMENT_THEOREM RiscvRefinement.Opcodes.ShiftsImmHoldsWithoutSignLowerBound.immediateBinds
REFINEMENT_THEOREM RiscvRefinement.Opcodes.LhRefinement.operandConsume
REFINEMENT_AXIOM RiscvRefinement.Opcodes.LhRefinement.operandConsume propext
REFINEMENT_AXIOM RiscvRefinement.Opcodes.LhRefinement.operandConsume Quot.sound
REFINEMENT_THEOREM RiscvRefinement.Opcodes.DivHoldsWithoutUnsignedDivisorSign.signXorDefinition
REFINEMENT_THEOREM RiscvRefinement.Opcodes.DivHoldsWithoutNegationRecurrence.zeroDivisorQuotient1
REFINEMENT_THEOREM RiscvRefinement.Opcodes.LoadMutationWord.loadStoreHolds_lhu_retires_zero_extended_half
REFINEMENT_AXIOM RiscvRefinement.Opcodes.LoadMutationWord.loadStoreHolds_lhu_retires_zero_extended_half propext
REFINEMENT_AXIOM RiscvRefinement.Opcodes.LoadMutationWord.loadStoreHolds_lhu_retires_zero_extended_half Quot.sound
REFINEMENT_THEOREM RiscvRefinement.Air.Bridge.TeamACommon.reduceAdd
REFINEMENT_AXIOM RiscvRefinement.Air.Bridge.TeamACommon.reduceAdd propext
REFINEMENT_THEOREM RiscvRefinement.Publication.TeamB.Shifts.reg_exactRelationProjection
REFINEMENT_AXIOM RiscvRefinement.Publication.TeamB.Shifts.reg_exactRelationProjection propext
REFINEMENT_AXIOM RiscvRefinement.Publication.TeamB.Shifts.reg_exactRelationProjection Quot.sound
REFINEMENT_THEOREM RiscvRefinement.Publication.TeamB.MulhDiv.Division.node72
REFINEMENT_AXIOM RiscvRefinement.Publication.TeamB.MulhDiv.Division.node72 propext
REFINEMENT_AXIOM RiscvRefinement.Publication.TeamB.MulhDiv.Division.node72 Quot.sound
REFINEMENT_THEOREM RiscvRefinement.Opcodes.DivRefinement.programTuple
REFINEMENT_THEOREM RiscvRefinement.Opcodes.ShiftHoldsWithoutRightLowByte.destinationFlag
REFINEMENT_THEOREM RiscvRefinement.Opcodes.StoreMutation.StoreHoldsWithoutWordStore.baseClock
REFINEMENT_AXIOM RiscvRefinement.Opcodes.StoreMutation.StoreHoldsWithoutWordStore.baseClock propext
REFINEMENT_THEOREM RiscvRefinement.Opcodes.DivHoldsWithoutDividendSignBit.destinationFlag
REFINEMENT_THEOREM RiscvRefinement.Air.Bridge.Jal.ProductionRefinement.destination
REFINEMENT_AXIOM RiscvRefinement.Air.Bridge.Jal.ProductionRefinement.destination propext
REFINEMENT_AXIOM RiscvRefinement.Air.Bridge.Jal.ProductionRefinement.destination Quot.sound
REFINEMENT_THEOREM RiscvRefinement.Opcodes.Jalr.Refinement.destination
REFINEMENT_AXIOM RiscvRefinement.Opcodes.Jalr.Refinement.destination propext
REFINEMENT_AXIOM RiscvRefinement.Opcodes.Jalr.Refinement.destination Quot.sound
REFINEMENT_THEOREM RiscvRefinement.Air.Bridge.Jalr.exampleRefines
REFINEMENT_AXIOM RiscvRefinement.Air.Bridge.Jalr.exampleRefines propext
REFINEMENT_AXIOM RiscvRefinement.Air.Bridge.Jalr.exampleRefines Quot.sound
REFINEMENT_AXIOM RiscvRefinement.Air.Bridge.Jalr.exampleRefines Classical.choice
REFINEMENT_THEOREM RiscvRefinement.Air.Generated.Programs.jalSymbolicCertificate
REFINEMENT_AXIOM RiscvRefinement.Air.Generated.Programs.jalSymbolicCertificate propext
REFINEMENT_AXIOM RiscvRefinement.Air.Generated.Programs.jalSymbolicCertificate Quot.sound
REFINEMENT_THEOREM RiscvRefinement.Opcodes.half_shift_id_is_load_bearing
REFINEMENT_AXIOM RiscvRefinement.Opcodes.half_shift_id_is_load_bearing propext
REFINEMENT_AXIOM RiscvRefinement.Opcodes.half_shift_id_is_load_bearing Quot.sound
REFINEMENT_THEOREM RiscvRefinement.Opcodes.LoadStoreHoldsWithoutWordLoad.memoryClock
REFINEMENT_AXIOM RiscvRefinement.Opcodes.LoadStoreHoldsWithoutWordLoad.memoryClock propext
REFINEMENT_THEOREM RiscvRefinement.M31.sub_self
REFINEMENT_AXIOM RiscvRefinement.M31.sub_self propext
REFINEMENT_AXIOM RiscvRefinement.M31.sub_self Quot.sound
REFINEMENT_THEOREM RiscvRefinement.Opcodes.LoadStoreHoldsWithoutByteSignWitness.halfShiftId
REFINEMENT_AXIOM RiscvRefinement.Opcodes.LoadStoreHoldsWithoutByteSignWitness.halfShiftId propext
REFINEMENT_THEOREM RiscvRefinement.Publication.TeamB.MulhDiv.Division.productDivisorHighFieldImage
REFINEMENT_THEOREM RiscvRefinement.Air.Family.MulhHolds.productLimb4
REFINEMENT_THEOREM RiscvRefinement.Air.Bridge.Auipc.x0ExampleAcceptance
REFINEMENT_AXIOM RiscvRefinement.Air.Bridge.Auipc.x0ExampleAcceptance propext
REFINEMENT_AXIOM RiscvRefinement.Air.Bridge.Auipc.x0ExampleAcceptance Quot.sound
REFINEMENT_THEOREM RiscvRefinement.Opcodes.srlFreeLowByteRow_refutes
REFINEMENT_AXIOM RiscvRefinement.Opcodes.srlFreeLowByteRow_refutes propext
REFINEMENT_THEOREM RiscvRefinement.Opcodes.ByteLoadMutation.byteLoadHolds_weakens_byteLoadSelect
REFINEMENT_AXIOM RiscvRefinement.Opcodes.ByteLoadMutation.byteLoadHolds_weakens_byteLoadSelect propext
REFINEMENT_THEOREM RiscvRefinement.Opcodes.LhRefinement.basePreserved
REFINEMENT_AXIOM RiscvRefinement.Opcodes.LhRefinement.basePreserved propext
REFINEMENT_AXIOM RiscvRefinement.Opcodes.LhRefinement.basePreserved Quot.sound
REFINEMENT_THEOREM RiscvRefinement.Opcodes.ByteLoadMutation.ByteLoadHoldsWithoutByteLoadExtension.halfLoadLow
REFINEMENT_AXIOM RiscvRefinement.Opcodes.ByteLoadMutation.ByteLoadHoldsWithoutByteLoadExtension.halfLoadLow propext
REFINEMENT_THEOREM RiscvRefinement.Publication.TeamA.BaseAlu.xor_accepted_air_implies_retirement
REFINEMENT_AXIOM RiscvRefinement.Publication.TeamA.BaseAlu.xor_accepted_air_implies_retirement propext
REFINEMENT_AXIOM RiscvRefinement.Publication.TeamA.BaseAlu.xor_accepted_air_implies_retirement Quot.sound
REFINEMENT_THEOREM RiscvRefinement.Air.Family.shift_pow_split
REFINEMENT_AXIOM RiscvRefinement.Air.Family.shift_pow_split propext
REFINEMENT_THEOREM RiscvRefinement.Publication.TeamB.MulhDiv.Division.DirectConsequences.destinationLimb2
REFINEMENT_THEOREM RiscvRefinement.Publication.TeamB.MulhDiv.Division.productRecurrence1ConvolutionImage
REFINEMENT_AXIOM RiscvRefinement.Publication.TeamB.MulhDiv.Division.productRecurrence1ConvolutionImage propext
REFINEMENT_THEOREM RiscvRefinement.Opcodes.ByteLoadMutation.lbuSignFilledByteRow_refutes
REFINEMENT_AXIOM RiscvRefinement.Opcodes.ByteLoadMutation.lbuSignFilledByteRow_refutes propext
REFINEMENT_THEOREM RiscvRefinement.Opcodes.Branches.Lt.RawRefinement.targetNoWrap
REFINEMENT_AXIOM RiscvRefinement.Opcodes.Branches.Lt.RawRefinement.targetNoWrap propext
REFINEMENT_AXIOM RiscvRefinement.Opcodes.Branches.Lt.RawRefinement.targetNoWrap Quot.sound
REFINEMENT_THEOREM RiscvRefinement.Publication.TeamB.MulhDiv.Division.FixedSemanticConsequences.productCarry3
REFINEMENT_THEOREM RiscvRefinement.Opcodes.StoreRefinement.sourcePreserved
REFINEMENT_AXIOM RiscvRefinement.Opcodes.StoreRefinement.sourcePreserved propext
REFINEMENT_AXIOM RiscvRefinement.Opcodes.StoreRefinement.sourcePreserved Quot.sound
REFINEMENT_THEOREM RiscvRefinement.Opcodes.BaseAluImm.resultIsArchitectural
REFINEMENT_AXIOM RiscvRefinement.Opcodes.BaseAluImm.resultIsArchitectural propext
REFINEMENT_AXIOM RiscvRefinement.Opcodes.BaseAluImm.resultIsArchitectural Quot.sound
REFINEMENT_AXIOM RiscvRefinement.Opcodes.BaseAluImm.resultIsArchitectural Classical.choice
REFINEMENT_THEOREM RiscvRefinement.Publication.universalFixedTableInterpretation
REFINEMENT_AXIOM RiscvRefinement.Publication.universalFixedTableInterpretation propext
REFINEMENT_THEOREM RiscvRefinement.Air.Bridge.Branches.Eq.exampleAdmission
REFINEMENT_AXIOM RiscvRefinement.Air.Bridge.Branches.Eq.exampleAdmission propext
REFINEMENT_AXIOM RiscvRefinement.Air.Bridge.Branches.Eq.exampleAdmission Quot.sound
REFINEMENT_THEOREM RiscvRefinement.Opcodes.Branches.Lt.RawRefinement.exactProgramTuple
REFINEMENT_AXIOM RiscvRefinement.Opcodes.Branches.Lt.RawRefinement.exactProgramTuple propext
REFINEMENT_AXIOM RiscvRefinement.Opcodes.Branches.Lt.RawRefinement.exactProgramTuple Quot.sound
REFINEMENT_THEOREM RiscvRefinement.Opcodes.DivHoldsWithoutDestinationLimb0.scanMarker1
REFINEMENT_THEOREM RiscvRefinement.Sail.Reviewed.executeLoad_no_store
REFINEMENT_AXIOM RiscvRefinement.Sail.Reviewed.executeLoad_no_store propext
REFINEMENT_AXIOM RiscvRefinement.Sail.Reviewed.executeLoad_no_store Quot.sound
REFINEMENT_THEOREM RiscvRefinement.Opcodes.rem_result_selector_is_load_bearing
REFINEMENT_AXIOM RiscvRefinement.Opcodes.rem_result_selector_is_load_bearing propext
REFINEMENT_AXIOM RiscvRefinement.Opcodes.rem_result_selector_is_load_bearing Quot.sound
REFINEMENT_AXIOM RiscvRefinement.Opcodes.rem_result_selector_is_load_bearing Classical.choice
REFINEMENT_THEOREM RiscvRefinement.Opcodes.MulhHoldsWithoutSourceTwoSignBinding.productLimb4
REFINEMENT_THEOREM RiscvRefinement.Publication.TeamB.Shifts.RegAdmission.secondSourcePreviousBound
REFINEMENT_THEOREM RiscvRefinement.Air.Bridge.Branches.Eq.RawProductionRefinement.decision
REFINEMENT_AXIOM RiscvRefinement.Air.Bridge.Branches.Eq.RawProductionRefinement.decision propext
REFINEMENT_AXIOM RiscvRefinement.Air.Bridge.Branches.Eq.RawProductionRefinement.decision Quot.sound
REFINEMENT_THEOREM RiscvRefinement.Opcodes.ShiftsImmHoldsWithoutSignLowerBound.core
REFINEMENT_THEOREM RiscvRefinement.Opcodes.srlFreeLowByteRow_satisfies
REFINEMENT_AXIOM RiscvRefinement.Opcodes.srlFreeLowByteRow_satisfies propext
REFINEMENT_THEOREM RiscvRefinement.Opcodes.DivHoldsWithoutUnsignedDivisorSign.sourceOneClock
REFINEMENT_THEOREM RiscvRefinement.Air.Bridge.Mutations.addiOriginal_sound
REFINEMENT_AXIOM RiscvRefinement.Air.Bridge.Mutations.addiOriginal_sound propext
REFINEMENT_AXIOM RiscvRefinement.Air.Bridge.Mutations.addiOriginal_sound Quot.sound
REFINEMENT_THEOREM RiscvRefinement.Publication.TeamB.MulhDiv.Division.productRecurrence2FieldEquation
REFINEMENT_AXIOM RiscvRefinement.Publication.TeamB.MulhDiv.Division.productRecurrence2FieldEquation propext
REFINEMENT_THEOREM RiscvRefinement.Opcodes.LoadStoreHoldsWithoutPartialStorePreserve.destinationFlag
REFINEMENT_AXIOM RiscvRefinement.Opcodes.LoadStoreHoldsWithoutPartialStorePreserve.destinationFlag propext
REFINEMENT_THEOREM RiscvRefinement.Opcodes.BaseAluReg.Refinement.source1
REFINEMENT_AXIOM RiscvRefinement.Opcodes.BaseAluReg.Refinement.source1 propext
REFINEMENT_AXIOM RiscvRefinement.Opcodes.BaseAluReg.Refinement.source1 Quot.sound
REFINEMENT_THEOREM RiscvRefinement.Opcodes.DivHoldsWithoutProductRecurrence.sourceTwoLimb1
REFINEMENT_THEOREM RiscvRefinement.Publication.TeamB.Shifts.ImmExactFixedProjection.carry0
REFINEMENT_AXIOM RiscvRefinement.Publication.TeamB.Shifts.ImmExactFixedProjection.carry0 propext
REFINEMENT_AXIOM RiscvRefinement.Publication.TeamB.Shifts.ImmExactFixedProjection.carry0 Quot.sound
REFINEMENT_THEOREM RiscvRefinement.Opcodes.memoryPreviousClock_store
REFINEMENT_AXIOM RiscvRefinement.Opcodes.memoryPreviousClock_store propext
REFINEMENT_THEOREM RiscvRefinement.Publication.TeamB.Multiply.FixedConsequences.carry0Bound
REFINEMENT_THEOREM RiscvRefinement.Opcodes.BaseAluImm.immediateWord
REFINEMENT_AXIOM RiscvRefinement.Opcodes.BaseAluImm.immediateWord propext
REFINEMENT_AXIOM RiscvRefinement.Opcodes.BaseAluImm.immediateWord Quot.sound
REFINEMENT_AXIOM RiscvRefinement.Opcodes.BaseAluImm.immediateWord Classical.choice
REFINEMENT_THEOREM RiscvRefinement.Opcodes.DivHoldsWithoutZeroDivisorQuotient0.zeroDivisorLimb2
REFINEMENT_THEOREM RiscvRefinement.Opcodes.ByteLoadMutation.ByteLoadHoldsWithoutByteLoadSelect.halfShiftAmount
REFINEMENT_AXIOM RiscvRefinement.Opcodes.ByteLoadMutation.ByteLoadHoldsWithoutByteLoadSelect.halfShiftAmount propext
REFINEMENT_THEOREM RiscvRefinement.Opcodes.Jalr.jalr_exactLookupProjection
REFINEMENT_AXIOM RiscvRefinement.Opcodes.Jalr.jalr_exactLookupProjection propext
REFINEMENT_AXIOM RiscvRefinement.Opcodes.Jalr.jalr_exactLookupProjection Quot.sound
REFINEMENT_THEOREM RiscvRefinement.Opcodes.ShiftHoldsWithoutRightLowByte.carry0Range
REFINEMENT_THEOREM RiscvRefinement.Opcodes.ShiftsImmHoldsWithoutImmediateBinds.sourceClock
REFINEMENT_THEOREM RiscvRefinement.Opcodes.ShiftsRegHoldsWithoutLeftLowByte.shiftAmountBinds
REFINEMENT_THEOREM RiscvRefinement.Publication.TeamA.externalSailTheoremIdentities_nodup
REFINEMENT_THEOREM RiscvRefinement.Opcodes.ShiftsRegRefinement.destinationEmit
REFINEMENT_AXIOM RiscvRefinement.Opcodes.ShiftsRegRefinement.destinationEmit propext
REFINEMENT_AXIOM RiscvRefinement.Opcodes.ShiftsRegRefinement.destinationEmit Quot.sound
REFINEMENT_THEOREM RiscvRefinement.Opcodes.BranchesMutation.wrongStateEmit_strictly_weaker
REFINEMENT_AXIOM RiscvRefinement.Opcodes.BranchesMutation.wrongStateEmit_strictly_weaker propext
REFINEMENT_AXIOM RiscvRefinement.Opcodes.BranchesMutation.wrongStateEmit_strictly_weaker Quot.sound
REFINEMENT_THEOREM RiscvRefinement.Publication.TeamB.Multiply.constraintRootZeroAt
REFINEMENT_AXIOM RiscvRefinement.Publication.TeamB.Multiply.constraintRootZeroAt propext
REFINEMENT_AXIOM RiscvRefinement.Publication.TeamB.Multiply.constraintRootZeroAt Quot.sound
REFINEMENT_THEOREM RiscvRefinement.Air.Family.DivHolds.scanEqual3
REFINEMENT_THEOREM RiscvRefinement.Opcodes.StoreMutation.StoreHoldsWithoutPartialStorePreserve.immFeltRange
REFINEMENT_AXIOM RiscvRefinement.Opcodes.StoreMutation.StoreHoldsWithoutPartialStorePreserve.immFeltRange propext
REFINEMENT_THEOREM RiscvRefinement.Opcodes.LoadMutationWord.HoldsWithoutHalfLoadHigh.memoryClock
REFINEMENT_AXIOM RiscvRefinement.Opcodes.LoadMutationWord.HoldsWithoutHalfLoadHigh.memoryClock propext
REFINEMENT_THEOREM RiscvRefinement.Air.Bridge.BaseAluReg.Acceptance.selectors
REFINEMENT_AXIOM RiscvRefinement.Air.Bridge.BaseAluReg.Acceptance.selectors propext
REFINEMENT_AXIOM RiscvRefinement.Air.Bridge.BaseAluReg.Acceptance.selectors Quot.sound
REFINEMENT_THEOREM RiscvRefinement.Air.Generated.Programs.xorSymbolicCertificate
REFINEMENT_AXIOM RiscvRefinement.Air.Generated.Programs.xorSymbolicCertificate propext
REFINEMENT_AXIOM RiscvRefinement.Air.Generated.Programs.xorSymbolicCertificate Quot.sound
REFINEMENT_THEOREM RiscvRefinement.Opcodes.StoreMutation.StoreHoldsWithoutPartialStorePreserve.storeResultZero
REFINEMENT_AXIOM RiscvRefinement.Opcodes.StoreMutation.StoreHoldsWithoutPartialStorePreserve.storeResultZero propext
REFINEMENT_THEOREM RiscvRefinement.Arith.tmod_nonpos_of_nonpos
REFINEMENT_AXIOM RiscvRefinement.Arith.tmod_nonpos_of_nonpos propext
REFINEMENT_AXIOM RiscvRefinement.Arith.tmod_nonpos_of_nonpos Quot.sound
REFINEMENT_THEOREM RiscvRefinement.Air.Bridge.BaseAluReg.resultWord
REFINEMENT_AXIOM RiscvRefinement.Air.Bridge.BaseAluReg.resultWord propext
REFINEMENT_AXIOM RiscvRefinement.Air.Bridge.BaseAluReg.resultWord Quot.sound
REFINEMENT_THEOREM RiscvRefinement.Opcodes.BaseAluMutation.Imm.original_sound
REFINEMENT_AXIOM RiscvRefinement.Opcodes.BaseAluMutation.Imm.original_sound propext
REFINEMENT_AXIOM RiscvRefinement.Opcodes.BaseAluMutation.Imm.original_sound Quot.sound
REFINEMENT_THEOREM RiscvRefinement.Opcodes.DivHoldsWithoutScanTotal.zeroDivisorLimb3
REFINEMENT_THEOREM RiscvRefinement.Opcodes.Branches.Eq.bne_tuple_theorem
REFINEMENT_AXIOM RiscvRefinement.Opcodes.Branches.Eq.bne_tuple_theorem propext
REFINEMENT_AXIOM RiscvRefinement.Opcodes.Branches.Eq.bne_tuple_theorem Quot.sound
REFINEMENT_THEOREM RiscvRefinement.Opcodes.row_lb_result
REFINEMENT_AXIOM RiscvRefinement.Opcodes.row_lb_result propext
REFINEMENT_AXIOM RiscvRefinement.Opcodes.row_lb_result Quot.sound
REFINEMENT_AXIOM RiscvRefinement.Opcodes.row_lb_result Classical.choice
REFINEMENT_THEOREM RiscvRefinement.Publication.TeamB.Shifts.ImmAdmission.pcBound
REFINEMENT_THEOREM RiscvRefinement.Opcodes.ByteLoadMutation.ByteLoadHoldsWithoutByteSignWitness.halfLoadHigh
REFINEMENT_AXIOM RiscvRefinement.Opcodes.ByteLoadMutation.ByteLoadHoldsWithoutByteSignWitness.halfLoadHigh propext
REFINEMENT_THEOREM RiscvRefinement.Arith.divideSigned_high_bit_by_two
REFINEMENT_AXIOM RiscvRefinement.Arith.divideSigned_high_bit_by_two propext
REFINEMENT_THEOREM RiscvRefinement.Publication.TeamB.MulhDiv.HighMultiply.ExactTupleProjection.program
REFINEMENT_AXIOM RiscvRefinement.Publication.TeamB.MulhDiv.HighMultiply.ExactTupleProjection.program propext
REFINEMENT_AXIOM RiscvRefinement.Publication.TeamB.MulhDiv.HighMultiply.ExactTupleProjection.program Quot.sound
REFINEMENT_THEOREM RiscvRefinement.Opcodes.DivHoldsWithoutProductRecurrence.remainderZeroLimb2
REFINEMENT_THEOREM RiscvRefinement.Opcodes.ShiftHoldsWithoutLeftLowByte.destinationLimb1
REFINEMENT_THEOREM RiscvRefinement.Publication.TeamB.MulhDiv.HighMultiply.FixedConsequences.carry6Bound
REFINEMENT_THEOREM RiscvRefinement.Air.Generated.Programs.bgeuSymbolicCertificate
REFINEMENT_AXIOM RiscvRefinement.Air.Generated.Programs.bgeuSymbolicCertificate propext
REFINEMENT_AXIOM RiscvRefinement.Air.Generated.Programs.bgeuSymbolicCertificate Quot.sound
REFINEMENT_THEOREM RiscvRefinement.Air.Generated.AddiHolds.destinationLimb2
REFINEMENT_THEOREM RiscvRefinement.Decode.encode_base_alu_imm_is_canonical
REFINEMENT_AXIOM RiscvRefinement.Decode.encode_base_alu_imm_is_canonical propext
REFINEMENT_AXIOM RiscvRefinement.Decode.encode_base_alu_imm_is_canonical Quot.sound
REFINEMENT_THEOREM RiscvRefinement.Publication.TeamA.Branches.Eq.build
REFINEMENT_AXIOM RiscvRefinement.Publication.TeamA.Branches.Eq.build propext
REFINEMENT_AXIOM RiscvRefinement.Publication.TeamA.Branches.Eq.build Quot.sound
REFINEMENT_AXIOM RiscvRefinement.Publication.TeamA.Branches.Eq.build Classical.choice
REFINEMENT_THEOREM RiscvRefinement.Air.Bridge.Addi.carryFieldClassified
REFINEMENT_AXIOM RiscvRefinement.Air.Bridge.Addi.carryFieldClassified propext
REFINEMENT_AXIOM RiscvRefinement.Air.Bridge.Addi.carryFieldClassified Quot.sound
REFINEMENT_THEOREM RiscvRefinement.Publication.TeamB.MulhDiv.Division.ExactTupleProjection.sourceTwoEmit
REFINEMENT_AXIOM RiscvRefinement.Publication.TeamB.MulhDiv.Division.ExactTupleProjection.sourceTwoEmit propext
REFINEMENT_AXIOM RiscvRefinement.Publication.TeamB.MulhDiv.Division.ExactTupleProjection.sourceTwoEmit Quot.sound
REFINEMENT_THEOREM RiscvRefinement.Opcodes.MulhEnvironment.destinationBinds
REFINEMENT_THEOREM RiscvRefinement.Opcodes.DivHoldsWithoutSignXorDefinition.divisorSignBit
REFINEMENT_THEOREM RiscvRefinement.Publication.TeamB.MulhDiv.Division.productRecurrence4FieldEquation
REFINEMENT_AXIOM RiscvRefinement.Publication.TeamB.MulhDiv.Division.productRecurrence4FieldEquation propext
REFINEMENT_THEOREM RiscvRefinement.Opcodes.MulhHoldsWithoutSelectorSourceTwoSign.productLimb3
REFINEMENT_THEOREM RiscvRefinement.Opcodes.DivHoldsWithoutNegationRecurrence.divisorSignBit
REFINEMENT_THEOREM RiscvRefinement.Publication.TeamB.MulhDiv.Division.selectedEvaluationOpcodeSelector
REFINEMENT_AXIOM RiscvRefinement.Publication.TeamB.MulhDiv.Division.selectedEvaluationOpcodeSelector propext
REFINEMENT_AXIOM RiscvRefinement.Publication.TeamB.MulhDiv.Division.selectedEvaluationOpcodeSelector Quot.sound
REFINEMENT_THEOREM RiscvRefinement.Opcodes.MulhHoldsWithoutSelectorSourceTwoSign.destinationLimb0
REFINEMENT_THEOREM RiscvRefinement.Air.FixedTableId.rangeCheck20_contains_iff
REFINEMENT_AXIOM RiscvRefinement.Air.FixedTableId.rangeCheck20_contains_iff propext
REFINEMENT_THEOREM RiscvRefinement.Air.Bridge.Auipc.resultWord_of_constraints
REFINEMENT_AXIOM RiscvRefinement.Air.Bridge.Auipc.resultWord_of_constraints propext
REFINEMENT_AXIOM RiscvRefinement.Air.Bridge.Auipc.resultWord_of_constraints Quot.sound
REFINEMENT_THEOREM RiscvRefinement.Publication.TeamB.MulhDiv.Division.DirectEquationsE.negCarryBool3
REFINEMENT_THEOREM RiscvRefinement.Publication.TeamB.MulhDiv.Division.DirectEquationsC.absSame0
REFINEMENT_THEOREM RiscvRefinement.Opcodes.BaseAluMutation.Imm.andi_mutation
REFINEMENT_AXIOM RiscvRefinement.Opcodes.BaseAluMutation.Imm.andi_mutation propext
REFINEMENT_AXIOM RiscvRefinement.Opcodes.BaseAluMutation.Imm.andi_mutation Quot.sound
REFINEMENT_THEOREM RiscvRefinement.Publication.TeamB.MulhDiv.Division.rem_accepted_air_implies_retirement
REFINEMENT_AXIOM RiscvRefinement.Publication.TeamB.MulhDiv.Division.rem_accepted_air_implies_retirement propext
REFINEMENT_AXIOM RiscvRefinement.Publication.TeamB.MulhDiv.Division.rem_accepted_air_implies_retirement Quot.sound
REFINEMENT_AXIOM RiscvRefinement.Publication.TeamB.MulhDiv.Division.rem_accepted_air_implies_retirement Classical.choice
REFINEMENT_THEOREM RiscvRefinement.Recursion.FrameworkBoundary.telescope
REFINEMENT_AXIOM RiscvRefinement.Recursion.FrameworkBoundary.telescope propext
REFINEMENT_AXIOM RiscvRefinement.Recursion.FrameworkBoundary.telescope Quot.sound
REFINEMENT_THEOREM RiscvRefinement.Publication.TeamB.MulhDiv.Division.Admission.clockBound
REFINEMENT_THEOREM RiscvRefinement.Air.Bridge.BaseAluImm.sourceClock
REFINEMENT_AXIOM RiscvRefinement.Air.Bridge.BaseAluImm.sourceClock propext
REFINEMENT_AXIOM RiscvRefinement.Air.Bridge.BaseAluImm.sourceClock Quot.sound
REFINEMENT_THEOREM RiscvRefinement.Air.Bridge.LtImm.ProductionRefinement.constraints
REFINEMENT_AXIOM RiscvRefinement.Air.Bridge.LtImm.ProductionRefinement.constraints propext
REFINEMENT_AXIOM RiscvRefinement.Air.Bridge.LtImm.ProductionRefinement.constraints Quot.sound
REFINEMENT_THEOREM RiscvRefinement.Opcodes.LoadStoreHoldsWithoutWordLoad.byteSignWitness
REFINEMENT_AXIOM RiscvRefinement.Opcodes.LoadStoreHoldsWithoutWordLoad.byteSignWitness propext
REFINEMENT_THEOREM RiscvRefinement.Opcodes.lui_value_refines
REFINEMENT_AXIOM RiscvRefinement.Opcodes.lui_value_refines propext
REFINEMENT_AXIOM RiscvRefinement.Opcodes.lui_value_refines Quot.sound
REFINEMENT_AXIOM RiscvRefinement.Opcodes.lui_value_refines Classical.choice
REFINEMENT_THEOREM RiscvRefinement.Opcodes.LoadStoreHoldsWithoutPartialStorePreserve.memoryAddress
REFINEMENT_AXIOM RiscvRefinement.Opcodes.LoadStoreHoldsWithoutPartialStorePreserve.memoryAddress propext
REFINEMENT_THEOREM RiscvRefinement.Opcodes.Lt.Imm.Refinement.retirement
REFINEMENT_AXIOM RiscvRefinement.Opcodes.Lt.Imm.Refinement.retirement propext
REFINEMENT_AXIOM RiscvRefinement.Opcodes.Lt.Imm.Refinement.retirement Quot.sound
REFINEMENT_THEOREM RiscvRefinement.Publication.TeamB.LoadStore.lw_exactSelectorIdentity
REFINEMENT_AXIOM RiscvRefinement.Publication.TeamB.LoadStore.lw_exactSelectorIdentity propext
REFINEMENT_AXIOM RiscvRefinement.Publication.TeamB.LoadStore.lw_exactSelectorIdentity Quot.sound
REFINEMENT_THEOREM RiscvRefinement.Publication.TeamB.LoadStore.ExactTupleProjection.sourceConsume
REFINEMENT_AXIOM RiscvRefinement.Publication.TeamB.LoadStore.ExactTupleProjection.sourceConsume propext
REFINEMENT_AXIOM RiscvRefinement.Publication.TeamB.LoadStore.ExactTupleProjection.sourceConsume Quot.sound
REFINEMENT_THEOREM RiscvRefinement.Opcodes.StoreMutation.StoreHoldsWithoutPartialStorePreserve.clockPositive
REFINEMENT_AXIOM RiscvRefinement.Opcodes.StoreMutation.StoreHoldsWithoutPartialStorePreserve.clockPositive propext
REFINEMENT_THEOREM RiscvRefinement.Opcodes.StoreRefinement.stateConsume
REFINEMENT_AXIOM RiscvRefinement.Opcodes.StoreRefinement.stateConsume propext
REFINEMENT_AXIOM RiscvRefinement.Opcodes.StoreRefinement.stateConsume Quot.sound
REFINEMENT_THEOREM RiscvRefinement.M31.zero_val
REFINEMENT_THEOREM RiscvRefinement.Air.Family.MulhHolds.productLimb0
REFINEMENT_THEOREM RiscvRefinement.Publication.TeamA.Control.FenceAcceptance.fixedLookups
REFINEMENT_AXIOM RiscvRefinement.Publication.TeamA.Control.FenceAcceptance.fixedLookups propext
REFINEMENT_AXIOM RiscvRefinement.Publication.TeamA.Control.FenceAcceptance.fixedLookups Quot.sound
REFINEMENT_THEOREM RiscvRefinement.Opcodes.DivHoldsWithoutUnsignedDivisorSign.sourceTwoLimb3
REFINEMENT_THEOREM RiscvRefinement.Opcodes.MulhEnvironment.sourceTwoBinds
REFINEMENT_THEOREM RiscvRefinement.Opcodes.StoreMutation.StoreHoldsWithoutWordStore.immFeltRange
REFINEMENT_AXIOM RiscvRefinement.Opcodes.StoreMutation.StoreHoldsWithoutWordStore.immFeltRange propext
REFINEMENT_THEOREM RiscvRefinement.Opcodes.DivHoldsWithoutUnsignedDivisorSign.zeroDivisorQuotientSign
REFINEMENT_THEOREM RiscvRefinement.Publication.TeamB.MulhDiv.Division.opcodeFieldVal
REFINEMENT_AXIOM RiscvRefinement.Publication.TeamB.MulhDiv.Division.opcodeFieldVal propext
REFINEMENT_THEOREM RiscvRefinement.Opcodes.DivHoldsWithoutUnsignedDivisorSign.absSameLimb1
REFINEMENT_THEOREM RiscvRefinement.Opcodes.LoadStoreHoldsWithoutPartialStorePreserve.halfShiftAmount
REFINEMENT_AXIOM RiscvRefinement.Opcodes.LoadStoreHoldsWithoutPartialStorePreserve.halfShiftAmount propext
REFINEMENT_THEOREM RiscvRefinement.Publication.TeamB.MulhDiv.Division.DirectEquationsE.scanMarker3
REFINEMENT_THEOREM RiscvRefinement.Air.Bridge.halfPlacementGates
REFINEMENT_AXIOM RiscvRefinement.Air.Bridge.halfPlacementGates propext
REFINEMENT_AXIOM RiscvRefinement.Air.Bridge.halfPlacementGates Quot.sound
REFINEMENT_THEOREM RiscvRefinement.Opcodes.LoadMutationWord.HoldsWithoutHalfLoadExtension.byteShiftAmount
REFINEMENT_AXIOM RiscvRefinement.Opcodes.LoadMutationWord.HoldsWithoutHalfLoadExtension.byteShiftAmount propext
REFINEMENT_THEOREM RiscvRefinement.Opcodes.ShiftsRegHoldsWithoutSignUpperBound.secondSourceReadOnly
REFINEMENT_THEOREM RiscvRefinement.Air.Bridge.Branches.Lt.ProductionRefinement.fixedLookups
REFINEMENT_AXIOM RiscvRefinement.Air.Bridge.Branches.Lt.ProductionRefinement.fixedLookups propext
REFINEMENT_AXIOM RiscvRefinement.Air.Bridge.Branches.Lt.ProductionRefinement.fixedLookups Quot.sound
REFINEMENT_THEOREM RiscvRefinement.Publication.AcceptedProductionEvaluation.liveRelations
REFINEMENT_AXIOM RiscvRefinement.Publication.AcceptedProductionEvaluation.liveRelations propext
REFINEMENT_THEOREM RiscvRefinement.Air.Bridge.Branches.Lt.RawProductionRefinement.nextClock
REFINEMENT_AXIOM RiscvRefinement.Air.Bridge.Branches.Lt.RawProductionRefinement.nextClock propext
REFINEMENT_AXIOM RiscvRefinement.Air.Bridge.Branches.Lt.RawProductionRefinement.nextClock Quot.sound
REFINEMENT_THEOREM RiscvRefinement.Air.Bridge.Branches.Eq.takenAndFallthroughNonvacuous
REFINEMENT_AXIOM RiscvRefinement.Air.Bridge.Branches.Eq.takenAndFallthroughNonvacuous propext
REFINEMENT_AXIOM RiscvRefinement.Air.Bridge.Branches.Eq.takenAndFallthroughNonvacuous Quot.sound
REFINEMENT_THEOREM RiscvRefinement.Air.Bridge.LtComparator.ComparatorContract.limb0Equal
REFINEMENT_THEOREM RiscvRefinement.Publication.TeamB.MulhDiv.HighMultiply.ExactFixedProjection.sourceTwoClock
REFINEMENT_AXIOM RiscvRefinement.Publication.TeamB.MulhDiv.HighMultiply.ExactFixedProjection.sourceTwoClock propext
REFINEMENT_AXIOM RiscvRefinement.Publication.TeamB.MulhDiv.HighMultiply.ExactFixedProjection.sourceTwoClock Quot.sound
REFINEMENT_THEOREM RiscvRefinement.Opcodes.MulhHoldsWithoutSourceTwoSignBinding.destinationLimb1
REFINEMENT_THEOREM RiscvRefinement.Decode.encode_lhu_is_canonical
REFINEMENT_AXIOM RiscvRefinement.Decode.encode_lhu_is_canonical propext
REFINEMENT_AXIOM RiscvRefinement.Decode.encode_lhu_is_canonical Quot.sound
REFINEMENT_THEOREM RiscvRefinement.Opcodes.load_memory_word
REFINEMENT_AXIOM RiscvRefinement.Opcodes.load_memory_word propext
REFINEMENT_AXIOM RiscvRefinement.Opcodes.load_memory_word Quot.sound
REFINEMENT_AXIOM RiscvRefinement.Opcodes.load_memory_word Classical.choice
REFINEMENT_THEOREM RiscvRefinement.Publication.TeamB.MulhDiv.Division.DirectConsequences.remainderZeroLimb3
REFINEMENT_THEOREM RiscvRefinement.Opcodes.memoryBefore_load
REFINEMENT_AXIOM RiscvRefinement.Opcodes.memoryBefore_load propext
REFINEMENT_THEOREM RiscvRefinement.Air.Bridge.Branches.Eq.rawLookupProjection
REFINEMENT_AXIOM RiscvRefinement.Air.Bridge.Branches.Eq.rawLookupProjection propext
REFINEMENT_AXIOM RiscvRefinement.Air.Bridge.Branches.Eq.rawLookupProjection Quot.sound
REFINEMENT_THEOREM RiscvRefinement.Opcodes.BaseAluReg.add_refines
REFINEMENT_AXIOM RiscvRefinement.Opcodes.BaseAluReg.add_refines propext
REFINEMENT_AXIOM RiscvRefinement.Opcodes.BaseAluReg.add_refines Quot.sound
REFINEMENT_THEOREM RiscvRefinement.Opcodes.lh_shift
REFINEMENT_AXIOM RiscvRefinement.Opcodes.lh_shift propext
REFINEMENT_AXIOM RiscvRefinement.Opcodes.lh_shift Quot.sound
REFINEMENT_THEOREM RiscvRefinement.Opcodes.lbu_refines
REFINEMENT_AXIOM RiscvRefinement.Opcodes.lbu_refines propext
REFINEMENT_AXIOM RiscvRefinement.Opcodes.lbu_refines Quot.sound
REFINEMENT_AXIOM RiscvRefinement.Opcodes.lbu_refines Classical.choice
REFINEMENT_THEOREM RiscvRefinement.Air.Bridge.LtReg.destinationResult
REFINEMENT_AXIOM RiscvRefinement.Air.Bridge.LtReg.destinationResult propext
REFINEMENT_AXIOM RiscvRefinement.Air.Bridge.LtReg.destinationResult Quot.sound
REFINEMENT_THEOREM RiscvRefinement.Opcodes.byte_marker_cases
REFINEMENT_AXIOM RiscvRefinement.Opcodes.byte_marker_cases propext
REFINEMENT_THEOREM RiscvRefinement.Air.Family.div_flags_rem
REFINEMENT_AXIOM RiscvRefinement.Air.Family.div_flags_rem propext
REFINEMENT_THEOREM RiscvRefinement.Opcodes.LoadStoreHoldsWithoutWordLoad.byteLoadExtension
REFINEMENT_AXIOM RiscvRefinement.Opcodes.LoadStoreHoldsWithoutWordLoad.byteLoadExtension propext
REFINEMENT_THEOREM RiscvRefinement.Air.Family.ShiftsImmHolds.immediateBinds
REFINEMENT_THEOREM RiscvRefinement.Opcodes.ByteLoadMutation.lbuSignFilledByteRow_is_lbu
REFINEMENT_THEOREM RiscvRefinement.Air.Bridge.M31.toNat_reduce_of_lt
REFINEMENT_AXIOM RiscvRefinement.Air.Bridge.M31.toNat_reduce_of_lt propext
REFINEMENT_THEOREM RiscvRefinement.Opcodes.DivHoldsWithoutProductRecurrence.remainderNonzero
REFINEMENT_THEOREM RiscvRefinement.Opcodes.DivHoldsWithoutDestinationLimb0.sourceOneClock
REFINEMENT_THEOREM RiscvRefinement.Opcodes.MulhHoldsWithoutProductLimb4.productLimb1
REFINEMENT_THEOREM RiscvRefinement.Opcodes.ByteLoadMutation.ByteLoadHoldsWithoutByteSignWitness.operandClock
REFINEMENT_AXIOM RiscvRefinement.Opcodes.ByteLoadMutation.ByteLoadHoldsWithoutByteSignWitness.operandClock propext
REFINEMENT_THEOREM RiscvRefinement.Air.Bridge.BaseAluImm.ProductionRefinement.sourceConsume
REFINEMENT_AXIOM RiscvRefinement.Air.Bridge.BaseAluImm.ProductionRefinement.sourceConsume propext
REFINEMENT_AXIOM RiscvRefinement.Air.Bridge.BaseAluImm.ProductionRefinement.sourceConsume Quot.sound
REFINEMENT_THEOREM RiscvRefinement.Air.Bridge.Auipc.destinationWord
REFINEMENT_AXIOM RiscvRefinement.Air.Bridge.Auipc.destinationWord propext
REFINEMENT_AXIOM RiscvRefinement.Air.Bridge.Auipc.destinationWord Quot.sound
REFINEMENT_THEOREM RiscvRefinement.Opcodes.BranchesMutation.bgeuStateProjection_mutation_theorem
REFINEMENT_AXIOM RiscvRefinement.Opcodes.BranchesMutation.bgeuStateProjection_mutation_theorem propext
REFINEMENT_AXIOM RiscvRefinement.Opcodes.BranchesMutation.bgeuStateProjection_mutation_theorem Quot.sound
REFINEMENT_THEOREM RiscvRefinement.Publication.TeamB.Shifts.RegExactFixedProjection.carry2
REFINEMENT_AXIOM RiscvRefinement.Publication.TeamB.Shifts.RegExactFixedProjection.carry2 propext
REFINEMENT_AXIOM RiscvRefinement.Publication.TeamB.Shifts.RegExactFixedProjection.carry2 Quot.sound
REFINEMENT_THEOREM RiscvRefinement.Air.Bridge.LtReg.comparisonCorrectOfContract
REFINEMENT_AXIOM RiscvRefinement.Air.Bridge.LtReg.comparisonCorrectOfContract propext
REFINEMENT_AXIOM RiscvRefinement.Air.Bridge.LtReg.comparisonCorrectOfContract Quot.sound
REFINEMENT_THEOREM RiscvRefinement.Publication.TeamA.Compare.sltiu_accepted_air_implies_retirement
REFINEMENT_AXIOM RiscvRefinement.Publication.TeamA.Compare.sltiu_accepted_air_implies_retirement propext
REFINEMENT_AXIOM RiscvRefinement.Publication.TeamA.Compare.sltiu_accepted_air_implies_retirement Quot.sound
REFINEMENT_THEOREM RiscvRefinement.Air.Bridge.LtReg.Admission.sourceTwoPreviousBound
REFINEMENT_THEOREM RiscvRefinement.Opcodes.LoadStoreHoldsWithoutByteSignWitness.signWitnessCanonical
REFINEMENT_AXIOM RiscvRefinement.Opcodes.LoadStoreHoldsWithoutByteSignWitness.signWitnessCanonical propext
REFINEMENT_THEOREM RiscvRefinement.Opcodes.DivHoldsWithoutUnsignedDivisorSign.scanEqual1
REFINEMENT_THEOREM RiscvRefinement.Air.Family.LoadStoreHolds.byteStoreSelect
REFINEMENT_AXIOM RiscvRefinement.Air.Family.LoadStoreHolds.byteStoreSelect propext
REFINEMENT_THEOREM RiscvRefinement.Opcodes.BaseAluReg.Refinement.retirement
REFINEMENT_AXIOM RiscvRefinement.Opcodes.BaseAluReg.Refinement.retirement propext
REFINEMENT_AXIOM RiscvRefinement.Opcodes.BaseAluReg.Refinement.retirement Quot.sound
REFINEMENT_THEOREM RiscvRefinement.Air.Family.DivHolds.absSameLimb2
REFINEMENT_THEOREM RiscvRefinement.Opcodes.StoreMutation.swDroppedStoreRow_refutes
REFINEMENT_AXIOM RiscvRefinement.Opcodes.StoreMutation.swDroppedStoreRow_refutes propext
REFINEMENT_THEOREM RiscvRefinement.Opcodes.ByteLoadMutation.lb_byte_load_select_is_load_bearing
REFINEMENT_AXIOM RiscvRefinement.Opcodes.ByteLoadMutation.lb_byte_load_select_is_load_bearing propext
REFINEMENT_AXIOM RiscvRefinement.Opcodes.ByteLoadMutation.lb_byte_load_select_is_load_bearing Quot.sound
REFINEMENT_AXIOM RiscvRefinement.Opcodes.ByteLoadMutation.lb_byte_load_select_is_load_bearing Classical.choice
REFINEMENT_THEOREM RiscvRefinement.Opcodes.StoreMutation.StoreHoldsWithoutHalfStoreHigh.destinationFlag
REFINEMENT_AXIOM RiscvRefinement.Opcodes.StoreMutation.StoreHoldsWithoutHalfStoreHigh.destinationFlag propext
REFINEMENT_THEOREM RiscvRefinement.Publication.TeamB.MulhDiv.Division.baseConstraintRootZeroAt
REFINEMENT_AXIOM RiscvRefinement.Publication.TeamB.MulhDiv.Division.baseConstraintRootZeroAt propext
REFINEMENT_AXIOM RiscvRefinement.Publication.TeamB.MulhDiv.Division.baseConstraintRootZeroAt Quot.sound
REFINEMENT_THEOREM RiscvRefinement.Opcodes.shifts_reg_second_source_word
REFINEMENT_AXIOM RiscvRefinement.Opcodes.shifts_reg_second_source_word propext
REFINEMENT_AXIOM RiscvRefinement.Opcodes.shifts_reg_second_source_word Quot.sound
REFINEMENT_THEOREM RiscvRefinement.Publication.TeamB.MulhDiv.Division.difficultFixedProjectionAt
REFINEMENT_AXIOM RiscvRefinement.Publication.TeamB.MulhDiv.Division.difficultFixedProjectionAt propext
REFINEMENT_AXIOM RiscvRefinement.Publication.TeamB.MulhDiv.Division.difficultFixedProjectionAt Quot.sound
REFINEMENT_THEOREM RiscvRefinement.Air.Bridge.LtImm.sourceReadOnly
REFINEMENT_AXIOM RiscvRefinement.Air.Bridge.LtImm.sourceReadOnly propext
REFINEMENT_AXIOM RiscvRefinement.Air.Bridge.LtImm.sourceReadOnly Quot.sound
REFINEMENT_THEOREM RiscvRefinement.M31.zero_mul
REFINEMENT_AXIOM RiscvRefinement.M31.zero_mul propext
REFINEMENT_THEOREM RiscvRefinement.Opcodes.DivHoldsWithoutUnsignedDivisorSign.destinationLimb0
REFINEMENT_THEOREM RiscvRefinement.Opcodes.Lt.Imm.slti_nonvacuous
REFINEMENT_AXIOM RiscvRefinement.Opcodes.Lt.Imm.slti_nonvacuous propext
REFINEMENT_AXIOM RiscvRefinement.Opcodes.Lt.Imm.slti_nonvacuous Quot.sound
REFINEMENT_THEOREM RiscvRefinement.Air.Family.divu_result_word
REFINEMENT_AXIOM RiscvRefinement.Air.Family.divu_result_word propext
REFINEMENT_AXIOM RiscvRefinement.Air.Family.divu_result_word Quot.sound
REFINEMENT_AXIOM RiscvRefinement.Air.Family.divu_result_word Classical.choice
REFINEMENT_THEOREM RiscvRefinement.Opcodes.DivHoldsWithoutDividendSignBit.sourceOneLimb3
REFINEMENT_THEOREM RiscvRefinement.Air.Bridge.Auipc.acceptanceNonvacuous
REFINEMENT_AXIOM RiscvRefinement.Air.Bridge.Auipc.acceptanceNonvacuous propext
REFINEMENT_AXIOM RiscvRefinement.Air.Bridge.Auipc.acceptanceNonvacuous Quot.sound
REFINEMENT_THEOREM RiscvRefinement.Air.SymbolicEvaluation.fixedRequestHolds_of_lookup
REFINEMENT_AXIOM RiscvRefinement.Air.SymbolicEvaluation.fixedRequestHolds_of_lookup propext
REFINEMENT_AXIOM RiscvRefinement.Air.SymbolicEvaluation.fixedRequestHolds_of_lookup Quot.sound
REFINEMENT_THEOREM RiscvRefinement.Opcodes.DivHoldsWithoutProductRecurrence.absSameLimb3
REFINEMENT_THEOREM RiscvRefinement.Opcodes.Branches.Lt.blt_nonvacuity_theorem
REFINEMENT_AXIOM RiscvRefinement.Opcodes.Branches.Lt.blt_nonvacuity_theorem propext
REFINEMENT_AXIOM RiscvRefinement.Opcodes.Branches.Lt.blt_nonvacuity_theorem Quot.sound
REFINEMENT_AXIOM RiscvRefinement.Opcodes.Branches.Lt.blt_nonvacuity_theorem Classical.choice
REFINEMENT_THEOREM RiscvRefinement.Publication.TeamA.localPublicationCoverage
REFINEMENT_THEOREM RiscvRefinement.Opcodes.StoreRefinement.memoryConsume
REFINEMENT_AXIOM RiscvRefinement.Opcodes.StoreRefinement.memoryConsume propext
REFINEMENT_AXIOM RiscvRefinement.Opcodes.StoreRefinement.memoryConsume Quot.sound
REFINEMENT_THEOREM RiscvRefinement.Air.Bridge.Jalr.ProductionRefinement.sourceOuter
REFINEMENT_AXIOM RiscvRefinement.Air.Bridge.Jalr.ProductionRefinement.sourceOuter propext
REFINEMENT_AXIOM RiscvRefinement.Air.Bridge.Jalr.ProductionRefinement.sourceOuter Quot.sound
REFINEMENT_THEOREM RiscvRefinement.Opcodes.LoadStoreHoldsWithoutByteSignWitness.clockPositive
REFINEMENT_AXIOM RiscvRefinement.Opcodes.LoadStoreHoldsWithoutByteSignWitness.clockPositive propext
REFINEMENT_THEOREM RiscvRefinement.Decode.isStore_fields
REFINEMENT_AXIOM RiscvRefinement.Decode.isStore_fields propext
REFINEMENT_THEOREM RiscvRefinement.M31.toNat_one
REFINEMENT_THEOREM RiscvRefinement.Publication.TeamB.MulhDiv.Division.DirectEquationsF.destinationZero
REFINEMENT_THEOREM RiscvRefinement.Opcodes.ShiftsRegHoldsWithoutSignUpperBound.shiftAmountBinds
REFINEMENT_THEOREM RiscvRefinement.Publication.TeamB.MulhDiv.Division.DirectEquationsE.negCarryInverse2
REFINEMENT_THEOREM RiscvRefinement.Air.Family.MulhHolds.sourceOneLimb1
REFINEMENT_THEOREM RiscvRefinement.Air.Bridge.Fence.selectorAccepted
REFINEMENT_AXIOM RiscvRefinement.Air.Bridge.Fence.selectorAccepted propext
REFINEMENT_AXIOM RiscvRefinement.Air.Bridge.Fence.selectorAccepted Quot.sound
REFINEMENT_THEOREM RiscvRefinement.Publication.TeamA.AcceptedAirCertificate.retirement
REFINEMENT_THEOREM RiscvRefinement.Opcodes.JalMutation.wrongStateEmit_refutes
REFINEMENT_AXIOM RiscvRefinement.Opcodes.JalMutation.wrongStateEmit_refutes propext
REFINEMENT_AXIOM RiscvRefinement.Opcodes.JalMutation.wrongStateEmit_refutes Quot.sound
REFINEMENT_THEOREM RiscvRefinement.Air.Bridge.Jalr.unalignedTargetValue
REFINEMENT_AXIOM RiscvRefinement.Air.Bridge.Jalr.unalignedTargetValue propext
REFINEMENT_AXIOM RiscvRefinement.Air.Bridge.Jalr.unalignedTargetValue Quot.sound
REFINEMENT_AXIOM RiscvRefinement.Air.Bridge.Jalr.unalignedTargetValue Classical.choice
REFINEMENT_THEOREM RiscvRefinement.Opcodes.Branches.Lt.ordered_signedness_theorem
REFINEMENT_AXIOM RiscvRefinement.Opcodes.Branches.Lt.ordered_signedness_theorem propext
REFINEMENT_THEOREM RiscvRefinement.Opcodes.StoreRefinement.baseConsume
REFINEMENT_AXIOM RiscvRefinement.Opcodes.StoreRefinement.baseConsume propext
REFINEMENT_AXIOM RiscvRefinement.Opcodes.StoreRefinement.baseConsume Quot.sound
REFINEMENT_THEOREM RiscvRefinement.Air.Bridge.MulhCircuit.nodeCount_of_wellFormed
REFINEMENT_AXIOM RiscvRefinement.Air.Bridge.MulhCircuit.nodeCount_of_wellFormed propext
REFINEMENT_THEOREM RiscvRefinement.Opcodes.MulhHoldsWithoutSourceOneSignBinding.unsignedSourceOne
REFINEMENT_THEOREM RiscvRefinement.Air.Bridge.M31.sub_self
REFINEMENT_AXIOM RiscvRefinement.Air.Bridge.M31.sub_self propext
REFINEMENT_AXIOM RiscvRefinement.Air.Bridge.M31.sub_self Quot.sound
REFINEMENT_THEOREM RiscvRefinement.Air.Bridge.LtImm.Admission.sourcePreviousBound
REFINEMENT_THEOREM RiscvRefinement.Air.Family.MulhHolds.clockPositive
REFINEMENT_THEOREM RiscvRefinement.Opcodes.MulhHoldsWithoutSourceTwoSignBinding.sourceTwoClock
REFINEMENT_THEOREM RiscvRefinement.Opcodes.multiplyExtendedSetWidth
REFINEMENT_AXIOM RiscvRefinement.Opcodes.multiplyExtendedSetWidth propext
REFINEMENT_AXIOM RiscvRefinement.Opcodes.multiplyExtendedSetWidth Quot.sound
REFINEMENT_THEOREM RiscvRefinement.Air.Family.LoadStoreHolds.halfShiftAmount
REFINEMENT_AXIOM RiscvRefinement.Air.Family.LoadStoreHolds.halfShiftAmount propext
REFINEMENT_THEOREM RiscvRefinement.Opcodes.DivHoldsWithoutSignXorDefinition.absSameLimb3
REFINEMENT_THEOREM RiscvRefinement.Air.Bridge.Auipc.carryRecurrence_of_constraints
REFINEMENT_AXIOM RiscvRefinement.Air.Bridge.Auipc.carryRecurrence_of_constraints propext
REFINEMENT_AXIOM RiscvRefinement.Air.Bridge.Auipc.carryRecurrence_of_constraints Quot.sound
REFINEMENT_THEOREM RiscvRefinement.Air.Bridge.Addi.destinationClockGapBound_of_fixedLookups
REFINEMENT_AXIOM RiscvRefinement.Air.Bridge.Addi.destinationClockGapBound_of_fixedLookups propext
REFINEMENT_AXIOM RiscvRefinement.Air.Bridge.Addi.destinationClockGapBound_of_fixedLookups Quot.sound
REFINEMENT_THEOREM RiscvRefinement.Publication.TeamB.MulhDiv.Division.DirectEquationsB.remainderZero1
REFINEMENT_THEOREM RiscvRefinement.Opcodes.DivHoldsWithoutSignXorDefinition.scanEqual2
REFINEMENT_THEOREM RiscvRefinement.Publication.TeamB.MulhDiv.Division.node315
REFINEMENT_AXIOM RiscvRefinement.Publication.TeamB.MulhDiv.Division.node315 propext
REFINEMENT_AXIOM RiscvRefinement.Publication.TeamB.MulhDiv.Division.node315 Quot.sound
REFINEMENT_THEOREM RiscvRefinement.Publication.TeamB.LoadStore.DirectEquations.destinationSelector
REFINEMENT_THEOREM RiscvRefinement.Air.Bridge.Jal.ProductionRefinement.exactLookups
REFINEMENT_AXIOM RiscvRefinement.Air.Bridge.Jal.ProductionRefinement.exactLookups propext
REFINEMENT_AXIOM RiscvRefinement.Air.Bridge.Jal.ProductionRefinement.exactLookups Quot.sound
REFINEMENT_THEOREM RiscvRefinement.Opcodes.Jal.Refinement.stateEmit
REFINEMENT_AXIOM RiscvRefinement.Opcodes.Jal.Refinement.stateEmit propext
REFINEMENT_AXIOM RiscvRefinement.Opcodes.Jal.Refinement.stateEmit Quot.sound
REFINEMENT_THEOREM RiscvRefinement.Opcodes.DivHoldsWithoutScanTotal.absSameLimb3
REFINEMENT_THEOREM RiscvRefinement.Opcodes.DivHoldsWithoutNegationRecurrence.sourceOneLimb3
REFINEMENT_THEOREM RiscvRefinement.Opcodes.ShiftsRegEnvironment.wordBinds
REFINEMENT_AXIOM RiscvRefinement.Opcodes.ShiftsRegEnvironment.wordBinds propext
REFINEMENT_AXIOM RiscvRefinement.Opcodes.ShiftsRegEnvironment.wordBinds Quot.sound
REFINEMENT_THEOREM RiscvRefinement.Opcodes.Branches.Lt.Refinement.decision
REFINEMENT_AXIOM RiscvRefinement.Opcodes.Branches.Lt.Refinement.decision propext
REFINEMENT_AXIOM RiscvRefinement.Opcodes.Branches.Lt.Refinement.decision Quot.sound
REFINEMENT_THEOREM RiscvRefinement.Air.Bridge.LtImm.sound
REFINEMENT_AXIOM RiscvRefinement.Air.Bridge.LtImm.sound propext
REFINEMENT_AXIOM RiscvRefinement.Air.Bridge.LtImm.sound Quot.sound
REFINEMENT_THEOREM RiscvRefinement.Publication.TeamB.MulhDiv.fixedRange811BoundsOfLookup
REFINEMENT_AXIOM RiscvRefinement.Publication.TeamB.MulhDiv.fixedRange811BoundsOfLookup propext
REFINEMENT_AXIOM RiscvRefinement.Publication.TeamB.MulhDiv.fixedRange811BoundsOfLookup Quot.sound
REFINEMENT_THEOREM RiscvRefinement.Publication.TeamB.LoadStore.baseConstraintRootZero
REFINEMENT_AXIOM RiscvRefinement.Publication.TeamB.LoadStore.baseConstraintRootZero propext
REFINEMENT_AXIOM RiscvRefinement.Publication.TeamB.LoadStore.baseConstraintRootZero Quot.sound
REFINEMENT_THEOREM RiscvRefinement.Opcodes.DivHoldsWithoutSignXorDefinition.destinationLimb0
REFINEMENT_THEOREM RiscvRefinement.Opcodes.BaseAluMutation.Reg.wrongStateEmit_refutes
REFINEMENT_AXIOM RiscvRefinement.Opcodes.BaseAluMutation.Reg.wrongStateEmit_refutes propext
REFINEMENT_AXIOM RiscvRefinement.Opcodes.BaseAluMutation.Reg.wrongStateEmit_refutes Quot.sound
REFINEMENT_THEOREM RiscvRefinement.Opcodes.DivHoldsWithoutDividendSignBit.zeroDivisorLimb0
REFINEMENT_THEOREM RiscvRefinement.Opcodes.divu_conclusion_sound
REFINEMENT_AXIOM RiscvRefinement.Opcodes.divu_conclusion_sound propext
REFINEMENT_AXIOM RiscvRefinement.Opcodes.divu_conclusion_sound Quot.sound
REFINEMENT_AXIOM RiscvRefinement.Opcodes.divu_conclusion_sound Classical.choice
REFINEMENT_THEOREM RiscvRefinement.Air.Family.DivHolds.clockPositive
REFINEMENT_THEOREM RiscvRefinement.Opcodes.StoreMutation.StoreHoldsWithoutHalfStoreHigh.memoryClock
REFINEMENT_AXIOM RiscvRefinement.Opcodes.StoreMutation.StoreHoldsWithoutHalfStoreHigh.memoryClock propext
REFINEMENT_THEOREM RiscvRefinement.Opcodes.BaseAluImm.sourceAliasRefinementNonvacuous
REFINEMENT_AXIOM RiscvRefinement.Opcodes.BaseAluImm.sourceAliasRefinementNonvacuous propext
REFINEMENT_AXIOM RiscvRefinement.Opcodes.BaseAluImm.sourceAliasRefinementNonvacuous Quot.sound
REFINEMENT_AXIOM RiscvRefinement.Opcodes.BaseAluImm.sourceAliasRefinementNonvacuous Classical.choice
REFINEMENT_THEOREM RiscvRefinement.Opcodes.mulhuFreeHighLimbRow_satisfies
REFINEMENT_AXIOM RiscvRefinement.Opcodes.mulhuFreeHighLimbRow_satisfies propext
REFINEMENT_AXIOM RiscvRefinement.Opcodes.mulhuFreeHighLimbRow_satisfies Quot.sound
REFINEMENT_THEOREM RiscvRefinement.Publication.TeamB.MulhDiv.Division.sourceOneConsumeProjectionAt
REFINEMENT_AXIOM RiscvRefinement.Publication.TeamB.MulhDiv.Division.sourceOneConsumeProjectionAt propext
REFINEMENT_AXIOM RiscvRefinement.Publication.TeamB.MulhDiv.Division.sourceOneConsumeProjectionAt Quot.sound
REFINEMENT_THEOREM RiscvRefinement.Publication.TeamB.MulhDiv.HighMultiply.constraintRootZero
REFINEMENT_AXIOM RiscvRefinement.Publication.TeamB.MulhDiv.HighMultiply.constraintRootZero propext
REFINEMENT_AXIOM RiscvRefinement.Publication.TeamB.MulhDiv.HighMultiply.constraintRootZero Quot.sound
REFINEMENT_THEOREM RiscvRefinement.Opcodes.Branches.Eq.Refinement.decision
REFINEMENT_AXIOM RiscvRefinement.Opcodes.Branches.Eq.Refinement.decision propext
REFINEMENT_AXIOM RiscvRefinement.Opcodes.Branches.Eq.Refinement.decision Quot.sound
REFINEMENT_THEOREM RiscvRefinement.Publication.TeamB.MulhDiv.Division.difficultTupleRawLookup_selected
REFINEMENT_AXIOM RiscvRefinement.Publication.TeamB.MulhDiv.Division.difficultTupleRawLookup_selected propext
REFINEMENT_THEOREM RiscvRefinement.Publication.TeamB.MulhDiv.HighMultiply.DirectConsequences.sourceTwo
REFINEMENT_THEOREM RiscvRefinement.Publication.TeamB.Shifts.srai_accepted_air_implies_retirement
REFINEMENT_AXIOM RiscvRefinement.Publication.TeamB.Shifts.srai_accepted_air_implies_retirement propext
REFINEMENT_AXIOM RiscvRefinement.Publication.TeamB.Shifts.srai_accepted_air_implies_retirement Quot.sound
REFINEMENT_AXIOM RiscvRefinement.Publication.TeamB.Shifts.srai_accepted_air_implies_retirement Classical.choice
REFINEMENT_THEOREM RiscvRefinement.Air.Bridge.LtReg.acceptanceNonvacuous
REFINEMENT_AXIOM RiscvRefinement.Air.Bridge.LtReg.acceptanceNonvacuous propext
REFINEMENT_AXIOM RiscvRefinement.Air.Bridge.LtReg.acceptanceNonvacuous Quot.sound
REFINEMENT_THEOREM RiscvRefinement.Opcodes.MulhRefinement.retirement
REFINEMENT_AXIOM RiscvRefinement.Opcodes.MulhRefinement.retirement propext
REFINEMENT_THEOREM RiscvRefinement.Opcodes.LoadStoreHoldsWithoutHalfLoadHigh.operandClock
REFINEMENT_AXIOM RiscvRefinement.Opcodes.LoadStoreHoldsWithoutHalfLoadHigh.operandClock propext
REFINEMENT_THEOREM RiscvRefinement.Air.Bridge.Jalr.sourceAliasAcceptance
REFINEMENT_AXIOM RiscvRefinement.Air.Bridge.Jalr.sourceAliasAcceptance propext
REFINEMENT_AXIOM RiscvRefinement.Air.Bridge.Jalr.sourceAliasAcceptance Quot.sound
REFINEMENT_THEOREM RiscvRefinement.Air.Family.LoadStoreHolds.memoryClock
REFINEMENT_AXIOM RiscvRefinement.Air.Family.LoadStoreHolds.memoryClock propext
REFINEMENT_THEOREM RiscvRefinement.Opcodes.DivHoldsWithoutSignXorDefinition.sourceTwoLimb3
REFINEMENT_THEOREM RiscvRefinement.Opcodes.DivRefinement.noStore
REFINEMENT_THEOREM RiscvRefinement.Opcodes.slli_refines
REFINEMENT_AXIOM RiscvRefinement.Opcodes.slli_refines propext
REFINEMENT_AXIOM RiscvRefinement.Opcodes.slli_refines Quot.sound
REFINEMENT_AXIOM RiscvRefinement.Opcodes.slli_refines Classical.choice
REFINEMENT_THEOREM RiscvRefinement.Opcodes.mulhMutationExtra_witnesses_not_sound
REFINEMENT_AXIOM RiscvRefinement.Opcodes.mulhMutationExtra_witnesses_not_sound propext
REFINEMENT_AXIOM RiscvRefinement.Opcodes.mulhMutationExtra_witnesses_not_sound Quot.sound
REFINEMENT_AXIOM RiscvRefinement.Opcodes.mulhMutationExtra_witnesses_not_sound Classical.choice
REFINEMENT_THEOREM RiscvRefinement.Opcodes.LoadMutationWord.HoldsWithoutHalfLoadExtension.operandClock
REFINEMENT_AXIOM RiscvRefinement.Opcodes.LoadMutationWord.HoldsWithoutHalfLoadExtension.operandClock propext
REFINEMENT_THEOREM RiscvRefinement.Opcodes.MulhHoldsWithoutSourceTwoSignBinding.sourceTwoLimb0
REFINEMENT_THEOREM RiscvRefinement.Publication.TeamB.LoadStore.constraintsHold_eq
REFINEMENT_AXIOM RiscvRefinement.Publication.TeamB.LoadStore.constraintsHold_eq propext
REFINEMENT_AXIOM RiscvRefinement.Publication.TeamB.LoadStore.constraintsHold_eq Quot.sound
REFINEMENT_THEOREM RiscvRefinement.Publication.TeamB.Shifts.srli_accepted_air_implies_retirement
REFINEMENT_AXIOM RiscvRefinement.Publication.TeamB.Shifts.srli_accepted_air_implies_retirement propext
REFINEMENT_AXIOM RiscvRefinement.Publication.TeamB.Shifts.srli_accepted_air_implies_retirement Quot.sound
REFINEMENT_AXIOM RiscvRefinement.Publication.TeamB.Shifts.srli_accepted_air_implies_retirement Classical.choice
REFINEMENT_THEOREM RiscvRefinement.Opcodes.LoadMutationWord.HoldsWithoutHalfLoadExtension.halfLoadLow
REFINEMENT_AXIOM RiscvRefinement.Opcodes.LoadMutationWord.HoldsWithoutHalfLoadExtension.halfLoadLow propext
REFINEMENT_THEOREM RiscvRefinement.Opcodes.ShiftsImmRefinement.stateConsume
REFINEMENT_AXIOM RiscvRefinement.Opcodes.ShiftsImmRefinement.stateConsume propext
REFINEMENT_AXIOM RiscvRefinement.Opcodes.ShiftsImmRefinement.stateConsume Quot.sound
REFINEMENT_THEOREM RiscvRefinement.Opcodes.StoreMutation.StoreHoldsWithoutHalfStoreHigh.partialStorePreserve
REFINEMENT_AXIOM RiscvRefinement.Opcodes.StoreMutation.StoreHoldsWithoutHalfStoreHigh.partialStorePreserve propext
REFINEMENT_THEOREM RiscvRefinement.Decode.base_and_m_extension_are_disjoint
REFINEMENT_AXIOM RiscvRefinement.Decode.base_and_m_extension_are_disjoint propext
REFINEMENT_THEOREM RiscvRefinement.Air.Family.mulhSourceOneStable
REFINEMENT_AXIOM RiscvRefinement.Air.Family.mulhSourceOneStable propext
REFINEMENT_THEOREM RiscvRefinement.Air.Bridge.Jal.resultM31RequestHolds
REFINEMENT_AXIOM RiscvRefinement.Air.Bridge.Jal.resultM31RequestHolds propext
REFINEMENT_AXIOM RiscvRefinement.Air.Bridge.Jal.resultM31RequestHolds Quot.sound
REFINEMENT_THEOREM RiscvRefinement.Air.Bridge.Auipc.immediateTrueImpliesHighLimb
REFINEMENT_AXIOM RiscvRefinement.Air.Bridge.Auipc.immediateTrueImpliesHighLimb propext
REFINEMENT_AXIOM RiscvRefinement.Air.Bridge.Auipc.immediateTrueImpliesHighLimb Quot.sound
REFINEMENT_THEOREM RiscvRefinement.Opcodes.StoreMutation.StoreHoldsWithoutHalfStoreHigh.loadDestination
REFINEMENT_AXIOM RiscvRefinement.Opcodes.StoreMutation.StoreHoldsWithoutHalfStoreHigh.loadDestination propext
REFINEMENT_THEOREM RiscvRefinement.Opcodes.LoadStoreHoldsWithoutPartialStorePreserve.alignedQuarterRange
REFINEMENT_AXIOM RiscvRefinement.Opcodes.LoadStoreHoldsWithoutPartialStorePreserve.alignedQuarterRange propext
REFINEMENT_THEOREM RiscvRefinement.Opcodes.BaseAluMutation.Imm.wrongStateEmit_satisfies
REFINEMENT_AXIOM RiscvRefinement.Opcodes.BaseAluMutation.Imm.wrongStateEmit_satisfies propext
REFINEMENT_AXIOM RiscvRefinement.Opcodes.BaseAluMutation.Imm.wrongStateEmit_satisfies Quot.sound
REFINEMENT_THEOREM RiscvRefinement.Sail.Reviewed.executeRem_overflow
REFINEMENT_AXIOM RiscvRefinement.Sail.Reviewed.executeRem_overflow propext
REFINEMENT_THEOREM RiscvRefinement.Opcodes.LoadStoreHoldsWithoutByteSignWitness.halfLoadExtension
REFINEMENT_AXIOM RiscvRefinement.Opcodes.LoadStoreHoldsWithoutByteSignWitness.halfLoadExtension propext
REFINEMENT_THEOREM RiscvRefinement.Opcodes.StoreMutation.StoreHoldsWithoutPartialStorePreserve.byteLoadSelect
REFINEMENT_AXIOM RiscvRefinement.Opcodes.StoreMutation.StoreHoldsWithoutPartialStorePreserve.byteLoadSelect propext
REFINEMENT_THEOREM RiscvRefinement.Publication.TeamB.MulhDiv.Division.productRecurrence6ConvolutionImage
REFINEMENT_AXIOM RiscvRefinement.Publication.TeamB.MulhDiv.Division.productRecurrence6ConvolutionImage propext
REFINEMENT_THEOREM RiscvRefinement.Opcodes.MulhsuRefinement.destinationEmit
REFINEMENT_AXIOM RiscvRefinement.Opcodes.MulhsuRefinement.destinationEmit propext
REFINEMENT_THEOREM RiscvRefinement.Air.Bridge.mulProgramCompiled_value_eq_evalNodes
REFINEMENT_AXIOM RiscvRefinement.Air.Bridge.mulProgramCompiled_value_eq_evalNodes propext
REFINEMENT_AXIOM RiscvRefinement.Air.Bridge.mulProgramCompiled_value_eq_evalNodes Quot.sound
REFINEMENT_THEOREM RiscvRefinement.Opcodes.DivHoldsWithoutUnsignedDivisorSign.scanEqual2
REFINEMENT_THEOREM RiscvRefinement.Opcodes.LoadMutationWord.lhuSignExtendedRow_not_sound
REFINEMENT_AXIOM RiscvRefinement.Opcodes.LoadMutationWord.lhuSignExtendedRow_not_sound propext
REFINEMENT_AXIOM RiscvRefinement.Opcodes.LoadMutationWord.lhuSignExtendedRow_not_sound Quot.sound
REFINEMENT_THEOREM RiscvRefinement.Opcodes.DivHoldsWithoutNegationRecurrence.quotientSignMatches
REFINEMENT_THEOREM RiscvRefinement.Opcodes.mask_sh
REFINEMENT_AXIOM RiscvRefinement.Opcodes.mask_sh propext
REFINEMENT_THEOREM RiscvRefinement.Air.Family.bitValue_false
REFINEMENT_THEOREM RiscvRefinement.Opcodes.slliFreeAmountRow_satisfies
REFINEMENT_AXIOM RiscvRefinement.Opcodes.slliFreeAmountRow_satisfies propext
REFINEMENT_THEOREM RiscvRefinement.Opcodes.StoreMutation.StoreHoldsWithoutHalfStoreHigh.operandClock
REFINEMENT_AXIOM RiscvRefinement.Opcodes.StoreMutation.StoreHoldsWithoutHalfStoreHigh.operandClock propext
REFINEMENT_THEOREM RiscvRefinement.Opcodes.sw_refines
REFINEMENT_AXIOM RiscvRefinement.Opcodes.sw_refines propext
REFINEMENT_AXIOM RiscvRefinement.Opcodes.sw_refines Quot.sound
REFINEMENT_AXIOM RiscvRefinement.Opcodes.sw_refines Classical.choice
REFINEMENT_THEOREM RiscvRefinement.Opcodes.LoadStoreHoldsWithoutByteSignWitness.partialStorePreserve
REFINEMENT_AXIOM RiscvRefinement.Opcodes.LoadStoreHoldsWithoutByteSignWitness.partialStorePreserve propext
REFINEMENT_THEOREM RiscvRefinement.Publication.TeamB.Multiply.SelectorAdmission.manifest
REFINEMENT_AXIOM RiscvRefinement.Publication.TeamB.Multiply.SelectorAdmission.manifest propext
REFINEMENT_AXIOM RiscvRefinement.Publication.TeamB.Multiply.SelectorAdmission.manifest Quot.sound
REFINEMENT_THEOREM RiscvRefinement.Opcodes.mulhHolds_weakens_sourceOneSignBinding
REFINEMENT_THEOREM RiscvRefinement.Opcodes.DivHoldsWithoutZeroDivisorQuotient0.sourceOneLimb2
REFINEMENT_THEOREM RiscvRefinement.Air.Bridge.BaseAluReg.addOverflowNonvacuous
REFINEMENT_AXIOM RiscvRefinement.Air.Bridge.BaseAluReg.addOverflowNonvacuous propext
REFINEMENT_AXIOM RiscvRefinement.Air.Bridge.BaseAluReg.addOverflowNonvacuous Quot.sound
REFINEMENT_THEOREM RiscvRefinement.Air.Bridge.Jalr.u32Addition
REFINEMENT_AXIOM RiscvRefinement.Air.Bridge.Jalr.u32Addition propext
REFINEMENT_AXIOM RiscvRefinement.Air.Bridge.Jalr.u32Addition Quot.sound
REFINEMENT_AXIOM RiscvRefinement.Air.Bridge.Jalr.u32Addition Classical.choice
REFINEMENT_THEOREM RiscvRefinement.Opcodes.Lt.Imm.slti_selectorAccepted
REFINEMENT_AXIOM RiscvRefinement.Opcodes.Lt.Imm.slti_selectorAccepted propext
REFINEMENT_AXIOM RiscvRefinement.Opcodes.Lt.Imm.slti_selectorAccepted Quot.sound
REFINEMENT_THEOREM RiscvRefinement.Air.Family.MulHolds.sourceOneLimb0
REFINEMENT_THEOREM RiscvRefinement.Publication.TeamB.MulhDiv.Division.DirectEquationsA.specialExclusive
REFINEMENT_THEOREM RiscvRefinement.Opcodes.mulhsuSignedSourceTwoRow_refutes
REFINEMENT_AXIOM RiscvRefinement.Opcodes.mulhsuSignedSourceTwoRow_refutes propext
REFINEMENT_THEOREM RiscvRefinement.Sail.Reviewed.shifts_to_x0_are_silent
REFINEMENT_AXIOM RiscvRefinement.Sail.Reviewed.shifts_to_x0_are_silent propext
REFINEMENT_THEOREM RiscvRefinement.Air.Bridge.Branches.Lt.RawProductionRefinement.fixedLookups
REFINEMENT_AXIOM RiscvRefinement.Air.Bridge.Branches.Lt.RawProductionRefinement.fixedLookups propext
REFINEMENT_AXIOM RiscvRefinement.Air.Bridge.Branches.Lt.RawProductionRefinement.fixedLookups Quot.sound
REFINEMENT_THEOREM RiscvRefinement.Air.Bridge.Jalr.sourceAliasReadBeforeWrite
REFINEMENT_AXIOM RiscvRefinement.Air.Bridge.Jalr.sourceAliasReadBeforeWrite propext
REFINEMENT_AXIOM RiscvRefinement.Air.Bridge.Jalr.sourceAliasReadBeforeWrite Quot.sound
REFINEMENT_THEOREM RiscvRefinement.Air.Family.LoadStoreHolds.wordStore
REFINEMENT_AXIOM RiscvRefinement.Air.Family.LoadStoreHolds.wordStore propext
REFINEMENT_THEOREM RiscvRefinement.Opcodes.LoadMutationWord.HoldsWithoutHalfLoadExtension.sourceReadOnly
REFINEMENT_AXIOM RiscvRefinement.Opcodes.LoadMutationWord.HoldsWithoutHalfLoadExtension.sourceReadOnly propext
REFINEMENT_THEOREM RiscvRefinement.Air.Bridge.M31.mul_inverse
REFINEMENT_AXIOM RiscvRefinement.Air.Bridge.M31.mul_inverse propext
REFINEMENT_THEOREM RiscvRefinement.Opcodes.DivHoldsWithoutUnsignedDivisorSign.scanMarker1
REFINEMENT_THEOREM RiscvRefinement.Opcodes.DivHoldsWithoutSignXorDefinition.remainderZeroLimb1
REFINEMENT_THEOREM RiscvRefinement.Opcodes.srlFreeLowByteRow_has_one_wrong_byte
REFINEMENT_AXIOM RiscvRefinement.Opcodes.srlFreeLowByteRow_has_one_wrong_byte propext
REFINEMENT_THEOREM RiscvRefinement.Opcodes.DivHoldsWithoutSignXorDefinition.ltDiffLower
REFINEMENT_THEOREM RiscvRefinement.Opcodes.DivHoldsWithoutDestinationLimb0.unsignedDividendSign
REFINEMENT_THEOREM RiscvRefinement.Opcodes.BaseAluImm.xori_refines
REFINEMENT_AXIOM RiscvRefinement.Opcodes.BaseAluImm.xori_refines propext
REFINEMENT_AXIOM RiscvRefinement.Opcodes.BaseAluImm.xori_refines Quot.sound
REFINEMENT_AXIOM RiscvRefinement.Opcodes.BaseAluImm.xori_refines Classical.choice
REFINEMENT_THEOREM RiscvRefinement.Publication.TeamB.LoadStore.ExactTupleProjection.sourceEmit
REFINEMENT_AXIOM RiscvRefinement.Publication.TeamB.LoadStore.ExactTupleProjection.sourceEmit propext
REFINEMENT_AXIOM RiscvRefinement.Publication.TeamB.LoadStore.ExactTupleProjection.sourceEmit Quot.sound
REFINEMENT_THEOREM RiscvRefinement.Air.Bridge.Jalr.Admission.pcProfileBound
REFINEMENT_THEOREM RiscvRefinement.Publication.TeamB.MulhDiv.Division.ScanConsequences.marker3
REFINEMENT_THEOREM RiscvRefinement.Air.Bridge.BaseAluImm.ProductionRefinement.destinationValue
REFINEMENT_AXIOM RiscvRefinement.Air.Bridge.BaseAluImm.ProductionRefinement.destinationValue propext
REFINEMENT_AXIOM RiscvRefinement.Air.Bridge.BaseAluImm.ProductionRefinement.destinationValue Quot.sound
REFINEMENT_THEOREM RiscvRefinement.Opcodes.ByteLoadMutation.lbuSignFilledByteRow_satisfies
REFINEMENT_AXIOM RiscvRefinement.Opcodes.ByteLoadMutation.lbuSignFilledByteRow_satisfies propext
REFINEMENT_THEOREM RiscvRefinement.Opcodes.byteOffset_toNat
REFINEMENT_AXIOM RiscvRefinement.Opcodes.byteOffset_toNat propext
REFINEMENT_AXIOM RiscvRefinement.Opcodes.byteOffset_toNat Quot.sound
REFINEMENT_THEOREM RiscvRefinement.Opcodes.LoadMutationWord.HoldsWithoutWordLoad.halfMarkerSum
REFINEMENT_AXIOM RiscvRefinement.Opcodes.LoadMutationWord.HoldsWithoutWordLoad.halfMarkerSum propext
REFINEMENT_THEOREM RiscvRefinement.Opcodes.NonVacuity.lhHigh_holds
REFINEMENT_AXIOM RiscvRefinement.Opcodes.NonVacuity.lhHigh_holds propext
REFINEMENT_THEOREM RiscvRefinement.Opcodes.divWitnessZeroDestination_writes_nothing
REFINEMENT_THEOREM RiscvRefinement.Air.Family.DivHolds.zeroDivisorQuotient0
REFINEMENT_THEOREM RiscvRefinement.Opcodes.DivHoldsWithoutUnsignedDivisorSign.zeroDivisorQuotient2
REFINEMENT_THEOREM RiscvRefinement.Publication.TeamB.MulhDiv.Division.ScanConsequences.equal1
REFINEMENT_THEOREM RiscvRefinement.Publication.TeamB.Shifts.RegPublicationResult.selectedProgram
REFINEMENT_AXIOM RiscvRefinement.Publication.TeamB.Shifts.RegPublicationResult.selectedProgram propext
REFINEMENT_AXIOM RiscvRefinement.Publication.TeamB.Shifts.RegPublicationResult.selectedProgram Quot.sound
REFINEMENT_THEOREM RiscvRefinement.Opcodes.StoreMutation.StoreHoldsWithoutPartialStorePreserve.halfLoadExtension
REFINEMENT_AXIOM RiscvRefinement.Opcodes.StoreMutation.StoreHoldsWithoutPartialStorePreserve.halfLoadExtension propext
REFINEMENT_THEOREM RiscvRefinement.Opcodes.DivHoldsWithoutUnsignedDivisorSign.zeroDivisorLimb3
