record	key	value
meta	format	STWAIRM-v1
meta	policy	stwo.typed-air.materialize.cost-frontier-v1
meta	cost_scope	stwo.typed-air.cost.poseidon2-permutation-direct
meta	cost_scope_version	1
meta	semantic_digest	9e8c3b5accdc2be31cf8ca128b5b27c87613f691ee8fd25e031f4286ceac81ed
meta	cost_model_digest	12670408a3c3020c62d279c997338d9c427d0755697aca2a954f6a1d88a9ba11
meta	fixed_program_digest	ef32024ba1d25b470c217ef96af95b52038948c67f6ac4ce1e14875bf68ea6a5
meta	configuration_digest	32dc4c0b5e265c74b159a6e661d4f6f0b06f3b54d62efe286364b5dae92db8ed
meta	result_digest	7948117553242d3154a8bd09ca1664c4bf6e5cbcc515a4ce80461cf544d39193
meta	attempted_evaluations	1124
meta	feasible_unique_proposals	430
meta	duplicate_proposals	0
meta	rejected_infeasible	694
meta	passes_completed	1
meta	budget_exhausted	0
meta	frontier_truncated	0
meta	frontier_count	126
scenario	ordinal	log_size	rows
scenario	0	4	16
scenario	1	6	64
scenario	2	10	1024
scenario	3	14	16384
scenario	4	18	262144
proposal	class	ordinal	proposal_digest	cut_digest	parent_cut_digest	edit	pass	removed	added	selected_count	selected_values	materializations	base_main	candidate_main	direct_roots	interaction_columns	direct_nodes	additions	subtractions	negations	multiplications	committed_reads	streaming_peak_live	semantic_witness_nodes
proposal	baseline	0	7a585031ef8710d62adac55d1c2d8072c0b2a6ce82a562b4862d4329623a23ef	b10cb7f66e3519788ecec6edc4095541a24eaf642a3ed8877fbe87c85e8ba9c5	0000000000000000000000000000000000000000000000000000000000000000	seed	0	-	-	426	133,134,136,137,139,140,142,143,145,146,148,149,151,152,154,155,157,158,160,161,163,164,166,167,169,170,172,173,175,176,178,179,266,268,270,272,274,276,278,280,282,284,286,288,290,292,294,296,297,298,300,301,303,304,306,307,309,310,312,313,315,316,318,319,321,322,324,325,327,328,330,331,333,334,336,337,339,340,342,343,430,432,434,436,438,440,442,444,446,448,450,452,454,456,458,460,461,462,464,465,467,468,470,471,473,474,476,477,479,480,482,483,485,486,488,489,491,492,494,495,497,498,500,501,503,504,506,507,594,596,598,600,602,604,606,608,610,612,614,616,618,620,622,624,625,626,628,629,631,632,634,635,637,638,640,641,643,644,646,647,649,650,652,653,655,656,658,659,661,662,664,665,667,668,670,671,758,759,760,828,829,830,881,882,883,934,935,936,987,988,989,1040,1041,1042,1093,1094,1095,1146,1147,1148,1199,1200,1201,1252,1253,1254,1305,1306,1307,1358,1359,1360,1411,1412,1413,1464,1465,1466,1517,1519,1521,1523,1525,1527,1529,1531,1533,1535,1537,1539,1541,1543,1545,1547,1548,1549,1551,1552,1554,1555,1557,1558,1560,1561,1563,1564,1566,1567,1569,1570,1572,1573,1575,1576,1578,1579,1581,1582,1584,1585,1587,1588,1590,1591,1593,1594,1681,1683,1685,1687,1689,1691,1693,1695,1697,1699,1701,1703,1705,1707,1709,1711,1712,1713,1715,1716,1718,1719,1721,1722,1724,1725,1727,1728,1730,1731,1733,1734,1736,1737,1739,1740,1742,1743,1745,1746,1748,1749,1751,1752,1754,1755,1757,1758,1845,1847,1849,1851,1853,1855,1857,1859,1861,1863,1865,1867,1869,1871,1873,1875,1876,1877,1879,1880,1882,1883,1885,1886,1888,1889,1891,1892,1894,1895,1897,1898,1900,1901,1903,1904,1906,1907,1909,1910,1912,1913,1915,1916,1918,1919,1921,1922,2009,2011,2013,2015,2017,2019,2021,2023,2025,2027,2029,2031,2033,2035,2037,2039,2040,2041,2043,2044,2046,2047,2049,2050,2052,2053,2055,2056,2058,2059,2061,2062,2064,2065,2067,2068,2070,2071,2073,2074,2076,2077,2079,2080,2082,2083,2085,2086,2147,2148,2149,2150,2154,2155,2156,2157,2161,2162,2163,2164,2168,2169,2170,2171	426	19	445	430	8	3460	1346	429	0	1080	445	39	2171
proposal	frontier	0	009f28b183b765331f19cb21f939aa2c08c58fe0ab5b133476d713e897919ab1	c59d0942aecbb20e10d5092253437cc24062ee1cc76c1ed68106ee0facf2aa8d	b10cb7f66e3519788ecec6edc4095541a24eaf642a3ed8877fbe87c85e8ba9c5	swap	1	1689	1656	426	133,134,136,137,139,140,142,143,145,146,148,149,151,152,154,155,157,158,160,161,163,164,166,167,169,170,172,173,175,176,178,179,266,268,270,272,274,276,278,280,282,284,286,288,290,292,294,296,297,298,300,301,303,304,306,307,309,310,312,313,315,316,318,319,321,322,324,325,327,328,330,331,333,334,336,337,339,340,342,343,430,432,434,436,438,440,442,444,446,448,450,452,454,456,458,460,461,462,464,465,467,468,470,471,473,474,476,477,479,480,482,483,485,486,488,489,491,492,494,495,497,498,500,501,503,504,506,507,594,596,598,600,602,604,606,608,610,612,614,616,618,620,622,624,625,626,628,629,631,632,634,635,637,638,640,641,643,644,646,647,649,650,652,653,655,656,658,659,661,662,664,665,667,668,670,671,758,759,760,828,829,830,881,882,883,934,935,936,987,988,989,1040,1041,1042,1093,1094,1095,1146,1147,1148,1199,1200,1201,1252,1253,1254,1305,1306,1307,1358,1359,1360,1411,1412,1413,1464,1465,1466,1517,1519,1521,1523,1525,1527,1529,1531,1533,1535,1537,1539,1541,1543,1545,1547,1548,1549,1551,1552,1554,1555,1557,1558,1560,1561,1563,1564,1566,1567,1569,1570,1572,1573,1575,1576,1578,1579,1581,1582,1584,1585,1587,1588,1590,1591,1593,1594,1656,1681,1683,1685,1687,1691,1693,1695,1697,1699,1701,1703,1705,1707,1709,1711,1712,1713,1715,1716,1718,1719,1721,1722,1724,1725,1727,1728,1730,1731,1733,1734,1736,1737,1739,1740,1742,1743,1745,1746,1748,1749,1751,1752,1754,1755,1757,1758,1845,1847,1849,1851,1853,1855,1857,1859,1861,1863,1865,1867,1869,1871,1873,1875,1876,1877,1879,1880,1882,1883,1885,1886,1888,1889,1891,1892,1894,1895,1897,1898,1900,1901,1903,1904,1906,1907,1909,1910,1912,1913,1915,1916,1918,1919,1921,1922,2009,2011,2013,2015,2017,2019,2021,2023,2025,2027,2029,2031,2033,2035,2037,2039,2040,2041,2043,2044,2046,2047,2049,2050,2052,2053,2055,2056,2058,2059,2061,2062,2064,2065,2067,2068,2070,2071,2073,2074,2076,2077,2079,2080,2082,2083,2085,2086,2147,2148,2149,2150,2154,2155,2156,2157,2161,2162,2163,2164,2168,2169,2170,2171	426	19	445	430	8	3460	1346	429	0	1080	445	39	2171
proposal	frontier	1	04d0f10d3fd29f0b58ec5d642aead8f3d6e94e45a92b771f8a92e3f59e631de6	ae287605e1848631c00ab60dc8c5113e97d1029aed31ccc072f92745a9acaab2	b10cb7f66e3519788ecec6edc4095541a24eaf642a3ed8877fbe87c85e8ba9c5	swap	1	1699	1664	426	133,134,136,137,139,140,142,143,145,146,148,149,151,152,154,155,157,158,160,161,163,164,166,167,169,170,172,173,175,176,178,179,266,268,270,272,274,276,278,280,282,284,286,288,290,292,294,296,297,298,300,301,303,304,306,307,309,310,312,313,315,316,318,319,321,322,324,325,327,328,330,331,333,334,336,337,339,340,342,343,430,432,434,436,438,440,442,444,446,448,450,452,454,456,458,460,461,462,464,465,467,468,470,471,473,474,476,477,479,480,482,483,485,486,488,489,491,492,494,495,497,498,500,501,503,504,506,507,594,596,598,600,602,604,606,608,610,612,614,616,618,620,622,624,625,626,628,629,631,632,634,635,637,638,640,641,643,644,646,647,649,650,652,653,655,656,658,659,661,662,664,665,667,668,670,671,758,759,760,828,829,830,881,882,883,934,935,936,987,988,989,1040,1041,1042,1093,1094,1095,1146,1147,1148,1199,1200,1201,1252,1253,1254,1305,1306,1307,1358,1359,1360,1411,1412,1413,1464,1465,1466,1517,1519,1521,1523,1525,1527,1529,1531,1533,1535,1537,1539,1541,1543,1545,1547,1548,1549,1551,1552,1554,1555,1557,1558,1560,1561,1563,1564,1566,1567,1569,1570,1572,1573,1575,1576,1578,1579,1581,1582,1584,1585,1587,1588,1590,1591,1593,1594,1664,1681,1683,1685,1687,1689,1691,1693,1695,1697,1701,1703,1705,1707,1709,1711,1712,1713,1715,1716,1718,1719,1721,1722,1724,1725,1727,1728,1730,1731,1733,1734,1736,1737,1739,1740,1742,1743,1745,1746,1748,1749,1751,1752,1754,1755,1757,1758,1845,1847,1849,1851,1853,1855,1857,1859,1861,1863,1865,1867,1869,1871,1873,1875,1876,1877,1879,1880,1882,1883,1885,1886,1888,1889,1891,1892,1894,1895,1897,1898,1900,1901,1903,1904,1906,1907,1909,1910,1912,1913,1915,1916,1918,1919,1921,1922,2009,2011,2013,2015,2017,2019,2021,2023,2025,2027,2029,2031,2033,2035,2037,2039,2040,2041,2043,2044,2046,2047,2049,2050,2052,2053,2055,2056,2058,2059,2061,2062,2064,2065,2067,2068,2070,2071,2073,2074,2076,2077,2079,2080,2082,2083,2085,2086,2147,2148,2149,2150,2154,2155,2156,2157,2161,2162,2163,2164,2168,2169,2170,2171	426	19	445	430	8	3460	1346	429	0	1080	445	39	2171
proposal	frontier	2	055a8194272e58abd73a54ab0db175d1b166c09e4879ca1fe5c8525a8b9c2c62	2014302bce4a9fa78193b13a353bb45338ce0040b43bb2d28bdd9715b4e3883c	b10cb7f66e3519788ecec6edc4095541a24eaf642a3ed8877fbe87c85e8ba9c5	swap	1	272	261	426	133,134,136,137,139,140,142,143,145,146,148,149,151,152,154,155,157,158,160,161,163,164,166,167,169,170,172,173,175,176,178,179,261,266,268,270,274,276,278,280,282,284,286,288,290,292,294,296,297,298,300,301,303,304,306,307,309,310,312,313,315,316,318,319,321,322,324,325,327,328,330,331,333,334,336,337,339,340,342,343,430,432,434,436,438,440,442,444,446,448,450,452,454,456,458,460,461,462,464,465,467,468,470,471,473,474,476,477,479,480,482,483,485,486,488,489,491,492,494,495,497,498,500,501,503,504,506,507,594,596,598,600,602,604,606,608,610,612,614,616,618,620,622,624,625,626,628,629,631,632,634,635,637,638,640,641,643,644,646,647,649,650,652,653,655,656,658,659,661,662,664,665,667,668,670,671,758,759,760,828,829,830,881,882,883,934,935,936,987,988,989,1040,1041,1042,1093,1094,1095,1146,1147,1148,1199,1200,1201,1252,1253,1254,1305,1306,1307,1358,1359,1360,1411,1412,1413,1464,1465,1466,1517,1519,1521,1523,1525,1527,1529,1531,1533,1535,1537,1539,1541,1543,1545,1547,1548,1549,1551,1552,1554,1555,1557,1558,1560,1561,1563,1564,1566,1567,1569,1570,1572,1573,1575,1576,1578,1579,1581,1582,1584,1585,1587,1588,1590,1591,1593,1594,1681,1683,1685,1687,1689,1691,1693,1695,1697,1699,1701,1703,1705,1707,1709,1711,1712,1713,1715,1716,1718,1719,1721,1722,1724,1725,1727,1728,1730,1731,1733,1734,1736,1737,1739,1740,1742,1743,1745,1746,1748,1749,1751,1752,1754,1755,1757,1758,1845,1847,1849,1851,1853,1855,1857,1859,1861,1863,1865,1867,1869,1871,1873,1875,1876,1877,1879,1880,1882,1883,1885,1886,1888,1889,1891,1892,1894,1895,1897,1898,1900,1901,1903,1904,1906,1907,1909,1910,1912,1913,1915,1916,1918,1919,1921,1922,2009,2011,2013,2015,2017,2019,2021,2023,2025,2027,2029,2031,2033,2035,2037,2039,2040,2041,2043,2044,2046,2047,2049,2050,2052,2053,2055,2056,2058,2059,2061,2062,2064,2065,2067,2068,2070,2071,2073,2074,2076,2077,2079,2080,2082,2083,2085,2086,2147,2148,2149,2150,2154,2155,2156,2157,2161,2162,2163,2164,2168,2169,2170,2171	426	19	445	430	8	3460	1346	429	0	1080	445	39	2171
proposal	frontier	3	05c552951aad8dc170c48275099e445f51be7691e497714da7c79ae106b7d7af	37063ba2731e20054bd4aa63f04ea2bbd1e03f623b7220cd8c85dbef1fad633a	b10cb7f66e3519788ecec6edc4095541a24eaf642a3ed8877fbe87c85e8ba9c5	swap	1	432	411	426	133,134,136,137,139,140,142,143,145,146,148,149,151,152,154,155,157,158,160,161,163,164,166,167,169,170,172,173,175,176,178,179,266,268,270,272,274,276,278,280,282,284,286,288,290,292,294,296,297,298,300,301,303,304,306,307,309,310,312,313,315,316,318,319,321,322,324,325,327,328,330,331,333,334,336,337,339,340,342,343,411,430,434,436,438,440,442,444,446,448,450,452,454,456,458,460,461,462,464,465,467,468,470,471,473,474,476,477,479,480,482,483,485,486,488,489,491,492,494,495,497,498,500,501,503,504,506,507,594,596,598,600,602,604,606,608,610,612,614,616,618,620,622,624,625,626,628,629,631,632,634,635,637,638,640,641,643,644,646,647,649,650,652,653,655,656,658,659,661,662,664,665,667,668,670,671,758,759,760,828,829,830,881,882,883,934,935,936,987,988,989,1040,1041,1042,1093,1094,1095,1146,1147,1148,1199,1200,1201,1252,1253,1254,1305,1306,1307,1358,1359,1360,1411,1412,1413,1464,1465,1466,1517,1519,1521,1523,1525,1527,1529,1531,1533,1535,1537,1539,1541,1543,1545,1547,1548,1549,1551,1552,1554,1555,1557,1558,1560,1561,1563,1564,1566,1567,1569,1570,1572,1573,1575,1576,1578,1579,1581,1582,1584,1585,1587,1588,1590,1591,1593,1594,1681,1683,1685,1687,1689,1691,1693,1695,1697,1699,1701,1703,1705,1707,1709,1711,1712,1713,1715,1716,1718,1719,1721,1722,1724,1725,1727,1728,1730,1731,1733,1734,1736,1737,1739,1740,1742,1743,1745,1746,1748,1749,1751,1752,1754,1755,1757,1758,1845,1847,1849,1851,1853,1855,1857,1859,1861,1863,1865,1867,1869,1871,1873,1875,1876,1877,1879,1880,1882,1883,1885,1886,1888,1889,1891,1892,1894,1895,1897,1898,1900,1901,1903,1904,1906,1907,1909,1910,1912,1913,1915,1916,1918,1919,1921,1922,2009,2011,2013,2015,2017,2019,2021,2023,2025,2027,2029,2031,2033,2035,2037,2039,2040,2041,2043,2044,2046,2047,2049,2050,2052,2053,2055,2056,2058,2059,2061,2062,2064,2065,2067,2068,2070,2071,2073,2074,2076,2077,2079,2080,2082,2083,2085,2086,2147,2148,2149,2150,2154,2155,2156,2157,2161,2162,2163,2164,2168,2169,2170,2171	426	19	445	430	8	3460	1346	429	0	1080	445	39	2171
proposal	frontier	4	070c78cafec05bec36429ee61bea71f556929de100557724e837ff08167ab081	5c708052dde08b6a290d79849ab49f9b432c0121e9df9e37414f6bd3c01f7722	b10cb7f66e3519788ecec6edc4095541a24eaf642a3ed8877fbe87c85e8ba9c5	swap	1	2029	1999	426	133,134,136,137,139,140,142,143,145,146,148,149,151,152,154,155,157,158,160,161,163,164,166,167,169,170,172,173,175,176,178,179,266,268,270,272,274,276,278,280,282,284,286,288,290,292,294,296,297,298,300,301,303,304,306,307,309,310,312,313,315,316,318,319,321,322,324,325,327,328,330,331,333,334,336,337,339,340,342,343,430,432,434,436,438,440,442,444,446,448,450,452,454,456,458,460,461,462,464,465,467,468,470,471,473,474,476,477,479,480,482,483,485,486,488,489,491,492,494,495,497,498,500,501,503,504,506,507,594,596,598,600,602,604,606,608,610,612,614,616,618,620,622,624,625,626,628,629,631,632,634,635,637,638,640,641,643,644,646,647,649,650,652,653,655,656,658,659,661,662,664,665,667,668,670,671,758,759,760,828,829,830,881,882,883,934,935,936,987,988,989,1040,1041,1042,1093,1094,1095,1146,1147,1148,1199,1200,1201,1252,1253,1254,1305,1306,1307,1358,1359,1360,1411,1412,1413,1464,1465,1466,1517,1519,1521,1523,1525,1527,1529,1531,1533,1535,1537,1539,1541,1543,1545,1547,1548,1549,1551,1552,1554,1555,1557,1558,1560,1561,1563,1564,1566,1567,1569,1570,1572,1573,1575,1576,1578,1579,1581,1582,1584,1585,1587,1588,1590,1591,1593,1594,1681,1683,1685,1687,1689,1691,1693,1695,1697,1699,1701,1703,1705,1707,1709,1711,1712,1713,1715,1716,1718,1719,1721,1722,1724,1725,1727,1728,1730,1731,1733,1734,1736,1737,1739,1740,1742,1743,1745,1746,1748,1749,1751,1752,1754,1755,1757,1758,1845,1847,1849,1851,1853,1855,1857,1859,1861,1863,1865,1867,1869,1871,1873,1875,1876,1877,1879,1880,1882,1883,1885,1886,1888,1889,1891,1892,1894,1895,1897,1898,1900,1901,1903,1904,1906,1907,1909,1910,1912,1913,1915,1916,1918,1919,1921,1922,1999,2009,2011,2013,2015,2017,2019,2021,2023,2025,2027,2031,2033,2035,2037,2039,2040,2041,2043,2044,2046,2047,2049,2050,2052,2053,2055,2056,2058,2059,2061,2062,2064,2065,2067,2068,2070,2071,2073,2074,2076,2077,2079,2080,2082,2083,2085,2086,2147,2148,2149,2150,2154,2155,2156,2157,2161,2162,2163,2164,2168,2169,2170,2171	426	19	445	430	8	3460	1346	429	0	1080	445	39	2171
proposal	frontier	5	07deecb5e1c48cb505ebd49cfa3fb90f08c22c39790454be7a2db70759ed3126	79e4f6f45da8b99cb881815e43ea6440951c1595f7b307d6deff782351b2db33	b10cb7f66e3519788ecec6edc4095541a24eaf642a3ed8877fbe87c85e8ba9c5	swap	1	1521	1489	426	133,134,136,137,139,140,142,143,145,146,148,149,151,152,154,155,157,158,160,161,163,164,166,167,169,170,172,173,175,176,178,179,266,268,270,272,274,276,278,280,282,284,286,288,290,292,294,296,297,298,300,301,303,304,306,307,309,310,312,313,315,316,318,319,321,322,324,325,327,328,330,331,333,334,336,337,339,340,342,343,430,432,434,436,438,440,442,444,446,448,450,452,454,456,458,460,461,462,464,465,467,468,470,471,473,474,476,477,479,480,482,483,485,486,488,489,491,492,494,495,497,498,500,501,503,504,506,507,594,596,598,600,602,604,606,608,610,612,614,616,618,620,622,624,625,626,628,629,631,632,634,635,637,638,640,641,643,644,646,647,649,650,652,653,655,656,658,659,661,662,664,665,667,668,670,671,758,759,760,828,829,830,881,882,883,934,935,936,987,988,989,1040,1041,1042,1093,1094,1095,1146,1147,1148,1199,1200,1201,1252,1253,1254,1305,1306,1307,1358,1359,1360,1411,1412,1413,1464,1465,1466,1489,1517,1519,1523,1525,1527,1529,1531,1533,1535,1537,1539,1541,1543,1545,1547,1548,1549,1551,1552,1554,1555,1557,1558,1560,1561,1563,1564,1566,1567,1569,1570,1572,1573,1575,1576,1578,1579,1581,1582,1584,1585,1587,1588,1590,1591,1593,1594,1681,1683,1685,1687,1689,1691,1693,1695,1697,1699,1701,1703,1705,1707,1709,1711,1712,1713,1715,1716,1718,1719,1721,1722,1724,1725,1727,1728,1730,1731,1733,1734,1736,1737,1739,1740,1742,1743,1745,1746,1748,1749,1751,1752,1754,1755,1757,1758,1845,1847,1849,1851,1853,1855,1857,1859,1861,1863,1865,1867,1869,1871,1873,1875,1876,1877,1879,1880,1882,1883,1885,1886,1888,1889,1891,1892,1894,1895,1897,1898,1900,1901,1903,1904,1906,1907,1909,1910,1912,1913,1915,1916,1918,1919,1921,1922,2009,2011,2013,2015,2017,2019,2021,2023,2025,2027,2029,2031,2033,2035,2037,2039,2040,2041,2043,2044,2046,2047,2049,2050,2052,2053,2055,2056,2058,2059,2061,2062,2064,2065,2067,2068,2070,2071,2073,2074,2076,2077,2079,2080,2082,2083,2085,2086,2147,2148,2149,2150,2154,2155,2156,2157,2161,2162,2163,2164,2168,2169,2170,2171	426	19	445	430	8	3460	1346	429	0	1080	445	39	2171
proposal	frontier	6	095f6f1d67f91d326aa1ae0d207f96b527952352254aaf246b6d3a340e38279f	1900c58bf80709f155fd357bbdcacb35ac302b0467ab9c23ed5d30cc276db686	b10cb7f66e3519788ecec6edc4095541a24eaf642a3ed8877fbe87c85e8ba9c5	swap	1	450	420	426	133,134,136,137,139,140,142,143,145,146,148,149,151,152,154,155,157,158,160,161,163,164,166,167,169,170,172,173,175,176,178,179,266,268,270,272,274,276,278,280,282,284,286,288,290,292,294,296,297,298,300,301,303,304,306,307,309,310,312,313,315,316,318,319,321,322,324,325,327,328,330,331,333,334,336,337,339,340,342,343,420,430,432,434,436,438,440,442,444,446,448,452,454,456,458,460,461,462,464,465,467,468,470,471,473,474,476,477,479,480,482,483,485,486,488,489,491,492,494,495,497,498,500,501,503,504,506,507,594,596,598,600,602,604,606,608,610,612,614,616,618,620,622,624,625,626,628,629,631,632,634,635,637,638,640,641,643,644,646,647,649,650,652,653,655,656,658,659,661,662,664,665,667,668,670,671,758,759,760,828,829,830,881,882,883,934,935,936,987,988,989,1040,1041,1042,1093,1094,1095,1146,1147,1148,1199,1200,1201,1252,1253,1254,1305,1306,1307,1358,1359,1360,1411,1412,1413,1464,1465,1466,1517,1519,1521,1523,1525,1527,1529,1531,1533,1535,1537,1539,1541,1543,1545,1547,1548,1549,1551,1552,1554,1555,1557,1558,1560,1561,1563,1564,1566,1567,1569,1570,1572,1573,1575,1576,1578,1579,1581,1582,1584,1585,1587,1588,1590,1591,1593,1594,1681,1683,1685,1687,1689,1691,1693,1695,1697,1699,1701,1703,1705,1707,1709,1711,1712,1713,1715,1716,1718,1719,1721,1722,1724,1725,1727,1728,1730,1731,1733,1734,1736,1737,1739,1740,1742,1743,1745,1746,1748,1749,1751,1752,1754,1755,1757,1758,1845,1847,1849,1851,1853,1855,1857,1859,1861,1863,1865,1867,1869,1871,1873,1875,1876,1877,1879,1880,1882,1883,1885,1886,1888,1889,1891,1892,1894,1895,1897,1898,1900,1901,1903,1904,1906,1907,1909,1910,1912,1913,1915,1916,1918,1919,1921,1922,2009,2011,2013,2015,2017,2019,2021,2023,2025,2027,2029,2031,2033,2035,2037,2039,2040,2041,2043,2044,2046,2047,2049,2050,2052,2053,2055,2056,2058,2059,2061,2062,2064,2065,2067,2068,2070,2071,2073,2074,2076,2077,2079,2080,2082,2083,2085,2086,2147,2148,2149,2150,2154,2155,2156,2157,2161,2162,2163,2164,2168,2169,2170,2171	426	19	445	430	8	3460	1346	429	0	1080	445	39	2171
proposal	frontier	7	09d7678322e3183829763fc388900e786bd1ee9b4d9ffe0207c920650f967026	a6480222b07647168a7192b7f096b9ce3090f3d2d92fbb975fb866d489dc1d60	b10cb7f66e3519788ecec6edc4095541a24eaf642a3ed8877fbe87c85e8ba9c5	swap	1	1863	1828	426	133,134,136,137,139,140,142,143,145,146,148,149,151,152,154,155,157,158,160,161,163,164,166,167,169,170,172,173,175,176,178,179,266,268,270,272,274,276,278,280,282,284,286,288,290,292,294,296,297,298,300,301,303,304,306,307,309,310,312,313,315,316,318,319,321,322,324,325,327,328,330,331,333,334,336,337,339,340,342,343,430,432,434,436,438,440,442,444,446,448,450,452,454,456,458,460,461,462,464,465,467,468,470,471,473,474,476,477,479,480,482,483,485,486,488,489,491,492,494,495,497,498,500,501,503,504,506,507,594,596,598,600,602,604,606,608,610,612,614,616,618,620,622,624,625,626,628,629,631,632,634,635,637,638,640,641,643,644,646,647,649,650,652,653,655,656,658,659,661,662,664,665,667,668,670,671,758,759,760,828,829,830,881,882,883,934,935,936,987,988,989,1040,1041,1042,1093,1094,1095,1146,1147,1148,1199,1200,1201,1252,1253,1254,1305,1306,1307,1358,1359,1360,1411,1412,1413,1464,1465,1466,1517,1519,1521,1523,1525,1527,1529,1531,1533,1535,1537,1539,1541,1543,1545,1547,1548,1549,1551,1552,1554,1555,1557,1558,1560,1561,1563,1564,1566,1567,1569,1570,1572,1573,1575,1576,1578,1579,1581,1582,1584,1585,1587,1588,1590,1591,1593,1594,1681,1683,1685,1687,1689,1691,1693,1695,1697,1699,1701,1703,1705,1707,1709,1711,1712,1713,1715,1716,1718,1719,1721,1722,1724,1725,1727,1728,1730,1731,1733,1734,1736,1737,1739,1740,1742,1743,1745,1746,1748,1749,1751,1752,1754,1755,1757,1758,1828,1845,1847,1849,1851,1853,1855,1857,1859,1861,1865,1867,1869,1871,1873,1875,1876,1877,1879,1880,1882,1883,1885,1886,1888,1889,1891,1892,1894,1895,1897,1898,1900,1901,1903,1904,1906,1907,1909,1910,1912,1913,1915,1916,1918,1919,1921,1922,2009,2011,2013,2015,2017,2019,2021,2023,2025,2027,2029,2031,2033,2035,2037,2039,2040,2041,2043,2044,2046,2047,2049,2050,2052,2053,2055,2056,2058,2059,2061,2062,2064,2065,2067,2068,2070,2071,2073,2074,2076,2077,2079,2080,2082,2083,2085,2086,2147,2148,2149,2150,2154,2155,2156,2157,2161,2162,2163,2164,2168,2169,2170,2171	426	19	445	430	8	3460	1346	429	0	1080	445	39	2171
proposal	frontier	8	0a545ae65e565f4b06d6dba3ed68ad250fe60e8caf70cabcc2f64554029b0714	c04ca562d810ebc1e008c2870a34cfa965e60610a5baf5912051d5dc9e7be233	b10cb7f66e3519788ecec6edc4095541a24eaf642a3ed8877fbe87c85e8ba9c5	swap	1	758	732	426	133,134,136,137,139,140,142,143,145,146,148,149,151,152,154,155,157,158,160,161,163,164,166,167,169,170,172,173,175,176,178,179,266,268,270,272,274,276,278,280,282,284,286,288,290,292,294,296,297,298,300,301,303,304,306,307,309,310,312,313,315,316,318,319,321,322,324,325,327,328,330,331,333,334,336,337,339,340,342,343,430,432,434,436,438,440,442,444,446,448,450,452,454,456,458,460,461,462,464,465,467,468,470,471,473,474,476,477,479,480,482,483,485,486,488,489,491,492,494,495,497,498,500,501,503,504,506,507,594,596,598,600,602,604,606,608,610,612,614,616,618,620,622,624,625,626,628,629,631,632,634,635,637,638,640,641,643,644,646,647,649,650,652,653,655,656,658,659,661,662,664,665,667,668,670,671,732,759,760,828,829,830,881,882,883,934,935,936,987,988,989,1040,1041,1042,1093,1094,1095,1146,1147,1148,1199,1200,1201,1252,1253,1254,1305,1306,1307,1358,1359,1360,1411,1412,1413,1464,1465,1466,1517,1519,1521,1523,1525,1527,1529,1531,1533,1535,1537,1539,1541,1543,1545,1547,1548,1549,1551,1552,1554,1555,1557,1558,1560,1561,1563,1564,1566,1567,1569,1570,1572,1573,1575,1576,1578,1579,1581,1582,1584,1585,1587,1588,1590,1591,1593,1594,1681,1683,1685,1687,1689,1691,1693,1695,1697,1699,1701,1703,1705,1707,1709,1711,1712,1713,1715,1716,1718,1719,1721,1722,1724,1725,1727,1728,1730,1731,1733,1734,1736,1737,1739,1740,1742,1743,1745,1746,1748,1749,1751,1752,1754,1755,1757,1758,1845,1847,1849,1851,1853,1855,1857,1859,1861,1863,1865,1867,1869,1871,1873,1875,1876,1877,1879,1880,1882,1883,1885,1886,1888,1889,1891,1892,1894,1895,1897,1898,1900,1901,1903,1904,1906,1907,1909,1910,1912,1913,1915,1916,1918,1919,1921,1922,2009,2011,2013,2015,2017,2019,2021,2023,2025,2027,2029,2031,2033,2035,2037,2039,2040,2041,2043,2044,2046,2047,2049,2050,2052,2053,2055,2056,2058,2059,2061,2062,2064,2065,2067,2068,2070,2071,2073,2074,2076,2077,2079,2080,2082,2083,2085,2086,2147,2148,2149,2150,2154,2155,2156,2157,2161,2162,2163,2164,2168,2169,2170,2171	426	19	445	430	8	3460	1346	429	0	1080	445	39	2171
proposal	frontier	9	0b6a401eb335d74495953d60d62f41ced35dae157ad21fbd1c1eb33cd36a540f	8863a3d9a5a67dc020b43b13463e05bae49df3269443b9ea0963f7cb96931f0b	b10cb7f66e3519788ecec6edc4095541a24eaf642a3ed8877fbe87c85e8ba9c5	swap	1	1691	1663	426	133,134,136,137,139,140,142,143,145,146,148,149,151,152,154,155,157,158,160,161,163,164,166,167,169,170,172,173,175,176,178,179,266,268,270,272,274,276,278,280,282,284,286,288,290,292,294,296,297,298,300,301,303,304,306,307,309,310,312,313,315,316,318,319,321,322,324,325,327,328,330,331,333,334,336,337,339,340,342,343,430,432,434,436,438,440,442,444,446,448,450,452,454,456,458,460,461,462,464,465,467,468,470,471,473,474,476,477,479,480,482,483,485,486,488,489,491,492,494,495,497,498,500,501,503,504,506,507,594,596,598,600,602,604,606,608,610,612,614,616,618,620,622,624,625,626,628,629,631,632,634,635,637,638,640,641,643,644,646,647,649,650,652,653,655,656,658,659,661,662,664,665,667,668,670,671,758,759,760,828,829,830,881,882,883,934,935,936,987,988,989,1040,1041,1042,1093,1094,1095,1146,1147,1148,1199,1200,1201,1252,1253,1254,1305,1306,1307,1358,1359,1360,1411,1412,1413,1464,1465,1466,1517,1519,1521,1523,1525,1527,1529,1531,1533,1535,1537,1539,1541,1543,1545,1547,1548,1549,1551,1552,1554,1555,1557,1558,1560,1561,1563,1564,1566,1567,1569,1570,1572,1573,1575,1576,1578,1579,1581,1582,1584,1585,1587,1588,1590,1591,1593,1594,1663,1681,1683,1685,1687,1689,1693,1695,1697,1699,1701,1703,1705,1707,1709,1711,1712,1713,1715,1716,1718,1719,1721,1722,1724,1725,1727,1728,1730,1731,1733,1734,1736,1737,1739,1740,1742,1743,1745,1746,1748,1749,1751,1752,1754,1755,1757,1758,1845,1847,1849,1851,1853,1855,1857,1859,1861,1863,1865,1867,1869,1871,1873,1875,1876,1877,1879,1880,1882,1883,1885,1886,1888,1889,1891,1892,1894,1895,1897,1898,1900,1901,1903,1904,1906,1907,1909,1910,1912,1913,1915,1916,1918,1919,1921,1922,2009,2011,2013,2015,2017,2019,2021,2023,2025,2027,2029,2031,2033,2035,2037,2039,2040,2041,2043,2044,2046,2047,2049,2050,2052,2053,2055,2056,2058,2059,2061,2062,2064,2065,2067,2068,2070,2071,2073,2074,2076,2077,2079,2080,2082,2083,2085,2086,2147,2148,2149,2150,2154,2155,2156,2157,2161,2162,2163,2164,2168,2169,2170,2171	426	19	445	430	8	3460	1346	429	0	1080	445	39	2171
proposal	frontier	10	0c0d9bf61cf838450cbd845709a25b42f63a0c31aa3450513c17b092ce011ab1	041a4f93e4e5897b509cbf57c7f636272f68c47943536eecfd1e32f381ab1f5f	b10cb7f66e3519788ecec6edc4095541a24eaf642a3ed8877fbe87c85e8ba9c5	swap	1	458	421	426	133,134,136,137,139,140,142,143,145,146,148,149,151,152,154,155,157,158,160,161,163,164,166,167,169,170,172,173,175,176,178,179,266,268,270,272,274,276,278,280,282,284,286,288,290,292,294,296,297,298,300,301,303,304,306,307,309,310,312,313,315,316,318,319,321,322,324,325,327,328,330,331,333,334,336,337,339,340,342,343,421,430,432,434,436,438,440,442,444,446,448,450,452,454,456,460,461,462,464,465,467,468,470,471,473,474,476,477,479,480,482,483,485,486,488,489,491,492,494,495,497,498,500,501,503,504,506,507,594,596,598,600,602,604,606,608,610,612,614,616,618,620,622,624,625,626,628,629,631,632,634,635,637,638,640,641,643,644,646,647,649,650,652,653,655,656,658,659,661,662,664,665,667,668,670,671,758,759,760,828,829,830,881,882,883,934,935,936,987,988,989,1040,1041,1042,1093,1094,1095,1146,1147,1148,1199,1200,1201,1252,1253,1254,1305,1306,1307,1358,1359,1360,1411,1412,1413,1464,1465,1466,1517,1519,1521,1523,1525,1527,1529,1531,1533,1535,1537,1539,1541,1543,1545,1547,1548,1549,1551,1552,1554,1555,1557,1558,1560,1561,1563,1564,1566,1567,1569,1570,1572,1573,1575,1576,1578,1579,1581,1582,1584,1585,1587,1588,1590,1591,1593,1594,1681,1683,1685,1687,1689,1691,1693,1695,1697,1699,1701,1703,1705,1707,1709,1711,1712,1713,1715,1716,1718,1719,1721,1722,1724,1725,1727,1728,1730,1731,1733,1734,1736,1737,1739,1740,1742,1743,1745,1746,1748,1749,1751,1752,1754,1755,1757,1758,1845,1847,1849,1851,1853,1855,1857,1859,1861,1863,1865,1867,1869,1871,1873,1875,1876,1877,1879,1880,1882,1883,1885,1886,1888,1889,1891,1892,1894,1895,1897,1898,1900,1901,1903,1904,1906,1907,1909,1910,1912,1913,1915,1916,1918,1919,1921,1922,2009,2011,2013,2015,2017,2019,2021,2023,2025,2027,2029,2031,2033,2035,2037,2039,2040,2041,2043,2044,2046,2047,2049,2050,2052,2053,2055,2056,2058,2059,2061,2062,2064,2065,2067,2068,2070,2071,2073,2074,2076,2077,2079,2080,2082,2083,2085,2086,2147,2148,2149,2150,2154,2155,2156,2157,2161,2162,2163,2164,2168,2169,2170,2171	426	19	445	430	8	3460	1346	429	0	1080	445	39	2171
proposal	frontier	11	0cfddb8a17fc0005994ae44da83f91566bdea981a2c5639c73da67990ddc2ee9	cbb321aadcf590f8846a56fa62508bb1ad9221e0dabd98cb7864cc3f06dea43a	b10cb7f66e3519788ecec6edc4095541a24eaf642a3ed8877fbe87c85e8ba9c5	swap	1	460	428	426	133,134,136,137,139,140,142,143,145,146,148,149,151,152,154,155,157,158,160,161,163,164,166,167,169,170,172,173,175,176,178,179,266,268,270,272,274,276,278,280,282,284,286,288,290,292,294,296,297,298,300,301,303,304,306,307,309,310,312,313,315,316,318,319,321,322,324,325,327,328,330,331,333,334,336,337,339,340,342,343,428,430,432,434,436,438,440,442,444,446,448,450,452,454,456,458,461,462,464,465,467,468,470,471,473,474,476,477,479,480,482,483,485,486,488,489,491,492,494,495,497,498,500,501,503,504,506,507,594,596,598,600,602,604,606,608,610,612,614,616,618,620,622,624,625,626,628,629,631,632,634,635,637,638,640,641,643,644,646,647,649,650,652,653,655,656,658,659,661,662,664,665,667,668,670,671,758,759,760,828,829,830,881,882,883,934,935,936,987,988,989,1040,1041,1042,1093,1094,1095,1146,1147,1148,1199,1200,1201,1252,1253,1254,1305,1306,1307,1358,1359,1360,1411,1412,1413,1464,1465,1466,1517,1519,1521,1523,1525,1527,1529,1531,1533,1535,1537,1539,1541,1543,1545,1547,1548,1549,1551,1552,1554,1555,1557,1558,1560,1561,1563,1564,1566,1567,1569,1570,1572,1573,1575,1576,1578,1579,1581,1582,1584,1585,1587,1588,1590,1591,1593,1594,1681,1683,1685,1687,1689,1691,1693,1695,1697,1699,1701,1703,1705,1707,1709,1711,1712,1713,1715,1716,1718,1719,1721,1722,1724,1725,1727,1728,1730,1731,1733,1734,1736,1737,1739,1740,1742,1743,1745,1746,1748,1749,1751,1752,1754,1755,1757,1758,1845,1847,1849,1851,1853,1855,1857,1859,1861,1863,1865,1867,1869,1871,1873,1875,1876,1877,1879,1880,1882,1883,1885,1886,1888,1889,1891,1892,1894,1895,1897,1898,1900,1901,1903,1904,1906,1907,1909,1910,1912,1913,1915,1916,1918,1919,1921,1922,2009,2011,2013,2015,2017,2019,2021,2023,2025,2027,2029,2031,2033,2035,2037,2039,2040,2041,2043,2044,2046,2047,2049,2050,2052,2053,2055,2056,2058,2059,2061,2062,2064,2065,2067,2068,2070,2071,2073,2074,2076,2077,2079,2080,2082,2083,2085,2086,2147,2148,2149,2150,2154,2155,2156,2157,2161,2162,2163,2164,2168,2169,2170,2171	426	19	445	430	8	3460	1346	429	0	1080	445	39	2171
proposal	frontier	12	119e544c7142175a252271aba5e5f796bb32c4b9e7dafe369480ffe1844fe2a9	879dd279c6736bcb30a4fbc9836951819b802ac4a110fcdc1a62fd915215f259	b10cb7f66e3519788ecec6edc4095541a24eaf642a3ed8877fbe87c85e8ba9c5	swap	1	1875	1843	426	133,134,136,137,139,140,142,143,145,146,148,149,151,152,154,155,157,158,160,161,163,164,166,167,169,170,172,173,175,176,178,179,266,268,270,272,274,276,278,280,282,284,286,288,290,292,294,296,297,298,300,301,303,304,306,307,309,310,312,313,315,316,318,319,321,322,324,325,327,328,330,331,333,334,336,337,339,340,342,343,430,432,434,436,438,440,442,444,446,448,450,452,454,456,458,460,461,462,464,465,467,468,470,471,473,474,476,477,479,480,482,483,485,486,488,489,491,492,494,495,497,498,500,501,503,504,506,507,594,596,598,600,602,604,606,608,610,612,614,616,618,620,622,624,625,626,628,629,631,632,634,635,637,638,640,641,643,644,646,647,649,650,652,653,655,656,658,659,661,662,664,665,667,668,670,671,758,759,760,828,829,830,881,882,883,934,935,936,987,988,989,1040,1041,1042,1093,1094,1095,1146,1147,1148,1199,1200,1201,1252,1253,1254,1305,1306,1307,1358,1359,1360,1411,1412,1413,1464,1465,1466,1517,1519,1521,1523,1525,1527,1529,1531,1533,1535,1537,1539,1541,1543,1545,1547,1548,1549,1551,1552,1554,1555,1557,1558,1560,1561,1563,1564,1566,1567,1569,1570,1572,1573,1575,1576,1578,1579,1581,1582,1584,1585,1587,1588,1590,1591,1593,1594,1681,1683,1685,1687,1689,1691,1693,1695,1697,1699,1701,1703,1705,1707,1709,1711,1712,1713,1715,1716,1718,1719,1721,1722,1724,1725,1727,1728,1730,1731,1733,1734,1736,1737,1739,1740,1742,1743,1745,1746,1748,1749,1751,1752,1754,1755,1757,1758,1843,1845,1847,1849,1851,1853,1855,1857,1859,1861,1863,1865,1867,1869,1871,1873,1876,1877,1879,1880,1882,1883,1885,1886,1888,1889,1891,1892,1894,1895,1897,1898,1900,1901,1903,1904,1906,1907,1909,1910,1912,1913,1915,1916,1918,1919,1921,1922,2009,2011,2013,2015,2017,2019,2021,2023,2025,2027,2029,2031,2033,2035,2037,2039,2040,2041,2043,2044,2046,2047,2049,2050,2052,2053,2055,2056,2058,2059,2061,2062,2064,2065,2067,2068,2070,2071,2073,2074,2076,2077,2079,2080,2082,2083,2085,2086,2147,2148,2149,2150,2154,2155,2156,2157,2161,2162,2163,2164,2168,2169,2170,2171	426	19	445	430	8	3460	1346	429	0	1080	445	39	2171
proposal	frontier	13	130fe2db9469fece19a5ac02023979992824c2e90617de847d2ed552bc00fa64	667b9088529a5cd25d37c7da2e4160fadd7446ff29931d5b7ed68b9a5404ef98	b10cb7f66e3519788ecec6edc4095541a24eaf642a3ed8877fbe87c85e8ba9c5	swap	1	1857	1834	426	133,134,136,137,139,140,142,143,145,146,148,149,151,152,154,155,157,158,160,161,163,164,166,167,169,170,172,173,175,176,178,179,266,268,270,272,274,276,278,280,282,284,286,288,290,292,294,296,297,298,300,301,303,304,306,307,309,310,312,313,315,316,318,319,321,322,324,325,327,328,330,331,333,334,336,337,339,340,342,343,430,432,434,436,438,440,442,444,446,448,450,452,454,456,458,460,461,462,464,465,467,468,470,471,473,474,476,477,479,480,482,483,485,486,488,489,491,492,494,495,497,498,500,501,503,504,506,507,594,596,598,600,602,604,606,608,610,612,614,616,618,620,622,624,625,626,628,629,631,632,634,635,637,638,640,641,643,644,646,647,649,650,652,653,655,656,658,659,661,662,664,665,667,668,670,671,758,759,760,828,829,830,881,882,883,934,935,936,987,988,989,1040,1041,1042,1093,1094,1095,1146,1147,1148,1199,1200,1201,1252,1253,1254,1305,1306,1307,1358,1359,1360,1411,1412,1413,1464,1465,1466,1517,1519,1521,1523,1525,1527,1529,1531,1533,1535,1537,1539,1541,1543,1545,1547,1548,1549,1551,1552,1554,1555,1557,1558,1560,1561,1563,1564,1566,1567,1569,1570,1572,1573,1575,1576,1578,1579,1581,1582,1584,1585,1587,1588,1590,1591,1593,1594,1681,1683,1685,1687,1689,1691,1693,1695,1697,1699,1701,1703,1705,1707,1709,1711,1712,1713,1715,1716,1718,1719,1721,1722,1724,1725,1727,1728,1730,1731,1733,1734,1736,1737,1739,1740,1742,1743,1745,1746,1748,1749,1751,1752,1754,1755,1757,1758,1834,1845,1847,1849,1851,1853,1855,1859,1861,1863,1865,1867,1869,1871,1873,1875,1876,1877,1879,1880,1882,1883,1885,1886,1888,1889,1891,1892,1894,1895,1897,1898,1900,1901,1903,1904,1906,1907,1909,1910,1912,1913,1915,1916,1918,1919,1921,1922,2009,2011,2013,2015,2017,2019,2021,2023,2025,2027,2029,2031,2033,2035,2037,2039,2040,2041,2043,2044,2046,2047,2049,2050,2052,2053,2055,2056,2058,2059,2061,2062,2064,2065,2067,2068,2070,2071,2073,2074,2076,2077,2079,2080,2082,2083,2085,2086,2147,2148,2149,2150,2154,2155,2156,2157,2161,2162,2163,2164,2168,2169,2170,2171	426	19	445	430	8	3460	1346	429	0	1080	445	39	2171
proposal	frontier	14	149726246333717d009c7eeb9fda7eaab39210d1f164312edaa8373288e83d0c	8da75787c0b4cbbbf34548e097229a57a39bb0eac09da45d9144026e526ea520	b10cb7f66e3519788ecec6edc4095541a24eaf642a3ed8877fbe87c85e8ba9c5	swap	1	1695	1677	426	133,134,136,137,139,140,142,143,145,146,148,149,151,152,154,155,157,158,160,161,163,164,166,167,169,170,172,173,175,176,178,179,266,268,270,272,274,276,278,280,282,284,286,288,290,292,294,296,297,298,300,301,303,304,306,307,309,310,312,313,315,316,318,319,321,322,324,325,327,328,330,331,333,334,336,337,339,340,342,343,430,432,434,436,438,440,442,444,446,448,450,452,454,456,458,460,461,462,464,465,467,468,470,471,473,474,476,477,479,480,482,483,485,486,488,489,491,492,494,495,497,498,500,501,503,504,506,507,594,596,598,600,602,604,606,608,610,612,614,616,618,620,622,624,625,626,628,629,631,632,634,635,637,638,640,641,643,644,646,647,649,650,652,653,655,656,658,659,661,662,664,665,667,668,670,671,758,759,760,828,829,830,881,882,883,934,935,936,987,988,989,1040,1041,1042,1093,1094,1095,1146,1147,1148,1199,1200,1201,1252,1253,1254,1305,1306,1307,1358,1359,1360,1411,1412,1413,1464,1465,1466,1517,1519,1521,1523,1525,1527,1529,1531,1533,1535,1537,1539,1541,1543,1545,1547,1548,1549,1551,1552,1554,1555,1557,1558,1560,1561,1563,1564,1566,1567,1569,1570,1572,1573,1575,1576,1578,1579,1581,1582,1584,1585,1587,1588,1590,1591,1593,1594,1677,1681,1683,1685,1687,1689,1691,1693,1697,1699,1701,1703,1705,1707,1709,1711,1712,1713,1715,1716,1718,1719,1721,1722,1724,1725,1727,1728,1730,1731,1733,1734,1736,1737,1739,1740,1742,1743,1745,1746,1748,1749,1751,1752,1754,1755,1757,1758,1845,1847,1849,1851,1853,1855,1857,1859,1861,1863,1865,1867,1869,1871,1873,1875,1876,1877,1879,1880,1882,1883,1885,1886,1888,1889,1891,1892,1894,1895,1897,1898,1900,1901,1903,1904,1906,1907,1909,1910,1912,1913,1915,1916,1918,1919,1921,1922,2009,2011,2013,2015,2017,2019,2021,2023,2025,2027,2029,2031,2033,2035,2037,2039,2040,2041,2043,2044,2046,2047,2049,2050,2052,2053,2055,2056,2058,2059,2061,2062,2064,2065,2067,2068,2070,2071,2073,2074,2076,2077,2079,2080,2082,2083,2085,2086,2147,2148,2149,2150,2154,2155,2156,2157,2161,2162,2163,2164,2168,2169,2170,2171	426	19	445	430	8	3460	1346	429	0	1080	445	39	2171
proposal	frontier	15	14e6a8c3e82354d400cd7210972396fc460082940c23e0f2deef449c4f2ac22c	c7430945387bc3951eadb468d7dd3d32fb042f151bfe98e0374c0bdcd7a12773	b10cb7f66e3519788ecec6edc4095541a24eaf642a3ed8877fbe87c85e8ba9c5	swap	1	1705	1658	426	133,134,136,137,139,140,142,143,145,146,148,149,151,152,154,155,157,158,160,161,163,164,166,167,169,170,172,173,175,176,178,179,266,268,270,272,274,276,278,280,282,284,286,288,290,292,294,296,297,298,300,301,303,304,306,307,309,310,312,313,315,316,318,319,321,322,324,325,327,328,330,331,333,334,336,337,339,340,342,343,430,432,434,436,438,440,442,444,446,448,450,452,454,456,458,460,461,462,464,465,467,468,470,471,473,474,476,477,479,480,482,483,485,486,488,489,491,492,494,495,497,498,500,501,503,504,506,507,594,596,598,600,602,604,606,608,610,612,614,616,618,620,622,624,625,626,628,629,631,632,634,635,637,638,640,641,643,644,646,647,649,650,652,653,655,656,658,659,661,662,664,665,667,668,670,671,758,759,760,828,829,830,881,882,883,934,935,936,987,988,989,1040,1041,1042,1093,1094,1095,1146,1147,1148,1199,1200,1201,1252,1253,1254,1305,1306,1307,1358,1359,1360,1411,1412,1413,1464,1465,1466,1517,1519,1521,1523,1525,1527,1529,1531,1533,1535,1537,1539,1541,1543,1545,1547,1548,1549,1551,1552,1554,1555,1557,1558,1560,1561,1563,1564,1566,1567,1569,1570,1572,1573,1575,1576,1578,1579,1581,1582,1584,1585,1587,1588,1590,1591,1593,1594,1658,1681,1683,1685,1687,1689,1691,1693,1695,1697,1699,1701,1703,1707,1709,1711,1712,1713,1715,1716,1718,1719,1721,1722,1724,1725,1727,1728,1730,1731,1733,1734,1736,1737,1739,1740,1742,1743,1745,1746,1748,1749,1751,1752,1754,1755,1757,1758,1845,1847,1849,1851,1853,1855,1857,1859,1861,1863,1865,1867,1869,1871,1873,1875,1876,1877,1879,1880,1882,1883,1885,1886,1888,1889,1891,1892,1894,1895,1897,1898,1900,1901,1903,1904,1906,1907,1909,1910,1912,1913,1915,1916,1918,1919,1921,1922,2009,2011,2013,2015,2017,2019,2021,2023,2025,2027,2029,2031,2033,2035,2037,2039,2040,2041,2043,2044,2046,2047,2049,2050,2052,2053,2055,2056,2058,2059,2061,2062,2064,2065,2067,2068,2070,2071,2073,2074,2076,2077,2079,2080,2082,2083,2085,2086,2147,2148,2149,2150,2154,2155,2156,2157,2161,2162,2163,2164,2168,2169,2170,2171	426	19	445	430	8	3460	1346	429	0	1080	445	39	2171
proposal	frontier	16	15308c0aea4b86ee84e2d9f2e6cc0ef09bcfbbb28af9c4de3e0e62b5e2c8ee3b	09ff277874f63ac3eca177eb34d1698ec61cde222996e04e4162c16ca89a90e3	b10cb7f66e3519788ecec6edc4095541a24eaf642a3ed8877fbe87c85e8ba9c5	swap	1	1040	1008	426	133,134,136,137,139,140,142,143,145,146,148,149,151,152,154,155,157,158,160,161,163,164,166,167,169,170,172,173,175,176,178,179,266,268,270,272,274,276,278,280,282,284,286,288,290,292,294,296,297,298,300,301,303,304,306,307,309,310,312,313,315,316,318,319,321,322,324,325,327,328,330,331,333,334,336,337,339,340,342,343,430,432,434,436,438,440,442,444,446,448,450,452,454,456,458,460,461,462,464,465,467,468,470,471,473,474,476,477,479,480,482,483,485,486,488,489,491,492,494,495,497,498,500,501,503,504,506,507,594,596,598,600,602,604,606,608,610,612,614,616,618,620,622,624,625,626,628,629,631,632,634,635,637,638,640,641,643,644,646,647,649,650,652,653,655,656,658,659,661,662,664,665,667,668,670,671,758,759,760,828,829,830,881,882,883,934,935,936,987,988,989,1008,1041,1042,1093,1094,1095,1146,1147,1148,1199,1200,1201,1252,1253,1254,1305,1306,1307,1358,1359,1360,1411,1412,1413,1464,1465,1466,1517,1519,1521,1523,1525,1527,1529,1531,1533,1535,1537,1539,1541,1543,1545,1547,1548,1549,1551,1552,1554,1555,1557,1558,1560,1561,1563,1564,1566,1567,1569,1570,1572,1573,1575,1576,1578,1579,1581,1582,1584,1585,1587,1588,1590,1591,1593,1594,1681,1683,1685,1687,1689,1691,1693,1695,1697,1699,1701,1703,1705,1707,1709,1711,1712,1713,1715,1716,1718,1719,1721,1722,1724,1725,1727,1728,1730,1731,1733,1734,1736,1737,1739,1740,1742,1743,1745,1746,1748,1749,1751,1752,1754,1755,1757,1758,1845,1847,1849,1851,1853,1855,1857,1859,1861,1863,1865,1867,1869,1871,1873,1875,1876,1877,1879,1880,1882,1883,1885,1886,1888,1889,1891,1892,1894,1895,1897,1898,1900,1901,1903,1904,1906,1907,1909,1910,1912,1913,1915,1916,1918,1919,1921,1922,2009,2011,2013,2015,2017,2019,2021,2023,2025,2027,2029,2031,2033,2035,2037,2039,2040,2041,2043,2044,2046,2047,2049,2050,2052,2053,2055,2056,2058,2059,2061,2062,2064,2065,2067,2068,2070,2071,2073,2074,2076,2077,2079,2080,2082,2083,2085,2086,2147,2148,2149,2150,2154,2155,2156,2157,2161,2162,2163,2164,2168,2169,2170,2171	426	19	445	430	8	3460	1346	429	0	1080	445	39	2171
proposal	frontier	17	154a3d7fd3b8f2f6ebdfbb6f6e45789199314751c6e1bf8f9f2d06676eab6279	56a1866bcd630f6cd51838137700b06fd89d7611fd3672088b48711a30fe5a02	b10cb7f66e3519788ecec6edc4095541a24eaf642a3ed8877fbe87c85e8ba9c5	swap	1	1693	1670	426	133,134,136,137,139,140,142,143,145,146,148,149,151,152,154,155,157,158,160,161,163,164,166,167,169,170,172,173,175,176,178,179,266,268,270,272,274,276,278,280,282,284,286,288,290,292,294,296,297,298,300,301,303,304,306,307,309,310,312,313,315,316,318,319,321,322,324,325,327,328,330,331,333,334,336,337,339,340,342,343,430,432,434,436,438,440,442,444,446,448,450,452,454,456,458,460,461,462,464,465,467,468,470,471,473,474,476,477,479,480,482,483,485,486,488,489,491,492,494,495,497,498,500,501,503,504,506,507,594,596,598,600,602,604,606,608,610,612,614,616,618,620,622,624,625,626,628,629,631,632,634,635,637,638,640,641,643,644,646,647,649,650,652,653,655,656,658,659,661,662,664,665,667,668,670,671,758,759,760,828,829,830,881,882,883,934,935,936,987,988,989,1040,1041,1042,1093,1094,1095,1146,1147,1148,1199,1200,1201,1252,1253,1254,1305,1306,1307,1358,1359,1360,1411,1412,1413,1464,1465,1466,1517,1519,1521,1523,1525,1527,1529,1531,1533,1535,1537,1539,1541,1543,1545,1547,1548,1549,1551,1552,1554,1555,1557,1558,1560,1561,1563,1564,1566,1567,1569,1570,1572,1573,1575,1576,1578,1579,1581,1582,1584,1585,1587,1588,1590,1591,1593,1594,1670,1681,1683,1685,1687,1689,1691,1695,1697,1699,1701,1703,1705,1707,1709,1711,1712,1713,1715,1716,1718,1719,1721,1722,1724,1725,1727,1728,1730,1731,1733,1734,1736,1737,1739,1740,1742,1743,1745,1746,1748,1749,1751,1752,1754,1755,1757,1758,1845,1847,1849,1851,1853,1855,1857,1859,1861,1863,1865,1867,1869,1871,1873,1875,1876,1877,1879,1880,1882,1883,1885,1886,1888,1889,1891,1892,1894,1895,1897,1898,1900,1901,1903,1904,1906,1907,1909,1910,1912,1913,1915,1916,1918,1919,1921,1922,2009,2011,2013,2015,2017,2019,2021,2023,2025,2027,2029,2031,2033,2035,2037,2039,2040,2041,2043,2044,2046,2047,2049,2050,2052,2053,2055,2056,2058,2059,2061,2062,2064,2065,2067,2068,2070,2071,2073,2074,2076,2077,2079,2080,2082,2083,2085,2086,2147,2148,2149,2150,2154,2155,2156,2157,2161,2162,2163,2164,2168,2169,2170,2171	426	19	445	430	8	3460	1346	429	0	1080	445	39	2171
proposal	frontier	18	15aa354034a97e7368a4495aff76ed3bb84679daff77b95e8efe57621871621d	e09734cd60e14de0e55cff7433782e2347cd59215e97bf83d0a8f680d413b348	b10cb7f66e3519788ecec6edc4095541a24eaf642a3ed8877fbe87c85e8ba9c5	swap	1	618	571	426	133,134,136,137,139,140,142,143,145,146,148,149,151,152,154,155,157,158,160,161,163,164,166,167,169,170,172,173,175,176,178,179,266,268,270,272,274,276,278,280,282,284,286,288,290,292,294,296,297,298,300,301,303,304,306,307,309,310,312,313,315,316,318,319,321,322,324,325,327,328,330,331,333,334,336,337,339,340,342,343,430,432,434,436,438,440,442,444,446,448,450,452,454,456,458,460,461,462,464,465,467,468,470,471,473,474,476,477,479,480,482,483,485,486,488,489,491,492,494,495,497,498,500,501,503,504,506,507,571,594,596,598,600,602,604,606,608,610,612,614,616,620,622,624,625,626,628,629,631,632,634,635,637,638,640,641,643,644,646,647,649,650,652,653,655,656,658,659,661,662,664,665,667,668,670,671,758,759,760,828,829,830,881,882,883,934,935,936,987,988,989,1040,1041,1042,1093,1094,1095,1146,1147,1148,1199,1200,1201,1252,1253,1254,1305,1306,1307,1358,1359,1360,1411,1412,1413,1464,1465,1466,1517,1519,1521,1523,1525,1527,1529,1531,1533,1535,1537,1539,1541,1543,1545,1547,1548,1549,1551,1552,1554,1555,1557,1558,1560,1561,1563,1564,1566,1567,1569,1570,1572,1573,1575,1576,1578,1579,1581,1582,1584,1585,1587,1588,1590,1591,1593,1594,1681,1683,1685,1687,1689,1691,1693,1695,1697,1699,1701,1703,1705,1707,1709,1711,1712,1713,1715,1716,1718,1719,1721,1722,1724,1725,1727,1728,1730,1731,1733,1734,1736,1737,1739,1740,1742,1743,1745,1746,1748,1749,1751,1752,1754,1755,1757,1758,1845,1847,1849,1851,1853,1855,1857,1859,1861,1863,1865,1867,1869,1871,1873,1875,1876,1877,1879,1880,1882,1883,1885,1886,1888,1889,1891,1892,1894,1895,1897,1898,1900,1901,1903,1904,1906,1907,1909,1910,1912,1913,1915,1916,1918,1919,1921,1922,2009,2011,2013,2015,2017,2019,2021,2023,2025,2027,2029,2031,2033,2035,2037,2039,2040,2041,2043,2044,2046,2047,2049,2050,2052,2053,2055,2056,2058,2059,2061,2062,2064,2065,2067,2068,2070,2071,2073,2074,2076,2077,2079,2080,2082,2083,2085,2086,2147,2148,2149,2150,2154,2155,2156,2157,2161,2162,2163,2164,2168,2169,2170,2171	426	19	445	430	8	3460	1346	429	0	1080	445	39	2171
proposal	frontier	19	185efa5069bb5795ed74904d2d346db54866196a1355558be3d02fd47b3276cd	5bc5399022907666e8cf1c887f45cfb81c735f1f65872b8f594515290818d315	b10cb7f66e3519788ecec6edc4095541a24eaf642a3ed8877fbe87c85e8ba9c5	swap	1	624	592	426	133,134,136,137,139,140,142,143,145,146,148,149,151,152,154,155,157,158,160,161,163,164,166,167,169,170,172,173,175,176,178,179,266,268,270,272,274,276,278,280,282,284,286,288,290,292,294,296,297,298,300,301,303,304,306,307,309,310,312,313,315,316,318,319,321,322,324,325,327,328,330,331,333,334,336,337,339,340,342,343,430,432,434,436,438,440,442,444,446,448,450,452,454,456,458,460,461,462,464,465,467,468,470,471,473,474,476,477,479,480,482,483,485,486,488,489,491,492,494,495,497,498,500,501,503,504,506,507,592,594,596,598,600,602,604,606,608,610,612,614,616,618,620,622,625,626,628,629,631,632,634,635,637,638,640,641,643,644,646,647,649,650,652,653,655,656,658,659,661,662,664,665,667,668,670,671,758,759,760,828,829,830,881,882,883,934,935,936,987,988,989,1040,1041,1042,1093,1094,1095,1146,1147,1148,1199,1200,1201,1252,1253,1254,1305,1306,1307,1358,1359,1360,1411,1412,1413,1464,1465,1466,1517,1519,1521,1523,1525,1527,1529,1531,1533,1535,1537,1539,1541,1543,1545,1547,1548,1549,1551,1552,1554,1555,1557,1558,1560,1561,1563,1564,1566,1567,1569,1570,1572,1573,1575,1576,1578,1579,1581,1582,1584,1585,1587,1588,1590,1591,1593,1594,1681,1683,1685,1687,1689,1691,1693,1695,1697,1699,1701,1703,1705,1707,1709,1711,1712,1713,1715,1716,1718,1719,1721,1722,1724,1725,1727,1728,1730,1731,1733,1734,1736,1737,1739,1740,1742,1743,1745,1746,1748,1749,1751,1752,1754,1755,1757,1758,1845,1847,1849,1851,1853,1855,1857,1859,1861,1863,1865,1867,1869,1871,1873,1875,1876,1877,1879,1880,1882,1883,1885,1886,1888,1889,1891,1892,1894,1895,1897,1898,1900,1901,1903,1904,1906,1907,1909,1910,1912,1913,1915,1916,1918,1919,1921,1922,2009,2011,2013,2015,2017,2019,2021,2023,2025,2027,2029,2031,2033,2035,2037,2039,2040,2041,2043,2044,2046,2047,2049,2050,2052,2053,2055,2056,2058,2059,2061,2062,2064,2065,2067,2068,2070,2071,2073,2074,2076,2077,2079,2080,2082,2083,2085,2086,2147,2148,2149,2150,2154,2155,2156,2157,2161,2162,2163,2164,2168,2169,2170,2171	426	19	445	430	8	3460	1346	429	0	1080	445	39	2171
proposal	frontier	20	1861bdea7926b190fa7dade30069a1df076284cf6ea1a54d4ee36b0dc31e718f	6f682505d73da65669c07c6172d36e20924f2c396c8596840a99d9c60f9dd433	b10cb7f66e3519788ecec6edc4095541a24eaf642a3ed8877fbe87c85e8ba9c5	swap	1	1853	1820	426	133,134,136,137,139,140,142,143,145,146,148,149,151,152,154,155,157,158,160,161,163,164,166,167,169,170,172,173,175,176,178,179,266,268,270,272,274,276,278,280,282,284,286,288,290,292,294,296,297,298,300,301,303,304,306,307,309,310,312,313,315,316,318,319,321,322,324,325,327,328,330,331,333,334,336,337,339,340,342,343,430,432,434,436,438,440,442,444,446,448,450,452,454,456,458,460,461,462,464,465,467,468,470,471,473,474,476,477,479,480,482,483,485,486,488,489,491,492,494,495,497,498,500,501,503,504,506,507,594,596,598,600,602,604,606,608,610,612,614,616,618,620,622,624,625,626,628,629,631,632,634,635,637,638,640,641,643,644,646,647,649,650,652,653,655,656,658,659,661,662,664,665,667,668,670,671,758,759,760,828,829,830,881,882,883,934,935,936,987,988,989,1040,1041,1042,1093,1094,1095,1146,1147,1148,1199,1200,1201,1252,1253,1254,1305,1306,1307,1358,1359,1360,1411,1412,1413,1464,1465,1466,1517,1519,1521,1523,1525,1527,1529,1531,1533,1535,1537,1539,1541,1543,1545,1547,1548,1549,1551,1552,1554,1555,1557,1558,1560,1561,1563,1564,1566,1567,1569,1570,1572,1573,1575,1576,1578,1579,1581,1582,1584,1585,1587,1588,1590,1591,1593,1594,1681,1683,1685,1687,1689,1691,1693,1695,1697,1699,1701,1703,1705,1707,1709,1711,1712,1713,1715,1716,1718,1719,1721,1722,1724,1725,1727,1728,1730,1731,1733,1734,1736,1737,1739,1740,1742,1743,1745,1746,1748,1749,1751,1752,1754,1755,1757,1758,1820,1845,1847,1849,1851,1855,1857,1859,1861,1863,1865,1867,1869,1871,1873,1875,1876,1877,1879,1880,1882,1883,1885,1886,1888,1889,1891,1892,1894,1895,1897,1898,1900,1901,1903,1904,1906,1907,1909,1910,1912,1913,1915,1916,1918,1919,1921,1922,2009,2011,2013,2015,2017,2019,2021,2023,2025,2027,2029,2031,2033,2035,2037,2039,2040,2041,2043,2044,2046,2047,2049,2050,2052,2053,2055,2056,2058,2059,2061,2062,2064,2065,2067,2068,2070,2071,2073,2074,2076,2077,2079,2080,2082,2083,2085,2086,2147,2148,2149,2150,2154,2155,2156,2157,2161,2162,2163,2164,2168,2169,2170,2171	426	19	445	430	8	3460	1346	429	0	1080	445	39	2171
proposal	frontier	21	1a9070297dacd235f3f8c11f5f5f7638f48dcadf230e955ca5197fc1f06f9417	2033274f63c1fcb29c373d6de32b3aac32eff5337a137608040b9854753bff5b	b10cb7f66e3519788ecec6edc4095541a24eaf642a3ed8877fbe87c85e8ba9c5	swap	1	2027	1992	426	133,134,136,137,139,140,142,143,145,146,148,149,151,152,154,155,157,158,160,161,163,164,166,167,169,170,172,173,175,176,178,179,266,268,270,272,274,276,278,280,282,284,286,288,290,292,294,296,297,298,300,301,303,304,306,307,309,310,312,313,315,316,318,319,321,322,324,325,327,328,330,331,333,334,336,337,339,340,342,343,430,432,434,436,438,440,442,444,446,448,450,452,454,456,458,460,461,462,464,465,467,468,470,471,473,474,476,477,479,480,482,483,485,486,488,489,491,492,494,495,497,498,500,501,503,504,506,507,594,596,598,600,602,604,606,608,610,612,614,616,618,620,622,624,625,626,628,629,631,632,634,635,637,638,640,641,643,644,646,647,649,650,652,653,655,656,658,659,661,662,664,665,667,668,670,671,758,759,760,828,829,830,881,882,883,934,935,936,987,988,989,1040,1041,1042,1093,1094,1095,1146,1147,1148,1199,1200,1201,1252,1253,1254,1305,1306,1307,1358,1359,1360,1411,1412,1413,1464,1465,1466,1517,1519,1521,1523,1525,1527,1529,1531,1533,1535,1537,1539,1541,1543,1545,1547,1548,1549,1551,1552,1554,1555,1557,1558,1560,1561,1563,1564,1566,1567,1569,1570,1572,1573,1575,1576,1578,1579,1581,1582,1584,1585,1587,1588,1590,1591,1593,1594,1681,1683,1685,1687,1689,1691,1693,1695,1697,1699,1701,1703,1705,1707,1709,1711,1712,1713,1715,1716,1718,1719,1721,1722,1724,1725,1727,1728,1730,1731,1733,1734,1736,1737,1739,1740,1742,1743,1745,1746,1748,1749,1751,1752,1754,1755,1757,1758,1845,1847,1849,1851,1853,1855,1857,1859,1861,1863,1865,1867,1869,1871,1873,1875,1876,1877,1879,1880,1882,1883,1885,1886,1888,1889,1891,1892,1894,1895,1897,1898,1900,1901,1903,1904,1906,1907,1909,1910,1912,1913,1915,1916,1918,1919,1921,1922,1992,2009,2011,2013,2015,2017,2019,2021,2023,2025,2029,2031,2033,2035,2037,2039,2040,2041,2043,2044,2046,2047,2049,2050,2052,2053,2055,2056,2058,2059,2061,2062,2064,2065,2067,2068,2070,2071,2073,2074,2076,2077,2079,2080,2082,2083,2085,2086,2147,2148,2149,2150,2154,2155,2156,2157,2161,2162,2163,2164,2168,2169,2170,2171	426	19	445	430	8	3460	1346	429	0	1080	445	39	2171
proposal	frontier	22	1b9bbb2324c9cd3a03d5ff8494dcda6dc443971cf303eab7492cb9639bdfccc9	3b9ac242bc6323053c0429d2933e3ec6ac3380a77cb7f1eefd4e3720d2fcf01d	b10cb7f66e3519788ecec6edc4095541a24eaf642a3ed8877fbe87c85e8ba9c5	swap	1	1867	1842	426	133,134,136,137,139,140,142,143,145,146,148,149,151,152,154,155,157,158,160,161,163,164,166,167,169,170,172,173,175,176,178,179,266,268,270,272,274,276,278,280,282,284,286,288,290,292,294,296,297,298,300,301,303,304,306,307,309,310,312,313,315,316,318,319,321,322,324,325,327,328,330,331,333,334,336,337,339,340,342,343,430,432,434,436,438,440,442,444,446,448,450,452,454,456,458,460,461,462,464,465,467,468,470,471,473,474,476,477,479,480,482,483,485,486,488,489,491,492,494,495,497,498,500,501,503,504,506,507,594,596,598,600,602,604,606,608,610,612,614,616,618,620,622,624,625,626,628,629,631,632,634,635,637,638,640,641,643,644,646,647,649,650,652,653,655,656,658,659,661,662,664,665,667,668,670,671,758,759,760,828,829,830,881,882,883,934,935,936,987,988,989,1040,1041,1042,1093,1094,1095,1146,1147,1148,1199,1200,1201,1252,1253,1254,1305,1306,1307,1358,1359,1360,1411,1412,1413,1464,1465,1466,1517,1519,1521,1523,1525,1527,1529,1531,1533,1535,1537,1539,1541,1543,1545,1547,1548,1549,1551,1552,1554,1555,1557,1558,1560,1561,1563,1564,1566,1567,1569,1570,1572,1573,1575,1576,1578,1579,1581,1582,1584,1585,1587,1588,1590,1591,1593,1594,1681,1683,1685,1687,1689,1691,1693,1695,1697,1699,1701,1703,1705,1707,1709,1711,1712,1713,1715,1716,1718,1719,1721,1722,1724,1725,1727,1728,1730,1731,1733,1734,1736,1737,1739,1740,1742,1743,1745,1746,1748,1749,1751,1752,1754,1755,1757,1758,1842,1845,1847,1849,1851,1853,1855,1857,1859,1861,1863,1865,1869,1871,1873,1875,1876,1877,1879,1880,1882,1883,1885,1886,1888,1889,1891,1892,1894,1895,1897,1898,1900,1901,1903,1904,1906,1907,1909,1910,1912,1913,1915,1916,1918,1919,1921,1922,2009,2011,2013,2015,2017,2019,2021,2023,2025,2027,2029,2031,2033,2035,2037,2039,2040,2041,2043,2044,2046,2047,2049,2050,2052,2053,2055,2056,2058,2059,2061,2062,2064,2065,2067,2068,2070,2071,2073,2074,2076,2077,2079,2080,2082,2083,2085,2086,2147,2148,2149,2150,2154,2155,2156,2157,2161,2162,2163,2164,2168,2169,2170,2171	426	19	445	430	8	3460	1346	429	0	1080	445	39	2171
proposal	frontier	23	1c75845b41ffd93edf3bba2812ad86884407f3ab489b82059ae58472b8cc76ef	4254552cb37742bcb4317d6542356965b0d9c29444ab64bf2264fbca5405336d	b10cb7f66e3519788ecec6edc4095541a24eaf642a3ed8877fbe87c85e8ba9c5	swap	1	1523	1491	426	133,134,136,137,139,140,142,143,145,146,148,149,151,152,154,155,157,158,160,161,163,164,166,167,169,170,172,173,175,176,178,179,266,268,270,272,274,276,278,280,282,284,286,288,290,292,294,296,297,298,300,301,303,304,306,307,309,310,312,313,315,316,318,319,321,322,324,325,327,328,330,331,333,334,336,337,339,340,342,343,430,432,434,436,438,440,442,444,446,448,450,452,454,456,458,460,461,462,464,465,467,468,470,471,473,474,476,477,479,480,482,483,485,486,488,489,491,492,494,495,497,498,500,501,503,504,506,507,594,596,598,600,602,604,606,608,610,612,614,616,618,620,622,624,625,626,628,629,631,632,634,635,637,638,640,641,643,644,646,647,649,650,652,653,655,656,658,659,661,662,664,665,667,668,670,671,758,759,760,828,829,830,881,882,883,934,935,936,987,988,989,1040,1041,1042,1093,1094,1095,1146,1147,1148,1199,1200,1201,1252,1253,1254,1305,1306,1307,1358,1359,1360,1411,1412,1413,1464,1465,1466,1491,1517,1519,1521,1525,1527,1529,1531,1533,1535,1537,1539,1541,1543,1545,1547,1548,1549,1551,1552,1554,1555,1557,1558,1560,1561,1563,1564,1566,1567,1569,1570,1572,1573,1575,1576,1578,1579,1581,1582,1584,1585,1587,1588,1590,1591,1593,1594,1681,1683,1685,1687,1689,1691,1693,1695,1697,1699,1701,1703,1705,1707,1709,1711,1712,1713,1715,1716,1718,1719,1721,1722,1724,1725,1727,1728,1730,1731,1733,1734,1736,1737,1739,1740,1742,1743,1745,1746,1748,1749,1751,1752,1754,1755,1757,1758,1845,1847,1849,1851,1853,1855,1857,1859,1861,1863,1865,1867,1869,1871,1873,1875,1876,1877,1879,1880,1882,1883,1885,1886,1888,1889,1891,1892,1894,1895,1897,1898,1900,1901,1903,1904,1906,1907,1909,1910,1912,1913,1915,1916,1918,1919,1921,1922,2009,2011,2013,2015,2017,2019,2021,2023,2025,2027,2029,2031,2033,2035,2037,2039,2040,2041,2043,2044,2046,2047,2049,2050,2052,2053,2055,2056,2058,2059,2061,2062,2064,2065,2067,2068,2070,2071,2073,2074,2076,2077,2079,2080,2082,2083,2085,2086,2147,2148,2149,2150,2154,2155,2156,2157,2161,2162,2163,2164,2168,2169,2170,2171	426	19	445	430	8	3460	1346	429	0	1080	445	39	2171
proposal	frontier	24	1cf2e5c0ea778f182ee18c1ee2a1accac772ed0dd0f5d231cbbdf1a56843ffed	95a0e405bf3c05cc1931d3fd36b34df631f7ae31fd2774be55afb050308b8a7e	b10cb7f66e3519788ecec6edc4095541a24eaf642a3ed8877fbe87c85e8ba9c5	swap	1	444	426	426	133,134,136,137,139,140,142,143,145,146,148,149,151,152,154,155,157,158,160,161,163,164,166,167,169,170,172,173,175,176,178,179,266,268,270,272,274,276,278,280,282,284,286,288,290,292,294,296,297,298,300,301,303,304,306,307,309,310,312,313,315,316,318,319,321,322,324,325,327,328,330,331,333,334,336,337,339,340,342,343,426,430,432,434,436,438,440,442,446,448,450,452,454,456,458,460,461,462,464,465,467,468,470,471,473,474,476,477,479,480,482,483,485,486,488,489,491,492,494,495,497,498,500,501,503,504,506,507,594,596,598,600,602,604,606,608,610,612,614,616,618,620,622,624,625,626,628,629,631,632,634,635,637,638,640,641,643,644,646,647,649,650,652,653,655,656,658,659,661,662,664,665,667,668,670,671,758,759,760,828,829,830,881,882,883,934,935,936,987,988,989,1040,1041,1042,1093,1094,1095,1146,1147,1148,1199,1200,1201,1252,1253,1254,1305,1306,1307,1358,1359,1360,1411,1412,1413,1464,1465,1466,1517,1519,1521,1523,1525,1527,1529,1531,1533,1535,1537,1539,1541,1543,1545,1547,1548,1549,1551,1552,1554,1555,1557,1558,1560,1561,1563,1564,1566,1567,1569,1570,1572,1573,1575,1576,1578,1579,1581,1582,1584,1585,1587,1588,1590,1591,1593,1594,1681,1683,1685,1687,1689,1691,1693,1695,1697,1699,1701,1703,1705,1707,1709,1711,1712,1713,1715,1716,1718,1719,1721,1722,1724,1725,1727,1728,1730,1731,1733,1734,1736,1737,1739,1740,1742,1743,1745,1746,1748,1749,1751,1752,1754,1755,1757,1758,1845,1847,1849,1851,1853,1855,1857,1859,1861,1863,1865,1867,1869,1871,1873,1875,1876,1877,1879,1880,1882,1883,1885,1886,1888,1889,1891,1892,1894,1895,1897,1898,1900,1901,1903,1904,1906,1907,1909,1910,1912,1913,1915,1916,1918,1919,1921,1922,2009,2011,2013,2015,2017,2019,2021,2023,2025,2027,2029,2031,2033,2035,2037,2039,2040,2041,2043,2044,2046,2047,2049,2050,2052,2053,2055,2056,2058,2059,2061,2062,2064,2065,2067,2068,2070,2071,2073,2074,2076,2077,2079,2080,2082,2083,2085,2086,2147,2148,2149,2150,2154,2155,2156,2157,2161,2162,2163,2164,2168,2169,2170,2171	426	19	445	430	8	3460	1346	429	0	1080	445	39	2171
proposal	frontier	25	1cfa622d2bf073589967edc4840c0c7ddebf95d0ac68b7e672e4f5eb4d361854	5f729ad62589bfa9273dbcea679112c96a7f979f493523453d85caf42413f5cf	b10cb7f66e3519788ecec6edc4095541a24eaf642a3ed8877fbe87c85e8ba9c5	swap	1	2033	1986	426	133,134,136,137,139,140,142,143,145,146,148,149,151,152,154,155,157,158,160,161,163,164,166,167,169,170,172,173,175,176,178,179,266,268,270,272,274,276,278,280,282,284,286,288,290,292,294,296,297,298,300,301,303,304,306,307,309,310,312,313,315,316,318,319,321,322,324,325,327,328,330,331,333,334,336,337,339,340,342,343,430,432,434,436,438,440,442,444,446,448,450,452,454,456,458,460,461,462,464,465,467,468,470,471,473,474,476,477,479,480,482,483,485,486,488,489,491,492,494,495,497,498,500,501,503,504,506,507,594,596,598,600,602,604,606,608,610,612,614,616,618,620,622,624,625,626,628,629,631,632,634,635,637,638,640,641,643,644,646,647,649,650,652,653,655,656,658,659,661,662,664,665,667,668,670,671,758,759,760,828,829,830,881,882,883,934,935,936,987,988,989,1040,1041,1042,1093,1094,1095,1146,1147,1148,1199,1200,1201,1252,1253,1254,1305,1306,1307,1358,1359,1360,1411,1412,1413,1464,1465,1466,1517,1519,1521,1523,1525,1527,1529,1531,1533,1535,1537,1539,1541,1543,1545,1547,1548,1549,1551,1552,1554,1555,1557,1558,1560,1561,1563,1564,1566,1567,1569,1570,1572,1573,1575,1576,1578,1579,1581,1582,1584,1585,1587,1588,1590,1591,1593,1594,1681,1683,1685,1687,1689,1691,1693,1695,1697,1699,1701,1703,1705,1707,1709,1711,1712,1713,1715,1716,1718,1719,1721,1722,1724,1725,1727,1728,1730,1731,1733,1734,1736,1737,1739,1740,1742,1743,1745,1746,1748,1749,1751,1752,1754,1755,1757,1758,1845,1847,1849,1851,1853,1855,1857,1859,1861,1863,1865,1867,1869,1871,1873,1875,1876,1877,1879,1880,1882,1883,1885,1886,1888,1889,1891,1892,1894,1895,1897,1898,1900,1901,1903,1904,1906,1907,1909,1910,1912,1913,1915,1916,1918,1919,1921,1922,1986,2009,2011,2013,2015,2017,2019,2021,2023,2025,2027,2029,2031,2035,2037,2039,2040,2041,2043,2044,2046,2047,2049,2050,2052,2053,2055,2056,2058,2059,2061,2062,2064,2065,2067,2068,2070,2071,2073,2074,2076,2077,2079,2080,2082,2083,2085,2086,2147,2148,2149,2150,2154,2155,2156,2157,2161,2162,2163,2164,2168,2169,2170,2171	426	19	445	430	8	3460	1346	429	0	1080	445	39	2171
proposal	frontier	26	1d5ca83de1406ed8e2f2a6aa590fe134ef4774107c60c5d5385eac8d7842d917	f8887edec923e3162b48fe9b9c9e4fc4e2fd71aacb84c027df66f55c69a9b90e	b10cb7f66e3519788ecec6edc4095541a24eaf642a3ed8877fbe87c85e8ba9c5	swap	1	1681	1655	426	133,134,136,137,139,140,142,143,145,146,148,149,151,152,154,155,157,158,160,161,163,164,166,167,169,170,172,173,175,176,178,179,266,268,270,272,274,276,278,280,282,284,286,288,290,292,294,296,297,298,300,301,303,304,306,307,309,310,312,313,315,316,318,319,321,322,324,325,327,328,330,331,333,334,336,337,339,340,342,343,430,432,434,436,438,440,442,444,446,448,450,452,454,456,458,460,461,462,464,465,467,468,470,471,473,474,476,477,479,480,482,483,485,486,488,489,491,492,494,495,497,498,500,501,503,504,506,507,594,596,598,600,602,604,606,608,610,612,614,616,618,620,622,624,625,626,628,629,631,632,634,635,637,638,640,641,643,644,646,647,649,650,652,653,655,656,658,659,661,662,664,665,667,668,670,671,758,759,760,828,829,830,881,882,883,934,935,936,987,988,989,1040,1041,1042,1093,1094,1095,1146,1147,1148,1199,1200,1201,1252,1253,1254,1305,1306,1307,1358,1359,1360,1411,1412,1413,1464,1465,1466,1517,1519,1521,1523,1525,1527,1529,1531,1533,1535,1537,1539,1541,1543,1545,1547,1548,1549,1551,1552,1554,1555,1557,1558,1560,1561,1563,1564,1566,1567,1569,1570,1572,1573,1575,1576,1578,1579,1581,1582,1584,1585,1587,1588,1590,1591,1593,1594,1655,1683,1685,1687,1689,1691,1693,1695,1697,1699,1701,1703,1705,1707,1709,1711,1712,1713,1715,1716,1718,1719,1721,1722,1724,1725,1727,1728,1730,1731,1733,1734,1736,1737,1739,1740,1742,1743,1745,1746,1748,1749,1751,1752,1754,1755,1757,1758,1845,1847,1849,1851,1853,1855,1857,1859,1861,1863,1865,1867,1869,1871,1873,1875,1876,1877,1879,1880,1882,1883,1885,1886,1888,1889,1891,1892,1894,1895,1897,1898,1900,1901,1903,1904,1906,1907,1909,1910,1912,1913,1915,1916,1918,1919,1921,1922,2009,2011,2013,2015,2017,2019,2021,2023,2025,2027,2029,2031,2033,2035,2037,2039,2040,2041,2043,2044,2046,2047,2049,2050,2052,2053,2055,2056,2058,2059,2061,2062,2064,2065,2067,2068,2070,2071,2073,2074,2076,2077,2079,2080,2082,2083,2085,2086,2147,2148,2149,2150,2154,2155,2156,2157,2161,2162,2163,2164,2168,2169,2170,2171	426	19	445	430	8	3460	1346	429	0	1080	445	39	2171
proposal	frontier	27	253c19069266b0ae1c37dd07254d5c031c70787f1a7c7aa376d0053bb9ef8908	ed4fb8cfc814d7645c8c16ba921148877998ed430dfe1718aeae37cf8f6f3415	b10cb7f66e3519788ecec6edc4095541a24eaf642a3ed8877fbe87c85e8ba9c5	swap	1	1411	1379	426	133,134,136,137,139,140,142,143,145,146,148,149,151,152,154,155,157,158,160,161,163,164,166,167,169,170,172,173,175,176,178,179,266,268,270,272,274,276,278,280,282,284,286,288,290,292,294,296,297,298,300,301,303,304,306,307,309,310,312,313,315,316,318,319,321,322,324,325,327,328,330,331,333,334,336,337,339,340,342,343,430,432,434,436,438,440,442,444,446,448,450,452,454,456,458,460,461,462,464,465,467,468,470,471,473,474,476,477,479,480,482,483,485,486,488,489,491,492,494,495,497,498,500,501,503,504,506,507,594,596,598,600,602,604,606,608,610,612,614,616,618,620,622,624,625,626,628,629,631,632,634,635,637,638,640,641,643,644,646,647,649,650,652,653,655,656,658,659,661,662,664,665,667,668,670,671,758,759,760,828,829,830,881,882,883,934,935,936,987,988,989,1040,1041,1042,1093,1094,1095,1146,1147,1148,1199,1200,1201,1252,1253,1254,1305,1306,1307,1358,1359,1360,1379,1412,1413,1464,1465,1466,1517,1519,1521,1523,1525,1527,1529,1531,1533,1535,1537,1539,1541,1543,1545,1547,1548,1549,1551,1552,1554,1555,1557,1558,1560,1561,1563,1564,1566,1567,1569,1570,1572,1573,1575,1576,1578,1579,1581,1582,1584,1585,1587,1588,1590,1591,1593,1594,1681,1683,1685,1687,1689,1691,1693,1695,1697,1699,1701,1703,1705,1707,1709,1711,1712,1713,1715,1716,1718,1719,1721,1722,1724,1725,1727,1728,1730,1731,1733,1734,1736,1737,1739,1740,1742,1743,1745,1746,1748,1749,1751,1752,1754,1755,1757,1758,1845,1847,1849,1851,1853,1855,1857,1859,1861,1863,1865,1867,1869,1871,1873,1875,1876,1877,1879,1880,1882,1883,1885,1886,1888,1889,1891,1892,1894,1895,1897,1898,1900,1901,1903,1904,1906,1907,1909,1910,1912,1913,1915,1916,1918,1919,1921,1922,2009,2011,2013,2015,2017,2019,2021,2023,2025,2027,2029,2031,2033,2035,2037,2039,2040,2041,2043,2044,2046,2047,2049,2050,2052,2053,2055,2056,2058,2059,2061,2062,2064,2065,2067,2068,2070,2071,2073,2074,2076,2077,2079,2080,2082,2083,2085,2086,2147,2148,2149,2150,2154,2155,2156,2157,2161,2162,2163,2164,2168,2169,2170,2171	426	19	445	430	8	3460	1346	429	0	1080	445	39	2171
proposal	frontier	28	25cabab98f4ed4b25ff1dd987379090cc3b311ef0fda9474cda5981703354c80	6e98e530f0f8114742ba7268f6dcc6c64a2d3e878cb914af7c33bcb5b1bd31de	b10cb7f66e3519788ecec6edc4095541a24eaf642a3ed8877fbe87c85e8ba9c5	swap	1	606	583	426	133,134,136,137,139,140,142,143,145,146,148,149,151,152,154,155,157,158,160,161,163,164,166,167,169,170,172,173,175,176,178,179,266,268,270,272,274,276,278,280,282,284,286,288,290,292,294,296,297,298,300,301,303,304,306,307,309,310,312,313,315,316,318,319,321,322,324,325,327,328,330,331,333,334,336,337,339,340,342,343,430,432,434,436,438,440,442,444,446,448,450,452,454,456,458,460,461,462,464,465,467,468,470,471,473,474,476,477,479,480,482,483,485,486,488,489,491,492,494,495,497,498,500,501,503,504,506,507,583,594,596,598,600,602,604,608,610,612,614,616,618,620,622,624,625,626,628,629,631,632,634,635,637,638,640,641,643,644,646,647,649,650,652,653,655,656,658,659,661,662,664,665,667,668,670,671,758,759,760,828,829,830,881,882,883,934,935,936,987,988,989,1040,1041,1042,1093,1094,1095,1146,1147,1148,1199,1200,1201,1252,1253,1254,1305,1306,1307,1358,1359,1360,1411,1412,1413,1464,1465,1466,1517,1519,1521,1523,1525,1527,1529,1531,1533,1535,1537,1539,1541,1543,1545,1547,1548,1549,1551,1552,1554,1555,1557,1558,1560,1561,1563,1564,1566,1567,1569,1570,1572,1573,1575,1576,1578,1579,1581,1582,1584,1585,1587,1588,1590,1591,1593,1594,1681,1683,1685,1687,1689,1691,1693,1695,1697,1699,1701,1703,1705,1707,1709,1711,1712,1713,1715,1716,1718,1719,1721,1722,1724,1725,1727,1728,1730,1731,1733,1734,1736,1737,1739,1740,1742,1743,1745,1746,1748,1749,1751,1752,1754,1755,1757,1758,1845,1847,1849,1851,1853,1855,1857,1859,1861,1863,1865,1867,1869,1871,1873,1875,1876,1877,1879,1880,1882,1883,1885,1886,1888,1889,1891,1892,1894,1895,1897,1898,1900,1901,1903,1904,1906,1907,1909,1910,1912,1913,1915,1916,1918,1919,1921,1922,2009,2011,2013,2015,2017,2019,2021,2023,2025,2027,2029,2031,2033,2035,2037,2039,2040,2041,2043,2044,2046,2047,2049,2050,2052,2053,2055,2056,2058,2059,2061,2062,2064,2065,2067,2068,2070,2071,2073,2074,2076,2077,2079,2080,2082,2083,2085,2086,2147,2148,2149,2150,2154,2155,2156,2157,2161,2162,2163,2164,2168,2169,2170,2171	426	19	445	430	8	3460	1346	429	0	1080	445	39	2171
proposal	frontier	29	281a5d1c8a9790333e911cff76d19140d63af4a7323b5da80d626ad425384677	d0072e969dfa2488baf902eaaeb0ee5f0a110cdd8321e881978c32ae26eb7f10	b10cb7f66e3519788ecec6edc4095541a24eaf642a3ed8877fbe87c85e8ba9c5	swap	1	278	255	426	133,134,136,137,139,140,142,143,145,146,148,149,151,152,154,155,157,158,160,161,163,164,166,167,169,170,172,173,175,176,178,179,255,266,268,270,272,274,276,280,282,284,286,288,290,292,294,296,297,298,300,301,303,304,306,307,309,310,312,313,315,316,318,319,321,322,324,325,327,328,330,331,333,334,336,337,339,340,342,343,430,432,434,436,438,440,442,444,446,448,450,452,454,456,458,460,461,462,464,465,467,468,470,471,473,474,476,477,479,480,482,483,485,486,488,489,491,492,494,495,497,498,500,501,503,504,506,507,594,596,598,600,602,604,606,608,610,612,614,616,618,620,622,624,625,626,628,629,631,632,634,635,637,638,640,641,643,644,646,647,649,650,652,653,655,656,658,659,661,662,664,665,667,668,670,671,758,759,760,828,829,830,881,882,883,934,935,936,987,988,989,1040,1041,1042,1093,1094,1095,1146,1147,1148,1199,1200,1201,1252,1253,1254,1305,1306,1307,1358,1359,1360,1411,1412,1413,1464,1465,1466,1517,1519,1521,1523,1525,1527,1529,1531,1533,1535,1537,1539,1541,1543,1545,1547,1548,1549,1551,1552,1554,1555,1557,1558,1560,1561,1563,1564,1566,1567,1569,1570,1572,1573,1575,1576,1578,1579,1581,1582,1584,1585,1587,1588,1590,1591,1593,1594,1681,1683,1685,1687,1689,1691,1693,1695,1697,1699,1701,1703,1705,1707,1709,1711,1712,1713,1715,1716,1718,1719,1721,1722,1724,1725,1727,1728,1730,1731,1733,1734,1736,1737,1739,1740,1742,1743,1745,1746,1748,1749,1751,1752,1754,1755,1757,1758,1845,1847,1849,1851,1853,1855,1857,1859,1861,1863,1865,1867,1869,1871,1873,1875,1876,1877,1879,1880,1882,1883,1885,1886,1888,1889,1891,1892,1894,1895,1897,1898,1900,1901,1903,1904,1906,1907,1909,1910,1912,1913,1915,1916,1918,1919,1921,1922,2009,2011,2013,2015,2017,2019,2021,2023,2025,2027,2029,2031,2033,2035,2037,2039,2040,2041,2043,2044,2046,2047,2049,2050,2052,2053,2055,2056,2058,2059,2061,2062,2064,2065,2067,2068,2070,2071,2073,2074,2076,2077,2079,2080,2082,2083,2085,2086,2147,2148,2149,2150,2154,2155,2156,2157,2161,2162,2163,2164,2168,2169,2170,2171	426	19	445	430	8	3460	1346	429	0	1080	445	39	2171
proposal	frontier	30	29c2b2f871fce9582d35e9fcdc65f61ac47dfa2cdec6e1355565370c227dff8d	58697c566a1bc6d9f1fde7500000c534a363b89f679fae661c2c49d19caa94ab	b10cb7f66e3519788ecec6edc4095541a24eaf642a3ed8877fbe87c85e8ba9c5	swap	1	1519	1487	426	133,134,136,137,139,140,142,143,145,146,148,149,151,152,154,155,157,158,160,161,163,164,166,167,169,170,172,173,175,176,178,179,266,268,270,272,274,276,278,280,282,284,286,288,290,292,294,296,297,298,300,301,303,304,306,307,309,310,312,313,315,316,318,319,321,322,324,325,327,328,330,331,333,334,336,337,339,340,342,343,430,432,434,436,438,440,442,444,446,448,450,452,454,456,458,460,461,462,464,465,467,468,470,471,473,474,476,477,479,480,482,483,485,486,488,489,491,492,494,495,497,498,500,501,503,504,506,507,594,596,598,600,602,604,606,608,610,612,614,616,618,620,622,624,625,626,628,629,631,632,634,635,637,638,640,641,643,644,646,647,649,650,652,653,655,656,658,659,661,662,664,665,667,668,670,671,758,759,760,828,829,830,881,882,883,934,935,936,987,988,989,1040,1041,1042,1093,1094,1095,1146,1147,1148,1199,1200,1201,1252,1253,1254,1305,1306,1307,1358,1359,1360,1411,1412,1413,1464,1465,1466,1487,1517,1521,1523,1525,1527,1529,1531,1533,1535,1537,1539,1541,1543,1545,1547,1548,1549,1551,1552,1554,1555,1557,1558,1560,1561,1563,1564,1566,1567,1569,1570,1572,1573,1575,1576,1578,1579,1581,1582,1584,1585,1587,1588,1590,1591,1593,1594,1681,1683,1685,1687,1689,1691,1693,1695,1697,1699,1701,1703,1705,1707,1709,1711,1712,1713,1715,1716,1718,1719,1721,1722,1724,1725,1727,1728,1730,1731,1733,1734,1736,1737,1739,1740,1742,1743,1745,1746,1748,1749,1751,1752,1754,1755,1757,1758,1845,1847,1849,1851,1853,1855,1857,1859,1861,1863,1865,1867,1869,1871,1873,1875,1876,1877,1879,1880,1882,1883,1885,1886,1888,1889,1891,1892,1894,1895,1897,1898,1900,1901,1903,1904,1906,1907,1909,1910,1912,1913,1915,1916,1918,1919,1921,1922,2009,2011,2013,2015,2017,2019,2021,2023,2025,2027,2029,2031,2033,2035,2037,2039,2040,2041,2043,2044,2046,2047,2049,2050,2052,2053,2055,2056,2058,2059,2061,2062,2064,2065,2067,2068,2070,2071,2073,2074,2076,2077,2079,2080,2082,2083,2085,2086,2147,2148,2149,2150,2154,2155,2156,2157,2161,2162,2163,2164,2168,2169,2170,2171	426	19	445	430	8	3460	1346	429	0	1080	445	39	2171
proposal	frontier	31	29d8a275cf600cdf30ea5a25ce189b2caf45e5472aafbf842e3fe99deffa90fe	510e59f01c58049e56ac32776e0a0a3f766369f5716a4c523ecca322b90ccf33	b10cb7f66e3519788ecec6edc4095541a24eaf642a3ed8877fbe87c85e8ba9c5	swap	1	434	418	426	133,134,136,137,139,140,142,143,145,146,148,149,151,152,154,155,157,158,160,161,163,164,166,167,169,170,172,173,175,176,178,179,266,268,270,272,274,276,278,280,282,284,286,288,290,292,294,296,297,298,300,301,303,304,306,307,309,310,312,313,315,316,318,319,321,322,324,325,327,328,330,331,333,334,336,337,339,340,342,343,418,430,432,436,438,440,442,444,446,448,450,452,454,456,458,460,461,462,464,465,467,468,470,471,473,474,476,477,479,480,482,483,485,486,488,489,491,492,494,495,497,498,500,501,503,504,506,507,594,596,598,600,602,604,606,608,610,612,614,616,618,620,622,624,625,626,628,629,631,632,634,635,637,638,640,641,643,644,646,647,649,650,652,653,655,656,658,659,661,662,664,665,667,668,670,671,758,759,760,828,829,830,881,882,883,934,935,936,987,988,989,1040,1041,1042,1093,1094,1095,1146,1147,1148,1199,1200,1201,1252,1253,1254,1305,1306,1307,1358,1359,1360,1411,1412,1413,1464,1465,1466,1517,1519,1521,1523,1525,1527,1529,1531,1533,1535,1537,1539,1541,1543,1545,1547,1548,1549,1551,1552,1554,1555,1557,1558,1560,1561,1563,1564,1566,1567,1569,1570,1572,1573,1575,1576,1578,1579,1581,1582,1584,1585,1587,1588,1590,1591,1593,1594,1681,1683,1685,1687,1689,1691,1693,1695,1697,1699,1701,1703,1705,1707,1709,1711,1712,1713,1715,1716,1718,1719,1721,1722,1724,1725,1727,1728,1730,1731,1733,1734,1736,1737,1739,1740,1742,1743,1745,1746,1748,1749,1751,1752,1754,1755,1757,1758,1845,1847,1849,1851,1853,1855,1857,1859,1861,1863,1865,1867,1869,1871,1873,1875,1876,1877,1879,1880,1882,1883,1885,1886,1888,1889,1891,1892,1894,1895,1897,1898,1900,1901,1903,1904,1906,1907,1909,1910,1912,1913,1915,1916,1918,1919,1921,1922,2009,2011,2013,2015,2017,2019,2021,2023,2025,2027,2029,2031,2033,2035,2037,2039,2040,2041,2043,2044,2046,2047,2049,2050,2052,2053,2055,2056,2058,2059,2061,2062,2064,2065,2067,2068,2070,2071,2073,2074,2076,2077,2079,2080,2082,2083,2085,2086,2147,2148,2149,2150,2154,2155,2156,2157,2161,2162,2163,2164,2168,2169,2170,2171	426	19	445	430	8	3460	1346	429	0	1080	445	39	2171
proposal	frontier	32	2aeed77325efedf02641bcc1768defe6df8d337894d98a2bed7da9d5a483826f	b2362e05ff43a04655f8627d42ec6f1c17b6d46c1cb62f34982a7dea56f951f6	b10cb7f66e3519788ecec6edc4095541a24eaf642a3ed8877fbe87c85e8ba9c5	swap	1	1531	1499	426	133,134,136,137,139,140,142,143,145,146,148,149,151,152,154,155,157,158,160,161,163,164,166,167,169,170,172,173,175,176,178,179,266,268,270,272,274,276,278,280,282,284,286,288,290,292,294,296,297,298,300,301,303,304,306,307,309,310,312,313,315,316,318,319,321,322,324,325,327,328,330,331,333,334,336,337,339,340,342,343,430,432,434,436,438,440,442,444,446,448,450,452,454,456,458,460,461,462,464,465,467,468,470,471,473,474,476,477,479,480,482,483,485,486,488,489,491,492,494,495,497,498,500,501,503,504,506,507,594,596,598,600,602,604,606,608,610,612,614,616,618,620,622,624,625,626,628,629,631,632,634,635,637,638,640,641,643,644,646,647,649,650,652,653,655,656,658,659,661,662,664,665,667,668,670,671,758,759,760,828,829,830,881,882,883,934,935,936,987,988,989,1040,1041,1042,1093,1094,1095,1146,1147,1148,1199,1200,1201,1252,1253,1254,1305,1306,1307,1358,1359,1360,1411,1412,1413,1464,1465,1466,1499,1517,1519,1521,1523,1525,1527,1529,1533,1535,1537,1539,1541,1543,1545,1547,1548,1549,1551,1552,1554,1555,1557,1558,1560,1561,1563,1564,1566,1567,1569,1570,1572,1573,1575,1576,1578,1579,1581,1582,1584,1585,1587,1588,1590,1591,1593,1594,1681,1683,1685,1687,1689,1691,1693,1695,1697,1699,1701,1703,1705,1707,1709,1711,1712,1713,1715,1716,1718,1719,1721,1722,1724,1725,1727,1728,1730,1731,1733,1734,1736,1737,1739,1740,1742,1743,1745,1746,1748,1749,1751,1752,1754,1755,1757,1758,1845,1847,1849,1851,1853,1855,1857,1859,1861,1863,1865,1867,1869,1871,1873,1875,1876,1877,1879,1880,1882,1883,1885,1886,1888,1889,1891,1892,1894,1895,1897,1898,1900,1901,1903,1904,1906,1907,1909,1910,1912,1913,1915,1916,1918,1919,1921,1922,2009,2011,2013,2015,2017,2019,2021,2023,2025,2027,2029,2031,2033,2035,2037,2039,2040,2041,2043,2044,2046,2047,2049,2050,2052,2053,2055,2056,2058,2059,2061,2062,2064,2065,2067,2068,2070,2071,2073,2074,2076,2077,2079,2080,2082,2083,2085,2086,2147,2148,2149,2150,2154,2155,2156,2157,2161,2162,2163,2164,2168,2169,2170,2171	426	19	445	430	8	3460	1346	429	0	1080	445	39	2171
proposal	frontier	33	3343b9c9a7937fdca26182cad81c06148a102254efbe54c00b359d09e391956b	50e50ec1620f47a44a5eafc88d6c29d7d0bb24f13841cae9baa8403ffc294837	b10cb7f66e3519788ecec6edc4095541a24eaf642a3ed8877fbe87c85e8ba9c5	swap	1	1851	1840	426	133,134,136,137,139,140,142,143,145,146,148,149,151,152,154,155,157,158,160,161,163,164,166,167,169,170,172,173,175,176,178,179,266,268,270,272,274,276,278,280,282,284,286,288,290,292,294,296,297,298,300,301,303,304,306,307,309,310,312,313,315,316,318,319,321,322,324,325,327,328,330,331,333,334,336,337,339,340,342,343,430,432,434,436,438,440,442,444,446,448,450,452,454,456,458,460,461,462,464,465,467,468,470,471,473,474,476,477,479,480,482,483,485,486,488,489,491,492,494,495,497,498,500,501,503,504,506,507,594,596,598,600,602,604,606,608,610,612,614,616,618,620,622,624,625,626,628,629,631,632,634,635,637,638,640,641,643,644,646,647,649,650,652,653,655,656,658,659,661,662,664,665,667,668,670,671,758,759,760,828,829,830,881,882,883,934,935,936,987,988,989,1040,1041,1042,1093,1094,1095,1146,1147,1148,1199,1200,1201,1252,1253,1254,1305,1306,1307,1358,1359,1360,1411,1412,1413,1464,1465,1466,1517,1519,1521,1523,1525,1527,1529,1531,1533,1535,1537,1539,1541,1543,1545,1547,1548,1549,1551,1552,1554,1555,1557,1558,1560,1561,1563,1564,1566,1567,1569,1570,1572,1573,1575,1576,1578,1579,1581,1582,1584,1585,1587,1588,1590,1591,1593,1594,1681,1683,1685,1687,1689,1691,1693,1695,1697,1699,1701,1703,1705,1707,1709,1711,1712,1713,1715,1716,1718,1719,1721,1722,1724,1725,1727,1728,1730,1731,1733,1734,1736,1737,1739,1740,1742,1743,1745,1746,1748,1749,1751,1752,1754,1755,1757,1758,1840,1845,1847,1849,1853,1855,1857,1859,1861,1863,1865,1867,1869,1871,1873,1875,1876,1877,1879,1880,1882,1883,1885,1886,1888,1889,1891,1892,1894,1895,1897,1898,1900,1901,1903,1904,1906,1907,1909,1910,1912,1913,1915,1916,1918,1919,1921,1922,2009,2011,2013,2015,2017,2019,2021,2023,2025,2027,2029,2031,2033,2035,2037,2039,2040,2041,2043,2044,2046,2047,2049,2050,2052,2053,2055,2056,2058,2059,2061,2062,2064,2065,2067,2068,2070,2071,2073,2074,2076,2077,2079,2080,2082,2083,2085,2086,2147,2148,2149,2150,2154,2155,2156,2157,2161,2162,2163,2164,2168,2169,2170,2171	426	19	445	430	8	3460	1346	429	0	1080	445	39	2171
proposal	frontier	34	36e00db604f73d7065f7b83dd589873eda79496fb3c9c0e8cca2280febc5ed30	6fe66cac133ad4558b01b50f9b06a28bd233e03efed47d15c86798d44e9d5269	b10cb7f66e3519788ecec6edc4095541a24eaf642a3ed8877fbe87c85e8ba9c5	swap	1	284	249	426	133,134,136,137,139,140,142,143,145,146,148,149,151,152,154,155,157,158,160,161,163,164,166,167,169,170,172,173,175,176,178,179,249,266,268,270,272,274,276,278,280,282,286,288,290,292,294,296,297,298,300,301,303,304,306,307,309,310,312,313,315,316,318,319,321,322,324,325,327,328,330,331,333,334,336,337,339,340,342,343,430,432,434,436,438,440,442,444,446,448,450,452,454,456,458,460,461,462,464,465,467,468,470,471,473,474,476,477,479,480,482,483,485,486,488,489,491,492,494,495,497,498,500,501,503,504,506,507,594,596,598,600,602,604,606,608,610,612,614,616,618,620,622,624,625,626,628,629,631,632,634,635,637,638,640,641,643,644,646,647,649,650,652,653,655,656,658,659,661,662,664,665,667,668,670,671,758,759,760,828,829,830,881,882,883,934,935,936,987,988,989,1040,1041,1042,1093,1094,1095,1146,1147,1148,1199,1200,1201,1252,1253,1254,1305,1306,1307,1358,1359,1360,1411,1412,1413,1464,1465,1466,1517,1519,1521,1523,1525,1527,1529,1531,1533,1535,1537,1539,1541,1543,1545,1547,1548,1549,1551,1552,1554,1555,1557,1558,1560,1561,1563,1564,1566,1567,1569,1570,1572,1573,1575,1576,1578,1579,1581,1582,1584,1585,1587,1588,1590,1591,1593,1594,1681,1683,1685,1687,1689,1691,1693,1695,1697,1699,1701,1703,1705,1707,1709,1711,1712,1713,1715,1716,1718,1719,1721,1722,1724,1725,1727,1728,1730,1731,1733,1734,1736,1737,1739,1740,1742,1743,1745,1746,1748,1749,1751,1752,1754,1755,1757,1758,1845,1847,1849,1851,1853,1855,1857,1859,1861,1863,1865,1867,1869,1871,1873,1875,1876,1877,1879,1880,1882,1883,1885,1886,1888,1889,1891,1892,1894,1895,1897,1898,1900,1901,1903,1904,1906,1907,1909,1910,1912,1913,1915,1916,1918,1919,1921,1922,2009,2011,2013,2015,2017,2019,2021,2023,2025,2027,2029,2031,2033,2035,2037,2039,2040,2041,2043,2044,2046,2047,2049,2050,2052,2053,2055,2056,2058,2059,2061,2062,2064,2065,2067,2068,2070,2071,2073,2074,2076,2077,2079,2080,2082,2083,2085,2086,2147,2148,2149,2150,2154,2155,2156,2157,2161,2162,2163,2164,2168,2169,2170,2171	426	19	445	430	8	3460	1346	429	0	1080	445	39	2171
proposal	frontier	35	389e100e3295cf84bf82dfc536fb91e30b52c182b239c765a75a651379e968ee	26ab086f11fd0218ed3ddda00d84a991f0ded6b10ee6a89e4ac1ced3905fe274	b10cb7f66e3519788ecec6edc4095541a24eaf642a3ed8877fbe87c85e8ba9c5	swap	1	610	570	426	133,134,136,137,139,140,142,143,145,146,148,149,151,152,154,155,157,158,160,161,163,164,166,167,169,170,172,173,175,176,178,179,266,268,270,272,274,276,278,280,282,284,286,288,290,292,294,296,297,298,300,301,303,304,306,307,309,310,312,313,315,316,318,319,321,322,324,325,327,328,330,331,333,334,336,337,339,340,342,343,430,432,434,436,438,440,442,444,446,448,450,452,454,456,458,460,461,462,464,465,467,468,470,471,473,474,476,477,479,480,482,483,485,486,488,489,491,492,494,495,497,498,500,501,503,504,506,507,570,594,596,598,600,602,604,606,608,612,614,616,618,620,622,624,625,626,628,629,631,632,634,635,637,638,640,641,643,644,646,647,649,650,652,653,655,656,658,659,661,662,664,665,667,668,670,671,758,759,760,828,829,830,881,882,883,934,935,936,987,988,989,1040,1041,1042,1093,1094,1095,1146,1147,1148,1199,1200,1201,1252,1253,1254,1305,1306,1307,1358,1359,1360,1411,1412,1413,1464,1465,1466,1517,1519,1521,1523,1525,1527,1529,1531,1533,1535,1537,1539,1541,1543,1545,1547,1548,1549,1551,1552,1554,1555,1557,1558,1560,1561,1563,1564,1566,1567,1569,1570,1572,1573,1575,1576,1578,1579,1581,1582,1584,1585,1587,1588,1590,1591,1593,1594,1681,1683,1685,1687,1689,1691,1693,1695,1697,1699,1701,1703,1705,1707,1709,1711,1712,1713,1715,1716,1718,1719,1721,1722,1724,1725,1727,1728,1730,1731,1733,1734,1736,1737,1739,1740,1742,1743,1745,1746,1748,1749,1751,1752,1754,1755,1757,1758,1845,1847,1849,1851,1853,1855,1857,1859,1861,1863,1865,1867,1869,1871,1873,1875,1876,1877,1879,1880,1882,1883,1885,1886,1888,1889,1891,1892,1894,1895,1897,1898,1900,1901,1903,1904,1906,1907,1909,1910,1912,1913,1915,1916,1918,1919,1921,1922,2009,2011,2013,2015,2017,2019,2021,2023,2025,2027,2029,2031,2033,2035,2037,2039,2040,2041,2043,2044,2046,2047,2049,2050,2052,2053,2055,2056,2058,2059,2061,2062,2064,2065,2067,2068,2070,2071,2073,2074,2076,2077,2079,2080,2082,2083,2085,2086,2147,2148,2149,2150,2154,2155,2156,2157,2161,2162,2163,2164,2168,2169,2170,2171	426	19	445	430	8	3460	1346	429	0	1080	445	39	2171
proposal	frontier	36	41de317070773f89600a61f69fe9109ed67202f9b3e4362dc37971924ce11b10	18728f437024ee51d335c721e2dbf78770cef8c54fa44fb4ca0986405eb35a06	b10cb7f66e3519788ecec6edc4095541a24eaf642a3ed8877fbe87c85e8ba9c5	swap	1	2011	1990	426	133,134,136,137,139,140,142,143,145,146,148,149,151,152,154,155,157,158,160,161,163,164,166,167,169,170,172,173,175,176,178,179,266,268,270,272,274,276,278,280,282,284,286,288,290,292,294,296,297,298,300,301,303,304,306,307,309,310,312,313,315,316,318,319,321,322,324,325,327,328,330,331,333,334,336,337,339,340,342,343,430,432,434,436,438,440,442,444,446,448,450,452,454,456,458,460,461,462,464,465,467,468,470,471,473,474,476,477,479,480,482,483,485,486,488,489,491,492,494,495,497,498,500,501,503,504,506,507,594,596,598,600,602,604,606,608,610,612,614,616,618,620,622,624,625,626,628,629,631,632,634,635,637,638,640,641,643,644,646,647,649,650,652,653,655,656,658,659,661,662,664,665,667,668,670,671,758,759,760,828,829,830,881,882,883,934,935,936,987,988,989,1040,1041,1042,1093,1094,1095,1146,1147,1148,1199,1200,1201,1252,1253,1254,1305,1306,1307,1358,1359,1360,1411,1412,1413,1464,1465,1466,1517,1519,1521,1523,1525,1527,1529,1531,1533,1535,1537,1539,1541,1543,1545,1547,1548,1549,1551,1552,1554,1555,1557,1558,1560,1561,1563,1564,1566,1567,1569,1570,1572,1573,1575,1576,1578,1579,1581,1582,1584,1585,1587,1588,1590,1591,1593,1594,1681,1683,1685,1687,1689,1691,1693,1695,1697,1699,1701,1703,1705,1707,1709,1711,1712,1713,1715,1716,1718,1719,1721,1722,1724,1725,1727,1728,1730,1731,1733,1734,1736,1737,1739,1740,1742,1743,1745,1746,1748,1749,1751,1752,1754,1755,1757,1758,1845,1847,1849,1851,1853,1855,1857,1859,1861,1863,1865,1867,1869,1871,1873,1875,1876,1877,1879,1880,1882,1883,1885,1886,1888,1889,1891,1892,1894,1895,1897,1898,1900,1901,1903,1904,1906,1907,1909,1910,1912,1913,1915,1916,1918,1919,1921,1922,1990,2009,2013,2015,2017,2019,2021,2023,2025,2027,2029,2031,2033,2035,2037,2039,2040,2041,2043,2044,2046,2047,2049,2050,2052,2053,2055,2056,2058,2059,2061,2062,2064,2065,2067,2068,2070,2071,2073,2074,2076,2077,2079,2080,2082,2083,2085,2086,2147,2148,2149,2150,2154,2155,2156,2157,2161,2162,2163,2164,2168,2169,2170,2171	426	19	445	430	8	3460	1346	429	0	1080	445	39	2171
proposal	frontier	37	44b8efedac158c646843723ef00f0dc227d594d840145e27f1c99997ad94e20c	1469b7fcbe6369ad0d93f914e1c9868b1b23387437390fcb7e2467bc73079442	b10cb7f66e3519788ecec6edc4095541a24eaf642a3ed8877fbe87c85e8ba9c5	swap	1	436	425	426	133,134,136,137,139,140,142,143,145,146,148,149,151,152,154,155,157,158,160,161,163,164,166,167,169,170,172,173,175,176,178,179,266,268,270,272,274,276,278,280,282,284,286,288,290,292,294,296,297,298,300,301,303,304,306,307,309,310,312,313,315,316,318,319,321,322,324,325,327,328,330,331,333,334,336,337,339,340,342,343,425,430,432,434,438,440,442,444,446,448,450,452,454,456,458,460,461,462,464,465,467,468,470,471,473,474,476,477,479,480,482,483,485,486,488,489,491,492,494,495,497,498,500,501,503,504,506,507,594,596,598,600,602,604,606,608,610,612,614,616,618,620,622,624,625,626,628,629,631,632,634,635,637,638,640,641,643,644,646,647,649,650,652,653,655,656,658,659,661,662,664,665,667,668,670,671,758,759,760,828,829,830,881,882,883,934,935,936,987,988,989,1040,1041,1042,1093,1094,1095,1146,1147,1148,1199,1200,1201,1252,1253,1254,1305,1306,1307,1358,1359,1360,1411,1412,1413,1464,1465,1466,1517,1519,1521,1523,1525,1527,1529,1531,1533,1535,1537,1539,1541,1543,1545,1547,1548,1549,1551,1552,1554,1555,1557,1558,1560,1561,1563,1564,1566,1567,1569,1570,1572,1573,1575,1576,1578,1579,1581,1582,1584,1585,1587,1588,1590,1591,1593,1594,1681,1683,1685,1687,1689,1691,1693,1695,1697,1699,1701,1703,1705,1707,1709,1711,1712,1713,1715,1716,1718,1719,1721,1722,1724,1725,1727,1728,1730,1731,1733,1734,1736,1737,1739,1740,1742,1743,1745,1746,1748,1749,1751,1752,1754,1755,1757,1758,1845,1847,1849,1851,1853,1855,1857,1859,1861,1863,1865,1867,1869,1871,1873,1875,1876,1877,1879,1880,1882,1883,1885,1886,1888,1889,1891,1892,1894,1895,1897,1898,1900,1901,1903,1904,1906,1907,1909,1910,1912,1913,1915,1916,1918,1919,1921,1922,2009,2011,2013,2015,2017,2019,2021,2023,2025,2027,2029,2031,2033,2035,2037,2039,2040,2041,2043,2044,2046,2047,2049,2050,2052,2053,2055,2056,2058,2059,2061,2062,2064,2065,2067,2068,2070,2071,2073,2074,2076,2077,2079,2080,2082,2083,2085,2086,2147,2148,2149,2150,2154,2155,2156,2157,2161,2162,2163,2164,2168,2169,2170,2171	426	19	445	430	8	3460	1346	429	0	1080	445	39	2171
proposal	frontier	38	45972479847f9f94154c5a8944c322148e93f6c6033f0d299d5781f986955235	a754856065a1f7b19705ee6728ec2c21d0d7347a1e3f093e1c17517f3904daf4	b10cb7f66e3519788ecec6edc4095541a24eaf642a3ed8877fbe87c85e8ba9c5	swap	1	1547	1515	426	133,134,136,137,139,140,142,143,145,146,148,149,151,152,154,155,157,158,160,161,163,164,166,167,169,170,172,173,175,176,178,179,266,268,270,272,274,276,278,280,282,284,286,288,290,292,294,296,297,298,300,301,303,304,306,307,309,310,312,313,315,316,318,319,321,322,324,325,327,328,330,331,333,334,336,337,339,340,342,343,430,432,434,436,438,440,442,444,446,448,450,452,454,456,458,460,461,462,464,465,467,468,470,471,473,474,476,477,479,480,482,483,485,486,488,489,491,492,494,495,497,498,500,501,503,504,506,507,594,596,598,600,602,604,606,608,610,612,614,616,618,620,622,624,625,626,628,629,631,632,634,635,637,638,640,641,643,644,646,647,649,650,652,653,655,656,658,659,661,662,664,665,667,668,670,671,758,759,760,828,829,830,881,882,883,934,935,936,987,988,989,1040,1041,1042,1093,1094,1095,1146,1147,1148,1199,1200,1201,1252,1253,1254,1305,1306,1307,1358,1359,1360,1411,1412,1413,1464,1465,1466,1515,1517,1519,1521,1523,1525,1527,1529,1531,1533,1535,1537,1539,1541,1543,1545,1548,1549,1551,1552,1554,1555,1557,1558,1560,1561,1563,1564,1566,1567,1569,1570,1572,1573,1575,1576,1578,1579,1581,1582,1584,1585,1587,1588,1590,1591,1593,1594,1681,1683,1685,1687,1689,1691,1693,1695,1697,1699,1701,1703,1705,1707,1709,1711,1712,1713,1715,1716,1718,1719,1721,1722,1724,1725,1727,1728,1730,1731,1733,1734,1736,1737,1739,1740,1742,1743,1745,1746,1748,1749,1751,1752,1754,1755,1757,1758,1845,1847,1849,1851,1853,1855,1857,1859,1861,1863,1865,1867,1869,1871,1873,1875,1876,1877,1879,1880,1882,1883,1885,1886,1888,1889,1891,1892,1894,1895,1897,1898,1900,1901,1903,1904,1906,1907,1909,1910,1912,1913,1915,1916,1918,1919,1921,1922,2009,2011,2013,2015,2017,2019,2021,2023,2025,2027,2029,2031,2033,2035,2037,2039,2040,2041,2043,2044,2046,2047,2049,2050,2052,2053,2055,2056,2058,2059,2061,2062,2064,2065,2067,2068,2070,2071,2073,2074,2076,2077,2079,2080,2082,2083,2085,2086,2147,2148,2149,2150,2154,2155,2156,2157,2161,2162,2163,2164,2168,2169,2170,2171	426	19	445	430	8	3460	1346	429	0	1080	445	39	2171
proposal	frontier	39	4665ccad134d52c748d4becbba82a7ac097ed6c0af9048827e6469859a456d29	2d695d360cab2f196a408310f260616719ea296da3f00ebd50f49cb6fd86ba4f	b10cb7f66e3519788ecec6edc4095541a24eaf642a3ed8877fbe87c85e8ba9c5	swap	1	881	849	426	133,134,136,137,139,140,142,143,145,146,148,149,151,152,154,155,157,158,160,161,163,164,166,167,169,170,172,173,175,176,178,179,266,268,270,272,274,276,278,280,282,284,286,288,290,292,294,296,297,298,300,301,303,304,306,307,309,310,312,313,315,316,318,319,321,322,324,325,327,328,330,331,333,334,336,337,339,340,342,343,430,432,434,436,438,440,442,444,446,448,450,452,454,456,458,460,461,462,464,465,467,468,470,471,473,474,476,477,479,480,482,483,485,486,488,489,491,492,494,495,497,498,500,501,503,504,506,507,594,596,598,600,602,604,606,608,610,612,614,616,618,620,622,624,625,626,628,629,631,632,634,635,637,638,640,641,643,644,646,647,649,650,652,653,655,656,658,659,661,662,664,665,667,668,670,671,758,759,760,828,829,830,849,882,883,934,935,936,987,988,989,1040,1041,1042,1093,1094,1095,1146,1147,1148,1199,1200,1201,1252,1253,1254,1305,1306,1307,1358,1359,1360,1411,1412,1413,1464,1465,1466,1517,1519,1521,1523,1525,1527,1529,1531,1533,1535,1537,1539,1541,1543,1545,1547,1548,1549,1551,1552,1554,1555,1557,1558,1560,1561,1563,1564,1566,1567,1569,1570,1572,1573,1575,1576,1578,1579,1581,1582,1584,1585,1587,1588,1590,1591,1593,1594,1681,1683,1685,1687,1689,1691,1693,1695,1697,1699,1701,1703,1705,1707,1709,1711,1712,1713,1715,1716,1718,1719,1721,1722,1724,1725,1727,1728,1730,1731,1733,1734,1736,1737,1739,1740,1742,1743,1745,1746,1748,1749,1751,1752,1754,1755,1757,1758,1845,1847,1849,1851,1853,1855,1857,1859,1861,1863,1865,1867,1869,1871,1873,1875,1876,1877,1879,1880,1882,1883,1885,1886,1888,1889,1891,1892,1894,1895,1897,1898,1900,1901,1903,1904,1906,1907,1909,1910,1912,1913,1915,1916,1918,1919,1921,1922,2009,2011,2013,2015,2017,2019,2021,2023,2025,2027,2029,2031,2033,2035,2037,2039,2040,2041,2043,2044,2046,2047,2049,2050,2052,2053,2055,2056,2058,2059,2061,2062,2064,2065,2067,2068,2070,2071,2073,2074,2076,2077,2079,2080,2082,2083,2085,2086,2147,2148,2149,2150,2154,2155,2156,2157,2161,2162,2163,2164,2168,2169,2170,2171	426	19	445	430	8	3460	1346	429	0	1080	445	39	2171
proposal	frontier	40	46864f46a657fbfb9ac647e8fbc004d14eeab3815ff5cf6673c7ca2e30426e88	1088fd625ba0d98911054a704c9e01dd31baa0433fabce9486f26c186239292d	b10cb7f66e3519788ecec6edc4095541a24eaf642a3ed8877fbe87c85e8ba9c5	swap	1	1093	1061	426	133,134,136,137,139,140,142,143,145,146,148,149,151,152,154,155,157,158,160,161,163,164,166,167,169,170,172,173,175,176,178,179,266,268,270,272,274,276,278,280,282,284,286,288,290,292,294,296,297,298,300,301,303,304,306,307,309,310,312,313,315,316,318,319,321,322,324,325,327,328,330,331,333,334,336,337,339,340,342,343,430,432,434,436,438,440,442,444,446,448,450,452,454,456,458,460,461,462,464,465,467,468,470,471,473,474,476,477,479,480,482,483,485,486,488,489,491,492,494,495,497,498,500,501,503,504,506,507,594,596,598,600,602,604,606,608,610,612,614,616,618,620,622,624,625,626,628,629,631,632,634,635,637,638,640,641,643,644,646,647,649,650,652,653,655,656,658,659,661,662,664,665,667,668,670,671,758,759,760,828,829,830,881,882,883,934,935,936,987,988,989,1040,1041,1042,1061,1094,1095,1146,1147,1148,1199,1200,1201,1252,1253,1254,1305,1306,1307,1358,1359,1360,1411,1412,1413,1464,1465,1466,1517,1519,1521,1523,1525,1527,1529,1531,1533,1535,1537,1539,1541,1543,1545,1547,1548,1549,1551,1552,1554,1555,1557,1558,1560,1561,1563,1564,1566,1567,1569,1570,1572,1573,1575,1576,1578,1579,1581,1582,1584,1585,1587,1588,1590,1591,1593,1594,1681,1683,1685,1687,1689,1691,1693,1695,1697,1699,1701,1703,1705,1707,1709,1711,1712,1713,1715,1716,1718,1719,1721,1722,1724,1725,1727,1728,1730,1731,1733,1734,1736,1737,1739,1740,1742,1743,1745,1746,1748,1749,1751,1752,1754,1755,1757,1758,1845,1847,1849,1851,1853,1855,1857,1859,1861,1863,1865,1867,1869,1871,1873,1875,1876,1877,1879,1880,1882,1883,1885,1886,1888,1889,1891,1892,1894,1895,1897,1898,1900,1901,1903,1904,1906,1907,1909,1910,1912,1913,1915,1916,1918,1919,1921,1922,2009,2011,2013,2015,2017,2019,2021,2023,2025,2027,2029,2031,2033,2035,2037,2039,2040,2041,2043,2044,2046,2047,2049,2050,2052,2053,2055,2056,2058,2059,2061,2062,2064,2065,2067,2068,2070,2071,2073,2074,2076,2077,2079,2080,2082,2083,2085,2086,2147,2148,2149,2150,2154,2155,2156,2157,2161,2162,2163,2164,2168,2169,2170,2171	426	19	445	430	8	3460	1346	429	0	1080	445	39	2171
proposal	frontier	41	47625feae241162b0f255803d76808f78c1b7932fe635f1f64ad177512f7c4df	fc07e14d6de6f75e3ac357948710e6d4b442e87c9abf2cb150743d0fc719786d	b10cb7f66e3519788ecec6edc4095541a24eaf642a3ed8877fbe87c85e8ba9c5	swap	1	1701	1671	426	133,134,136,137,139,140,142,143,145,146,148,149,151,152,154,155,157,158,160,161,163,164,166,167,169,170,172,173,175,176,178,179,266,268,270,272,274,276,278,280,282,284,286,288,290,292,294,296,297,298,300,301,303,304,306,307,309,310,312,313,315,316,318,319,321,322,324,325,327,328,330,331,333,334,336,337,339,340,342,343,430,432,434,436,438,440,442,444,446,448,450,452,454,456,458,460,461,462,464,465,467,468,470,471,473,474,476,477,479,480,482,483,485,486,488,489,491,492,494,495,497,498,500,501,503,504,506,507,594,596,598,600,602,604,606,608,610,612,614,616,618,620,622,624,625,626,628,629,631,632,634,635,637,638,640,641,643,644,646,647,649,650,652,653,655,656,658,659,661,662,664,665,667,668,670,671,758,759,760,828,829,830,881,882,883,934,935,936,987,988,989,1040,1041,1042,1093,1094,1095,1146,1147,1148,1199,1200,1201,1252,1253,1254,1305,1306,1307,1358,1359,1360,1411,1412,1413,1464,1465,1466,1517,1519,1521,1523,1525,1527,1529,1531,1533,1535,1537,1539,1541,1543,1545,1547,1548,1549,1551,1552,1554,1555,1557,1558,1560,1561,1563,1564,1566,1567,1569,1570,1572,1573,1575,1576,1578,1579,1581,1582,1584,1585,1587,1588,1590,1591,1593,1594,1671,1681,1683,1685,1687,1689,1691,1693,1695,1697,1699,1703,1705,1707,1709,1711,1712,1713,1715,1716,1718,1719,1721,1722,1724,1725,1727,1728,1730,1731,1733,1734,1736,1737,1739,1740,1742,1743,1745,1746,1748,1749,1751,1752,1754,1755,1757,1758,1845,1847,1849,1851,1853,1855,1857,1859,1861,1863,1865,1867,1869,1871,1873,1875,1876,1877,1879,1880,1882,1883,1885,1886,1888,1889,1891,1892,1894,1895,1897,1898,1900,1901,1903,1904,1906,1907,1909,1910,1912,1913,1915,1916,1918,1919,1921,1922,2009,2011,2013,2015,2017,2019,2021,2023,2025,2027,2029,2031,2033,2035,2037,2039,2040,2041,2043,2044,2046,2047,2049,2050,2052,2053,2055,2056,2058,2059,2061,2062,2064,2065,2067,2068,2070,2071,2073,2074,2076,2077,2079,2080,2082,2083,2085,2086,2147,2148,2149,2150,2154,2155,2156,2157,2161,2162,2163,2164,2168,2169,2170,2171	426	19	445	430	8	3460	1346	429	0	1080	445	39	2171
proposal	frontier	42	49d4de3ae4c1c6752ed3eb2d0230f75ff2ecdd45c9876d790a4a5aa9a76246b0	78be311d957422ce220ddd9cb32734118483c868c5cae3d7d21440e708f51394	b10cb7f66e3519788ecec6edc4095541a24eaf642a3ed8877fbe87c85e8ba9c5	swap	1	616	591	426	133,134,136,137,139,140,142,143,145,146,148,149,151,152,154,155,157,158,160,161,163,164,166,167,169,170,172,173,175,176,178,179,266,268,270,272,274,276,278,280,282,284,286,288,290,292,294,296,297,298,300,301,303,304,306,307,309,310,312,313,315,316,318,319,321,322,324,325,327,328,330,331,333,334,336,337,339,340,342,343,430,432,434,436,438,440,442,444,446,448,450,452,454,456,458,460,461,462,464,465,467,468,470,471,473,474,476,477,479,480,482,483,485,486,488,489,491,492,494,495,497,498,500,501,503,504,506,507,591,594,596,598,600,602,604,606,608,610,612,614,618,620,622,624,625,626,628,629,631,632,634,635,637,638,640,641,643,644,646,647,649,650,652,653,655,656,658,659,661,662,664,665,667,668,670,671,758,759,760,828,829,830,881,882,883,934,935,936,987,988,989,1040,1041,1042,1093,1094,1095,1146,1147,1148,1199,1200,1201,1252,1253,1254,1305,1306,1307,1358,1359,1360,1411,1412,1413,1464,1465,1466,1517,1519,1521,1523,1525,1527,1529,1531,1533,1535,1537,1539,1541,1543,1545,1547,1548,1549,1551,1552,1554,1555,1557,1558,1560,1561,1563,1564,1566,1567,1569,1570,1572,1573,1575,1576,1578,1579,1581,1582,1584,1585,1587,1588,1590,1591,1593,1594,1681,1683,1685,1687,1689,1691,1693,1695,1697,1699,1701,1703,1705,1707,1709,1711,1712,1713,1715,1716,1718,1719,1721,1722,1724,1725,1727,1728,1730,1731,1733,1734,1736,1737,1739,1740,1742,1743,1745,1746,1748,1749,1751,1752,1754,1755,1757,1758,1845,1847,1849,1851,1853,1855,1857,1859,1861,1863,1865,1867,1869,1871,1873,1875,1876,1877,1879,1880,1882,1883,1885,1886,1888,1889,1891,1892,1894,1895,1897,1898,1900,1901,1903,1904,1906,1907,1909,1910,1912,1913,1915,1916,1918,1919,1921,1922,2009,2011,2013,2015,2017,2019,2021,2023,2025,2027,2029,2031,2033,2035,2037,2039,2040,2041,2043,2044,2046,2047,2049,2050,2052,2053,2055,2056,2058,2059,2061,2062,2064,2065,2067,2068,2070,2071,2073,2074,2076,2077,2079,2080,2082,2083,2085,2086,2147,2148,2149,2150,2154,2155,2156,2157,2161,2162,2163,2164,2168,2169,2170,2171	426	19	445	430	8	3460	1346	429	0	1080	445	39	2171
proposal	frontier	43	4bbb9be072d6a50ef17cba68bb5fd688eb720b3f12e33a33f20fd685d61742c3	8fd9fa9effdbdde6712f0681218c89a5d9fe04ab39695a967b184090abef9161	b10cb7f66e3519788ecec6edc4095541a24eaf642a3ed8877fbe87c85e8ba9c5	swap	1	448	413	426	133,134,136,137,139,140,142,143,145,146,148,149,151,152,154,155,157,158,160,161,163,164,166,167,169,170,172,173,175,176,178,179,266,268,270,272,274,276,278,280,282,284,286,288,290,292,294,296,297,298,300,301,303,304,306,307,309,310,312,313,315,316,318,319,321,322,324,325,327,328,330,331,333,334,336,337,339,340,342,343,413,430,432,434,436,438,440,442,444,446,450,452,454,456,458,460,461,462,464,465,467,468,470,471,473,474,476,477,479,480,482,483,485,486,488,489,491,492,494,495,497,498,500,501,503,504,506,507,594,596,598,600,602,604,606,608,610,612,614,616,618,620,622,624,625,626,628,629,631,632,634,635,637,638,640,641,643,644,646,647,649,650,652,653,655,656,658,659,661,662,664,665,667,668,670,671,758,759,760,828,829,830,881,882,883,934,935,936,987,988,989,1040,1041,1042,1093,1094,1095,1146,1147,1148,1199,1200,1201,1252,1253,1254,1305,1306,1307,1358,1359,1360,1411,1412,1413,1464,1465,1466,1517,1519,1521,1523,1525,1527,1529,1531,1533,1535,1537,1539,1541,1543,1545,1547,1548,1549,1551,1552,1554,1555,1557,1558,1560,1561,1563,1564,1566,1567,1569,1570,1572,1573,1575,1576,1578,1579,1581,1582,1584,1585,1587,1588,1590,1591,1593,1594,1681,1683,1685,1687,1689,1691,1693,1695,1697,1699,1701,1703,1705,1707,1709,1711,1712,1713,1715,1716,1718,1719,1721,1722,1724,1725,1727,1728,1730,1731,1733,1734,1736,1737,1739,1740,1742,1743,1745,1746,1748,1749,1751,1752,1754,1755,1757,1758,1845,1847,1849,1851,1853,1855,1857,1859,1861,1863,1865,1867,1869,1871,1873,1875,1876,1877,1879,1880,1882,1883,1885,1886,1888,1889,1891,1892,1894,1895,1897,1898,1900,1901,1903,1904,1906,1907,1909,1910,1912,1913,1915,1916,1918,1919,1921,1922,2009,2011,2013,2015,2017,2019,2021,2023,2025,2027,2029,2031,2033,2035,2037,2039,2040,2041,2043,2044,2046,2047,2049,2050,2052,2053,2055,2056,2058,2059,2061,2062,2064,2065,2067,2068,2070,2071,2073,2074,2076,2077,2079,2080,2082,2083,2085,2086,2147,2148,2149,2150,2154,2155,2156,2157,2161,2162,2163,2164,2168,2169,2170,2171	426	19	445	430	8	3460	1346	429	0	1080	445	39	2171
proposal	frontier	44	4dbb75847453cfbda36d2abb9fe1d390895271297e04276d522ec20fd688cfae	0974fbff11d3a730349a71907d8479332a7dc2ab94ea6e09dc5ff319b59c9412	b10cb7f66e3519788ecec6edc4095541a24eaf642a3ed8877fbe87c85e8ba9c5	swap	1	1537	1505	426	133,134,136,137,139,140,142,143,145,146,148,149,151,152,154,155,157,158,160,161,163,164,166,167,169,170,172,173,175,176,178,179,266,268,270,272,274,276,278,280,282,284,286,288,290,292,294,296,297,298,300,301,303,304,306,307,309,310,312,313,315,316,318,319,321,322,324,325,327,328,330,331,333,334,336,337,339,340,342,343,430,432,434,436,438,440,442,444,446,448,450,452,454,456,458,460,461,462,464,465,467,468,470,471,473,474,476,477,479,480,482,483,485,486,488,489,491,492,494,495,497,498,500,501,503,504,506,507,594,596,598,600,602,604,606,608,610,612,614,616,618,620,622,624,625,626,628,629,631,632,634,635,637,638,640,641,643,644,646,647,649,650,652,653,655,656,658,659,661,662,664,665,667,668,670,671,758,759,760,828,829,830,881,882,883,934,935,936,987,988,989,1040,1041,1042,1093,1094,1095,1146,1147,1148,1199,1200,1201,1252,1253,1254,1305,1306,1307,1358,1359,1360,1411,1412,1413,1464,1465,1466,1505,1517,1519,1521,1523,1525,1527,1529,1531,1533,1535,1539,1541,1543,1545,1547,1548,1549,1551,1552,1554,1555,1557,1558,1560,1561,1563,1564,1566,1567,1569,1570,1572,1573,1575,1576,1578,1579,1581,1582,1584,1585,1587,1588,1590,1591,1593,1594,1681,1683,1685,1687,1689,1691,1693,1695,1697,1699,1701,1703,1705,1707,1709,1711,1712,1713,1715,1716,1718,1719,1721,1722,1724,1725,1727,1728,1730,1731,1733,1734,1736,1737,1739,1740,1742,1743,1745,1746,1748,1749,1751,1752,1754,1755,1757,1758,1845,1847,1849,1851,1853,1855,1857,1859,1861,1863,1865,1867,1869,1871,1873,1875,1876,1877,1879,1880,1882,1883,1885,1886,1888,1889,1891,1892,1894,1895,1897,1898,1900,1901,1903,1904,1906,1907,1909,1910,1912,1913,1915,1916,1918,1919,1921,1922,2009,2011,2013,2015,2017,2019,2021,2023,2025,2027,2029,2031,2033,2035,2037,2039,2040,2041,2043,2044,2046,2047,2049,2050,2052,2053,2055,2056,2058,2059,2061,2062,2064,2065,2067,2068,2070,2071,2073,2074,2076,2077,2079,2080,2082,2083,2085,2086,2147,2148,2149,2150,2154,2155,2156,2157,2161,2162,2163,2164,2168,2169,2170,2171	426	19	445	430	8	3460	1346	429	0	1080	445	39	2171
proposal	frontier	45	510a3e642235e9a356e652f06ab403843c475b88cea7f19b3300496d3e75c317	2d4d3f685ff8ca28c55569c36d4cfe99776af290192ad3ff7646dfc1a92e19fe	b10cb7f66e3519788ecec6edc4095541a24eaf642a3ed8877fbe87c85e8ba9c5	swap	1	1685	1669	426	133,134,136,137,139,140,142,143,145,146,148,149,151,152,154,155,157,158,160,161,163,164,166,167,169,170,172,173,175,176,178,179,266,268,270,272,274,276,278,280,282,284,286,288,290,292,294,296,297,298,300,301,303,304,306,307,309,310,312,313,315,316,318,319,321,322,324,325,327,328,330,331,333,334,336,337,339,340,342,343,430,432,434,436,438,440,442,444,446,448,450,452,454,456,458,460,461,462,464,465,467,468,470,471,473,474,476,477,479,480,482,483,485,486,488,489,491,492,494,495,497,498,500,501,503,504,506,507,594,596,598,600,602,604,606,608,610,612,614,616,618,620,622,624,625,626,628,629,631,632,634,635,637,638,640,641,643,644,646,647,649,650,652,653,655,656,658,659,661,662,664,665,667,668,670,671,758,759,760,828,829,830,881,882,883,934,935,936,987,988,989,1040,1041,1042,1093,1094,1095,1146,1147,1148,1199,1200,1201,1252,1253,1254,1305,1306,1307,1358,1359,1360,1411,1412,1413,1464,1465,1466,1517,1519,1521,1523,1525,1527,1529,1531,1533,1535,1537,1539,1541,1543,1545,1547,1548,1549,1551,1552,1554,1555,1557,1558,1560,1561,1563,1564,1566,1567,1569,1570,1572,1573,1575,1576,1578,1579,1581,1582,1584,1585,1587,1588,1590,1591,1593,1594,1669,1681,1683,1687,1689,1691,1693,1695,1697,1699,1701,1703,1705,1707,1709,1711,1712,1713,1715,1716,1718,1719,1721,1722,1724,1725,1727,1728,1730,1731,1733,1734,1736,1737,1739,1740,1742,1743,1745,1746,1748,1749,1751,1752,1754,1755,1757,1758,1845,1847,1849,1851,1853,1855,1857,1859,1861,1863,1865,1867,1869,1871,1873,1875,1876,1877,1879,1880,1882,1883,1885,1886,1888,1889,1891,1892,1894,1895,1897,1898,1900,1901,1903,1904,1906,1907,1909,1910,1912,1913,1915,1916,1918,1919,1921,1922,2009,2011,2013,2015,2017,2019,2021,2023,2025,2027,2029,2031,2033,2035,2037,2039,2040,2041,2043,2044,2046,2047,2049,2050,2052,2053,2055,2056,2058,2059,2061,2062,2064,2065,2067,2068,2070,2071,2073,2074,2076,2077,2079,2080,2082,2083,2085,2086,2147,2148,2149,2150,2154,2155,2156,2157,2161,2162,2163,2164,2168,2169,2170,2171	426	19	445	430	8	3460	1346	429	0	1080	445	39	2171
proposal	frontier	46	522c5700cf81157252143b1df2453ffc6bd98a51955a1e2b7a6b3ea5966afaf6	6b06e3069dd8a3f649d976721c448ee5a8601b2de700b3760f77acc7d88f774b	b10cb7f66e3519788ecec6edc4095541a24eaf642a3ed8877fbe87c85e8ba9c5	swap	1	1535	1503	426	133,134,136,137,139,140,142,143,145,146,148,149,151,152,154,155,157,158,160,161,163,164,166,167,169,170,172,173,175,176,178,179,266,268,270,272,274,276,278,280,282,284,286,288,290,292,294,296,297,298,300,301,303,304,306,307,309,310,312,313,315,316,318,319,321,322,324,325,327,328,330,331,333,334,336,337,339,340,342,343,430,432,434,436,438,440,442,444,446,448,450,452,454,456,458,460,461,462,464,465,467,468,470,471,473,474,476,477,479,480,482,483,485,486,488,489,491,492,494,495,497,498,500,501,503,504,506,507,594,596,598,600,602,604,606,608,610,612,614,616,618,620,622,624,625,626,628,629,631,632,634,635,637,638,640,641,643,644,646,647,649,650,652,653,655,656,658,659,661,662,664,665,667,668,670,671,758,759,760,828,829,830,881,882,883,934,935,936,987,988,989,1040,1041,1042,1093,1094,1095,1146,1147,1148,1199,1200,1201,1252,1253,1254,1305,1306,1307,1358,1359,1360,1411,1412,1413,1464,1465,1466,1503,1517,1519,1521,1523,1525,1527,1529,1531,1533,1537,1539,1541,1543,1545,1547,1548,1549,1551,1552,1554,1555,1557,1558,1560,1561,1563,1564,1566,1567,1569,1570,1572,1573,1575,1576,1578,1579,1581,1582,1584,1585,1587,1588,1590,1591,1593,1594,1681,1683,1685,1687,1689,1691,1693,1695,1697,1699,1701,1703,1705,1707,1709,1711,1712,1713,1715,1716,1718,1719,1721,1722,1724,1725,1727,1728,1730,1731,1733,1734,1736,1737,1739,1740,1742,1743,1745,1746,1748,1749,1751,1752,1754,1755,1757,1758,1845,1847,1849,1851,1853,1855,1857,1859,1861,1863,1865,1867,1869,1871,1873,1875,1876,1877,1879,1880,1882,1883,1885,1886,1888,1889,1891,1892,1894,1895,1897,1898,1900,1901,1903,1904,1906,1907,1909,1910,1912,1913,1915,1916,1918,1919,1921,1922,2009,2011,2013,2015,2017,2019,2021,2023,2025,2027,2029,2031,2033,2035,2037,2039,2040,2041,2043,2044,2046,2047,2049,2050,2052,2053,2055,2056,2058,2059,2061,2062,2064,2065,2067,2068,2070,2071,2073,2074,2076,2077,2079,2080,2082,2083,2085,2086,2147,2148,2149,2150,2154,2155,2156,2157,2161,2162,2163,2164,2168,2169,2170,2171	426	19	445	430	8	3460	1346	429	0	1080	445	39	2171
proposal	frontier	47	534d385b9641a867ef262c566cb614277178cd99c19379be82da44b3e43a9ded	566f387aa85ad911c8d43304b1aa5aa70c4ee3638c0d73d38afb8291de50a399	b10cb7f66e3519788ecec6edc4095541a24eaf642a3ed8877fbe87c85e8ba9c5	swap	1	828	781	426	133,134,136,137,139,140,142,143,145,146,148,149,151,152,154,155,157,158,160,161,163,164,166,167,169,170,172,173,175,176,178,179,266,268,270,272,274,276,278,280,282,284,286,288,290,292,294,296,297,298,300,301,303,304,306,307,309,310,312,313,315,316,318,319,321,322,324,325,327,328,330,331,333,334,336,337,339,340,342,343,430,432,434,436,438,440,442,444,446,448,450,452,454,456,458,460,461,462,464,465,467,468,470,471,473,474,476,477,479,480,482,483,485,486,488,489,491,492,494,495,497,498,500,501,503,504,506,507,594,596,598,600,602,604,606,608,610,612,614,616,618,620,622,624,625,626,628,629,631,632,634,635,637,638,640,641,643,644,646,647,649,650,652,653,655,656,658,659,661,662,664,665,667,668,670,671,758,759,760,781,829,830,881,882,883,934,935,936,987,988,989,1040,1041,1042,1093,1094,1095,1146,1147,1148,1199,1200,1201,1252,1253,1254,1305,1306,1307,1358,1359,1360,1411,1412,1413,1464,1465,1466,1517,1519,1521,1523,1525,1527,1529,1531,1533,1535,1537,1539,1541,1543,1545,1547,1548,1549,1551,1552,1554,1555,1557,1558,1560,1561,1563,1564,1566,1567,1569,1570,1572,1573,1575,1576,1578,1579,1581,1582,1584,1585,1587,1588,1590,1591,1593,1594,1681,1683,1685,1687,1689,1691,1693,1695,1697,1699,1701,1703,1705,1707,1709,1711,1712,1713,1715,1716,1718,1719,1721,1722,1724,1725,1727,1728,1730,1731,1733,1734,1736,1737,1739,1740,1742,1743,1745,1746,1748,1749,1751,1752,1754,1755,1757,1758,1845,1847,1849,1851,1853,1855,1857,1859,1861,1863,1865,1867,1869,1871,1873,1875,1876,1877,1879,1880,1882,1883,1885,1886,1888,1889,1891,1892,1894,1895,1897,1898,1900,1901,1903,1904,1906,1907,1909,1910,1912,1913,1915,1916,1918,1919,1921,1922,2009,2011,2013,2015,2017,2019,2021,2023,2025,2027,2029,2031,2033,2035,2037,2039,2040,2041,2043,2044,2046,2047,2049,2050,2052,2053,2055,2056,2058,2059,2061,2062,2064,2065,2067,2068,2070,2071,2073,2074,2076,2077,2079,2080,2082,2083,2085,2086,2147,2148,2149,2150,2154,2155,2156,2157,2161,2162,2163,2164,2168,2169,2170,2171	426	19	445	430	8	3460	1346	429	0	1080	445	39	2171
proposal	frontier	48	561c0ca27d8f9712abbeb8556e7d5a8cd26ea5588d341f7f1abad193f12491d4	2aebf082274403dfb9a64cae04a95cee80ec2884f3e3718f0e86bfc04e70d1d1	b10cb7f66e3519788ecec6edc4095541a24eaf642a3ed8877fbe87c85e8ba9c5	swap	1	268	247	426	133,134,136,137,139,140,142,143,145,146,148,149,151,152,154,155,157,158,160,161,163,164,166,167,169,170,172,173,175,176,178,179,247,266,270,272,274,276,278,280,282,284,286,288,290,292,294,296,297,298,300,301,303,304,306,307,309,310,312,313,315,316,318,319,321,322,324,325,327,328,330,331,333,334,336,337,339,340,342,343,430,432,434,436,438,440,442,444,446,448,450,452,454,456,458,460,461,462,464,465,467,468,470,471,473,474,476,477,479,480,482,483,485,486,488,489,491,492,494,495,497,498,500,501,503,504,506,507,594,596,598,600,602,604,606,608,610,612,614,616,618,620,622,624,625,626,628,629,631,632,634,635,637,638,640,641,643,644,646,647,649,650,652,653,655,656,658,659,661,662,664,665,667,668,670,671,758,759,760,828,829,830,881,882,883,934,935,936,987,988,989,1040,1041,1042,1093,1094,1095,1146,1147,1148,1199,1200,1201,1252,1253,1254,1305,1306,1307,1358,1359,1360,1411,1412,1413,1464,1465,1466,1517,1519,1521,1523,1525,1527,1529,1531,1533,1535,1537,1539,1541,1543,1545,1547,1548,1549,1551,1552,1554,1555,1557,1558,1560,1561,1563,1564,1566,1567,1569,1570,1572,1573,1575,1576,1578,1579,1581,1582,1584,1585,1587,1588,1590,1591,1593,1594,1681,1683,1685,1687,1689,1691,1693,1695,1697,1699,1701,1703,1705,1707,1709,1711,1712,1713,1715,1716,1718,1719,1721,1722,1724,1725,1727,1728,1730,1731,1733,1734,1736,1737,1739,1740,1742,1743,1745,1746,1748,1749,1751,1752,1754,1755,1757,1758,1845,1847,1849,1851,1853,1855,1857,1859,1861,1863,1865,1867,1869,1871,1873,1875,1876,1877,1879,1880,1882,1883,1885,1886,1888,1889,1891,1892,1894,1895,1897,1898,1900,1901,1903,1904,1906,1907,1909,1910,1912,1913,1915,1916,1918,1919,1921,1922,2009,2011,2013,2015,2017,2019,2021,2023,2025,2027,2029,2031,2033,2035,2037,2039,2040,2041,2043,2044,2046,2047,2049,2050,2052,2053,2055,2056,2058,2059,2061,2062,2064,2065,2067,2068,2070,2071,2073,2074,2076,2077,2079,2080,2082,2083,2085,2086,2147,2148,2149,2150,2154,2155,2156,2157,2161,2162,2163,2164,2168,2169,2170,2171	426	19	445	430	8	3460	1346	429	0	1080	445	39	2171
proposal	frontier	49	56e146c5eacea4076e0586ebd33411e935cdeb7bd3971878e295006c558cc202	a6fb4fb7bc56ff324fa62b7ed3fc0297b09bee859e99ad79aab6e4996dc2c5f4	b10cb7f66e3519788ecec6edc4095541a24eaf642a3ed8877fbe87c85e8ba9c5	swap	1	452	427	426	133,134,136,137,139,140,142,143,145,146,148,149,151,152,154,155,157,158,160,161,163,164,166,167,169,170,172,173,175,176,178,179,266,268,270,272,274,276,278,280,282,284,286,288,290,292,294,296,297,298,300,301,303,304,306,307,309,310,312,313,315,316,318,319,321,322,324,325,327,328,330,331,333,334,336,337,339,340,342,343,427,430,432,434,436,438,440,442,444,446,448,450,454,456,458,460,461,462,464,465,467,468,470,471,473,474,476,477,479,480,482,483,485,486,488,489,491,492,494,495,497,498,500,501,503,504,506,507,594,596,598,600,602,604,606,608,610,612,614,616,618,620,622,624,625,626,628,629,631,632,634,635,637,638,640,641,643,644,646,647,649,650,652,653,655,656,658,659,661,662,664,665,667,668,670,671,758,759,760,828,829,830,881,882,883,934,935,936,987,988,989,1040,1041,1042,1093,1094,1095,1146,1147,1148,1199,1200,1201,1252,1253,1254,1305,1306,1307,1358,1359,1360,1411,1412,1413,1464,1465,1466,1517,1519,1521,1523,1525,1527,1529,1531,1533,1535,1537,1539,1541,1543,1545,1547,1548,1549,1551,1552,1554,1555,1557,1558,1560,1561,1563,1564,1566,1567,1569,1570,1572,1573,1575,1576,1578,1579,1581,1582,1584,1585,1587,1588,1590,1591,1593,1594,1681,1683,1685,1687,1689,1691,1693,1695,1697,1699,1701,1703,1705,1707,1709,1711,1712,1713,1715,1716,1718,1719,1721,1722,1724,1725,1727,1728,1730,1731,1733,1734,1736,1737,1739,1740,1742,1743,1745,1746,1748,1749,1751,1752,1754,1755,1757,1758,1845,1847,1849,1851,1853,1855,1857,1859,1861,1863,1865,1867,1869,1871,1873,1875,1876,1877,1879,1880,1882,1883,1885,1886,1888,1889,1891,1892,1894,1895,1897,1898,1900,1901,1903,1904,1906,1907,1909,1910,1912,1913,1915,1916,1918,1919,1921,1922,2009,2011,2013,2015,2017,2019,2021,2023,2025,2027,2029,2031,2033,2035,2037,2039,2040,2041,2043,2044,2046,2047,2049,2050,2052,2053,2055,2056,2058,2059,2061,2062,2064,2065,2067,2068,2070,2071,2073,2074,2076,2077,2079,2080,2082,2083,2085,2086,2147,2148,2149,2150,2154,2155,2156,2157,2161,2162,2163,2164,2168,2169,2170,2171	426	19	445	430	8	3460	1346	429	0	1080	445	39	2171
proposal	frontier	50	5856c773e749dc4fbf57e961d9d3b40a141c07e417bbfd9c7ae751c8c6a55d37	f50142b6c794fc7e418bb79102a4723a4362e2d0ea5153954b786e15e1bf8edc	b10cb7f66e3519788ecec6edc4095541a24eaf642a3ed8877fbe87c85e8ba9c5	swap	1	622	585	426	133,134,136,137,139,140,142,143,145,146,148,149,151,152,154,155,157,158,160,161,163,164,166,167,169,170,172,173,175,176,178,179,266,268,270,272,274,276,278,280,282,284,286,288,290,292,294,296,297,298,300,301,303,304,306,307,309,310,312,313,315,316,318,319,321,322,324,325,327,328,330,331,333,334,336,337,339,340,342,343,430,432,434,436,438,440,442,444,446,448,450,452,454,456,458,460,461,462,464,465,467,468,470,471,473,474,476,477,479,480,482,483,485,486,488,489,491,492,494,495,497,498,500,501,503,504,506,507,585,594,596,598,600,602,604,606,608,610,612,614,616,618,620,624,625,626,628,629,631,632,634,635,637,638,640,641,643,644,646,647,649,650,652,653,655,656,658,659,661,662,664,665,667,668,670,671,758,759,760,828,829,830,881,882,883,934,935,936,987,988,989,1040,1041,1042,1093,1094,1095,1146,1147,1148,1199,1200,1201,1252,1253,1254,1305,1306,1307,1358,1359,1360,1411,1412,1413,1464,1465,1466,1517,1519,1521,1523,1525,1527,1529,1531,1533,1535,1537,1539,1541,1543,1545,1547,1548,1549,1551,1552,1554,1555,1557,1558,1560,1561,1563,1564,1566,1567,1569,1570,1572,1573,1575,1576,1578,1579,1581,1582,1584,1585,1587,1588,1590,1591,1593,1594,1681,1683,1685,1687,1689,1691,1693,1695,1697,1699,1701,1703,1705,1707,1709,1711,1712,1713,1715,1716,1718,1719,1721,1722,1724,1725,1727,1728,1730,1731,1733,1734,1736,1737,1739,1740,1742,1743,1745,1746,1748,1749,1751,1752,1754,1755,1757,1758,1845,1847,1849,1851,1853,1855,1857,1859,1861,1863,1865,1867,1869,1871,1873,1875,1876,1877,1879,1880,1882,1883,1885,1886,1888,1889,1891,1892,1894,1895,1897,1898,1900,1901,1903,1904,1906,1907,1909,1910,1912,1913,1915,1916,1918,1919,1921,1922,2009,2011,2013,2015,2017,2019,2021,2023,2025,2027,2029,2031,2033,2035,2037,2039,2040,2041,2043,2044,2046,2047,2049,2050,2052,2053,2055,2056,2058,2059,2061,2062,2064,2065,2067,2068,2070,2071,2073,2074,2076,2077,2079,2080,2082,2083,2085,2086,2147,2148,2149,2150,2154,2155,2156,2157,2161,2162,2163,2164,2168,2169,2170,2171	426	19	445	430	8	3460	1346	429	0	1080	445	39	2171
proposal	frontier	51	5a4e15b0e917a310daa140e83b7d7073b093daacdd28a3e90cdf24e892ecbfbd	130c1da946bc15d45f1eddaaac8d739865839f4f26e250321b4a23cd199057de	b10cb7f66e3519788ecec6edc4095541a24eaf642a3ed8877fbe87c85e8ba9c5	swap	1	2019	1991	426	133,134,136,137,139,140,142,143,145,146,148,149,151,152,154,155,157,158,160,161,163,164,166,167,169,170,172,173,175,176,178,179,266,268,270,272,274,276,278,280,282,284,286,288,290,292,294,296,297,298,300,301,303,304,306,307,309,310,312,313,315,316,318,319,321,322,324,325,327,328,330,331,333,334,336,337,339,340,342,343,430,432,434,436,438,440,442,444,446,448,450,452,454,456,458,460,461,462,464,465,467,468,470,471,473,474,476,477,479,480,482,483,485,486,488,489,491,492,494,495,497,498,500,501,503,504,506,507,594,596,598,600,602,604,606,608,610,612,614,616,618,620,622,624,625,626,628,629,631,632,634,635,637,638,640,641,643,644,646,647,649,650,652,653,655,656,658,659,661,662,664,665,667,668,670,671,758,759,760,828,829,830,881,882,883,934,935,936,987,988,989,1040,1041,1042,1093,1094,1095,1146,1147,1148,1199,1200,1201,1252,1253,1254,1305,1306,1307,1358,1359,1360,1411,1412,1413,1464,1465,1466,1517,1519,1521,1523,1525,1527,1529,1531,1533,1535,1537,1539,1541,1543,1545,1547,1548,1549,1551,1552,1554,1555,1557,1558,1560,1561,1563,1564,1566,1567,1569,1570,1572,1573,1575,1576,1578,1579,1581,1582,1584,1585,1587,1588,1590,1591,1593,1594,1681,1683,1685,1687,1689,1691,1693,1695,1697,1699,1701,1703,1705,1707,1709,1711,1712,1713,1715,1716,1718,1719,1721,1722,1724,1725,1727,1728,1730,1731,1733,1734,1736,1737,1739,1740,1742,1743,1745,1746,1748,1749,1751,1752,1754,1755,1757,1758,1845,1847,1849,1851,1853,1855,1857,1859,1861,1863,1865,1867,1869,1871,1873,1875,1876,1877,1879,1880,1882,1883,1885,1886,1888,1889,1891,1892,1894,1895,1897,1898,1900,1901,1903,1904,1906,1907,1909,1910,1912,1913,1915,1916,1918,1919,1921,1922,1991,2009,2011,2013,2015,2017,2021,2023,2025,2027,2029,2031,2033,2035,2037,2039,2040,2041,2043,2044,2046,2047,2049,2050,2052,2053,2055,2056,2058,2059,2061,2062,2064,2065,2067,2068,2070,2071,2073,2074,2076,2077,2079,2080,2082,2083,2085,2086,2147,2148,2149,2150,2154,2155,2156,2157,2161,2162,2163,2164,2168,2169,2170,2171	426	19	445	430	8	3460	1346	429	0	1080	445	39	2171
proposal	frontier	52	5a7690cc2435b89d5a8ebe64a6402f89d44dede3670ad975f7f1700b875089c6	0e52d92e90c4b5004d52bcab26c8718fb98ca36a5f6976df1ab66f8d292a5ca3	b10cb7f66e3519788ecec6edc4095541a24eaf642a3ed8877fbe87c85e8ba9c5	swap	1	454	407	426	133,134,136,137,139,140,142,143,145,146,148,149,151,152,154,155,157,158,160,161,163,164,166,167,169,170,172,173,175,176,178,179,266,268,270,272,274,276,278,280,282,284,286,288,290,292,294,296,297,298,300,301,303,304,306,307,309,310,312,313,315,316,318,319,321,322,324,325,327,328,330,331,333,334,336,337,339,340,342,343,407,430,432,434,436,438,440,442,444,446,448,450,452,456,458,460,461,462,464,465,467,468,470,471,473,474,476,477,479,480,482,483,485,486,488,489,491,492,494,495,497,498,500,501,503,504,506,507,594,596,598,600,602,604,606,608,610,612,614,616,618,620,622,624,625,626,628,629,631,632,634,635,637,638,640,641,643,644,646,647,649,650,652,653,655,656,658,659,661,662,664,665,667,668,670,671,758,759,760,828,829,830,881,882,883,934,935,936,987,988,989,1040,1041,1042,1093,1094,1095,1146,1147,1148,1199,1200,1201,1252,1253,1254,1305,1306,1307,1358,1359,1360,1411,1412,1413,1464,1465,1466,1517,1519,1521,1523,1525,1527,1529,1531,1533,1535,1537,1539,1541,1543,1545,1547,1548,1549,1551,1552,1554,1555,1557,1558,1560,1561,1563,1564,1566,1567,1569,1570,1572,1573,1575,1576,1578,1579,1581,1582,1584,1585,1587,1588,1590,1591,1593,1594,1681,1683,1685,1687,1689,1691,1693,1695,1697,1699,1701,1703,1705,1707,1709,1711,1712,1713,1715,1716,1718,1719,1721,1722,1724,1725,1727,1728,1730,1731,1733,1734,1736,1737,1739,1740,1742,1743,1745,1746,1748,1749,1751,1752,1754,1755,1757,1758,1845,1847,1849,1851,1853,1855,1857,1859,1861,1863,1865,1867,1869,1871,1873,1875,1876,1877,1879,1880,1882,1883,1885,1886,1888,1889,1891,1892,1894,1895,1897,1898,1900,1901,1903,1904,1906,1907,1909,1910,1912,1913,1915,1916,1918,1919,1921,1922,2009,2011,2013,2015,2017,2019,2021,2023,2025,2027,2029,2031,2033,2035,2037,2039,2040,2041,2043,2044,2046,2047,2049,2050,2052,2053,2055,2056,2058,2059,2061,2062,2064,2065,2067,2068,2070,2071,2073,2074,2076,2077,2079,2080,2082,2083,2085,2086,2147,2148,2149,2150,2154,2155,2156,2157,2161,2162,2163,2164,2168,2169,2170,2171	426	19	445	430	8	3460	1346	429	0	1080	445	39	2171
proposal	frontier	53	5c03c4fc977f12ba84f96e1b3443c400d885ed955608649f02e68606af837f37	052e588baeb729ffcaeb93e5ce3509bb9857777ec3c5b84383c289288375368b	b10cb7f66e3519788ecec6edc4095541a24eaf642a3ed8877fbe87c85e8ba9c5	swap	1	2021	1998	426	133,134,136,137,139,140,142,143,145,146,148,149,151,152,154,155,157,158,160,161,163,164,166,167,169,170,172,173,175,176,178,179,266,268,270,272,274,276,278,280,282,284,286,288,290,292,294,296,297,298,300,301,303,304,306,307,309,310,312,313,315,316,318,319,321,322,324,325,327,328,330,331,333,334,336,337,339,340,342,343,430,432,434,436,438,440,442,444,446,448,450,452,454,456,458,460,461,462,464,465,467,468,470,471,473,474,476,477,479,480,482,483,485,486,488,489,491,492,494,495,497,498,500,501,503,504,506,507,594,596,598,600,602,604,606,608,610,612,614,616,618,620,622,624,625,626,628,629,631,632,634,635,637,638,640,641,643,644,646,647,649,650,652,653,655,656,658,659,661,662,664,665,667,668,670,671,758,759,760,828,829,830,881,882,883,934,935,936,987,988,989,1040,1041,1042,1093,1094,1095,1146,1147,1148,1199,1200,1201,1252,1253,1254,1305,1306,1307,1358,1359,1360,1411,1412,1413,1464,1465,1466,1517,1519,1521,1523,1525,1527,1529,1531,1533,1535,1537,1539,1541,1543,1545,1547,1548,1549,1551,1552,1554,1555,1557,1558,1560,1561,1563,1564,1566,1567,1569,1570,1572,1573,1575,1576,1578,1579,1581,1582,1584,1585,1587,1588,1590,1591,1593,1594,1681,1683,1685,1687,1689,1691,1693,1695,1697,1699,1701,1703,1705,1707,1709,1711,1712,1713,1715,1716,1718,1719,1721,1722,1724,1725,1727,1728,1730,1731,1733,1734,1736,1737,1739,1740,1742,1743,1745,1746,1748,1749,1751,1752,1754,1755,1757,1758,1845,1847,1849,1851,1853,1855,1857,1859,1861,1863,1865,1867,1869,1871,1873,1875,1876,1877,1879,1880,1882,1883,1885,1886,1888,1889,1891,1892,1894,1895,1897,1898,1900,1901,1903,1904,1906,1907,1909,1910,1912,1913,1915,1916,1918,1919,1921,1922,1998,2009,2011,2013,2015,2017,2019,2023,2025,2027,2029,2031,2033,2035,2037,2039,2040,2041,2043,2044,2046,2047,2049,2050,2052,2053,2055,2056,2058,2059,2061,2062,2064,2065,2067,2068,2070,2071,2073,2074,2076,2077,2079,2080,2082,2083,2085,2086,2147,2148,2149,2150,2154,2155,2156,2157,2161,2162,2163,2164,2168,2169,2170,2171	426	19	445	430	8	3460	1346	429	0	1080	445	39	2171
proposal	frontier	54	5f90fdb98695ca4f111f49208ce36a232be7dd574e97eaa8235869319e805311	7a96b796be82c76b41351167a7bea2660fd2b961ddab78a5b8e73fc90ee8fad8	b10cb7f66e3519788ecec6edc4095541a24eaf642a3ed8877fbe87c85e8ba9c5	swap	1	608	590	426	133,134,136,137,139,140,142,143,145,146,148,149,151,152,154,155,157,158,160,161,163,164,166,167,169,170,172,173,175,176,178,179,266,268,270,272,274,276,278,280,282,284,286,288,290,292,294,296,297,298,300,301,303,304,306,307,309,310,312,313,315,316,318,319,321,322,324,325,327,328,330,331,333,334,336,337,339,340,342,343,430,432,434,436,438,440,442,444,446,448,450,452,454,456,458,460,461,462,464,465,467,468,470,471,473,474,476,477,479,480,482,483,485,486,488,489,491,492,494,495,497,498,500,501,503,504,506,507,590,594,596,598,600,602,604,606,610,612,614,616,618,620,622,624,625,626,628,629,631,632,634,635,637,638,640,641,643,644,646,647,649,650,652,653,655,656,658,659,661,662,664,665,667,668,670,671,758,759,760,828,829,830,881,882,883,934,935,936,987,988,989,1040,1041,1042,1093,1094,1095,1146,1147,1148,1199,1200,1201,1252,1253,1254,1305,1306,1307,1358,1359,1360,1411,1412,1413,1464,1465,1466,1517,1519,1521,1523,1525,1527,1529,1531,1533,1535,1537,1539,1541,1543,1545,1547,1548,1549,1551,1552,1554,1555,1557,1558,1560,1561,1563,1564,1566,1567,1569,1570,1572,1573,1575,1576,1578,1579,1581,1582,1584,1585,1587,1588,1590,1591,1593,1594,1681,1683,1685,1687,1689,1691,1693,1695,1697,1699,1701,1703,1705,1707,1709,1711,1712,1713,1715,1716,1718,1719,1721,1722,1724,1725,1727,1728,1730,1731,1733,1734,1736,1737,1739,1740,1742,1743,1745,1746,1748,1749,1751,1752,1754,1755,1757,1758,1845,1847,1849,1851,1853,1855,1857,1859,1861,1863,1865,1867,1869,1871,1873,1875,1876,1877,1879,1880,1882,1883,1885,1886,1888,1889,1891,1892,1894,1895,1897,1898,1900,1901,1903,1904,1906,1907,1909,1910,1912,1913,1915,1916,1918,1919,1921,1922,2009,2011,2013,2015,2017,2019,2021,2023,2025,2027,2029,2031,2033,2035,2037,2039,2040,2041,2043,2044,2046,2047,2049,2050,2052,2053,2055,2056,2058,2059,2061,2062,2064,2065,2067,2068,2070,2071,2073,2074,2076,2077,2079,2080,2082,2083,2085,2086,2147,2148,2149,2150,2154,2155,2156,2157,2161,2162,2163,2164,2168,2169,2170,2171	426	19	445	430	8	3460	1346	429	0	1080	445	39	2171
proposal	frontier	55	60a6974909e6ee6ae2fbdabc6efd73f834af25f37907d182ebd4841ee27c9525	144d080dc6b197df767795c518797ac29742a22c76c573244ca1185f00419f21	b10cb7f66e3519788ecec6edc4095541a24eaf642a3ed8877fbe87c85e8ba9c5	swap	1	604	576	426	133,134,136,137,139,140,142,143,145,146,148,149,151,152,154,155,157,158,160,161,163,164,166,167,169,170,172,173,175,176,178,179,266,268,270,272,274,276,278,280,282,284,286,288,290,292,294,296,297,298,300,301,303,304,306,307,309,310,312,313,315,316,318,319,321,322,324,325,327,328,330,331,333,334,336,337,339,340,342,343,430,432,434,436,438,440,442,444,446,448,450,452,454,456,458,460,461,462,464,465,467,468,470,471,473,474,476,477,479,480,482,483,485,486,488,489,491,492,494,495,497,498,500,501,503,504,506,507,576,594,596,598,600,602,606,608,610,612,614,616,618,620,622,624,625,626,628,629,631,632,634,635,637,638,640,641,643,644,646,647,649,650,652,653,655,656,658,659,661,662,664,665,667,668,670,671,758,759,760,828,829,830,881,882,883,934,935,936,987,988,989,1040,1041,1042,1093,1094,1095,1146,1147,1148,1199,1200,1201,1252,1253,1254,1305,1306,1307,1358,1359,1360,1411,1412,1413,1464,1465,1466,1517,1519,1521,1523,1525,1527,1529,1531,1533,1535,1537,1539,1541,1543,1545,1547,1548,1549,1551,1552,1554,1555,1557,1558,1560,1561,1563,1564,1566,1567,1569,1570,1572,1573,1575,1576,1578,1579,1581,1582,1584,1585,1587,1588,1590,1591,1593,1594,1681,1683,1685,1687,1689,1691,1693,1695,1697,1699,1701,1703,1705,1707,1709,1711,1712,1713,1715,1716,1718,1719,1721,1722,1724,1725,1727,1728,1730,1731,1733,1734,1736,1737,1739,1740,1742,1743,1745,1746,1748,1749,1751,1752,1754,1755,1757,1758,1845,1847,1849,1851,1853,1855,1857,1859,1861,1863,1865,1867,1869,1871,1873,1875,1876,1877,1879,1880,1882,1883,1885,1886,1888,1889,1891,1892,1894,1895,1897,1898,1900,1901,1903,1904,1906,1907,1909,1910,1912,1913,1915,1916,1918,1919,1921,1922,2009,2011,2013,2015,2017,2019,2021,2023,2025,2027,2029,2031,2033,2035,2037,2039,2040,2041,2043,2044,2046,2047,2049,2050,2052,2053,2055,2056,2058,2059,2061,2062,2064,2065,2067,2068,2070,2071,2073,2074,2076,2077,2079,2080,2082,2083,2085,2086,2147,2148,2149,2150,2154,2155,2156,2157,2161,2162,2163,2164,2168,2169,2170,2171	426	19	445	430	8	3460	1346	429	0	1080	445	39	2171
proposal	frontier	56	60f6c45fc4e70c458ca2d1a719d319a7b9e52ccac11d243622c1faaea2a18802	37e65a63effa09d4cec441759b489545b7620c454280a8332fed7b3a7774f923	b10cb7f66e3519788ecec6edc4095541a24eaf642a3ed8877fbe87c85e8ba9c5	swap	1	438	405	426	133,134,136,137,139,140,142,143,145,146,148,149,151,152,154,155,157,158,160,161,163,164,166,167,169,170,172,173,175,176,178,179,266,268,270,272,274,276,278,280,282,284,286,288,290,292,294,296,297,298,300,301,303,304,306,307,309,310,312,313,315,316,318,319,321,322,324,325,327,328,330,331,333,334,336,337,339,340,342,343,405,430,432,434,436,440,442,444,446,448,450,452,454,456,458,460,461,462,464,465,467,468,470,471,473,474,476,477,479,480,482,483,485,486,488,489,491,492,494,495,497,498,500,501,503,504,506,507,594,596,598,600,602,604,606,608,610,612,614,616,618,620,622,624,625,626,628,629,631,632,634,635,637,638,640,641,643,644,646,647,649,650,652,653,655,656,658,659,661,662,664,665,667,668,670,671,758,759,760,828,829,830,881,882,883,934,935,936,987,988,989,1040,1041,1042,1093,1094,1095,1146,1147,1148,1199,1200,1201,1252,1253,1254,1305,1306,1307,1358,1359,1360,1411,1412,1413,1464,1465,1466,1517,1519,1521,1523,1525,1527,1529,1531,1533,1535,1537,1539,1541,1543,1545,1547,1548,1549,1551,1552,1554,1555,1557,1558,1560,1561,1563,1564,1566,1567,1569,1570,1572,1573,1575,1576,1578,1579,1581,1582,1584,1585,1587,1588,1590,1591,1593,1594,1681,1683,1685,1687,1689,1691,1693,1695,1697,1699,1701,1703,1705,1707,1709,1711,1712,1713,1715,1716,1718,1719,1721,1722,1724,1725,1727,1728,1730,1731,1733,1734,1736,1737,1739,1740,1742,1743,1745,1746,1748,1749,1751,1752,1754,1755,1757,1758,1845,1847,1849,1851,1853,1855,1857,1859,1861,1863,1865,1867,1869,1871,1873,1875,1876,1877,1879,1880,1882,1883,1885,1886,1888,1889,1891,1892,1894,1895,1897,1898,1900,1901,1903,1904,1906,1907,1909,1910,1912,1913,1915,1916,1918,1919,1921,1922,2009,2011,2013,2015,2017,2019,2021,2023,2025,2027,2029,2031,2033,2035,2037,2039,2040,2041,2043,2044,2046,2047,2049,2050,2052,2053,2055,2056,2058,2059,2061,2062,2064,2065,2067,2068,2070,2071,2073,2074,2076,2077,2079,2080,2082,2083,2085,2086,2147,2148,2149,2150,2154,2155,2156,2157,2161,2162,2163,2164,2168,2169,2170,2171	426	19	445	430	8	3460	1346	429	0	1080	445	39	2171
proposal	frontier	57	6233cc0cd63b1a3a0740a7128f1c8b54116d707b91aec73bd6c12c65d3a5b252	8810decc2f75b2144c3cc1da175993827b5f5e8afacc2c7fd39cd039011f28f4	b10cb7f66e3519788ecec6edc4095541a24eaf642a3ed8877fbe87c85e8ba9c5	swap	1	1707	1665	426	133,134,136,137,139,140,142,143,145,146,148,149,151,152,154,155,157,158,160,161,163,164,166,167,169,170,172,173,175,176,178,179,266,268,270,272,274,276,278,280,282,284,286,288,290,292,294,296,297,298,300,301,303,304,306,307,309,310,312,313,315,316,318,319,321,322,324,325,327,328,330,331,333,334,336,337,339,340,342,343,430,432,434,436,438,440,442,444,446,448,450,452,454,456,458,460,461,462,464,465,467,468,470,471,473,474,476,477,479,480,482,483,485,486,488,489,491,492,494,495,497,498,500,501,503,504,506,507,594,596,598,600,602,604,606,608,610,612,614,616,618,620,622,624,625,626,628,629,631,632,634,635,637,638,640,641,643,644,646,647,649,650,652,653,655,656,658,659,661,662,664,665,667,668,670,671,758,759,760,828,829,830,881,882,883,934,935,936,987,988,989,1040,1041,1042,1093,1094,1095,1146,1147,1148,1199,1200,1201,1252,1253,1254,1305,1306,1307,1358,1359,1360,1411,1412,1413,1464,1465,1466,1517,1519,1521,1523,1525,1527,1529,1531,1533,1535,1537,1539,1541,1543,1545,1547,1548,1549,1551,1552,1554,1555,1557,1558,1560,1561,1563,1564,1566,1567,1569,1570,1572,1573,1575,1576,1578,1579,1581,1582,1584,1585,1587,1588,1590,1591,1593,1594,1665,1681,1683,1685,1687,1689,1691,1693,1695,1697,1699,1701,1703,1705,1709,1711,1712,1713,1715,1716,1718,1719,1721,1722,1724,1725,1727,1728,1730,1731,1733,1734,1736,1737,1739,1740,1742,1743,1745,1746,1748,1749,1751,1752,1754,1755,1757,1758,1845,1847,1849,1851,1853,1855,1857,1859,1861,1863,1865,1867,1869,1871,1873,1875,1876,1877,1879,1880,1882,1883,1885,1886,1888,1889,1891,1892,1894,1895,1897,1898,1900,1901,1903,1904,1906,1907,1909,1910,1912,1913,1915,1916,1918,1919,1921,1922,2009,2011,2013,2015,2017,2019,2021,2023,2025,2027,2029,2031,2033,2035,2037,2039,2040,2041,2043,2044,2046,2047,2049,2050,2052,2053,2055,2056,2058,2059,2061,2062,2064,2065,2067,2068,2070,2071,2073,2074,2076,2077,2079,2080,2082,2083,2085,2086,2147,2148,2149,2150,2154,2155,2156,2157,2161,2162,2163,2164,2168,2169,2170,2171	426	19	445	430	8	3460	1346	429	0	1080	445	39	2171
proposal	frontier	58	65867e4e345a859df0b9f9c853ed90917cae1e0b4dabec91111975378f3c1542	82a36521e04d9d0049922ea911b8a565db7e983ca5e0a861f67777c09579cf60	b10cb7f66e3519788ecec6edc4095541a24eaf642a3ed8877fbe87c85e8ba9c5	swap	1	1865	1835	426	133,134,136,137,139,140,142,143,145,146,148,149,151,152,154,155,157,158,160,161,163,164,166,167,169,170,172,173,175,176,178,179,266,268,270,272,274,276,278,280,282,284,286,288,290,292,294,296,297,298,300,301,303,304,306,307,309,310,312,313,315,316,318,319,321,322,324,325,327,328,330,331,333,334,336,337,339,340,342,343,430,432,434,436,438,440,442,444,446,448,450,452,454,456,458,460,461,462,464,465,467,468,470,471,473,474,476,477,479,480,482,483,485,486,488,489,491,492,494,495,497,498,500,501,503,504,506,507,594,596,598,600,602,604,606,608,610,612,614,616,618,620,622,624,625,626,628,629,631,632,634,635,637,638,640,641,643,644,646,647,649,650,652,653,655,656,658,659,661,662,664,665,667,668,670,671,758,759,760,828,829,830,881,882,883,934,935,936,987,988,989,1040,1041,1042,1093,1094,1095,1146,1147,1148,1199,1200,1201,1252,1253,1254,1305,1306,1307,1358,1359,1360,1411,1412,1413,1464,1465,1466,1517,1519,1521,1523,1525,1527,1529,1531,1533,1535,1537,1539,1541,1543,1545,1547,1548,1549,1551,1552,1554,1555,1557,1558,1560,1561,1563,1564,1566,1567,1569,1570,1572,1573,1575,1576,1578,1579,1581,1582,1584,1585,1587,1588,1590,1591,1593,1594,1681,1683,1685,1687,1689,1691,1693,1695,1697,1699,1701,1703,1705,1707,1709,1711,1712,1713,1715,1716,1718,1719,1721,1722,1724,1725,1727,1728,1730,1731,1733,1734,1736,1737,1739,1740,1742,1743,1745,1746,1748,1749,1751,1752,1754,1755,1757,1758,1835,1845,1847,1849,1851,1853,1855,1857,1859,1861,1863,1867,1869,1871,1873,1875,1876,1877,1879,1880,1882,1883,1885,1886,1888,1889,1891,1892,1894,1895,1897,1898,1900,1901,1903,1904,1906,1907,1909,1910,1912,1913,1915,1916,1918,1919,1921,1922,2009,2011,2013,2015,2017,2019,2021,2023,2025,2027,2029,2031,2033,2035,2037,2039,2040,2041,2043,2044,2046,2047,2049,2050,2052,2053,2055,2056,2058,2059,2061,2062,2064,2065,2067,2068,2070,2071,2073,2074,2076,2077,2079,2080,2082,2083,2085,2086,2147,2148,2149,2150,2154,2155,2156,2157,2161,2162,2163,2164,2168,2169,2170,2171	426	19	445	430	8	3460	1346	429	0	1080	445	39	2171
proposal	frontier	59	661a172515a254cef806bef7a5d97120e33b4a609056b06c8fa2e1eff9248fbe	44f61a797673e99f3c271a107806fc34f508f857377deaf5145ca38e9ce5f25b	b10cb7f66e3519788ecec6edc4095541a24eaf642a3ed8877fbe87c85e8ba9c5	swap	1	1869	1822	426	133,134,136,137,139,140,142,143,145,146,148,149,151,152,154,155,157,158,160,161,163,164,166,167,169,170,172,173,175,176,178,179,266,268,270,272,274,276,278,280,282,284,286,288,290,292,294,296,297,298,300,301,303,304,306,307,309,310,312,313,315,316,318,319,321,322,324,325,327,328,330,331,333,334,336,337,339,340,342,343,430,432,434,436,438,440,442,444,446,448,450,452,454,456,458,460,461,462,464,465,467,468,470,471,473,474,476,477,479,480,482,483,485,486,488,489,491,492,494,495,497,498,500,501,503,504,506,507,594,596,598,600,602,604,606,608,610,612,614,616,618,620,622,624,625,626,628,629,631,632,634,635,637,638,640,641,643,644,646,647,649,650,652,653,655,656,658,659,661,662,664,665,667,668,670,671,758,759,760,828,829,830,881,882,883,934,935,936,987,988,989,1040,1041,1042,1093,1094,1095,1146,1147,1148,1199,1200,1201,1252,1253,1254,1305,1306,1307,1358,1359,1360,1411,1412,1413,1464,1465,1466,1517,1519,1521,1523,1525,1527,1529,1531,1533,1535,1537,1539,1541,1543,1545,1547,1548,1549,1551,1552,1554,1555,1557,1558,1560,1561,1563,1564,1566,1567,1569,1570,1572,1573,1575,1576,1578,1579,1581,1582,1584,1585,1587,1588,1590,1591,1593,1594,1681,1683,1685,1687,1689,1691,1693,1695,1697,1699,1701,1703,1705,1707,1709,1711,1712,1713,1715,1716,1718,1719,1721,1722,1724,1725,1727,1728,1730,1731,1733,1734,1736,1737,1739,1740,1742,1743,1745,1746,1748,1749,1751,1752,1754,1755,1757,1758,1822,1845,1847,1849,1851,1853,1855,1857,1859,1861,1863,1865,1867,1871,1873,1875,1876,1877,1879,1880,1882,1883,1885,1886,1888,1889,1891,1892,1894,1895,1897,1898,1900,1901,1903,1904,1906,1907,1909,1910,1912,1913,1915,1916,1918,1919,1921,1922,2009,2011,2013,2015,2017,2019,2021,2023,2025,2027,2029,2031,2033,2035,2037,2039,2040,2041,2043,2044,2046,2047,2049,2050,2052,2053,2055,2056,2058,2059,2061,2062,2064,2065,2067,2068,2070,2071,2073,2074,2076,2077,2079,2080,2082,2083,2085,2086,2147,2148,2149,2150,2154,2155,2156,2157,2161,2162,2163,2164,2168,2169,2170,2171	426	19	445	430	8	3460	1346	429	0	1080	445	39	2171
proposal	frontier	60	662338db02cbb0e7e1e4eb7f486b2f6a05087e96f8d3597ca50dd667faa9ae6a	a2b77acaaf4977012e6dfc17fed31856b906c1e221999d4d52932922cd425f20	b10cb7f66e3519788ecec6edc4095541a24eaf642a3ed8877fbe87c85e8ba9c5	swap	1	2039	2007	426	133,134,136,137,139,140,142,143,145,146,148,149,151,152,154,155,157,158,160,161,163,164,166,167,169,170,172,173,175,176,178,179,266,268,270,272,274,276,278,280,282,284,286,288,290,292,294,296,297,298,300,301,303,304,306,307,309,310,312,313,315,316,318,319,321,322,324,325,327,328,330,331,333,334,336,337,339,340,342,343,430,432,434,436,438,440,442,444,446,448,450,452,454,456,458,460,461,462,464,465,467,468,470,471,473,474,476,477,479,480,482,483,485,486,488,489,491,492,494,495,497,498,500,501,503,504,506,507,594,596,598,600,602,604,606,608,610,612,614,616,618,620,622,624,625,626,628,629,631,632,634,635,637,638,640,641,643,644,646,647,649,650,652,653,655,656,658,659,661,662,664,665,667,668,670,671,758,759,760,828,829,830,881,882,883,934,935,936,987,988,989,1040,1041,1042,1093,1094,1095,1146,1147,1148,1199,1200,1201,1252,1253,1254,1305,1306,1307,1358,1359,1360,1411,1412,1413,1464,1465,1466,1517,1519,1521,1523,1525,1527,1529,1531,1533,1535,1537,1539,1541,1543,1545,1547,1548,1549,1551,1552,1554,1555,1557,1558,1560,1561,1563,1564,1566,1567,1569,1570,1572,1573,1575,1576,1578,1579,1581,1582,1584,1585,1587,1588,1590,1591,1593,1594,1681,1683,1685,1687,1689,1691,1693,1695,1697,1699,1701,1703,1705,1707,1709,1711,1712,1713,1715,1716,1718,1719,1721,1722,1724,1725,1727,1728,1730,1731,1733,1734,1736,1737,1739,1740,1742,1743,1745,1746,1748,1749,1751,1752,1754,1755,1757,1758,1845,1847,1849,1851,1853,1855,1857,1859,1861,1863,1865,1867,1869,1871,1873,1875,1876,1877,1879,1880,1882,1883,1885,1886,1888,1889,1891,1892,1894,1895,1897,1898,1900,1901,1903,1904,1906,1907,1909,1910,1912,1913,1915,1916,1918,1919,1921,1922,2007,2009,2011,2013,2015,2017,2019,2021,2023,2025,2027,2029,2031,2033,2035,2037,2040,2041,2043,2044,2046,2047,2049,2050,2052,2053,2055,2056,2058,2059,2061,2062,2064,2065,2067,2068,2070,2071,2073,2074,2076,2077,2079,2080,2082,2083,2085,2086,2147,2148,2149,2150,2154,2155,2156,2157,2161,2162,2163,2164,2168,2169,2170,2171	426	19	445	430	8	3460	1346	429	0	1080	445	39	2171
proposal	frontier	61	6748627bf283b279124ba4a9111b258023fa0b31c8719bf31a5ccc7616aa135b	73cb615b4cb22eddb80d31b0b117614e50f7e5288f1e8c08d87883aff68edf38	b10cb7f66e3519788ecec6edc4095541a24eaf642a3ed8877fbe87c85e8ba9c5	swap	1	270	254	426	133,134,136,137,139,140,142,143,145,146,148,149,151,152,154,155,157,158,160,161,163,164,166,167,169,170,172,173,175,176,178,179,254,266,268,272,274,276,278,280,282,284,286,288,290,292,294,296,297,298,300,301,303,304,306,307,309,310,312,313,315,316,318,319,321,322,324,325,327,328,330,331,333,334,336,337,339,340,342,343,430,432,434,436,438,440,442,444,446,448,450,452,454,456,458,460,461,462,464,465,467,468,470,471,473,474,476,477,479,480,482,483,485,486,488,489,491,492,494,495,497,498,500,501,503,504,506,507,594,596,598,600,602,604,606,608,610,612,614,616,618,620,622,624,625,626,628,629,631,632,634,635,637,638,640,641,643,644,646,647,649,650,652,653,655,656,658,659,661,662,664,665,667,668,670,671,758,759,760,828,829,830,881,882,883,934,935,936,987,988,989,1040,1041,1042,1093,1094,1095,1146,1147,1148,1199,1200,1201,1252,1253,1254,1305,1306,1307,1358,1359,1360,1411,1412,1413,1464,1465,1466,1517,1519,1521,1523,1525,1527,1529,1531,1533,1535,1537,1539,1541,1543,1545,1547,1548,1549,1551,1552,1554,1555,1557,1558,1560,1561,1563,1564,1566,1567,1569,1570,1572,1573,1575,1576,1578,1579,1581,1582,1584,1585,1587,1588,1590,1591,1593,1594,1681,1683,1685,1687,1689,1691,1693,1695,1697,1699,1701,1703,1705,1707,1709,1711,1712,1713,1715,1716,1718,1719,1721,1722,1724,1725,1727,1728,1730,1731,1733,1734,1736,1737,1739,1740,1742,1743,1745,1746,1748,1749,1751,1752,1754,1755,1757,1758,1845,1847,1849,1851,1853,1855,1857,1859,1861,1863,1865,1867,1869,1871,1873,1875,1876,1877,1879,1880,1882,1883,1885,1886,1888,1889,1891,1892,1894,1895,1897,1898,1900,1901,1903,1904,1906,1907,1909,1910,1912,1913,1915,1916,1918,1919,1921,1922,2009,2011,2013,2015,2017,2019,2021,2023,2025,2027,2029,2031,2033,2035,2037,2039,2040,2041,2043,2044,2046,2047,2049,2050,2052,2053,2055,2056,2058,2059,2061,2062,2064,2065,2067,2068,2070,2071,2073,2074,2076,2077,2079,2080,2082,2083,2085,2086,2147,2148,2149,2150,2154,2155,2156,2157,2161,2162,2163,2164,2168,2169,2170,2171	426	19	445	430	8	3460	1346	429	0	1080	445	39	2171
proposal	frontier	62	6c2df8fa3fa425d2ecf0cb3eb6167712482db4480e2424eb4fd7b612616a764d	cd169c404bf972ea6a870eb3d6ca2d6a426096a9123e233c45b10f3c575f0a27	b10cb7f66e3519788ecec6edc4095541a24eaf642a3ed8877fbe87c85e8ba9c5	swap	1	1861	1821	426	133,134,136,137,139,140,142,143,145,146,148,149,151,152,154,155,157,158,160,161,163,164,166,167,169,170,172,173,175,176,178,179,266,268,270,272,274,276,278,280,282,284,286,288,290,292,294,296,297,298,300,301,303,304,306,307,309,310,312,313,315,316,318,319,321,322,324,325,327,328,330,331,333,334,336,337,339,340,342,343,430,432,434,436,438,440,442,444,446,448,450,452,454,456,458,460,461,462,464,465,467,468,470,471,473,474,476,477,479,480,482,483,485,486,488,489,491,492,494,495,497,498,500,501,503,504,506,507,594,596,598,600,602,604,606,608,610,612,614,616,618,620,622,624,625,626,628,629,631,632,634,635,637,638,640,641,643,644,646,647,649,650,652,653,655,656,658,659,661,662,664,665,667,668,670,671,758,759,760,828,829,830,881,882,883,934,935,936,987,988,989,1040,1041,1042,1093,1094,1095,1146,1147,1148,1199,1200,1201,1252,1253,1254,1305,1306,1307,1358,1359,1360,1411,1412,1413,1464,1465,1466,1517,1519,1521,1523,1525,1527,1529,1531,1533,1535,1537,1539,1541,1543,1545,1547,1548,1549,1551,1552,1554,1555,1557,1558,1560,1561,1563,1564,1566,1567,1569,1570,1572,1573,1575,1576,1578,1579,1581,1582,1584,1585,1587,1588,1590,1591,1593,1594,1681,1683,1685,1687,1689,1691,1693,1695,1697,1699,1701,1703,1705,1707,1709,1711,1712,1713,1715,1716,1718,1719,1721,1722,1724,1725,1727,1728,1730,1731,1733,1734,1736,1737,1739,1740,1742,1743,1745,1746,1748,1749,1751,1752,1754,1755,1757,1758,1821,1845,1847,1849,1851,1853,1855,1857,1859,1863,1865,1867,1869,1871,1873,1875,1876,1877,1879,1880,1882,1883,1885,1886,1888,1889,1891,1892,1894,1895,1897,1898,1900,1901,1903,1904,1906,1907,1909,1910,1912,1913,1915,1916,1918,1919,1921,1922,2009,2011,2013,2015,2017,2019,2021,2023,2025,2027,2029,2031,2033,2035,2037,2039,2040,2041,2043,2044,2046,2047,2049,2050,2052,2053,2055,2056,2058,2059,2061,2062,2064,2065,2067,2068,2070,2071,2073,2074,2076,2077,2079,2080,2082,2083,2085,2086,2147,2148,2149,2150,2154,2155,2156,2157,2161,2162,2163,2164,2168,2169,2170,2171	426	19	445	430	8	3460	1346	429	0	1080	445	39	2171
proposal	frontier	63	7005f287f9ce4a822f915e13a29690d4e2850078f85f98334c6625b3ced2f0a8	7972ba7bceb92f5d60f88f10cad511b29f83b2cad115e582929399c8ecd1416a	b10cb7f66e3519788ecec6edc4095541a24eaf642a3ed8877fbe87c85e8ba9c5	swap	1	286	256	426	133,134,136,137,139,140,142,143,145,146,148,149,151,152,154,155,157,158,160,161,163,164,166,167,169,170,172,173,175,176,178,179,256,266,268,270,272,274,276,278,280,282,284,288,290,292,294,296,297,298,300,301,303,304,306,307,309,310,312,313,315,316,318,319,321,322,324,325,327,328,330,331,333,334,336,337,339,340,342,343,430,432,434,436,438,440,442,444,446,448,450,452,454,456,458,460,461,462,464,465,467,468,470,471,473,474,476,477,479,480,482,483,485,486,488,489,491,492,494,495,497,498,500,501,503,504,506,507,594,596,598,600,602,604,606,608,610,612,614,616,618,620,622,624,625,626,628,629,631,632,634,635,637,638,640,641,643,644,646,647,649,650,652,653,655,656,658,659,661,662,664,665,667,668,670,671,758,759,760,828,829,830,881,882,883,934,935,936,987,988,989,1040,1041,1042,1093,1094,1095,1146,1147,1148,1199,1200,1201,1252,1253,1254,1305,1306,1307,1358,1359,1360,1411,1412,1413,1464,1465,1466,1517,1519,1521,1523,1525,1527,1529,1531,1533,1535,1537,1539,1541,1543,1545,1547,1548,1549,1551,1552,1554,1555,1557,1558,1560,1561,1563,1564,1566,1567,1569,1570,1572,1573,1575,1576,1578,1579,1581,1582,1584,1585,1587,1588,1590,1591,1593,1594,1681,1683,1685,1687,1689,1691,1693,1695,1697,1699,1701,1703,1705,1707,1709,1711,1712,1713,1715,1716,1718,1719,1721,1722,1724,1725,1727,1728,1730,1731,1733,1734,1736,1737,1739,1740,1742,1743,1745,1746,1748,1749,1751,1752,1754,1755,1757,1758,1845,1847,1849,1851,1853,1855,1857,1859,1861,1863,1865,1867,1869,1871,1873,1875,1876,1877,1879,1880,1882,1883,1885,1886,1888,1889,1891,1892,1894,1895,1897,1898,1900,1901,1903,1904,1906,1907,1909,1910,1912,1913,1915,1916,1918,1919,1921,1922,2009,2011,2013,2015,2017,2019,2021,2023,2025,2027,2029,2031,2033,2035,2037,2039,2040,2041,2043,2044,2046,2047,2049,2050,2052,2053,2055,2056,2058,2059,2061,2062,2064,2065,2067,2068,2070,2071,2073,2074,2076,2077,2079,2080,2082,2083,2085,2086,2147,2148,2149,2150,2154,2155,2156,2157,2161,2162,2163,2164,2168,2169,2170,2171	426	19	445	430	8	3460	1346	429	0	1080	445	39	2171
proposal	frontier	64	73431e1338375beec9132cf57378a18fa7cd9b97742fd8fc76c3e96c8513f082	a91c294d6363d194c8582c5f4e4aa081e5dd1fddca78a28b6c0daae505da2e29	b10cb7f66e3519788ecec6edc4095541a24eaf642a3ed8877fbe87c85e8ba9c5	swap	1	1305	1273	426	133,134,136,137,139,140,142,143,145,146,148,149,151,152,154,155,157,158,160,161,163,164,166,167,169,170,172,173,175,176,178,179,266,268,270,272,274,276,278,280,282,284,286,288,290,292,294,296,297,298,300,301,303,304,306,307,309,310,312,313,315,316,318,319,321,322,324,325,327,328,330,331,333,334,336,337,339,340,342,343,430,432,434,436,438,440,442,444,446,448,450,452,454,456,458,460,461,462,464,465,467,468,470,471,473,474,476,477,479,480,482,483,485,486,488,489,491,492,494,495,497,498,500,501,503,504,506,507,594,596,598,600,602,604,606,608,610,612,614,616,618,620,622,624,625,626,628,629,631,632,634,635,637,638,640,641,643,644,646,647,649,650,652,653,655,656,658,659,661,662,664,665,667,668,670,671,758,759,760,828,829,830,881,882,883,934,935,936,987,988,989,1040,1041,1042,1093,1094,1095,1146,1147,1148,1199,1200,1201,1252,1253,1254,1273,1306,1307,1358,1359,1360,1411,1412,1413,1464,1465,1466,1517,1519,1521,1523,1525,1527,1529,1531,1533,1535,1537,1539,1541,1543,1545,1547,1548,1549,1551,1552,1554,1555,1557,1558,1560,1561,1563,1564,1566,1567,1569,1570,1572,1573,1575,1576,1578,1579,1581,1582,1584,1585,1587,1588,1590,1591,1593,1594,1681,1683,1685,1687,1689,1691,1693,1695,1697,1699,1701,1703,1705,1707,1709,1711,1712,1713,1715,1716,1718,1719,1721,1722,1724,1725,1727,1728,1730,1731,1733,1734,1736,1737,1739,1740,1742,1743,1745,1746,1748,1749,1751,1752,1754,1755,1757,1758,1845,1847,1849,1851,1853,1855,1857,1859,1861,1863,1865,1867,1869,1871,1873,1875,1876,1877,1879,1880,1882,1883,1885,1886,1888,1889,1891,1892,1894,1895,1897,1898,1900,1901,1903,1904,1906,1907,1909,1910,1912,1913,1915,1916,1918,1919,1921,1922,2009,2011,2013,2015,2017,2019,2021,2023,2025,2027,2029,2031,2033,2035,2037,2039,2040,2041,2043,2044,2046,2047,2049,2050,2052,2053,2055,2056,2058,2059,2061,2062,2064,2065,2067,2068,2070,2071,2073,2074,2076,2077,2079,2080,2082,2083,2085,2086,2147,2148,2149,2150,2154,2155,2156,2157,2161,2162,2163,2164,2168,2169,2170,2171	426	19	445	430	8	3460	1346	429	0	1080	445	39	2171
proposal	frontier	65	74a497f7530d2c7eaad940f8a77842b1aeea99a35d657d5a26d71da5215c85eb	e4105868d126596c4dccca14ff0059213d63b69216dd35bfa0b013ee2e011905	b10cb7f66e3519788ecec6edc4095541a24eaf642a3ed8877fbe87c85e8ba9c5	swap	1	276	248	426	133,134,136,137,139,140,142,143,145,146,148,149,151,152,154,155,157,158,160,161,163,164,166,167,169,170,172,173,175,176,178,179,248,266,268,270,272,274,278,280,282,284,286,288,290,292,294,296,297,298,300,301,303,304,306,307,309,310,312,313,315,316,318,319,321,322,324,325,327,328,330,331,333,334,336,337,339,340,342,343,430,432,434,436,438,440,442,444,446,448,450,452,454,456,458,460,461,462,464,465,467,468,470,471,473,474,476,477,479,480,482,483,485,486,488,489,491,492,494,495,497,498,500,501,503,504,506,507,594,596,598,600,602,604,606,608,610,612,614,616,618,620,622,624,625,626,628,629,631,632,634,635,637,638,640,641,643,644,646,647,649,650,652,653,655,656,658,659,661,662,664,665,667,668,670,671,758,759,760,828,829,830,881,882,883,934,935,936,987,988,989,1040,1041,1042,1093,1094,1095,1146,1147,1148,1199,1200,1201,1252,1253,1254,1305,1306,1307,1358,1359,1360,1411,1412,1413,1464,1465,1466,1517,1519,1521,1523,1525,1527,1529,1531,1533,1535,1537,1539,1541,1543,1545,1547,1548,1549,1551,1552,1554,1555,1557,1558,1560,1561,1563,1564,1566,1567,1569,1570,1572,1573,1575,1576,1578,1579,1581,1582,1584,1585,1587,1588,1590,1591,1593,1594,1681,1683,1685,1687,1689,1691,1693,1695,1697,1699,1701,1703,1705,1707,1709,1711,1712,1713,1715,1716,1718,1719,1721,1722,1724,1725,1727,1728,1730,1731,1733,1734,1736,1737,1739,1740,1742,1743,1745,1746,1748,1749,1751,1752,1754,1755,1757,1758,1845,1847,1849,1851,1853,1855,1857,1859,1861,1863,1865,1867,1869,1871,1873,1875,1876,1877,1879,1880,1882,1883,1885,1886,1888,1889,1891,1892,1894,1895,1897,1898,1900,1901,1903,1904,1906,1907,1909,1910,1912,1913,1915,1916,1918,1919,1921,1922,2009,2011,2013,2015,2017,2019,2021,2023,2025,2027,2029,2031,2033,2035,2037,2039,2040,2041,2043,2044,2046,2047,2049,2050,2052,2053,2055,2056,2058,2059,2061,2062,2064,2065,2067,2068,2070,2071,2073,2074,2076,2077,2079,2080,2082,2083,2085,2086,2147,2148,2149,2150,2154,2155,2156,2157,2161,2162,2163,2164,2168,2169,2170,2171	426	19	445	430	8	3460	1346	429	0	1080	445	39	2171
proposal	frontier	66	74ef29741484878bc453fa24ef8cba3320791a6c4af8a8195c2d2fc9862133fb	08e5b07fc648e5578bf3848d180560db37bf13fb6d82d130a875bfe2b00653cb	b10cb7f66e3519788ecec6edc4095541a24eaf642a3ed8877fbe87c85e8ba9c5	swap	1	602	569	426	133,134,136,137,139,140,142,143,145,146,148,149,151,152,154,155,157,158,160,161,163,164,166,167,169,170,172,173,175,176,178,179,266,268,270,272,274,276,278,280,282,284,286,288,290,292,294,296,297,298,300,301,303,304,306,307,309,310,312,313,315,316,318,319,321,322,324,325,327,328,330,331,333,334,336,337,339,340,342,343,430,432,434,436,438,440,442,444,446,448,450,452,454,456,458,460,461,462,464,465,467,468,470,471,473,474,476,477,479,480,482,483,485,486,488,489,491,492,494,495,497,498,500,501,503,504,506,507,569,594,596,598,600,604,606,608,610,612,614,616,618,620,622,624,625,626,628,629,631,632,634,635,637,638,640,641,643,644,646,647,649,650,652,653,655,656,658,659,661,662,664,665,667,668,670,671,758,759,760,828,829,830,881,882,883,934,935,936,987,988,989,1040,1041,1042,1093,1094,1095,1146,1147,1148,1199,1200,1201,1252,1253,1254,1305,1306,1307,1358,1359,1360,1411,1412,1413,1464,1465,1466,1517,1519,1521,1523,1525,1527,1529,1531,1533,1535,1537,1539,1541,1543,1545,1547,1548,1549,1551,1552,1554,1555,1557,1558,1560,1561,1563,1564,1566,1567,1569,1570,1572,1573,1575,1576,1578,1579,1581,1582,1584,1585,1587,1588,1590,1591,1593,1594,1681,1683,1685,1687,1689,1691,1693,1695,1697,1699,1701,1703,1705,1707,1709,1711,1712,1713,1715,1716,1718,1719,1721,1722,1724,1725,1727,1728,1730,1731,1733,1734,1736,1737,1739,1740,1742,1743,1745,1746,1748,1749,1751,1752,1754,1755,1757,1758,1845,1847,1849,1851,1853,1855,1857,1859,1861,1863,1865,1867,1869,1871,1873,1875,1876,1877,1879,1880,1882,1883,1885,1886,1888,1889,1891,1892,1894,1895,1897,1898,1900,1901,1903,1904,1906,1907,1909,1910,1912,1913,1915,1916,1918,1919,1921,1922,2009,2011,2013,2015,2017,2019,2021,2023,2025,2027,2029,2031,2033,2035,2037,2039,2040,2041,2043,2044,2046,2047,2049,2050,2052,2053,2055,2056,2058,2059,2061,2062,2064,2065,2067,2068,2070,2071,2073,2074,2076,2077,2079,2080,2082,2083,2085,2086,2147,2148,2149,2150,2154,2155,2156,2157,2161,2162,2163,2164,2168,2169,2170,2171	426	19	445	430	8	3460	1346	429	0	1080	445	39	2171
proposal	frontier	67	75d12ee4967cce8594a47e9a7180adbc1b3b298f574eb7ed7e9355edf3d81a80	f4175713872034b60b8830d2b6293e409b40077c038c5548d34db2b8eb9d0a2e	b10cb7f66e3519788ecec6edc4095541a24eaf642a3ed8877fbe87c85e8ba9c5	swap	1	2013	1997	426	133,134,136,137,139,140,142,143,145,146,148,149,151,152,154,155,157,158,160,161,163,164,166,167,169,170,172,173,175,176,178,179,266,268,270,272,274,276,278,280,282,284,286,288,290,292,294,296,297,298,300,301,303,304,306,307,309,310,312,313,315,316,318,319,321,322,324,325,327,328,330,331,333,334,336,337,339,340,342,343,430,432,434,436,438,440,442,444,446,448,450,452,454,456,458,460,461,462,464,465,467,468,470,471,473,474,476,477,479,480,482,483,485,486,488,489,491,492,494,495,497,498,500,501,503,504,506,507,594,596,598,600,602,604,606,608,610,612,614,616,618,620,622,624,625,626,628,629,631,632,634,635,637,638,640,641,643,644,646,647,649,650,652,653,655,656,658,659,661,662,664,665,667,668,670,671,758,759,760,828,829,830,881,882,883,934,935,936,987,988,989,1040,1041,1042,1093,1094,1095,1146,1147,1148,1199,1200,1201,1252,1253,1254,1305,1306,1307,1358,1359,1360,1411,1412,1413,1464,1465,1466,1517,1519,1521,1523,1525,1527,1529,1531,1533,1535,1537,1539,1541,1543,1545,1547,1548,1549,1551,1552,1554,1555,1557,1558,1560,1561,1563,1564,1566,1567,1569,1570,1572,1573,1575,1576,1578,1579,1581,1582,1584,1585,1587,1588,1590,1591,1593,1594,1681,1683,1685,1687,1689,1691,1693,1695,1697,1699,1701,1703,1705,1707,1709,1711,1712,1713,1715,1716,1718,1719,1721,1722,1724,1725,1727,1728,1730,1731,1733,1734,1736,1737,1739,1740,1742,1743,1745,1746,1748,1749,1751,1752,1754,1755,1757,1758,1845,1847,1849,1851,1853,1855,1857,1859,1861,1863,1865,1867,1869,1871,1873,1875,1876,1877,1879,1880,1882,1883,1885,1886,1888,1889,1891,1892,1894,1895,1897,1898,1900,1901,1903,1904,1906,1907,1909,1910,1912,1913,1915,1916,1918,1919,1921,1922,1997,2009,2011,2015,2017,2019,2021,2023,2025,2027,2029,2031,2033,2035,2037,2039,2040,2041,2043,2044,2046,2047,2049,2050,2052,2053,2055,2056,2058,2059,2061,2062,2064,2065,2067,2068,2070,2071,2073,2074,2076,2077,2079,2080,2082,2083,2085,2086,2147,2148,2149,2150,2154,2155,2156,2157,2161,2162,2163,2164,2168,2169,2170,2171	426	19	445	430	8	3460	1346	429	0	1080	445	39	2171
proposal	frontier	68	78356c457a3ea68fd49dc6112c9a1927e1ec647a756518b914fd0dc872e9e049	765cc5225656470d7680241115eeb23f4619e816e227c975297e1ba7c93080b4	b10cb7f66e3519788ecec6edc4095541a24eaf642a3ed8877fbe87c85e8ba9c5	swap	1	1525	1493	426	133,134,136,137,139,140,142,143,145,146,148,149,151,152,154,155,157,158,160,161,163,164,166,167,169,170,172,173,175,176,178,179,266,268,270,272,274,276,278,280,282,284,286,288,290,292,294,296,297,298,300,301,303,304,306,307,309,310,312,313,315,316,318,319,321,322,324,325,327,328,330,331,333,334,336,337,339,340,342,343,430,432,434,436,438,440,442,444,446,448,450,452,454,456,458,460,461,462,464,465,467,468,470,471,473,474,476,477,479,480,482,483,485,486,488,489,491,492,494,495,497,498,500,501,503,504,506,507,594,596,598,600,602,604,606,608,610,612,614,616,618,620,622,624,625,626,628,629,631,632,634,635,637,638,640,641,643,644,646,647,649,650,652,653,655,656,658,659,661,662,664,665,667,668,670,671,758,759,760,828,829,830,881,882,883,934,935,936,987,988,989,1040,1041,1042,1093,1094,1095,1146,1147,1148,1199,1200,1201,1252,1253,1254,1305,1306,1307,1358,1359,1360,1411,1412,1413,1464,1465,1466,1493,1517,1519,1521,1523,1527,1529,1531,1533,1535,1537,1539,1541,1543,1545,1547,1548,1549,1551,1552,1554,1555,1557,1558,1560,1561,1563,1564,1566,1567,1569,1570,1572,1573,1575,1576,1578,1579,1581,1582,1584,1585,1587,1588,1590,1591,1593,1594,1681,1683,1685,1687,1689,1691,1693,1695,1697,1699,1701,1703,1705,1707,1709,1711,1712,1713,1715,1716,1718,1719,1721,1722,1724,1725,1727,1728,1730,1731,1733,1734,1736,1737,1739,1740,1742,1743,1745,1746,1748,1749,1751,1752,1754,1755,1757,1758,1845,1847,1849,1851,1853,1855,1857,1859,1861,1863,1865,1867,1869,1871,1873,1875,1876,1877,1879,1880,1882,1883,1885,1886,1888,1889,1891,1892,1894,1895,1897,1898,1900,1901,1903,1904,1906,1907,1909,1910,1912,1913,1915,1916,1918,1919,1921,1922,2009,2011,2013,2015,2017,2019,2021,2023,2025,2027,2029,2031,2033,2035,2037,2039,2040,2041,2043,2044,2046,2047,2049,2050,2052,2053,2055,2056,2058,2059,2061,2062,2064,2065,2067,2068,2070,2071,2073,2074,2076,2077,2079,2080,2082,2083,2085,2086,2147,2148,2149,2150,2154,2155,2156,2157,2161,2162,2163,2164,2168,2169,2170,2171	426	19	445	430	8	3460	1346	429	0	1080	445	39	2171
proposal	frontier	69	7a022598fb8a8be9f3c05361439c0a23a0789daff54c1d399f50e49a61568243	102c464a6cbe8e4a56cc9f947d532625b270bf400b877f5c0eb97c410f10bd47	b10cb7f66e3519788ecec6edc4095541a24eaf642a3ed8877fbe87c85e8ba9c5	swap	1	1873	1836	426	133,134,136,137,139,140,142,143,145,146,148,149,151,152,154,155,157,158,160,161,163,164,166,167,169,170,172,173,175,176,178,179,266,268,270,272,274,276,278,280,282,284,286,288,290,292,294,296,297,298,300,301,303,304,306,307,309,310,312,313,315,316,318,319,321,322,324,325,327,328,330,331,333,334,336,337,339,340,342,343,430,432,434,436,438,440,442,444,446,448,450,452,454,456,458,460,461,462,464,465,467,468,470,471,473,474,476,477,479,480,482,483,485,486,488,489,491,492,494,495,497,498,500,501,503,504,506,507,594,596,598,600,602,604,606,608,610,612,614,616,618,620,622,624,625,626,628,629,631,632,634,635,637,638,640,641,643,644,646,647,649,650,652,653,655,656,658,659,661,662,664,665,667,668,670,671,758,759,760,828,829,830,881,882,883,934,935,936,987,988,989,1040,1041,1042,1093,1094,1095,1146,1147,1148,1199,1200,1201,1252,1253,1254,1305,1306,1307,1358,1359,1360,1411,1412,1413,1464,1465,1466,1517,1519,1521,1523,1525,1527,1529,1531,1533,1535,1537,1539,1541,1543,1545,1547,1548,1549,1551,1552,1554,1555,1557,1558,1560,1561,1563,1564,1566,1567,1569,1570,1572,1573,1575,1576,1578,1579,1581,1582,1584,1585,1587,1588,1590,1591,1593,1594,1681,1683,1685,1687,1689,1691,1693,1695,1697,1699,1701,1703,1705,1707,1709,1711,1712,1713,1715,1716,1718,1719,1721,1722,1724,1725,1727,1728,1730,1731,1733,1734,1736,1737,1739,1740,1742,1743,1745,1746,1748,1749,1751,1752,1754,1755,1757,1758,1836,1845,1847,1849,1851,1853,1855,1857,1859,1861,1863,1865,1867,1869,1871,1875,1876,1877,1879,1880,1882,1883,1885,1886,1888,1889,1891,1892,1894,1895,1897,1898,1900,1901,1903,1904,1906,1907,1909,1910,1912,1913,1915,1916,1918,1919,1921,1922,2009,2011,2013,2015,2017,2019,2021,2023,2025,2027,2029,2031,2033,2035,2037,2039,2040,2041,2043,2044,2046,2047,2049,2050,2052,2053,2055,2056,2058,2059,2061,2062,2064,2065,2067,2068,2070,2071,2073,2074,2076,2077,2079,2080,2082,2083,2085,2086,2147,2148,2149,2150,2154,2155,2156,2157,2161,2162,2163,2164,2168,2169,2170,2171	426	19	445	430	8	3460	1346	429	0	1080	445	39	2171
proposal	frontier	70	7a977e12c2aa83b5d4d8e28e0dc1b86eadeee5d0e09f8269c4b953dc7e1e8471	db163fcdecfa303ceff196f0f9397557c2739ea4c6c271161935ee1b1db9cc08	b10cb7f66e3519788ecec6edc4095541a24eaf642a3ed8877fbe87c85e8ba9c5	swap	1	2037	2000	426	133,134,136,137,139,140,142,143,145,146,148,149,151,152,154,155,157,158,160,161,163,164,166,167,169,170,172,173,175,176,178,179,266,268,270,272,274,276,278,280,282,284,286,288,290,292,294,296,297,298,300,301,303,304,306,307,309,310,312,313,315,316,318,319,321,322,324,325,327,328,330,331,333,334,336,337,339,340,342,343,430,432,434,436,438,440,442,444,446,448,450,452,454,456,458,460,461,462,464,465,467,468,470,471,473,474,476,477,479,480,482,483,485,486,488,489,491,492,494,495,497,498,500,501,503,504,506,507,594,596,598,600,602,604,606,608,610,612,614,616,618,620,622,624,625,626,628,629,631,632,634,635,637,638,640,641,643,644,646,647,649,650,652,653,655,656,658,659,661,662,664,665,667,668,670,671,758,759,760,828,829,830,881,882,883,934,935,936,987,988,989,1040,1041,1042,1093,1094,1095,1146,1147,1148,1199,1200,1201,1252,1253,1254,1305,1306,1307,1358,1359,1360,1411,1412,1413,1464,1465,1466,1517,1519,1521,1523,1525,1527,1529,1531,1533,1535,1537,1539,1541,1543,1545,1547,1548,1549,1551,1552,1554,1555,1557,1558,1560,1561,1563,1564,1566,1567,1569,1570,1572,1573,1575,1576,1578,1579,1581,1582,1584,1585,1587,1588,1590,1591,1593,1594,1681,1683,1685,1687,1689,1691,1693,1695,1697,1699,1701,1703,1705,1707,1709,1711,1712,1713,1715,1716,1718,1719,1721,1722,1724,1725,1727,1728,1730,1731,1733,1734,1736,1737,1739,1740,1742,1743,1745,1746,1748,1749,1751,1752,1754,1755,1757,1758,1845,1847,1849,1851,1853,1855,1857,1859,1861,1863,1865,1867,1869,1871,1873,1875,1876,1877,1879,1880,1882,1883,1885,1886,1888,1889,1891,1892,1894,1895,1897,1898,1900,1901,1903,1904,1906,1907,1909,1910,1912,1913,1915,1916,1918,1919,1921,1922,2000,2009,2011,2013,2015,2017,2019,2021,2023,2025,2027,2029,2031,2033,2035,2039,2040,2041,2043,2044,2046,2047,2049,2050,2052,2053,2055,2056,2058,2059,2061,2062,2064,2065,2067,2068,2070,2071,2073,2074,2076,2077,2079,2080,2082,2083,2085,2086,2147,2148,2149,2150,2154,2155,2156,2157,2161,2162,2163,2164,2168,2169,2170,2171	426	19	445	430	8	3460	1346	429	0	1080	445	39	2171
proposal	frontier	71	7c7f17a9c7767dba67b33abe291b698502c9daf6c32eaf747fce61ac7b63f4f4	593245c0e68b51e18d74511d6e7c94e87f07255b9af0738c1c32b35c14a5ed87	b10cb7f66e3519788ecec6edc4095541a24eaf642a3ed8877fbe87c85e8ba9c5	swap	1	1527	1495	426	133,134,136,137,139,140,142,143,145,146,148,149,151,152,154,155,157,158,160,161,163,164,166,167,169,170,172,173,175,176,178,179,266,268,270,272,274,276,278,280,282,284,286,288,290,292,294,296,297,298,300,301,303,304,306,307,309,310,312,313,315,316,318,319,321,322,324,325,327,328,330,331,333,334,336,337,339,340,342,343,430,432,434,436,438,440,442,444,446,448,450,452,454,456,458,460,461,462,464,465,467,468,470,471,473,474,476,477,479,480,482,483,485,486,488,489,491,492,494,495,497,498,500,501,503,504,506,507,594,596,598,600,602,604,606,608,610,612,614,616,618,620,622,624,625,626,628,629,631,632,634,635,637,638,640,641,643,644,646,647,649,650,652,653,655,656,658,659,661,662,664,665,667,668,670,671,758,759,760,828,829,830,881,882,883,934,935,936,987,988,989,1040,1041,1042,1093,1094,1095,1146,1147,1148,1199,1200,1201,1252,1253,1254,1305,1306,1307,1358,1359,1360,1411,1412,1413,1464,1465,1466,1495,1517,1519,1521,1523,1525,1529,1531,1533,1535,1537,1539,1541,1543,1545,1547,1548,1549,1551,1552,1554,1555,1557,1558,1560,1561,1563,1564,1566,1567,1569,1570,1572,1573,1575,1576,1578,1579,1581,1582,1584,1585,1587,1588,1590,1591,1593,1594,1681,1683,1685,1687,1689,1691,1693,1695,1697,1699,1701,1703,1705,1707,1709,1711,1712,1713,1715,1716,1718,1719,1721,1722,1724,1725,1727,1728,1730,1731,1733,1734,1736,1737,1739,1740,1742,1743,1745,1746,1748,1749,1751,1752,1754,1755,1757,1758,1845,1847,1849,1851,1853,1855,1857,1859,1861,1863,1865,1867,1869,1871,1873,1875,1876,1877,1879,1880,1882,1883,1885,1886,1888,1889,1891,1892,1894,1895,1897,1898,1900,1901,1903,1904,1906,1907,1909,1910,1912,1913,1915,1916,1918,1919,1921,1922,2009,2011,2013,2015,2017,2019,2021,2023,2025,2027,2029,2031,2033,2035,2037,2039,2040,2041,2043,2044,2046,2047,2049,2050,2052,2053,2055,2056,2058,2059,2061,2062,2064,2065,2067,2068,2070,2071,2073,2074,2076,2077,2079,2080,2082,2083,2085,2086,2147,2148,2149,2150,2154,2155,2156,2157,2161,2162,2163,2164,2168,2169,2170,2171	426	19	445	430	8	3460	1346	429	0	1080	445	39	2171
proposal	frontier	72	7ea40c1ed22b8f1563b6a58877cb51ddcab1d36f716fed74ed0f7dd5dd7d1675	b86b5f49329c6a956cf0cfb1405a299ea1e393a677b45bda00435cc65871be78	b10cb7f66e3519788ecec6edc4095541a24eaf642a3ed8877fbe87c85e8ba9c5	swap	1	620	578	426	133,134,136,137,139,140,142,143,145,146,148,149,151,152,154,155,157,158,160,161,163,164,166,167,169,170,172,173,175,176,178,179,266,268,270,272,274,276,278,280,282,284,286,288,290,292,294,296,297,298,300,301,303,304,306,307,309,310,312,313,315,316,318,319,321,322,324,325,327,328,330,331,333,334,336,337,339,340,342,343,430,432,434,436,438,440,442,444,446,448,450,452,454,456,458,460,461,462,464,465,467,468,470,471,473,474,476,477,479,480,482,483,485,486,488,489,491,492,494,495,497,498,500,501,503,504,506,507,578,594,596,598,600,602,604,606,608,610,612,614,616,618,622,624,625,626,628,629,631,632,634,635,637,638,640,641,643,644,646,647,649,650,652,653,655,656,658,659,661,662,664,665,667,668,670,671,758,759,760,828,829,830,881,882,883,934,935,936,987,988,989,1040,1041,1042,1093,1094,1095,1146,1147,1148,1199,1200,1201,1252,1253,1254,1305,1306,1307,1358,1359,1360,1411,1412,1413,1464,1465,1466,1517,1519,1521,1523,1525,1527,1529,1531,1533,1535,1537,1539,1541,1543,1545,1547,1548,1549,1551,1552,1554,1555,1557,1558,1560,1561,1563,1564,1566,1567,1569,1570,1572,1573,1575,1576,1578,1579,1581,1582,1584,1585,1587,1588,1590,1591,1593,1594,1681,1683,1685,1687,1689,1691,1693,1695,1697,1699,1701,1703,1705,1707,1709,1711,1712,1713,1715,1716,1718,1719,1721,1722,1724,1725,1727,1728,1730,1731,1733,1734,1736,1737,1739,1740,1742,1743,1745,1746,1748,1749,1751,1752,1754,1755,1757,1758,1845,1847,1849,1851,1853,1855,1857,1859,1861,1863,1865,1867,1869,1871,1873,1875,1876,1877,1879,1880,1882,1883,1885,1886,1888,1889,1891,1892,1894,1895,1897,1898,1900,1901,1903,1904,1906,1907,1909,1910,1912,1913,1915,1916,1918,1919,1921,1922,2009,2011,2013,2015,2017,2019,2021,2023,2025,2027,2029,2031,2033,2035,2037,2039,2040,2041,2043,2044,2046,2047,2049,2050,2052,2053,2055,2056,2058,2059,2061,2062,2064,2065,2067,2068,2070,2071,2073,2074,2076,2077,2079,2080,2082,2083,2085,2086,2147,2148,2149,2150,2154,2155,2156,2157,2161,2162,2163,2164,2168,2169,2170,2171	426	19	445	430	8	3460	1346	429	0	1080	445	39	2171
proposal	frontier	73	7f833feefc574084b3828bd979badfac5e2d663d282380515b1ef41dff70d0f3	da95782056d917e7ccf1769a527fa17a8bf5a2117317cc307fa00bd46fb75257	b10cb7f66e3519788ecec6edc4095541a24eaf642a3ed8877fbe87c85e8ba9c5	swap	1	2035	1993	426	133,134,136,137,139,140,142,143,145,146,148,149,151,152,154,155,157,158,160,161,163,164,166,167,169,170,172,173,175,176,178,179,266,268,270,272,274,276,278,280,282,284,286,288,290,292,294,296,297,298,300,301,303,304,306,307,309,310,312,313,315,316,318,319,321,322,324,325,327,328,330,331,333,334,336,337,339,340,342,343,430,432,434,436,438,440,442,444,446,448,450,452,454,456,458,460,461,462,464,465,467,468,470,471,473,474,476,477,479,480,482,483,485,486,488,489,491,492,494,495,497,498,500,501,503,504,506,507,594,596,598,600,602,604,606,608,610,612,614,616,618,620,622,624,625,626,628,629,631,632,634,635,637,638,640,641,643,644,646,647,649,650,652,653,655,656,658,659,661,662,664,665,667,668,670,671,758,759,760,828,829,830,881,882,883,934,935,936,987,988,989,1040,1041,1042,1093,1094,1095,1146,1147,1148,1199,1200,1201,1252,1253,1254,1305,1306,1307,1358,1359,1360,1411,1412,1413,1464,1465,1466,1517,1519,1521,1523,1525,1527,1529,1531,1533,1535,1537,1539,1541,1543,1545,1547,1548,1549,1551,1552,1554,1555,1557,1558,1560,1561,1563,1564,1566,1567,1569,1570,1572,1573,1575,1576,1578,1579,1581,1582,1584,1585,1587,1588,1590,1591,1593,1594,1681,1683,1685,1687,1689,1691,1693,1695,1697,1699,1701,1703,1705,1707,1709,1711,1712,1713,1715,1716,1718,1719,1721,1722,1724,1725,1727,1728,1730,1731,1733,1734,1736,1737,1739,1740,1742,1743,1745,1746,1748,1749,1751,1752,1754,1755,1757,1758,1845,1847,1849,1851,1853,1855,1857,1859,1861,1863,1865,1867,1869,1871,1873,1875,1876,1877,1879,1880,1882,1883,1885,1886,1888,1889,1891,1892,1894,1895,1897,1898,1900,1901,1903,1904,1906,1907,1909,1910,1912,1913,1915,1916,1918,1919,1921,1922,1993,2009,2011,2013,2015,2017,2019,2021,2023,2025,2027,2029,2031,2033,2037,2039,2040,2041,2043,2044,2046,2047,2049,2050,2052,2053,2055,2056,2058,2059,2061,2062,2064,2065,2067,2068,2070,2071,2073,2074,2076,2077,2079,2080,2082,2083,2085,2086,2147,2148,2149,2150,2154,2155,2156,2157,2161,2162,2163,2164,2168,2169,2170,2171	426	19	445	430	8	3460	1346	429	0	1080	445	39	2171
proposal	frontier	74	800ede0ea1ca64ba8b655baf09b693de6587cf2ce6ae8015f9c61894693aa06a	0ec6319a7ebcac18cf722052e13bca20e288cbea3e89cbd3c6416d858d6c54d0	b10cb7f66e3519788ecec6edc4095541a24eaf642a3ed8877fbe87c85e8ba9c5	swap	1	598	582	426	133,134,136,137,139,140,142,143,145,146,148,149,151,152,154,155,157,158,160,161,163,164,166,167,169,170,172,173,175,176,178,179,266,268,270,272,274,276,278,280,282,284,286,288,290,292,294,296,297,298,300,301,303,304,306,307,309,310,312,313,315,316,318,319,321,322,324,325,327,328,330,331,333,334,336,337,339,340,342,343,430,432,434,436,438,440,442,444,446,448,450,452,454,456,458,460,461,462,464,465,467,468,470,471,473,474,476,477,479,480,482,483,485,486,488,489,491,492,494,495,497,498,500,501,503,504,506,507,582,594,596,600,602,604,606,608,610,612,614,616,618,620,622,624,625,626,628,629,631,632,634,635,637,638,640,641,643,644,646,647,649,650,652,653,655,656,658,659,661,662,664,665,667,668,670,671,758,759,760,828,829,830,881,882,883,934,935,936,987,988,989,1040,1041,1042,1093,1094,1095,1146,1147,1148,1199,1200,1201,1252,1253,1254,1305,1306,1307,1358,1359,1360,1411,1412,1413,1464,1465,1466,1517,1519,1521,1523,1525,1527,1529,1531,1533,1535,1537,1539,1541,1543,1545,1547,1548,1549,1551,1552,1554,1555,1557,1558,1560,1561,1563,1564,1566,1567,1569,1570,1572,1573,1575,1576,1578,1579,1581,1582,1584,1585,1587,1588,1590,1591,1593,1594,1681,1683,1685,1687,1689,1691,1693,1695,1697,1699,1701,1703,1705,1707,1709,1711,1712,1713,1715,1716,1718,1719,1721,1722,1724,1725,1727,1728,1730,1731,1733,1734,1736,1737,1739,1740,1742,1743,1745,1746,1748,1749,1751,1752,1754,1755,1757,1758,1845,1847,1849,1851,1853,1855,1857,1859,1861,1863,1865,1867,1869,1871,1873,1875,1876,1877,1879,1880,1882,1883,1885,1886,1888,1889,1891,1892,1894,1895,1897,1898,1900,1901,1903,1904,1906,1907,1909,1910,1912,1913,1915,1916,1918,1919,1921,1922,2009,2011,2013,2015,2017,2019,2021,2023,2025,2027,2029,2031,2033,2035,2037,2039,2040,2041,2043,2044,2046,2047,2049,2050,2052,2053,2055,2056,2058,2059,2061,2062,2064,2065,2067,2068,2070,2071,2073,2074,2076,2077,2079,2080,2082,2083,2085,2086,2147,2148,2149,2150,2154,2155,2156,2157,2161,2162,2163,2164,2168,2169,2170,2171	426	19	445	430	8	3460	1346	429	0	1080	445	39	2171
proposal	frontier	75	807184a7d1fad117afd46dc7baa9fe35a8246b254551f94f354433a63b9c90ed	d60d95911096a6e619b15bf3195fa3c7b71b886f598b6c7b7e65cfeb070f354e	b10cb7f66e3519788ecec6edc4095541a24eaf642a3ed8877fbe87c85e8ba9c5	swap	1	2025	1985	426	133,134,136,137,139,140,142,143,145,146,148,149,151,152,154,155,157,158,160,161,163,164,166,167,169,170,172,173,175,176,178,179,266,268,270,272,274,276,278,280,282,284,286,288,290,292,294,296,297,298,300,301,303,304,306,307,309,310,312,313,315,316,318,319,321,322,324,325,327,328,330,331,333,334,336,337,339,340,342,343,430,432,434,436,438,440,442,444,446,448,450,452,454,456,458,460,461,462,464,465,467,468,470,471,473,474,476,477,479,480,482,483,485,486,488,489,491,492,494,495,497,498,500,501,503,504,506,507,594,596,598,600,602,604,606,608,610,612,614,616,618,620,622,624,625,626,628,629,631,632,634,635,637,638,640,641,643,644,646,647,649,650,652,653,655,656,658,659,661,662,664,665,667,668,670,671,758,759,760,828,829,830,881,882,883,934,935,936,987,988,989,1040,1041,1042,1093,1094,1095,1146,1147,1148,1199,1200,1201,1252,1253,1254,1305,1306,1307,1358,1359,1360,1411,1412,1413,1464,1465,1466,1517,1519,1521,1523,1525,1527,1529,1531,1533,1535,1537,1539,1541,1543,1545,1547,1548,1549,1551,1552,1554,1555,1557,1558,1560,1561,1563,1564,1566,1567,1569,1570,1572,1573,1575,1576,1578,1579,1581,1582,1584,1585,1587,1588,1590,1591,1593,1594,1681,1683,1685,1687,1689,1691,1693,1695,1697,1699,1701,1703,1705,1707,1709,1711,1712,1713,1715,1716,1718,1719,1721,1722,1724,1725,1727,1728,1730,1731,1733,1734,1736,1737,1739,1740,1742,1743,1745,1746,1748,1749,1751,1752,1754,1755,1757,1758,1845,1847,1849,1851,1853,1855,1857,1859,1861,1863,1865,1867,1869,1871,1873,1875,1876,1877,1879,1880,1882,1883,1885,1886,1888,1889,1891,1892,1894,1895,1897,1898,1900,1901,1903,1904,1906,1907,1909,1910,1912,1913,1915,1916,1918,1919,1921,1922,1985,2009,2011,2013,2015,2017,2019,2021,2023,2027,2029,2031,2033,2035,2037,2039,2040,2041,2043,2044,2046,2047,2049,2050,2052,2053,2055,2056,2058,2059,2061,2062,2064,2065,2067,2068,2070,2071,2073,2074,2076,2077,2079,2080,2082,2083,2085,2086,2147,2148,2149,2150,2154,2155,2156,2157,2161,2162,2163,2164,2168,2169,2170,2171	426	19	445	430	8	3460	1346	429	0	1080	445	39	2171
proposal	frontier	76	822f53884c4d7a5e649260593485262a0237af60d0fcd0a29650e86fb870ce90	705600f69d2d3d81a8d1054bac7572f9dc919057a0bcede7b0987c2345fde347	b10cb7f66e3519788ecec6edc4095541a24eaf642a3ed8877fbe87c85e8ba9c5	swap	1	442	419	426	133,134,136,137,139,140,142,143,145,146,148,149,151,152,154,155,157,158,160,161,163,164,166,167,169,170,172,173,175,176,178,179,266,268,270,272,274,276,278,280,282,284,286,288,290,292,294,296,297,298,300,301,303,304,306,307,309,310,312,313,315,316,318,319,321,322,324,325,327,328,330,331,333,334,336,337,339,340,342,343,419,430,432,434,436,438,440,444,446,448,450,452,454,456,458,460,461,462,464,465,467,468,470,471,473,474,476,477,479,480,482,483,485,486,488,489,491,492,494,495,497,498,500,501,503,504,506,507,594,596,598,600,602,604,606,608,610,612,614,616,618,620,622,624,625,626,628,629,631,632,634,635,637,638,640,641,643,644,646,647,649,650,652,653,655,656,658,659,661,662,664,665,667,668,670,671,758,759,760,828,829,830,881,882,883,934,935,936,987,988,989,1040,1041,1042,1093,1094,1095,1146,1147,1148,1199,1200,1201,1252,1253,1254,1305,1306,1307,1358,1359,1360,1411,1412,1413,1464,1465,1466,1517,1519,1521,1523,1525,1527,1529,1531,1533,1535,1537,1539,1541,1543,1545,1547,1548,1549,1551,1552,1554,1555,1557,1558,1560,1561,1563,1564,1566,1567,1569,1570,1572,1573,1575,1576,1578,1579,1581,1582,1584,1585,1587,1588,1590,1591,1593,1594,1681,1683,1685,1687,1689,1691,1693,1695,1697,1699,1701,1703,1705,1707,1709,1711,1712,1713,1715,1716,1718,1719,1721,1722,1724,1725,1727,1728,1730,1731,1733,1734,1736,1737,1739,1740,1742,1743,1745,1746,1748,1749,1751,1752,1754,1755,1757,1758,1845,1847,1849,1851,1853,1855,1857,1859,1861,1863,1865,1867,1869,1871,1873,1875,1876,1877,1879,1880,1882,1883,1885,1886,1888,1889,1891,1892,1894,1895,1897,1898,1900,1901,1903,1904,1906,1907,1909,1910,1912,1913,1915,1916,1918,1919,1921,1922,2009,2011,2013,2015,2017,2019,2021,2023,2025,2027,2029,2031,2033,2035,2037,2039,2040,2041,2043,2044,2046,2047,2049,2050,2052,2053,2055,2056,2058,2059,2061,2062,2064,2065,2067,2068,2070,2071,2073,2074,2076,2077,2079,2080,2082,2083,2085,2086,2147,2148,2149,2150,2154,2155,2156,2157,2161,2162,2163,2164,2168,2169,2170,2171	426	19	445	430	8	3460	1346	429	0	1080	445	39	2171
proposal	frontier	77	84d3cb25a6b58eb3915bb783a86e8e81fee2047fcfabb8db35d584440c5d72ef	c17df87e17d18bce6107da8a4881d774b90dab580c39fdc02ce03db15f54806b	b10cb7f66e3519788ecec6edc4095541a24eaf642a3ed8877fbe87c85e8ba9c5	swap	1	288	263	426	133,134,136,137,139,140,142,143,145,146,148,149,151,152,154,155,157,158,160,161,163,164,166,167,169,170,172,173,175,176,178,179,263,266,268,270,272,274,276,278,280,282,284,286,290,292,294,296,297,298,300,301,303,304,306,307,309,310,312,313,315,316,318,319,321,322,324,325,327,328,330,331,333,334,336,337,339,340,342,343,430,432,434,436,438,440,442,444,446,448,450,452,454,456,458,460,461,462,464,465,467,468,470,471,473,474,476,477,479,480,482,483,485,486,488,489,491,492,494,495,497,498,500,501,503,504,506,507,594,596,598,600,602,604,606,608,610,612,614,616,618,620,622,624,625,626,628,629,631,632,634,635,637,638,640,641,643,644,646,647,649,650,652,653,655,656,658,659,661,662,664,665,667,668,670,671,758,759,760,828,829,830,881,882,883,934,935,936,987,988,989,1040,1041,1042,1093,1094,1095,1146,1147,1148,1199,1200,1201,1252,1253,1254,1305,1306,1307,1358,1359,1360,1411,1412,1413,1464,1465,1466,1517,1519,1521,1523,1525,1527,1529,1531,1533,1535,1537,1539,1541,1543,1545,1547,1548,1549,1551,1552,1554,1555,1557,1558,1560,1561,1563,1564,1566,1567,1569,1570,1572,1573,1575,1576,1578,1579,1581,1582,1584,1585,1587,1588,1590,1591,1593,1594,1681,1683,1685,1687,1689,1691,1693,1695,1697,1699,1701,1703,1705,1707,1709,1711,1712,1713,1715,1716,1718,1719,1721,1722,1724,1725,1727,1728,1730,1731,1733,1734,1736,1737,1739,1740,1742,1743,1745,1746,1748,1749,1751,1752,1754,1755,1757,1758,1845,1847,1849,1851,1853,1855,1857,1859,1861,1863,1865,1867,1869,1871,1873,1875,1876,1877,1879,1880,1882,1883,1885,1886,1888,1889,1891,1892,1894,1895,1897,1898,1900,1901,1903,1904,1906,1907,1909,1910,1912,1913,1915,1916,1918,1919,1921,1922,2009,2011,2013,2015,2017,2019,2021,2023,2025,2027,2029,2031,2033,2035,2037,2039,2040,2041,2043,2044,2046,2047,2049,2050,2052,2053,2055,2056,2058,2059,2061,2062,2064,2065,2067,2068,2070,2071,2073,2074,2076,2077,2079,2080,2082,2083,2085,2086,2147,2148,2149,2150,2154,2155,2156,2157,2161,2162,2163,2164,2168,2169,2170,2171	426	19	445	430	8	3460	1346	429	0	1080	445	39	2171
proposal	frontier	78	876088dfc82a2afe7b7409b48220a4509d89bcf50f70d5caa7091fb25c093b18	d5680625c0191a1ae99256b6f828d489b74b3f2fa6bb0613602a607dec329302	b10cb7f66e3519788ecec6edc4095541a24eaf642a3ed8877fbe87c85e8ba9c5	swap	1	1697	1657	426	133,134,136,137,139,140,142,143,145,146,148,149,151,152,154,155,157,158,160,161,163,164,166,167,169,170,172,173,175,176,178,179,266,268,270,272,274,276,278,280,282,284,286,288,290,292,294,296,297,298,300,301,303,304,306,307,309,310,312,313,315,316,318,319,321,322,324,325,327,328,330,331,333,334,336,337,339,340,342,343,430,432,434,436,438,440,442,444,446,448,450,452,454,456,458,460,461,462,464,465,467,468,470,471,473,474,476,477,479,480,482,483,485,486,488,489,491,492,494,495,497,498,500,501,503,504,506,507,594,596,598,600,602,604,606,608,610,612,614,616,618,620,622,624,625,626,628,629,631,632,634,635,637,638,640,641,643,644,646,647,649,650,652,653,655,656,658,659,661,662,664,665,667,668,670,671,758,759,760,828,829,830,881,882,883,934,935,936,987,988,989,1040,1041,1042,1093,1094,1095,1146,1147,1148,1199,1200,1201,1252,1253,1254,1305,1306,1307,1358,1359,1360,1411,1412,1413,1464,1465,1466,1517,1519,1521,1523,1525,1527,1529,1531,1533,1535,1537,1539,1541,1543,1545,1547,1548,1549,1551,1552,1554,1555,1557,1558,1560,1561,1563,1564,1566,1567,1569,1570,1572,1573,1575,1576,1578,1579,1581,1582,1584,1585,1587,1588,1590,1591,1593,1594,1657,1681,1683,1685,1687,1689,1691,1693,1695,1699,1701,1703,1705,1707,1709,1711,1712,1713,1715,1716,1718,1719,1721,1722,1724,1725,1727,1728,1730,1731,1733,1734,1736,1737,1739,1740,1742,1743,1745,1746,1748,1749,1751,1752,1754,1755,1757,1758,1845,1847,1849,1851,1853,1855,1857,1859,1861,1863,1865,1867,1869,1871,1873,1875,1876,1877,1879,1880,1882,1883,1885,1886,1888,1889,1891,1892,1894,1895,1897,1898,1900,1901,1903,1904,1906,1907,1909,1910,1912,1913,1915,1916,1918,1919,1921,1922,2009,2011,2013,2015,2017,2019,2021,2023,2025,2027,2029,2031,2033,2035,2037,2039,2040,2041,2043,2044,2046,2047,2049,2050,2052,2053,2055,2056,2058,2059,2061,2062,2064,2065,2067,2068,2070,2071,2073,2074,2076,2077,2079,2080,2082,2083,2085,2086,2147,2148,2149,2150,2154,2155,2156,2157,2161,2162,2163,2164,2168,2169,2170,2171	426	19	445	430	8	3460	1346	429	0	1080	445	39	2171
proposal	frontier	79	88c218d232e3e7322690e31eebbde1cb2889e7a67859dbeb45580947dd3e9352	7f1ce9dc490effbbbf6fac926771862b404bcb978d69797c71e106aa1e0c3e19	b10cb7f66e3519788ecec6edc4095541a24eaf642a3ed8877fbe87c85e8ba9c5	swap	1	1845	1819	426	133,134,136,137,139,140,142,143,145,146,148,149,151,152,154,155,157,158,160,161,163,164,166,167,169,170,172,173,175,176,178,179,266,268,270,272,274,276,278,280,282,284,286,288,290,292,294,296,297,298,300,301,303,304,306,307,309,310,312,313,315,316,318,319,321,322,324,325,327,328,330,331,333,334,336,337,339,340,342,343,430,432,434,436,438,440,442,444,446,448,450,452,454,456,458,460,461,462,464,465,467,468,470,471,473,474,476,477,479,480,482,483,485,486,488,489,491,492,494,495,497,498,500,501,503,504,506,507,594,596,598,600,602,604,606,608,610,612,614,616,618,620,622,624,625,626,628,629,631,632,634,635,637,638,640,641,643,644,646,647,649,650,652,653,655,656,658,659,661,662,664,665,667,668,670,671,758,759,760,828,829,830,881,882,883,934,935,936,987,988,989,1040,1041,1042,1093,1094,1095,1146,1147,1148,1199,1200,1201,1252,1253,1254,1305,1306,1307,1358,1359,1360,1411,1412,1413,1464,1465,1466,1517,1519,1521,1523,1525,1527,1529,1531,1533,1535,1537,1539,1541,1543,1545,1547,1548,1549,1551,1552,1554,1555,1557,1558,1560,1561,1563,1564,1566,1567,1569,1570,1572,1573,1575,1576,1578,1579,1581,1582,1584,1585,1587,1588,1590,1591,1593,1594,1681,1683,1685,1687,1689,1691,1693,1695,1697,1699,1701,1703,1705,1707,1709,1711,1712,1713,1715,1716,1718,1719,1721,1722,1724,1725,1727,1728,1730,1731,1733,1734,1736,1737,1739,1740,1742,1743,1745,1746,1748,1749,1751,1752,1754,1755,1757,1758,1819,1847,1849,1851,1853,1855,1857,1859,1861,1863,1865,1867,1869,1871,1873,1875,1876,1877,1879,1880,1882,1883,1885,1886,1888,1889,1891,1892,1894,1895,1897,1898,1900,1901,1903,1904,1906,1907,1909,1910,1912,1913,1915,1916,1918,1919,1921,1922,2009,2011,2013,2015,2017,2019,2021,2023,2025,2027,2029,2031,2033,2035,2037,2039,2040,2041,2043,2044,2046,2047,2049,2050,2052,2053,2055,2056,2058,2059,2061,2062,2064,2065,2067,2068,2070,2071,2073,2074,2076,2077,2079,2080,2082,2083,2085,2086,2147,2148,2149,2150,2154,2155,2156,2157,2161,2162,2163,2164,2168,2169,2170,2171	426	19	445	430	8	3460	1346	429	0	1080	445	39	2171
proposal	frontier	80	89c318737b943a48ff747dbf9222c442d01d15d2c9c113c82ebca07cfc0a1337	376a6d9446ed8d22018dcae77c4a56c073e5441b31c8aaa0d6f7ed18286b544c	b10cb7f66e3519788ecec6edc4095541a24eaf642a3ed8877fbe87c85e8ba9c5	swap	1	1539	1507	426	133,134,136,137,139,140,142,143,145,146,148,149,151,152,154,155,157,158,160,161,163,164,166,167,169,170,172,173,175,176,178,179,266,268,270,272,274,276,278,280,282,284,286,288,290,292,294,296,297,298,300,301,303,304,306,307,309,310,312,313,315,316,318,319,321,322,324,325,327,328,330,331,333,334,336,337,339,340,342,343,430,432,434,436,438,440,442,444,446,448,450,452,454,456,458,460,461,462,464,465,467,468,470,471,473,474,476,477,479,480,482,483,485,486,488,489,491,492,494,495,497,498,500,501,503,504,506,507,594,596,598,600,602,604,606,608,610,612,614,616,618,620,622,624,625,626,628,629,631,632,634,635,637,638,640,641,643,644,646,647,649,650,652,653,655,656,658,659,661,662,664,665,667,668,670,671,758,759,760,828,829,830,881,882,883,934,935,936,987,988,989,1040,1041,1042,1093,1094,1095,1146,1147,1148,1199,1200,1201,1252,1253,1254,1305,1306,1307,1358,1359,1360,1411,1412,1413,1464,1465,1466,1507,1517,1519,1521,1523,1525,1527,1529,1531,1533,1535,1537,1541,1543,1545,1547,1548,1549,1551,1552,1554,1555,1557,1558,1560,1561,1563,1564,1566,1567,1569,1570,1572,1573,1575,1576,1578,1579,1581,1582,1584,1585,1587,1588,1590,1591,1593,1594,1681,1683,1685,1687,1689,1691,1693,1695,1697,1699,1701,1703,1705,1707,1709,1711,1712,1713,1715,1716,1718,1719,1721,1722,1724,1725,1727,1728,1730,1731,1733,1734,1736,1737,1739,1740,1742,1743,1745,1746,1748,1749,1751,1752,1754,1755,1757,1758,1845,1847,1849,1851,1853,1855,1857,1859,1861,1863,1865,1867,1869,1871,1873,1875,1876,1877,1879,1880,1882,1883,1885,1886,1888,1889,1891,1892,1894,1895,1897,1898,1900,1901,1903,1904,1906,1907,1909,1910,1912,1913,1915,1916,1918,1919,1921,1922,2009,2011,2013,2015,2017,2019,2021,2023,2025,2027,2029,2031,2033,2035,2037,2039,2040,2041,2043,2044,2046,2047,2049,2050,2052,2053,2055,2056,2058,2059,2061,2062,2064,2065,2067,2068,2070,2071,2073,2074,2076,2077,2079,2080,2082,2083,2085,2086,2147,2148,2149,2150,2154,2155,2156,2157,2161,2162,2163,2164,2168,2169,2170,2171	426	19	445	430	8	3460	1346	429	0	1080	445	39	2171
proposal	frontier	81	8e6c68f4095faeefc8304520a9e792bf3721f08e402a9a23672d3707081d3ece	a25a94225f3cd3202991da0004b85f7a95d7a1acfa6d2620909f5183221c4f52	b10cb7f66e3519788ecec6edc4095541a24eaf642a3ed8877fbe87c85e8ba9c5	swap	1	1146	1114	426	133,134,136,137,139,140,142,143,145,146,148,149,151,152,154,155,157,158,160,161,163,164,166,167,169,170,172,173,175,176,178,179,266,268,270,272,274,276,278,280,282,284,286,288,290,292,294,296,297,298,300,301,303,304,306,307,309,310,312,313,315,316,318,319,321,322,324,325,327,328,330,331,333,334,336,337,339,340,342,343,430,432,434,436,438,440,442,444,446,448,450,452,454,456,458,460,461,462,464,465,467,468,470,471,473,474,476,477,479,480,482,483,485,486,488,489,491,492,494,495,497,498,500,501,503,504,506,507,594,596,598,600,602,604,606,608,610,612,614,616,618,620,622,624,625,626,628,629,631,632,634,635,637,638,640,641,643,644,646,647,649,650,652,653,655,656,658,659,661,662,664,665,667,668,670,671,758,759,760,828,829,830,881,882,883,934,935,936,987,988,989,1040,1041,1042,1093,1094,1095,1114,1147,1148,1199,1200,1201,1252,1253,1254,1305,1306,1307,1358,1359,1360,1411,1412,1413,1464,1465,1466,1517,1519,1521,1523,1525,1527,1529,1531,1533,1535,1537,1539,1541,1543,1545,1547,1548,1549,1551,1552,1554,1555,1557,1558,1560,1561,1563,1564,1566,1567,1569,1570,1572,1573,1575,1576,1578,1579,1581,1582,1584,1585,1587,1588,1590,1591,1593,1594,1681,1683,1685,1687,1689,1691,1693,1695,1697,1699,1701,1703,1705,1707,1709,1711,1712,1713,1715,1716,1718,1719,1721,1722,1724,1725,1727,1728,1730,1731,1733,1734,1736,1737,1739,1740,1742,1743,1745,1746,1748,1749,1751,1752,1754,1755,1757,1758,1845,1847,1849,1851,1853,1855,1857,1859,1861,1863,1865,1867,1869,1871,1873,1875,1876,1877,1879,1880,1882,1883,1885,1886,1888,1889,1891,1892,1894,1895,1897,1898,1900,1901,1903,1904,1906,1907,1909,1910,1912,1913,1915,1916,1918,1919,1921,1922,2009,2011,2013,2015,2017,2019,2021,2023,2025,2027,2029,2031,2033,2035,2037,2039,2040,2041,2043,2044,2046,2047,2049,2050,2052,2053,2055,2056,2058,2059,2061,2062,2064,2065,2067,2068,2070,2071,2073,2074,2076,2077,2079,2080,2082,2083,2085,2086,2147,2148,2149,2150,2154,2155,2156,2157,2161,2162,2163,2164,2168,2169,2170,2171	426	19	445	430	8	3460	1346	429	0	1080	445	39	2171
proposal	frontier	82	916e5e7d53ca05890f37e927bb6993909925c61c5a80a5e63928d69d78b0a798	6f8074e96a281a53595dad6acae75f1963cefe77c14df057187a49178cca7ec4	b10cb7f66e3519788ecec6edc4095541a24eaf642a3ed8877fbe87c85e8ba9c5	swap	1	1252	1220	426	133,134,136,137,139,140,142,143,145,146,148,149,151,152,154,155,157,158,160,161,163,164,166,167,169,170,172,173,175,176,178,179,266,268,270,272,274,276,278,280,282,284,286,288,290,292,294,296,297,298,300,301,303,304,306,307,309,310,312,313,315,316,318,319,321,322,324,325,327,328,330,331,333,334,336,337,339,340,342,343,430,432,434,436,438,440,442,444,446,448,450,452,454,456,458,460,461,462,464,465,467,468,470,471,473,474,476,477,479,480,482,483,485,486,488,489,491,492,494,495,497,498,500,501,503,504,506,507,594,596,598,600,602,604,606,608,610,612,614,616,618,620,622,624,625,626,628,629,631,632,634,635,637,638,640,641,643,644,646,647,649,650,652,653,655,656,658,659,661,662,664,665,667,668,670,671,758,759,760,828,829,830,881,882,883,934,935,936,987,988,989,1040,1041,1042,1093,1094,1095,1146,1147,1148,1199,1200,1201,1220,1253,1254,1305,1306,1307,1358,1359,1360,1411,1412,1413,1464,1465,1466,1517,1519,1521,1523,1525,1527,1529,1531,1533,1535,1537,1539,1541,1543,1545,1547,1548,1549,1551,1552,1554,1555,1557,1558,1560,1561,1563,1564,1566,1567,1569,1570,1572,1573,1575,1576,1578,1579,1581,1582,1584,1585,1587,1588,1590,1591,1593,1594,1681,1683,1685,1687,1689,1691,1693,1695,1697,1699,1701,1703,1705,1707,1709,1711,1712,1713,1715,1716,1718,1719,1721,1722,1724,1725,1727,1728,1730,1731,1733,1734,1736,1737,1739,1740,1742,1743,1745,1746,1748,1749,1751,1752,1754,1755,1757,1758,1845,1847,1849,1851,1853,1855,1857,1859,1861,1863,1865,1867,1869,1871,1873,1875,1876,1877,1879,1880,1882,1883,1885,1886,1888,1889,1891,1892,1894,1895,1897,1898,1900,1901,1903,1904,1906,1907,1909,1910,1912,1913,1915,1916,1918,1919,1921,1922,2009,2011,2013,2015,2017,2019,2021,2023,2025,2027,2029,2031,2033,2035,2037,2039,2040,2041,2043,2044,2046,2047,2049,2050,2052,2053,2055,2056,2058,2059,2061,2062,2064,2065,2067,2068,2070,2071,2073,2074,2076,2077,2079,2080,2082,2083,2085,2086,2147,2148,2149,2150,2154,2155,2156,2157,2161,2162,2163,2164,2168,2169,2170,2171	426	19	445	430	8	3460	1346	429	0	1080	445	39	2171
proposal	frontier	83	9350408911b0e8f9135c4b0e601f01c88fb3ba1ccfba2969756ca6973d63cace	d7d70f90b0124ff22c1eb43796d287fefe6be37cbc2844e83f0b12f90b7c8c28	b10cb7f66e3519788ecec6edc4095541a24eaf642a3ed8877fbe87c85e8ba9c5	swap	1	296	264	426	133,134,136,137,139,140,142,143,145,146,148,149,151,152,154,155,157,158,160,161,163,164,166,167,169,170,172,173,175,176,178,179,264,266,268,270,272,274,276,278,280,282,284,286,288,290,292,294,297,298,300,301,303,304,306,307,309,310,312,313,315,316,318,319,321,322,324,325,327,328,330,331,333,334,336,337,339,340,342,343,430,432,434,436,438,440,442,444,446,448,450,452,454,456,458,460,461,462,464,465,467,468,470,471,473,474,476,477,479,480,482,483,485,486,488,489,491,492,494,495,497,498,500,501,503,504,506,507,594,596,598,600,602,604,606,608,610,612,614,616,618,620,622,624,625,626,628,629,631,632,634,635,637,638,640,641,643,644,646,647,649,650,652,653,655,656,658,659,661,662,664,665,667,668,670,671,758,759,760,828,829,830,881,882,883,934,935,936,987,988,989,1040,1041,1042,1093,1094,1095,1146,1147,1148,1199,1200,1201,1252,1253,1254,1305,1306,1307,1358,1359,1360,1411,1412,1413,1464,1465,1466,1517,1519,1521,1523,1525,1527,1529,1531,1533,1535,1537,1539,1541,1543,1545,1547,1548,1549,1551,1552,1554,1555,1557,1558,1560,1561,1563,1564,1566,1567,1569,1570,1572,1573,1575,1576,1578,1579,1581,1582,1584,1585,1587,1588,1590,1591,1593,1594,1681,1683,1685,1687,1689,1691,1693,1695,1697,1699,1701,1703,1705,1707,1709,1711,1712,1713,1715,1716,1718,1719,1721,1722,1724,1725,1727,1728,1730,1731,1733,1734,1736,1737,1739,1740,1742,1743,1745,1746,1748,1749,1751,1752,1754,1755,1757,1758,1845,1847,1849,1851,1853,1855,1857,1859,1861,1863,1865,1867,1869,1871,1873,1875,1876,1877,1879,1880,1882,1883,1885,1886,1888,1889,1891,1892,1894,1895,1897,1898,1900,1901,1903,1904,1906,1907,1909,1910,1912,1913,1915,1916,1918,1919,1921,1922,2009,2011,2013,2015,2017,2019,2021,2023,2025,2027,2029,2031,2033,2035,2037,2039,2040,2041,2043,2044,2046,2047,2049,2050,2052,2053,2055,2056,2058,2059,2061,2062,2064,2065,2067,2068,2070,2071,2073,2074,2076,2077,2079,2080,2082,2083,2085,2086,2147,2148,2149,2150,2154,2155,2156,2157,2161,2162,2163,2164,2168,2169,2170,2171	426	19	445	430	8	3460	1346	429	0	1080	445	39	2171
proposal	frontier	84	94bded1207a30b47f2e1811a7f4b30b249a0b4da2400271d72fa62ea93966fb2	5c8a47f987ff5932ab5a72fcf2df74b8b9ebe707dbf508e445ddaf3f84a9a1d1	b10cb7f66e3519788ecec6edc4095541a24eaf642a3ed8877fbe87c85e8ba9c5	swap	1	614	584	426	133,134,136,137,139,140,142,143,145,146,148,149,151,152,154,155,157,158,160,161,163,164,166,167,169,170,172,173,175,176,178,179,266,268,270,272,274,276,278,280,282,284,286,288,290,292,294,296,297,298,300,301,303,304,306,307,309,310,312,313,315,316,318,319,321,322,324,325,327,328,330,331,333,334,336,337,339,340,342,343,430,432,434,436,438,440,442,444,446,448,450,452,454,456,458,460,461,462,464,465,467,468,470,471,473,474,476,477,479,480,482,483,485,486,488,489,491,492,494,495,497,498,500,501,503,504,506,507,584,594,596,598,600,602,604,606,608,610,612,616,618,620,622,624,625,626,628,629,631,632,634,635,637,638,640,641,643,644,646,647,649,650,652,653,655,656,658,659,661,662,664,665,667,668,670,671,758,759,760,828,829,830,881,882,883,934,935,936,987,988,989,1040,1041,1042,1093,1094,1095,1146,1147,1148,1199,1200,1201,1252,1253,1254,1305,1306,1307,1358,1359,1360,1411,1412,1413,1464,1465,1466,1517,1519,1521,1523,1525,1527,1529,1531,1533,1535,1537,1539,1541,1543,1545,1547,1548,1549,1551,1552,1554,1555,1557,1558,1560,1561,1563,1564,1566,1567,1569,1570,1572,1573,1575,1576,1578,1579,1581,1582,1584,1585,1587,1588,1590,1591,1593,1594,1681,1683,1685,1687,1689,1691,1693,1695,1697,1699,1701,1703,1705,1707,1709,1711,1712,1713,1715,1716,1718,1719,1721,1722,1724,1725,1727,1728,1730,1731,1733,1734,1736,1737,1739,1740,1742,1743,1745,1746,1748,1749,1751,1752,1754,1755,1757,1758,1845,1847,1849,1851,1853,1855,1857,1859,1861,1863,1865,1867,1869,1871,1873,1875,1876,1877,1879,1880,1882,1883,1885,1886,1888,1889,1891,1892,1894,1895,1897,1898,1900,1901,1903,1904,1906,1907,1909,1910,1912,1913,1915,1916,1918,1919,1921,1922,2009,2011,2013,2015,2017,2019,2021,2023,2025,2027,2029,2031,2033,2035,2037,2039,2040,2041,2043,2044,2046,2047,2049,2050,2052,2053,2055,2056,2058,2059,2061,2062,2064,2065,2067,2068,2070,2071,2073,2074,2076,2077,2079,2080,2082,2083,2085,2086,2147,2148,2149,2150,2154,2155,2156,2157,2161,2162,2163,2164,2168,2169,2170,2171	426	19	445	430	8	3460	1346	429	0	1080	445	39	2171
proposal	frontier	85	997d7236203de34953b8479ea2773a0772737d6e7f81c08537f8bd744f5ccd44	96f45498a15b2313ca83a9f5bc8a38f74c620f2712ca219bf440cb30dbe1e788	b10cb7f66e3519788ecec6edc4095541a24eaf642a3ed8877fbe87c85e8ba9c5	swap	1	266	240	426	133,134,136,137,139,140,142,143,145,146,148,149,151,152,154,155,157,158,160,161,163,164,166,167,169,170,172,173,175,176,178,179,240,268,270,272,274,276,278,280,282,284,286,288,290,292,294,296,297,298,300,301,303,304,306,307,309,310,312,313,315,316,318,319,321,322,324,325,327,328,330,331,333,334,336,337,339,340,342,343,430,432,434,436,438,440,442,444,446,448,450,452,454,456,458,460,461,462,464,465,467,468,470,471,473,474,476,477,479,480,482,483,485,486,488,489,491,492,494,495,497,498,500,501,503,504,506,507,594,596,598,600,602,604,606,608,610,612,614,616,618,620,622,624,625,626,628,629,631,632,634,635,637,638,640,641,643,644,646,647,649,650,652,653,655,656,658,659,661,662,664,665,667,668,670,671,758,759,760,828,829,830,881,882,883,934,935,936,987,988,989,1040,1041,1042,1093,1094,1095,1146,1147,1148,1199,1200,1201,1252,1253,1254,1305,1306,1307,1358,1359,1360,1411,1412,1413,1464,1465,1466,1517,1519,1521,1523,1525,1527,1529,1531,1533,1535,1537,1539,1541,1543,1545,1547,1548,1549,1551,1552,1554,1555,1557,1558,1560,1561,1563,1564,1566,1567,1569,1570,1572,1573,1575,1576,1578,1579,1581,1582,1584,1585,1587,1588,1590,1591,1593,1594,1681,1683,1685,1687,1689,1691,1693,1695,1697,1699,1701,1703,1705,1707,1709,1711,1712,1713,1715,1716,1718,1719,1721,1722,1724,1725,1727,1728,1730,1731,1733,1734,1736,1737,1739,1740,1742,1743,1745,1746,1748,1749,1751,1752,1754,1755,1757,1758,1845,1847,1849,1851,1853,1855,1857,1859,1861,1863,1865,1867,1869,1871,1873,1875,1876,1877,1879,1880,1882,1883,1885,1886,1888,1889,1891,1892,1894,1895,1897,1898,1900,1901,1903,1904,1906,1907,1909,1910,1912,1913,1915,1916,1918,1919,1921,1922,2009,2011,2013,2015,2017,2019,2021,2023,2025,2027,2029,2031,2033,2035,2037,2039,2040,2041,2043,2044,2046,2047,2049,2050,2052,2053,2055,2056,2058,2059,2061,2062,2064,2065,2067,2068,2070,2071,2073,2074,2076,2077,2079,2080,2082,2083,2085,2086,2147,2148,2149,2150,2154,2155,2156,2157,2161,2162,2163,2164,2168,2169,2170,2171	426	19	445	430	8	3460	1346	429	0	1080	445	39	2171
proposal	frontier	86	9b9558c815c9cdbb37e906088ab79ff47867de828fa4120c94da6d5a7d0b2a7b	7c9da4049da085c41e719f3f1158b4e4aedef63fd5ce41b85a7b39c987f3ac20	b10cb7f66e3519788ecec6edc4095541a24eaf642a3ed8877fbe87c85e8ba9c5	swap	1	612	577	426	133,134,136,137,139,140,142,143,145,146,148,149,151,152,154,155,157,158,160,161,163,164,166,167,169,170,172,173,175,176,178,179,266,268,270,272,274,276,278,280,282,284,286,288,290,292,294,296,297,298,300,301,303,304,306,307,309,310,312,313,315,316,318,319,321,322,324,325,327,328,330,331,333,334,336,337,339,340,342,343,430,432,434,436,438,440,442,444,446,448,450,452,454,456,458,460,461,462,464,465,467,468,470,471,473,474,476,477,479,480,482,483,485,486,488,489,491,492,494,495,497,498,500,501,503,504,506,507,577,594,596,598,600,602,604,606,608,610,614,616,618,620,622,624,625,626,628,629,631,632,634,635,637,638,640,641,643,644,646,647,649,650,652,653,655,656,658,659,661,662,664,665,667,668,670,671,758,759,760,828,829,830,881,882,883,934,935,936,987,988,989,1040,1041,1042,1093,1094,1095,1146,1147,1148,1199,1200,1201,1252,1253,1254,1305,1306,1307,1358,1359,1360,1411,1412,1413,1464,1465,1466,1517,1519,1521,1523,1525,1527,1529,1531,1533,1535,1537,1539,1541,1543,1545,1547,1548,1549,1551,1552,1554,1555,1557,1558,1560,1561,1563,1564,1566,1567,1569,1570,1572,1573,1575,1576,1578,1579,1581,1582,1584,1585,1587,1588,1590,1591,1593,1594,1681,1683,1685,1687,1689,1691,1693,1695,1697,1699,1701,1703,1705,1707,1709,1711,1712,1713,1715,1716,1718,1719,1721,1722,1724,1725,1727,1728,1730,1731,1733,1734,1736,1737,1739,1740,1742,1743,1745,1746,1748,1749,1751,1752,1754,1755,1757,1758,1845,1847,1849,1851,1853,1855,1857,1859,1861,1863,1865,1867,1869,1871,1873,1875,1876,1877,1879,1880,1882,1883,1885,1886,1888,1889,1891,1892,1894,1895,1897,1898,1900,1901,1903,1904,1906,1907,1909,1910,1912,1913,1915,1916,1918,1919,1921,1922,2009,2011,2013,2015,2017,2019,2021,2023,2025,2027,2029,2031,2033,2035,2037,2039,2040,2041,2043,2044,2046,2047,2049,2050,2052,2053,2055,2056,2058,2059,2061,2062,2064,2065,2067,2068,2070,2071,2073,2074,2076,2077,2079,2080,2082,2083,2085,2086,2147,2148,2149,2150,2154,2155,2156,2157,2161,2162,2163,2164,2168,2169,2170,2171	426	19	445	430	8	3460	1346	429	0	1080	445	39	2171
proposal	frontier	87	a272d607e5c3d616f0c01250dd3218549b2ede9eacce8462f34bc1fde4e71a63	e9077062a79777914406b998f2f93ee73cda5054928e6f5269bcb272b051c556	b10cb7f66e3519788ecec6edc4095541a24eaf642a3ed8877fbe87c85e8ba9c5	swap	1	1199	1167	426	133,134,136,137,139,140,142,143,145,146,148,149,151,152,154,155,157,158,160,161,163,164,166,167,169,170,172,173,175,176,178,179,266,268,270,272,274,276,278,280,282,284,286,288,290,292,294,296,297,298,300,301,303,304,306,307,309,310,312,313,315,316,318,319,321,322,324,325,327,328,330,331,333,334,336,337,339,340,342,343,430,432,434,436,438,440,442,444,446,448,450,452,454,456,458,460,461,462,464,465,467,468,470,471,473,474,476,477,479,480,482,483,485,486,488,489,491,492,494,495,497,498,500,501,503,504,506,507,594,596,598,600,602,604,606,608,610,612,614,616,618,620,622,624,625,626,628,629,631,632,634,635,637,638,640,641,643,644,646,647,649,650,652,653,655,656,658,659,661,662,664,665,667,668,670,671,758,759,760,828,829,830,881,882,883,934,935,936,987,988,989,1040,1041,1042,1093,1094,1095,1146,1147,1148,1167,1200,1201,1252,1253,1254,1305,1306,1307,1358,1359,1360,1411,1412,1413,1464,1465,1466,1517,1519,1521,1523,1525,1527,1529,1531,1533,1535,1537,1539,1541,1543,1545,1547,1548,1549,1551,1552,1554,1555,1557,1558,1560,1561,1563,1564,1566,1567,1569,1570,1572,1573,1575,1576,1578,1579,1581,1582,1584,1585,1587,1588,1590,1591,1593,1594,1681,1683,1685,1687,1689,1691,1693,1695,1697,1699,1701,1703,1705,1707,1709,1711,1712,1713,1715,1716,1718,1719,1721,1722,1724,1725,1727,1728,1730,1731,1733,1734,1736,1737,1739,1740,1742,1743,1745,1746,1748,1749,1751,1752,1754,1755,1757,1758,1845,1847,1849,1851,1853,1855,1857,1859,1861,1863,1865,1867,1869,1871,1873,1875,1876,1877,1879,1880,1882,1883,1885,1886,1888,1889,1891,1892,1894,1895,1897,1898,1900,1901,1903,1904,1906,1907,1909,1910,1912,1913,1915,1916,1918,1919,1921,1922,2009,2011,2013,2015,2017,2019,2021,2023,2025,2027,2029,2031,2033,2035,2037,2039,2040,2041,2043,2044,2046,2047,2049,2050,2052,2053,2055,2056,2058,2059,2061,2062,2064,2065,2067,2068,2070,2071,2073,2074,2076,2077,2079,2080,2082,2083,2085,2086,2147,2148,2149,2150,2154,2155,2156,2157,2161,2162,2163,2164,2168,2169,2170,2171	426	19	445	430	8	3460	1346	429	0	1080	445	39	2171
proposal	frontier	88	a27f2c3195d32cd583a89ffacf922938d7ee11456ad3571bc6c95d358f43f09c	05b113b1a6f968b0ebbbde57630da6964f769a9f7688fb32d686aa88fd46ab15	b10cb7f66e3519788ecec6edc4095541a24eaf642a3ed8877fbe87c85e8ba9c5	swap	1	280	262	426	133,134,136,137,139,140,142,143,145,146,148,149,151,152,154,155,157,158,160,161,163,164,166,167,169,170,172,173,175,176,178,179,262,266,268,270,272,274,276,278,282,284,286,288,290,292,294,296,297,298,300,301,303,304,306,307,309,310,312,313,315,316,318,319,321,322,324,325,327,328,330,331,333,334,336,337,339,340,342,343,430,432,434,436,438,440,442,444,446,448,450,452,454,456,458,460,461,462,464,465,467,468,470,471,473,474,476,477,479,480,482,483,485,486,488,489,491,492,494,495,497,498,500,501,503,504,506,507,594,596,598,600,602,604,606,608,610,612,614,616,618,620,622,624,625,626,628,629,631,632,634,635,637,638,640,641,643,644,646,647,649,650,652,653,655,656,658,659,661,662,664,665,667,668,670,671,758,759,760,828,829,830,881,882,883,934,935,936,987,988,989,1040,1041,1042,1093,1094,1095,1146,1147,1148,1199,1200,1201,1252,1253,1254,1305,1306,1307,1358,1359,1360,1411,1412,1413,1464,1465,1466,1517,1519,1521,1523,1525,1527,1529,1531,1533,1535,1537,1539,1541,1543,1545,1547,1548,1549,1551,1552,1554,1555,1557,1558,1560,1561,1563,1564,1566,1567,1569,1570,1572,1573,1575,1576,1578,1579,1581,1582,1584,1585,1587,1588,1590,1591,1593,1594,1681,1683,1685,1687,1689,1691,1693,1695,1697,1699,1701,1703,1705,1707,1709,1711,1712,1713,1715,1716,1718,1719,1721,1722,1724,1725,1727,1728,1730,1731,1733,1734,1736,1737,1739,1740,1742,1743,1745,1746,1748,1749,1751,1752,1754,1755,1757,1758,1845,1847,1849,1851,1853,1855,1857,1859,1861,1863,1865,1867,1869,1871,1873,1875,1876,1877,1879,1880,1882,1883,1885,1886,1888,1889,1891,1892,1894,1895,1897,1898,1900,1901,1903,1904,1906,1907,1909,1910,1912,1913,1915,1916,1918,1919,1921,1922,2009,2011,2013,2015,2017,2019,2021,2023,2025,2027,2029,2031,2033,2035,2037,2039,2040,2041,2043,2044,2046,2047,2049,2050,2052,2053,2055,2056,2058,2059,2061,2062,2064,2065,2067,2068,2070,2071,2073,2074,2076,2077,2079,2080,2082,2083,2085,2086,2147,2148,2149,2150,2154,2155,2156,2157,2161,2162,2163,2164,2168,2169,2170,2171	426	19	445	430	8	3460	1346	429	0	1080	445	39	2171
proposal	frontier	89	a79dec7ac41f53cd7891508b65d3c6feeb84167c2cc6a284979d1e05c1d4e2af	ffb262e392b5772f9a457667350d1e11a90469e00b5ba91a21e8a4543a002f3c	b10cb7f66e3519788ecec6edc4095541a24eaf642a3ed8877fbe87c85e8ba9c5	swap	1	987	955	426	133,134,136,137,139,140,142,143,145,146,148,149,151,152,154,155,157,158,160,161,163,164,166,167,169,170,172,173,175,176,178,179,266,268,270,272,274,276,278,280,282,284,286,288,290,292,294,296,297,298,300,301,303,304,306,307,309,310,312,313,315,316,318,319,321,322,324,325,327,328,330,331,333,334,336,337,339,340,342,343,430,432,434,436,438,440,442,444,446,448,450,452,454,456,458,460,461,462,464,465,467,468,470,471,473,474,476,477,479,480,482,483,485,486,488,489,491,492,494,495,497,498,500,501,503,504,506,507,594,596,598,600,602,604,606,608,610,612,614,616,618,620,622,624,625,626,628,629,631,632,634,635,637,638,640,641,643,644,646,647,649,650,652,653,655,656,658,659,661,662,664,665,667,668,670,671,758,759,760,828,829,830,881,882,883,934,935,936,955,988,989,1040,1041,1042,1093,1094,1095,1146,1147,1148,1199,1200,1201,1252,1253,1254,1305,1306,1307,1358,1359,1360,1411,1412,1413,1464,1465,1466,1517,1519,1521,1523,1525,1527,1529,1531,1533,1535,1537,1539,1541,1543,1545,1547,1548,1549,1551,1552,1554,1555,1557,1558,1560,1561,1563,1564,1566,1567,1569,1570,1572,1573,1575,1576,1578,1579,1581,1582,1584,1585,1587,1588,1590,1591,1593,1594,1681,1683,1685,1687,1689,1691,1693,1695,1697,1699,1701,1703,1705,1707,1709,1711,1712,1713,1715,1716,1718,1719,1721,1722,1724,1725,1727,1728,1730,1731,1733,1734,1736,1737,1739,1740,1742,1743,1745,1746,1748,1749,1751,1752,1754,1755,1757,1758,1845,1847,1849,1851,1853,1855,1857,1859,1861,1863,1865,1867,1869,1871,1873,1875,1876,1877,1879,1880,1882,1883,1885,1886,1888,1889,1891,1892,1894,1895,1897,1898,1900,1901,1903,1904,1906,1907,1909,1910,1912,1913,1915,1916,1918,1919,1921,1922,2009,2011,2013,2015,2017,2019,2021,2023,2025,2027,2029,2031,2033,2035,2037,2039,2040,2041,2043,2044,2046,2047,2049,2050,2052,2053,2055,2056,2058,2059,2061,2062,2064,2065,2067,2068,2070,2071,2073,2074,2076,2077,2079,2080,2082,2083,2085,2086,2147,2148,2149,2150,2154,2155,2156,2157,2161,2162,2163,2164,2168,2169,2170,2171	426	19	445	430	8	3460	1346	429	0	1080	445	39	2171
proposal	frontier	90	aa9e3226cf32739415849762103c937518d5405f14f5182f6993fcf95635e03a	7591adb856d41303694d20e5ddc77390b8827a62d61e3d8b39af3c44940f8e3e	b10cb7f66e3519788ecec6edc4095541a24eaf642a3ed8877fbe87c85e8ba9c5	swap	1	290	243	426	133,134,136,137,139,140,142,143,145,146,148,149,151,152,154,155,157,158,160,161,163,164,166,167,169,170,172,173,175,176,178,179,243,266,268,270,272,274,276,278,280,282,284,286,288,292,294,296,297,298,300,301,303,304,306,307,309,310,312,313,315,316,318,319,321,322,324,325,327,328,330,331,333,334,336,337,339,340,342,343,430,432,434,436,438,440,442,444,446,448,450,452,454,456,458,460,461,462,464,465,467,468,470,471,473,474,476,477,479,480,482,483,485,486,488,489,491,492,494,495,497,498,500,501,503,504,506,507,594,596,598,600,602,604,606,608,610,612,614,616,618,620,622,624,625,626,628,629,631,632,634,635,637,638,640,641,643,644,646,647,649,650,652,653,655,656,658,659,661,662,664,665,667,668,670,671,758,759,760,828,829,830,881,882,883,934,935,936,987,988,989,1040,1041,1042,1093,1094,1095,1146,1147,1148,1199,1200,1201,1252,1253,1254,1305,1306,1307,1358,1359,1360,1411,1412,1413,1464,1465,1466,1517,1519,1521,1523,1525,1527,1529,1531,1533,1535,1537,1539,1541,1543,1545,1547,1548,1549,1551,1552,1554,1555,1557,1558,1560,1561,1563,1564,1566,1567,1569,1570,1572,1573,1575,1576,1578,1579,1581,1582,1584,1585,1587,1588,1590,1591,1593,1594,1681,1683,1685,1687,1689,1691,1693,1695,1697,1699,1701,1703,1705,1707,1709,1711,1712,1713,1715,1716,1718,1719,1721,1722,1724,1725,1727,1728,1730,1731,1733,1734,1736,1737,1739,1740,1742,1743,1745,1746,1748,1749,1751,1752,1754,1755,1757,1758,1845,1847,1849,1851,1853,1855,1857,1859,1861,1863,1865,1867,1869,1871,1873,1875,1876,1877,1879,1880,1882,1883,1885,1886,1888,1889,1891,1892,1894,1895,1897,1898,1900,1901,1903,1904,1906,1907,1909,1910,1912,1913,1915,1916,1918,1919,1921,1922,2009,2011,2013,2015,2017,2019,2021,2023,2025,2027,2029,2031,2033,2035,2037,2039,2040,2041,2043,2044,2046,2047,2049,2050,2052,2053,2055,2056,2058,2059,2061,2062,2064,2065,2067,2068,2070,2071,2073,2074,2076,2077,2079,2080,2082,2083,2085,2086,2147,2148,2149,2150,2154,2155,2156,2157,2161,2162,2163,2164,2168,2169,2170,2171	426	19	445	430	8	3460	1346	429	0	1080	445	39	2171
proposal	frontier	91	aaaeeaf4cc5078970691227b481b56d7cb13222ce6f51f702ef944693f464b4c	827448031066da06db2923656e60b628f13bffed0281b87a5ca750ad6eb90199	b10cb7f66e3519788ecec6edc4095541a24eaf642a3ed8877fbe87c85e8ba9c5	swap	1	1545	1513	426	133,134,136,137,139,140,142,143,145,146,148,149,151,152,154,155,157,158,160,161,163,164,166,167,169,170,172,173,175,176,178,179,266,268,270,272,274,276,278,280,282,284,286,288,290,292,294,296,297,298,300,301,303,304,306,307,309,310,312,313,315,316,318,319,321,322,324,325,327,328,330,331,333,334,336,337,339,340,342,343,430,432,434,436,438,440,442,444,446,448,450,452,454,456,458,460,461,462,464,465,467,468,470,471,473,474,476,477,479,480,482,483,485,486,488,489,491,492,494,495,497,498,500,501,503,504,506,507,594,596,598,600,602,604,606,608,610,612,614,616,618,620,622,624,625,626,628,629,631,632,634,635,637,638,640,641,643,644,646,647,649,650,652,653,655,656,658,659,661,662,664,665,667,668,670,671,758,759,760,828,829,830,881,882,883,934,935,936,987,988,989,1040,1041,1042,1093,1094,1095,1146,1147,1148,1199,1200,1201,1252,1253,1254,1305,1306,1307,1358,1359,1360,1411,1412,1413,1464,1465,1466,1513,1517,1519,1521,1523,1525,1527,1529,1531,1533,1535,1537,1539,1541,1543,1547,1548,1549,1551,1552,1554,1555,1557,1558,1560,1561,1563,1564,1566,1567,1569,1570,1572,1573,1575,1576,1578,1579,1581,1582,1584,1585,1587,1588,1590,1591,1593,1594,1681,1683,1685,1687,1689,1691,1693,1695,1697,1699,1701,1703,1705,1707,1709,1711,1712,1713,1715,1716,1718,1719,1721,1722,1724,1725,1727,1728,1730,1731,1733,1734,1736,1737,1739,1740,1742,1743,1745,1746,1748,1749,1751,1752,1754,1755,1757,1758,1845,1847,1849,1851,1853,1855,1857,1859,1861,1863,1865,1867,1869,1871,1873,1875,1876,1877,1879,1880,1882,1883,1885,1886,1888,1889,1891,1892,1894,1895,1897,1898,1900,1901,1903,1904,1906,1907,1909,1910,1912,1913,1915,1916,1918,1919,1921,1922,2009,2011,2013,2015,2017,2019,2021,2023,2025,2027,2029,2031,2033,2035,2037,2039,2040,2041,2043,2044,2046,2047,2049,2050,2052,2053,2055,2056,2058,2059,2061,2062,2064,2065,2067,2068,2070,2071,2073,2074,2076,2077,2079,2080,2082,2083,2085,2086,2147,2148,2149,2150,2154,2155,2156,2157,2161,2162,2163,2164,2168,2169,2170,2171	426	19	445	430	8	3460	1346	429	0	1080	445	39	2171
proposal	frontier	92	ae33d31eab62c10a8be6826a6e739c6e30dddf154eec22d10194e3583fa37e23	0f339a827261aa19693617a6d782d8b02a49a6930fd75ea512c9bb62a59ea90e	b10cb7f66e3519788ecec6edc4095541a24eaf642a3ed8877fbe87c85e8ba9c5	swap	1	1517	1485	426	133,134,136,137,139,140,142,143,145,146,148,149,151,152,154,155,157,158,160,161,163,164,166,167,169,170,172,173,175,176,178,179,266,268,270,272,274,276,278,280,282,284,286,288,290,292,294,296,297,298,300,301,303,304,306,307,309,310,312,313,315,316,318,319,321,322,324,325,327,328,330,331,333,334,336,337,339,340,342,343,430,432,434,436,438,440,442,444,446,448,450,452,454,456,458,460,461,462,464,465,467,468,470,471,473,474,476,477,479,480,482,483,485,486,488,489,491,492,494,495,497,498,500,501,503,504,506,507,594,596,598,600,602,604,606,608,610,612,614,616,618,620,622,624,625,626,628,629,631,632,634,635,637,638,640,641,643,644,646,647,649,650,652,653,655,656,658,659,661,662,664,665,667,668,670,671,758,759,760,828,829,830,881,882,883,934,935,936,987,988,989,1040,1041,1042,1093,1094,1095,1146,1147,1148,1199,1200,1201,1252,1253,1254,1305,1306,1307,1358,1359,1360,1411,1412,1413,1464,1465,1466,1485,1519,1521,1523,1525,1527,1529,1531,1533,1535,1537,1539,1541,1543,1545,1547,1548,1549,1551,1552,1554,1555,1557,1558,1560,1561,1563,1564,1566,1567,1569,1570,1572,1573,1575,1576,1578,1579,1581,1582,1584,1585,1587,1588,1590,1591,1593,1594,1681,1683,1685,1687,1689,1691,1693,1695,1697,1699,1701,1703,1705,1707,1709,1711,1712,1713,1715,1716,1718,1719,1721,1722,1724,1725,1727,1728,1730,1731,1733,1734,1736,1737,1739,1740,1742,1743,1745,1746,1748,1749,1751,1752,1754,1755,1757,1758,1845,1847,1849,1851,1853,1855,1857,1859,1861,1863,1865,1867,1869,1871,1873,1875,1876,1877,1879,1880,1882,1883,1885,1886,1888,1889,1891,1892,1894,1895,1897,1898,1900,1901,1903,1904,1906,1907,1909,1910,1912,1913,1915,1916,1918,1919,1921,1922,2009,2011,2013,2015,2017,2019,2021,2023,2025,2027,2029,2031,2033,2035,2037,2039,2040,2041,2043,2044,2046,2047,2049,2050,2052,2053,2055,2056,2058,2059,2061,2062,2064,2065,2067,2068,2070,2071,2073,2074,2076,2077,2079,2080,2082,2083,2085,2086,2147,2148,2149,2150,2154,2155,2156,2157,2161,2162,2163,2164,2168,2169,2170,2171	426	19	445	430	8	3460	1346	429	0	1080	445	39	2171
proposal	frontier	93	aefbf8774e7fdd9a49b8477d7b58a56b3ec01a8ab5ca5639dc965faf4f711feb	dcaef785047a513afbb08ab64184448ce2ae744e543014eb865918186c3b8513	b10cb7f66e3519788ecec6edc4095541a24eaf642a3ed8877fbe87c85e8ba9c5	swap	1	282	242	426	133,134,136,137,139,140,142,143,145,146,148,149,151,152,154,155,157,158,160,161,163,164,166,167,169,170,172,173,175,176,178,179,242,266,268,270,272,274,276,278,280,284,286,288,290,292,294,296,297,298,300,301,303,304,306,307,309,310,312,313,315,316,318,319,321,322,324,325,327,328,330,331,333,334,336,337,339,340,342,343,430,432,434,436,438,440,442,444,446,448,450,452,454,456,458,460,461,462,464,465,467,468,470,471,473,474,476,477,479,480,482,483,485,486,488,489,491,492,494,495,497,498,500,501,503,504,506,507,594,596,598,600,602,604,606,608,610,612,614,616,618,620,622,624,625,626,628,629,631,632,634,635,637,638,640,641,643,644,646,647,649,650,652,653,655,656,658,659,661,662,664,665,667,668,670,671,758,759,760,828,829,830,881,882,883,934,935,936,987,988,989,1040,1041,1042,1093,1094,1095,1146,1147,1148,1199,1200,1201,1252,1253,1254,1305,1306,1307,1358,1359,1360,1411,1412,1413,1464,1465,1466,1517,1519,1521,1523,1525,1527,1529,1531,1533,1535,1537,1539,1541,1543,1545,1547,1548,1549,1551,1552,1554,1555,1557,1558,1560,1561,1563,1564,1566,1567,1569,1570,1572,1573,1575,1576,1578,1579,1581,1582,1584,1585,1587,1588,1590,1591,1593,1594,1681,1683,1685,1687,1689,1691,1693,1695,1697,1699,1701,1703,1705,1707,1709,1711,1712,1713,1715,1716,1718,1719,1721,1722,1724,1725,1727,1728,1730,1731,1733,1734,1736,1737,1739,1740,1742,1743,1745,1746,1748,1749,1751,1752,1754,1755,1757,1758,1845,1847,1849,1851,1853,1855,1857,1859,1861,1863,1865,1867,1869,1871,1873,1875,1876,1877,1879,1880,1882,1883,1885,1886,1888,1889,1891,1892,1894,1895,1897,1898,1900,1901,1903,1904,1906,1907,1909,1910,1912,1913,1915,1916,1918,1919,1921,1922,2009,2011,2013,2015,2017,2019,2021,2023,2025,2027,2029,2031,2033,2035,2037,2039,2040,2041,2043,2044,2046,2047,2049,2050,2052,2053,2055,2056,2058,2059,2061,2062,2064,2065,2067,2068,2070,2071,2073,2074,2076,2077,2079,2080,2082,2083,2085,2086,2147,2148,2149,2150,2154,2155,2156,2157,2161,2162,2163,2164,2168,2169,2170,2171	426	19	445	430	8	3460	1346	429	0	1080	445	39	2171
proposal	frontier	94	b1b250d7fcb11c78f676eb8a746b507424a64a0f7787227825b268f8cac9bc36	a5c6c4c49bbbceb6cc0b3f59a266dcb90d15223c5dbd0018174781b7e2829f48	b10cb7f66e3519788ecec6edc4095541a24eaf642a3ed8877fbe87c85e8ba9c5	swap	1	1849	1833	426	133,134,136,137,139,140,142,143,145,146,148,149,151,152,154,155,157,158,160,161,163,164,166,167,169,170,172,173,175,176,178,179,266,268,270,272,274,276,278,280,282,284,286,288,290,292,294,296,297,298,300,301,303,304,306,307,309,310,312,313,315,316,318,319,321,322,324,325,327,328,330,331,333,334,336,337,339,340,342,343,430,432,434,436,438,440,442,444,446,448,450,452,454,456,458,460,461,462,464,465,467,468,470,471,473,474,476,477,479,480,482,483,485,486,488,489,491,492,494,495,497,498,500,501,503,504,506,507,594,596,598,600,602,604,606,608,610,612,614,616,618,620,622,624,625,626,628,629,631,632,634,635,637,638,640,641,643,644,646,647,649,650,652,653,655,656,658,659,661,662,664,665,667,668,670,671,758,759,760,828,829,830,881,882,883,934,935,936,987,988,989,1040,1041,1042,1093,1094,1095,1146,1147,1148,1199,1200,1201,1252,1253,1254,1305,1306,1307,1358,1359,1360,1411,1412,1413,1464,1465,1466,1517,1519,1521,1523,1525,1527,1529,1531,1533,1535,1537,1539,1541,1543,1545,1547,1548,1549,1551,1552,1554,1555,1557,1558,1560,1561,1563,1564,1566,1567,1569,1570,1572,1573,1575,1576,1578,1579,1581,1582,1584,1585,1587,1588,1590,1591,1593,1594,1681,1683,1685,1687,1689,1691,1693,1695,1697,1699,1701,1703,1705,1707,1709,1711,1712,1713,1715,1716,1718,1719,1721,1722,1724,1725,1727,1728,1730,1731,1733,1734,1736,1737,1739,1740,1742,1743,1745,1746,1748,1749,1751,1752,1754,1755,1757,1758,1833,1845,1847,1851,1853,1855,1857,1859,1861,1863,1865,1867,1869,1871,1873,1875,1876,1877,1879,1880,1882,1883,1885,1886,1888,1889,1891,1892,1894,1895,1897,1898,1900,1901,1903,1904,1906,1907,1909,1910,1912,1913,1915,1916,1918,1919,1921,1922,2009,2011,2013,2015,2017,2019,2021,2023,2025,2027,2029,2031,2033,2035,2037,2039,2040,2041,2043,2044,2046,2047,2049,2050,2052,2053,2055,2056,2058,2059,2061,2062,2064,2065,2067,2068,2070,2071,2073,2074,2076,2077,2079,2080,2082,2083,2085,2086,2147,2148,2149,2150,2154,2155,2156,2157,2161,2162,2163,2164,2168,2169,2170,2171	426	19	445	430	8	3460	1346	429	0	1080	445	39	2171
proposal	frontier	95	b276e16afdbdbed97a3f61b9e046bce33eff54ed3ce543400544b0a025e20445	173e240a693ec76c3e36723e5c589abc0e405175245c1527a9b3583dfbef5c2b	b10cb7f66e3519788ecec6edc4095541a24eaf642a3ed8877fbe87c85e8ba9c5	swap	1	292	250	426	133,134,136,137,139,140,142,143,145,146,148,149,151,152,154,155,157,158,160,161,163,164,166,167,169,170,172,173,175,176,178,179,250,266,268,270,272,274,276,278,280,282,284,286,288,290,294,296,297,298,300,301,303,304,306,307,309,310,312,313,315,316,318,319,321,322,324,325,327,328,330,331,333,334,336,337,339,340,342,343,430,432,434,436,438,440,442,444,446,448,450,452,454,456,458,460,461,462,464,465,467,468,470,471,473,474,476,477,479,480,482,483,485,486,488,489,491,492,494,495,497,498,500,501,503,504,506,507,594,596,598,600,602,604,606,608,610,612,614,616,618,620,622,624,625,626,628,629,631,632,634,635,637,638,640,641,643,644,646,647,649,650,652,653,655,656,658,659,661,662,664,665,667,668,670,671,758,759,760,828,829,830,881,882,883,934,935,936,987,988,989,1040,1041,1042,1093,1094,1095,1146,1147,1148,1199,1200,1201,1252,1253,1254,1305,1306,1307,1358,1359,1360,1411,1412,1413,1464,1465,1466,1517,1519,1521,1523,1525,1527,1529,1531,1533,1535,1537,1539,1541,1543,1545,1547,1548,1549,1551,1552,1554,1555,1557,1558,1560,1561,1563,1564,1566,1567,1569,1570,1572,1573,1575,1576,1578,1579,1581,1582,1584,1585,1587,1588,1590,1591,1593,1594,1681,1683,1685,1687,1689,1691,1693,1695,1697,1699,1701,1703,1705,1707,1709,1711,1712,1713,1715,1716,1718,1719,1721,1722,1724,1725,1727,1728,1730,1731,1733,1734,1736,1737,1739,1740,1742,1743,1745,1746,1748,1749,1751,1752,1754,1755,1757,1758,1845,1847,1849,1851,1853,1855,1857,1859,1861,1863,1865,1867,1869,1871,1873,1875,1876,1877,1879,1880,1882,1883,1885,1886,1888,1889,1891,1892,1894,1895,1897,1898,1900,1901,1903,1904,1906,1907,1909,1910,1912,1913,1915,1916,1918,1919,1921,1922,2009,2011,2013,2015,2017,2019,2021,2023,2025,2027,2029,2031,2033,2035,2037,2039,2040,2041,2043,2044,2046,2047,2049,2050,2052,2053,2055,2056,2058,2059,2061,2062,2064,2065,2067,2068,2070,2071,2073,2074,2076,2077,2079,2080,2082,2083,2085,2086,2147,2148,2149,2150,2154,2155,2156,2157,2161,2162,2163,2164,2168,2169,2170,2171	426	19	445	430	8	3460	1346	429	0	1080	445	39	2171
proposal	frontier	96	b4484476e26c2379c4a2d3a5c73685202f71a075b2123c1f8909aad12c84b5a9	dea394b40a22850d724fb132a1b26654214079e93255056060d7d56705236f4b	b10cb7f66e3519788ecec6edc4095541a24eaf642a3ed8877fbe87c85e8ba9c5	swap	1	600	589	426	133,134,136,137,139,140,142,143,145,146,148,149,151,152,154,155,157,158,160,161,163,164,166,167,169,170,172,173,175,176,178,179,266,268,270,272,274,276,278,280,282,284,286,288,290,292,294,296,297,298,300,301,303,304,306,307,309,310,312,313,315,316,318,319,321,322,324,325,327,328,330,331,333,334,336,337,339,340,342,343,430,432,434,436,438,440,442,444,446,448,450,452,454,456,458,460,461,462,464,465,467,468,470,471,473,474,476,477,479,480,482,483,485,486,488,489,491,492,494,495,497,498,500,501,503,504,506,507,589,594,596,598,602,604,606,608,610,612,614,616,618,620,622,624,625,626,628,629,631,632,634,635,637,638,640,641,643,644,646,647,649,650,652,653,655,656,658,659,661,662,664,665,667,668,670,671,758,759,760,828,829,830,881,882,883,934,935,936,987,988,989,1040,1041,1042,1093,1094,1095,1146,1147,1148,1199,1200,1201,1252,1253,1254,1305,1306,1307,1358,1359,1360,1411,1412,1413,1464,1465,1466,1517,1519,1521,1523,1525,1527,1529,1531,1533,1535,1537,1539,1541,1543,1545,1547,1548,1549,1551,1552,1554,1555,1557,1558,1560,1561,1563,1564,1566,1567,1569,1570,1572,1573,1575,1576,1578,1579,1581,1582,1584,1585,1587,1588,1590,1591,1593,1594,1681,1683,1685,1687,1689,1691,1693,1695,1697,1699,1701,1703,1705,1707,1709,1711,1712,1713,1715,1716,1718,1719,1721,1722,1724,1725,1727,1728,1730,1731,1733,1734,1736,1737,1739,1740,1742,1743,1745,1746,1748,1749,1751,1752,1754,1755,1757,1758,1845,1847,1849,1851,1853,1855,1857,1859,1861,1863,1865,1867,1869,1871,1873,1875,1876,1877,1879,1880,1882,1883,1885,1886,1888,1889,1891,1892,1894,1895,1897,1898,1900,1901,1903,1904,1906,1907,1909,1910,1912,1913,1915,1916,1918,1919,1921,1922,2009,2011,2013,2015,2017,2019,2021,2023,2025,2027,2029,2031,2033,2035,2037,2039,2040,2041,2043,2044,2046,2047,2049,2050,2052,2053,2055,2056,2058,2059,2061,2062,2064,2065,2067,2068,2070,2071,2073,2074,2076,2077,2079,2080,2082,2083,2085,2086,2147,2148,2149,2150,2154,2155,2156,2157,2161,2162,2163,2164,2168,2169,2170,2171	426	19	445	430	8	3460	1346	429	0	1080	445	39	2171
proposal	frontier	97	b4afde12851fec7f441c576d23ec196847f1f6f640b8a37d10c1628cbc1b8be8	5f09b0aa177ea3e9889a577be681c3d280ad979ce184fe5b80d659b9333d57f3	b10cb7f66e3519788ecec6edc4095541a24eaf642a3ed8877fbe87c85e8ba9c5	swap	1	1859	1841	426	133,134,136,137,139,140,142,143,145,146,148,149,151,152,154,155,157,158,160,161,163,164,166,167,169,170,172,173,175,176,178,179,266,268,270,272,274,276,278,280,282,284,286,288,290,292,294,296,297,298,300,301,303,304,306,307,309,310,312,313,315,316,318,319,321,322,324,325,327,328,330,331,333,334,336,337,339,340,342,343,430,432,434,436,438,440,442,444,446,448,450,452,454,456,458,460,461,462,464,465,467,468,470,471,473,474,476,477,479,480,482,483,485,486,488,489,491,492,494,495,497,498,500,501,503,504,506,507,594,596,598,600,602,604,606,608,610,612,614,616,618,620,622,624,625,626,628,629,631,632,634,635,637,638,640,641,643,644,646,647,649,650,652,653,655,656,658,659,661,662,664,665,667,668,670,671,758,759,760,828,829,830,881,882,883,934,935,936,987,988,989,1040,1041,1042,1093,1094,1095,1146,1147,1148,1199,1200,1201,1252,1253,1254,1305,1306,1307,1358,1359,1360,1411,1412,1413,1464,1465,1466,1517,1519,1521,1523,1525,1527,1529,1531,1533,1535,1537,1539,1541,1543,1545,1547,1548,1549,1551,1552,1554,1555,1557,1558,1560,1561,1563,1564,1566,1567,1569,1570,1572,1573,1575,1576,1578,1579,1581,1582,1584,1585,1587,1588,1590,1591,1593,1594,1681,1683,1685,1687,1689,1691,1693,1695,1697,1699,1701,1703,1705,1707,1709,1711,1712,1713,1715,1716,1718,1719,1721,1722,1724,1725,1727,1728,1730,1731,1733,1734,1736,1737,1739,1740,1742,1743,1745,1746,1748,1749,1751,1752,1754,1755,1757,1758,1841,1845,1847,1849,1851,1853,1855,1857,1861,1863,1865,1867,1869,1871,1873,1875,1876,1877,1879,1880,1882,1883,1885,1886,1888,1889,1891,1892,1894,1895,1897,1898,1900,1901,1903,1904,1906,1907,1909,1910,1912,1913,1915,1916,1918,1919,1921,1922,2009,2011,2013,2015,2017,2019,2021,2023,2025,2027,2029,2031,2033,2035,2037,2039,2040,2041,2043,2044,2046,2047,2049,2050,2052,2053,2055,2056,2058,2059,2061,2062,2064,2065,2067,2068,2070,2071,2073,2074,2076,2077,2079,2080,2082,2083,2085,2086,2147,2148,2149,2150,2154,2155,2156,2157,2161,2162,2163,2164,2168,2169,2170,2171	426	19	445	430	8	3460	1346	429	0	1080	445	39	2171
proposal	frontier	98	b4b71198bb8d01c6a3d1b7d19e337464cfdfc4f42154f4d6d48fb9d1be199eb5	54b1139e30ca6e216e7d0d6e647e251b52939052389b674b9e8253a790107b57	b10cb7f66e3519788ecec6edc4095541a24eaf642a3ed8877fbe87c85e8ba9c5	swap	1	430	404	426	133,134,136,137,139,140,142,143,145,146,148,149,151,152,154,155,157,158,160,161,163,164,166,167,169,170,172,173,175,176,178,179,266,268,270,272,274,276,278,280,282,284,286,288,290,292,294,296,297,298,300,301,303,304,306,307,309,310,312,313,315,316,318,319,321,322,324,325,327,328,330,331,333,334,336,337,339,340,342,343,404,432,434,436,438,440,442,444,446,448,450,452,454,456,458,460,461,462,464,465,467,468,470,471,473,474,476,477,479,480,482,483,485,486,488,489,491,492,494,495,497,498,500,501,503,504,506,507,594,596,598,600,602,604,606,608,610,612,614,616,618,620,622,624,625,626,628,629,631,632,634,635,637,638,640,641,643,644,646,647,649,650,652,653,655,656,658,659,661,662,664,665,667,668,670,671,758,759,760,828,829,830,881,882,883,934,935,936,987,988,989,1040,1041,1042,1093,1094,1095,1146,1147,1148,1199,1200,1201,1252,1253,1254,1305,1306,1307,1358,1359,1360,1411,1412,1413,1464,1465,1466,1517,1519,1521,1523,1525,1527,1529,1531,1533,1535,1537,1539,1541,1543,1545,1547,1548,1549,1551,1552,1554,1555,1557,1558,1560,1561,1563,1564,1566,1567,1569,1570,1572,1573,1575,1576,1578,1579,1581,1582,1584,1585,1587,1588,1590,1591,1593,1594,1681,1683,1685,1687,1689,1691,1693,1695,1697,1699,1701,1703,1705,1707,1709,1711,1712,1713,1715,1716,1718,1719,1721,1722,1724,1725,1727,1728,1730,1731,1733,1734,1736,1737,1739,1740,1742,1743,1745,1746,1748,1749,1751,1752,1754,1755,1757,1758,1845,1847,1849,1851,1853,1855,1857,1859,1861,1863,1865,1867,1869,1871,1873,1875,1876,1877,1879,1880,1882,1883,1885,1886,1888,1889,1891,1892,1894,1895,1897,1898,1900,1901,1903,1904,1906,1907,1909,1910,1912,1913,1915,1916,1918,1919,1921,1922,2009,2011,2013,2015,2017,2019,2021,2023,2025,2027,2029,2031,2033,2035,2037,2039,2040,2041,2043,2044,2046,2047,2049,2050,2052,2053,2055,2056,2058,2059,2061,2062,2064,2065,2067,2068,2070,2071,2073,2074,2076,2077,2079,2080,2082,2083,2085,2086,2147,2148,2149,2150,2154,2155,2156,2157,2161,2162,2163,2164,2168,2169,2170,2171	426	19	445	430	8	3460	1346	429	0	1080	445	39	2171
proposal	frontier	99	b7b765ff49c204e7f5260099dad6a9d803fcd7013eb159cae64a6dbb10c1ae6a	a5ccf570f40d041b75686db07a13e5802ed1f7fcd48c1398e7bab1d0a86ca9dc	b10cb7f66e3519788ecec6edc4095541a24eaf642a3ed8877fbe87c85e8ba9c5	swap	1	594	568	426	133,134,136,137,139,140,142,143,145,146,148,149,151,152,154,155,157,158,160,161,163,164,166,167,169,170,172,173,175,176,178,179,266,268,270,272,274,276,278,280,282,284,286,288,290,292,294,296,297,298,300,301,303,304,306,307,309,310,312,313,315,316,318,319,321,322,324,325,327,328,330,331,333,334,336,337,339,340,342,343,430,432,434,436,438,440,442,444,446,448,450,452,454,456,458,460,461,462,464,465,467,468,470,471,473,474,476,477,479,480,482,483,485,486,488,489,491,492,494,495,497,498,500,501,503,504,506,507,568,596,598,600,602,604,606,608,610,612,614,616,618,620,622,624,625,626,628,629,631,632,634,635,637,638,640,641,643,644,646,647,649,650,652,653,655,656,658,659,661,662,664,665,667,668,670,671,758,759,760,828,829,830,881,882,883,934,935,936,987,988,989,1040,1041,1042,1093,1094,1095,1146,1147,1148,1199,1200,1201,1252,1253,1254,1305,1306,1307,1358,1359,1360,1411,1412,1413,1464,1465,1466,1517,1519,1521,1523,1525,1527,1529,1531,1533,1535,1537,1539,1541,1543,1545,1547,1548,1549,1551,1552,1554,1555,1557,1558,1560,1561,1563,1564,1566,1567,1569,1570,1572,1573,1575,1576,1578,1579,1581,1582,1584,1585,1587,1588,1590,1591,1593,1594,1681,1683,1685,1687,1689,1691,1693,1695,1697,1699,1701,1703,1705,1707,1709,1711,1712,1713,1715,1716,1718,1719,1721,1722,1724,1725,1727,1728,1730,1731,1733,1734,1736,1737,1739,1740,1742,1743,1745,1746,1748,1749,1751,1752,1754,1755,1757,1758,1845,1847,1849,1851,1853,1855,1857,1859,1861,1863,1865,1867,1869,1871,1873,1875,1876,1877,1879,1880,1882,1883,1885,1886,1888,1889,1891,1892,1894,1895,1897,1898,1900,1901,1903,1904,1906,1907,1909,1910,1912,1913,1915,1916,1918,1919,1921,1922,2009,2011,2013,2015,2017,2019,2021,2023,2025,2027,2029,2031,2033,2035,2037,2039,2040,2041,2043,2044,2046,2047,2049,2050,2052,2053,2055,2056,2058,2059,2061,2062,2064,2065,2067,2068,2070,2071,2073,2074,2076,2077,2079,2080,2082,2083,2085,2086,2147,2148,2149,2150,2154,2155,2156,2157,2161,2162,2163,2164,2168,2169,2170,2171	426	19	445	430	8	3460	1346	429	0	1080	445	39	2171
proposal	frontier	100	b7fe06df5869095f171362a11080d7c2255bba39b199ee953504b8f5347babc7	dd559ce06d1a2756041ec454b88e166510224526510267391404a78c418459b9	b10cb7f66e3519788ecec6edc4095541a24eaf642a3ed8877fbe87c85e8ba9c5	swap	1	1703	1678	426	133,134,136,137,139,140,142,143,145,146,148,149,151,152,154,155,157,158,160,161,163,164,166,167,169,170,172,173,175,176,178,179,266,268,270,272,274,276,278,280,282,284,286,288,290,292,294,296,297,298,300,301,303,304,306,307,309,310,312,313,315,316,318,319,321,322,324,325,327,328,330,331,333,334,336,337,339,340,342,343,430,432,434,436,438,440,442,444,446,448,450,452,454,456,458,460,461,462,464,465,467,468,470,471,473,474,476,477,479,480,482,483,485,486,488,489,491,492,494,495,497,498,500,501,503,504,506,507,594,596,598,600,602,604,606,608,610,612,614,616,618,620,622,624,625,626,628,629,631,632,634,635,637,638,640,641,643,644,646,647,649,650,652,653,655,656,658,659,661,662,664,665,667,668,670,671,758,759,760,828,829,830,881,882,883,934,935,936,987,988,989,1040,1041,1042,1093,1094,1095,1146,1147,1148,1199,1200,1201,1252,1253,1254,1305,1306,1307,1358,1359,1360,1411,1412,1413,1464,1465,1466,1517,1519,1521,1523,1525,1527,1529,1531,1533,1535,1537,1539,1541,1543,1545,1547,1548,1549,1551,1552,1554,1555,1557,1558,1560,1561,1563,1564,1566,1567,1569,1570,1572,1573,1575,1576,1578,1579,1581,1582,1584,1585,1587,1588,1590,1591,1593,1594,1678,1681,1683,1685,1687,1689,1691,1693,1695,1697,1699,1701,1705,1707,1709,1711,1712,1713,1715,1716,1718,1719,1721,1722,1724,1725,1727,1728,1730,1731,1733,1734,1736,1737,1739,1740,1742,1743,1745,1746,1748,1749,1751,1752,1754,1755,1757,1758,1845,1847,1849,1851,1853,1855,1857,1859,1861,1863,1865,1867,1869,1871,1873,1875,1876,1877,1879,1880,1882,1883,1885,1886,1888,1889,1891,1892,1894,1895,1897,1898,1900,1901,1903,1904,1906,1907,1909,1910,1912,1913,1915,1916,1918,1919,1921,1922,2009,2011,2013,2015,2017,2019,2021,2023,2025,2027,2029,2031,2033,2035,2037,2039,2040,2041,2043,2044,2046,2047,2049,2050,2052,2053,2055,2056,2058,2059,2061,2062,2064,2065,2067,2068,2070,2071,2073,2074,2076,2077,2079,2080,2082,2083,2085,2086,2147,2148,2149,2150,2154,2155,2156,2157,2161,2162,2163,2164,2168,2169,2170,2171	426	19	445	430	8	3460	1346	429	0	1080	445	39	2171
proposal	frontier	101	b8aa5d5e554cfaca5dd3b3b2d0aee8a457d9105047b99ee67c32b4ddc4b52a8e	982e65490483ac71bd8c64aa21d6755e17b0314998ca7d8080019c3cf1b1cf57	b10cb7f66e3519788ecec6edc4095541a24eaf642a3ed8877fbe87c85e8ba9c5	swap	1	1543	1511	426	133,134,136,137,139,140,142,143,145,146,148,149,151,152,154,155,157,158,160,161,163,164,166,167,169,170,172,173,175,176,178,179,266,268,270,272,274,276,278,280,282,284,286,288,290,292,294,296,297,298,300,301,303,304,306,307,309,310,312,313,315,316,318,319,321,322,324,325,327,328,330,331,333,334,336,337,339,340,342,343,430,432,434,436,438,440,442,444,446,448,450,452,454,456,458,460,461,462,464,465,467,468,470,471,473,474,476,477,479,480,482,483,485,486,488,489,491,492,494,495,497,498,500,501,503,504,506,507,594,596,598,600,602,604,606,608,610,612,614,616,618,620,622,624,625,626,628,629,631,632,634,635,637,638,640,641,643,644,646,647,649,650,652,653,655,656,658,659,661,662,664,665,667,668,670,671,758,759,760,828,829,830,881,882,883,934,935,936,987,988,989,1040,1041,1042,1093,1094,1095,1146,1147,1148,1199,1200,1201,1252,1253,1254,1305,1306,1307,1358,1359,1360,1411,1412,1413,1464,1465,1466,1511,1517,1519,1521,1523,1525,1527,1529,1531,1533,1535,1537,1539,1541,1545,1547,1548,1549,1551,1552,1554,1555,1557,1558,1560,1561,1563,1564,1566,1567,1569,1570,1572,1573,1575,1576,1578,1579,1581,1582,1584,1585,1587,1588,1590,1591,1593,1594,1681,1683,1685,1687,1689,1691,1693,1695,1697,1699,1701,1703,1705,1707,1709,1711,1712,1713,1715,1716,1718,1719,1721,1722,1724,1725,1727,1728,1730,1731,1733,1734,1736,1737,1739,1740,1742,1743,1745,1746,1748,1749,1751,1752,1754,1755,1757,1758,1845,1847,1849,1851,1853,1855,1857,1859,1861,1863,1865,1867,1869,1871,1873,1875,1876,1877,1879,1880,1882,1883,1885,1886,1888,1889,1891,1892,1894,1895,1897,1898,1900,1901,1903,1904,1906,1907,1909,1910,1912,1913,1915,1916,1918,1919,1921,1922,2009,2011,2013,2015,2017,2019,2021,2023,2025,2027,2029,2031,2033,2035,2037,2039,2040,2041,2043,2044,2046,2047,2049,2050,2052,2053,2055,2056,2058,2059,2061,2062,2064,2065,2067,2068,2070,2071,2073,2074,2076,2077,2079,2080,2082,2083,2085,2086,2147,2148,2149,2150,2154,2155,2156,2157,2161,2162,2163,2164,2168,2169,2170,2171	426	19	445	430	8	3460	1346	429	0	1080	445	39	2171
proposal	frontier	102	b9558ae589f8ead1630fef34adac87d32172049299598b257b0fabdf0b4c602b	19ad97f82ae6064fae3904f50dc4a9871f48b92c666179799b68e801df5de457	b10cb7f66e3519788ecec6edc4095541a24eaf642a3ed8877fbe87c85e8ba9c5	swap	1	274	241	426	133,134,136,137,139,140,142,143,145,146,148,149,151,152,154,155,157,158,160,161,163,164,166,167,169,170,172,173,175,176,178,179,241,266,268,270,272,276,278,280,282,284,286,288,290,292,294,296,297,298,300,301,303,304,306,307,309,310,312,313,315,316,318,319,321,322,324,325,327,328,330,331,333,334,336,337,339,340,342,343,430,432,434,436,438,440,442,444,446,448,450,452,454,456,458,460,461,462,464,465,467,468,470,471,473,474,476,477,479,480,482,483,485,486,488,489,491,492,494,495,497,498,500,501,503,504,506,507,594,596,598,600,602,604,606,608,610,612,614,616,618,620,622,624,625,626,628,629,631,632,634,635,637,638,640,641,643,644,646,647,649,650,652,653,655,656,658,659,661,662,664,665,667,668,670,671,758,759,760,828,829,830,881,882,883,934,935,936,987,988,989,1040,1041,1042,1093,1094,1095,1146,1147,1148,1199,1200,1201,1252,1253,1254,1305,1306,1307,1358,1359,1360,1411,1412,1413,1464,1465,1466,1517,1519,1521,1523,1525,1527,1529,1531,1533,1535,1537,1539,1541,1543,1545,1547,1548,1549,1551,1552,1554,1555,1557,1558,1560,1561,1563,1564,1566,1567,1569,1570,1572,1573,1575,1576,1578,1579,1581,1582,1584,1585,1587,1588,1590,1591,1593,1594,1681,1683,1685,1687,1689,1691,1693,1695,1697,1699,1701,1703,1705,1707,1709,1711,1712,1713,1715,1716,1718,1719,1721,1722,1724,1725,1727,1728,1730,1731,1733,1734,1736,1737,1739,1740,1742,1743,1745,1746,1748,1749,1751,1752,1754,1755,1757,1758,1845,1847,1849,1851,1853,1855,1857,1859,1861,1863,1865,1867,1869,1871,1873,1875,1876,1877,1879,1880,1882,1883,1885,1886,1888,1889,1891,1892,1894,1895,1897,1898,1900,1901,1903,1904,1906,1907,1909,1910,1912,1913,1915,1916,1918,1919,1921,1922,2009,2011,2013,2015,2017,2019,2021,2023,2025,2027,2029,2031,2033,2035,2037,2039,2040,2041,2043,2044,2046,2047,2049,2050,2052,2053,2055,2056,2058,2059,2061,2062,2064,2065,2067,2068,2070,2071,2073,2074,2076,2077,2079,2080,2082,2083,2085,2086,2147,2148,2149,2150,2154,2155,2156,2157,2161,2162,2163,2164,2168,2169,2170,2171	426	19	445	430	8	3460	1346	429	0	1080	445	39	2171
proposal	frontier	103	b972642a8a37a8bdc3e668dd81f8fbeae50f2fee6dbda65c79654299072b9485	d58c6abfc04ef3b9b4ce6e60f96fb0f25e517960d9d29e9dc51f35696c1ea640	b10cb7f66e3519788ecec6edc4095541a24eaf642a3ed8877fbe87c85e8ba9c5	swap	1	1464	1432	426	133,134,136,137,139,140,142,143,145,146,148,149,151,152,154,155,157,158,160,161,163,164,166,167,169,170,172,173,175,176,178,179,266,268,270,272,274,276,278,280,282,284,286,288,290,292,294,296,297,298,300,301,303,304,306,307,309,310,312,313,315,316,318,319,321,322,324,325,327,328,330,331,333,334,336,337,339,340,342,343,430,432,434,436,438,440,442,444,446,448,450,452,454,456,458,460,461,462,464,465,467,468,470,471,473,474,476,477,479,480,482,483,485,486,488,489,491,492,494,495,497,498,500,501,503,504,506,507,594,596,598,600,602,604,606,608,610,612,614,616,618,620,622,624,625,626,628,629,631,632,634,635,637,638,640,641,643,644,646,647,649,650,652,653,655,656,658,659,661,662,664,665,667,668,670,671,758,759,760,828,829,830,881,882,883,934,935,936,987,988,989,1040,1041,1042,1093,1094,1095,1146,1147,1148,1199,1200,1201,1252,1253,1254,1305,1306,1307,1358,1359,1360,1411,1412,1413,1432,1465,1466,1517,1519,1521,1523,1525,1527,1529,1531,1533,1535,1537,1539,1541,1543,1545,1547,1548,1549,1551,1552,1554,1555,1557,1558,1560,1561,1563,1564,1566,1567,1569,1570,1572,1573,1575,1576,1578,1579,1581,1582,1584,1585,1587,1588,1590,1591,1593,1594,1681,1683,1685,1687,1689,1691,1693,1695,1697,1699,1701,1703,1705,1707,1709,1711,1712,1713,1715,1716,1718,1719,1721,1722,1724,1725,1727,1728,1730,1731,1733,1734,1736,1737,1739,1740,1742,1743,1745,1746,1748,1749,1751,1752,1754,1755,1757,1758,1845,1847,1849,1851,1853,1855,1857,1859,1861,1863,1865,1867,1869,1871,1873,1875,1876,1877,1879,1880,1882,1883,1885,1886,1888,1889,1891,1892,1894,1895,1897,1898,1900,1901,1903,1904,1906,1907,1909,1910,1912,1913,1915,1916,1918,1919,1921,1922,2009,2011,2013,2015,2017,2019,2021,2023,2025,2027,2029,2031,2033,2035,2037,2039,2040,2041,2043,2044,2046,2047,2049,2050,2052,2053,2055,2056,2058,2059,2061,2062,2064,2065,2067,2068,2070,2071,2073,2074,2076,2077,2079,2080,2082,2083,2085,2086,2147,2148,2149,2150,2154,2155,2156,2157,2161,2162,2163,2164,2168,2169,2170,2171	426	19	445	430	8	3460	1346	429	0	1080	445	39	2171
proposal	frontier	104	ba7af425882afca6432a1b656ec5e471ef2ca093d69a2075772fe2c73f1466a4	96ef79c4b225571bc5118b00df28b4faae828bb4972258b07e59b8694f6ce8c1	b10cb7f66e3519788ecec6edc4095541a24eaf642a3ed8877fbe87c85e8ba9c5	swap	1	1711	1679	426	133,134,136,137,139,140,142,143,145,146,148,149,151,152,154,155,157,158,160,161,163,164,166,167,169,170,172,173,175,176,178,179,266,268,270,272,274,276,278,280,282,284,286,288,290,292,294,296,297,298,300,301,303,304,306,307,309,310,312,313,315,316,318,319,321,322,324,325,327,328,330,331,333,334,336,337,339,340,342,343,430,432,434,436,438,440,442,444,446,448,450,452,454,456,458,460,461,462,464,465,467,468,470,471,473,474,476,477,479,480,482,483,485,486,488,489,491,492,494,495,497,498,500,501,503,504,506,507,594,596,598,600,602,604,606,608,610,612,614,616,618,620,622,624,625,626,628,629,631,632,634,635,637,638,640,641,643,644,646,647,649,650,652,653,655,656,658,659,661,662,664,665,667,668,670,671,758,759,760,828,829,830,881,882,883,934,935,936,987,988,989,1040,1041,1042,1093,1094,1095,1146,1147,1148,1199,1200,1201,1252,1253,1254,1305,1306,1307,1358,1359,1360,1411,1412,1413,1464,1465,1466,1517,1519,1521,1523,1525,1527,1529,1531,1533,1535,1537,1539,1541,1543,1545,1547,1548,1549,1551,1552,1554,1555,1557,1558,1560,1561,1563,1564,1566,1567,1569,1570,1572,1573,1575,1576,1578,1579,1581,1582,1584,1585,1587,1588,1590,1591,1593,1594,1679,1681,1683,1685,1687,1689,1691,1693,1695,1697,1699,1701,1703,1705,1707,1709,1712,1713,1715,1716,1718,1719,1721,1722,1724,1725,1727,1728,1730,1731,1733,1734,1736,1737,1739,1740,1742,1743,1745,1746,1748,1749,1751,1752,1754,1755,1757,1758,1845,1847,1849,1851,1853,1855,1857,1859,1861,1863,1865,1867,1869,1871,1873,1875,1876,1877,1879,1880,1882,1883,1885,1886,1888,1889,1891,1892,1894,1895,1897,1898,1900,1901,1903,1904,1906,1907,1909,1910,1912,1913,1915,1916,1918,1919,1921,1922,2009,2011,2013,2015,2017,2019,2021,2023,2025,2027,2029,2031,2033,2035,2037,2039,2040,2041,2043,2044,2046,2047,2049,2050,2052,2053,2055,2056,2058,2059,2061,2062,2064,2065,2067,2068,2070,2071,2073,2074,2076,2077,2079,2080,2082,2083,2085,2086,2147,2148,2149,2150,2154,2155,2156,2157,2161,2162,2163,2164,2168,2169,2170,2171	426	19	445	430	8	3460	1346	429	0	1080	445	39	2171
proposal	frontier	105	ba9cca3741f74d593ee6f825cef310621a5c47d0a4bec9b09a806de5d2f8bdbf	c9ffb0b15ff211846c2b87170737bcca9eb9161f7a01efb5cd3c516dcc44bf99	b10cb7f66e3519788ecec6edc4095541a24eaf642a3ed8877fbe87c85e8ba9c5	swap	1	456	414	426	133,134,136,137,139,140,142,143,145,146,148,149,151,152,154,155,157,158,160,161,163,164,166,167,169,170,172,173,175,176,178,179,266,268,270,272,274,276,278,280,282,284,286,288,290,292,294,296,297,298,300,301,303,304,306,307,309,310,312,313,315,316,318,319,321,322,324,325,327,328,330,331,333,334,336,337,339,340,342,343,414,430,432,434,436,438,440,442,444,446,448,450,452,454,458,460,461,462,464,465,467,468,470,471,473,474,476,477,479,480,482,483,485,486,488,489,491,492,494,495,497,498,500,501,503,504,506,507,594,596,598,600,602,604,606,608,610,612,614,616,618,620,622,624,625,626,628,629,631,632,634,635,637,638,640,641,643,644,646,647,649,650,652,653,655,656,658,659,661,662,664,665,667,668,670,671,758,759,760,828,829,830,881,882,883,934,935,936,987,988,989,1040,1041,1042,1093,1094,1095,1146,1147,1148,1199,1200,1201,1252,1253,1254,1305,1306,1307,1358,1359,1360,1411,1412,1413,1464,1465,1466,1517,1519,1521,1523,1525,1527,1529,1531,1533,1535,1537,1539,1541,1543,1545,1547,1548,1549,1551,1552,1554,1555,1557,1558,1560,1561,1563,1564,1566,1567,1569,1570,1572,1573,1575,1576,1578,1579,1581,1582,1584,1585,1587,1588,1590,1591,1593,1594,1681,1683,1685,1687,1689,1691,1693,1695,1697,1699,1701,1703,1705,1707,1709,1711,1712,1713,1715,1716,1718,1719,1721,1722,1724,1725,1727,1728,1730,1731,1733,1734,1736,1737,1739,1740,1742,1743,1745,1746,1748,1749,1751,1752,1754,1755,1757,1758,1845,1847,1849,1851,1853,1855,1857,1859,1861,1863,1865,1867,1869,1871,1873,1875,1876,1877,1879,1880,1882,1883,1885,1886,1888,1889,1891,1892,1894,1895,1897,1898,1900,1901,1903,1904,1906,1907,1909,1910,1912,1913,1915,1916,1918,1919,1921,1922,2009,2011,2013,2015,2017,2019,2021,2023,2025,2027,2029,2031,2033,2035,2037,2039,2040,2041,2043,2044,2046,2047,2049,2050,2052,2053,2055,2056,2058,2059,2061,2062,2064,2065,2067,2068,2070,2071,2073,2074,2076,2077,2079,2080,2082,2083,2085,2086,2147,2148,2149,2150,2154,2155,2156,2157,2161,2162,2163,2164,2168,2169,2170,2171	426	19	445	430	8	3460	1346	429	0	1080	445	39	2171
proposal	frontier	106	c1cb8c0d0f8fc31140f77192c7f4e6f8b340922859b6277e0d030255edaca355	6e6dfca2d22be37b3b57a34947bbd2b785ef557fe9cf5cf0c8e9f54da89322b5	b10cb7f66e3519788ecec6edc4095541a24eaf642a3ed8877fbe87c85e8ba9c5	swap	1	1847	1826	426	133,134,136,137,139,140,142,143,145,146,148,149,151,152,154,155,157,158,160,161,163,164,166,167,169,170,172,173,175,176,178,179,266,268,270,272,274,276,278,280,282,284,286,288,290,292,294,296,297,298,300,301,303,304,306,307,309,310,312,313,315,316,318,319,321,322,324,325,327,328,330,331,333,334,336,337,339,340,342,343,430,432,434,436,438,440,442,444,446,448,450,452,454,456,458,460,461,462,464,465,467,468,470,471,473,474,476,477,479,480,482,483,485,486,488,489,491,492,494,495,497,498,500,501,503,504,506,507,594,596,598,600,602,604,606,608,610,612,614,616,618,620,622,624,625,626,628,629,631,632,634,635,637,638,640,641,643,644,646,647,649,650,652,653,655,656,658,659,661,662,664,665,667,668,670,671,758,759,760,828,829,830,881,882,883,934,935,936,987,988,989,1040,1041,1042,1093,1094,1095,1146,1147,1148,1199,1200,1201,1252,1253,1254,1305,1306,1307,1358,1359,1360,1411,1412,1413,1464,1465,1466,1517,1519,1521,1523,1525,1527,1529,1531,1533,1535,1537,1539,1541,1543,1545,1547,1548,1549,1551,1552,1554,1555,1557,1558,1560,1561,1563,1564,1566,1567,1569,1570,1572,1573,1575,1576,1578,1579,1581,1582,1584,1585,1587,1588,1590,1591,1593,1594,1681,1683,1685,1687,1689,1691,1693,1695,1697,1699,1701,1703,1705,1707,1709,1711,1712,1713,1715,1716,1718,1719,1721,1722,1724,1725,1727,1728,1730,1731,1733,1734,1736,1737,1739,1740,1742,1743,1745,1746,1748,1749,1751,1752,1754,1755,1757,1758,1826,1845,1849,1851,1853,1855,1857,1859,1861,1863,1865,1867,1869,1871,1873,1875,1876,1877,1879,1880,1882,1883,1885,1886,1888,1889,1891,1892,1894,1895,1897,1898,1900,1901,1903,1904,1906,1907,1909,1910,1912,1913,1915,1916,1918,1919,1921,1922,2009,2011,2013,2015,2017,2019,2021,2023,2025,2027,2029,2031,2033,2035,2037,2039,2040,2041,2043,2044,2046,2047,2049,2050,2052,2053,2055,2056,2058,2059,2061,2062,2064,2065,2067,2068,2070,2071,2073,2074,2076,2077,2079,2080,2082,2083,2085,2086,2147,2148,2149,2150,2154,2155,2156,2157,2161,2162,2163,2164,2168,2169,2170,2171	426	19	445	430	8	3460	1346	429	0	1080	445	39	2171
proposal	frontier	107	c8a0163b097ecaf3471cc7ae3f222677eae275bfab0347a9614d1eb5c88bd4cb	a95e9b1ddec3f280420aeca6d14bd024ed6d36c69201eb85d9294a55612100af	b10cb7f66e3519788ecec6edc4095541a24eaf642a3ed8877fbe87c85e8ba9c5	swap	1	1871	1829	426	133,134,136,137,139,140,142,143,145,146,148,149,151,152,154,155,157,158,160,161,163,164,166,167,169,170,172,173,175,176,178,179,266,268,270,272,274,276,278,280,282,284,286,288,290,292,294,296,297,298,300,301,303,304,306,307,309,310,312,313,315,316,318,319,321,322,324,325,327,328,330,331,333,334,336,337,339,340,342,343,430,432,434,436,438,440,442,444,446,448,450,452,454,456,458,460,461,462,464,465,467,468,470,471,473,474,476,477,479,480,482,483,485,486,488,489,491,492,494,495,497,498,500,501,503,504,506,507,594,596,598,600,602,604,606,608,610,612,614,616,618,620,622,624,625,626,628,629,631,632,634,635,637,638,640,641,643,644,646,647,649,650,652,653,655,656,658,659,661,662,664,665,667,668,670,671,758,759,760,828,829,830,881,882,883,934,935,936,987,988,989,1040,1041,1042,1093,1094,1095,1146,1147,1148,1199,1200,1201,1252,1253,1254,1305,1306,1307,1358,1359,1360,1411,1412,1413,1464,1465,1466,1517,1519,1521,1523,1525,1527,1529,1531,1533,1535,1537,1539,1541,1543,1545,1547,1548,1549,1551,1552,1554,1555,1557,1558,1560,1561,1563,1564,1566,1567,1569,1570,1572,1573,1575,1576,1578,1579,1581,1582,1584,1585,1587,1588,1590,1591,1593,1594,1681,1683,1685,1687,1689,1691,1693,1695,1697,1699,1701,1703,1705,1707,1709,1711,1712,1713,1715,1716,1718,1719,1721,1722,1724,1725,1727,1728,1730,1731,1733,1734,1736,1737,1739,1740,1742,1743,1745,1746,1748,1749,1751,1752,1754,1755,1757,1758,1829,1845,1847,1849,1851,1853,1855,1857,1859,1861,1863,1865,1867,1869,1873,1875,1876,1877,1879,1880,1882,1883,1885,1886,1888,1889,1891,1892,1894,1895,1897,1898,1900,1901,1903,1904,1906,1907,1909,1910,1912,1913,1915,1916,1918,1919,1921,1922,2009,2011,2013,2015,2017,2019,2021,2023,2025,2027,2029,2031,2033,2035,2037,2039,2040,2041,2043,2044,2046,2047,2049,2050,2052,2053,2055,2056,2058,2059,2061,2062,2064,2065,2067,2068,2070,2071,2073,2074,2076,2077,2079,2080,2082,2083,2085,2086,2147,2148,2149,2150,2154,2155,2156,2157,2161,2162,2163,2164,2168,2169,2170,2171	426	19	445	430	8	3460	1346	429	0	1080	445	39	2171
proposal	frontier	108	c9a2d974dcc2028d902398c143b80eec377e37e7aa535765443370863158106a	a8a7562486b4ee43f470e3301cce8fe7d999ad89d451df9247da2f31a8810cdf	b10cb7f66e3519788ecec6edc4095541a24eaf642a3ed8877fbe87c85e8ba9c5	swap	1	1683	1662	426	133,134,136,137,139,140,142,143,145,146,148,149,151,152,154,155,157,158,160,161,163,164,166,167,169,170,172,173,175,176,178,179,266,268,270,272,274,276,278,280,282,284,286,288,290,292,294,296,297,298,300,301,303,304,306,307,309,310,312,313,315,316,318,319,321,322,324,325,327,328,330,331,333,334,336,337,339,340,342,343,430,432,434,436,438,440,442,444,446,448,450,452,454,456,458,460,461,462,464,465,467,468,470,471,473,474,476,477,479,480,482,483,485,486,488,489,491,492,494,495,497,498,500,501,503,504,506,507,594,596,598,600,602,604,606,608,610,612,614,616,618,620,622,624,625,626,628,629,631,632,634,635,637,638,640,641,643,644,646,647,649,650,652,653,655,656,658,659,661,662,664,665,667,668,670,671,758,759,760,828,829,830,881,882,883,934,935,936,987,988,989,1040,1041,1042,1093,1094,1095,1146,1147,1148,1199,1200,1201,1252,1253,1254,1305,1306,1307,1358,1359,1360,1411,1412,1413,1464,1465,1466,1517,1519,1521,1523,1525,1527,1529,1531,1533,1535,1537,1539,1541,1543,1545,1547,1548,1549,1551,1552,1554,1555,1557,1558,1560,1561,1563,1564,1566,1567,1569,1570,1572,1573,1575,1576,1578,1579,1581,1582,1584,1585,1587,1588,1590,1591,1593,1594,1662,1681,1685,1687,1689,1691,1693,1695,1697,1699,1701,1703,1705,1707,1709,1711,1712,1713,1715,1716,1718,1719,1721,1722,1724,1725,1727,1728,1730,1731,1733,1734,1736,1737,1739,1740,1742,1743,1745,1746,1748,1749,1751,1752,1754,1755,1757,1758,1845,1847,1849,1851,1853,1855,1857,1859,1861,1863,1865,1867,1869,1871,1873,1875,1876,1877,1879,1880,1882,1883,1885,1886,1888,1889,1891,1892,1894,1895,1897,1898,1900,1901,1903,1904,1906,1907,1909,1910,1912,1913,1915,1916,1918,1919,1921,1922,2009,2011,2013,2015,2017,2019,2021,2023,2025,2027,2029,2031,2033,2035,2037,2039,2040,2041,2043,2044,2046,2047,2049,2050,2052,2053,2055,2056,2058,2059,2061,2062,2064,2065,2067,2068,2070,2071,2073,2074,2076,2077,2079,2080,2082,2083,2085,2086,2147,2148,2149,2150,2154,2155,2156,2157,2161,2162,2163,2164,2168,2169,2170,2171	426	19	445	430	8	3460	1346	429	0	1080	445	39	2171
proposal	frontier	109	cb20e0e32ce742b73b8af7ef85372d0e7ff4c8b512fa9b4d746a1bb49f47c660	1749ad96c9035154cc6d24c353805691d677db264dbeaf0acfd3f3c3c71ab03d	b10cb7f66e3519788ecec6edc4095541a24eaf642a3ed8877fbe87c85e8ba9c5	swap	1	1533	1501	426	133,134,136,137,139,140,142,143,145,146,148,149,151,152,154,155,157,158,160,161,163,164,166,167,169,170,172,173,175,176,178,179,266,268,270,272,274,276,278,280,282,284,286,288,290,292,294,296,297,298,300,301,303,304,306,307,309,310,312,313,315,316,318,319,321,322,324,325,327,328,330,331,333,334,336,337,339,340,342,343,430,432,434,436,438,440,442,444,446,448,450,452,454,456,458,460,461,462,464,465,467,468,470,471,473,474,476,477,479,480,482,483,485,486,488,489,491,492,494,495,497,498,500,501,503,504,506,507,594,596,598,600,602,604,606,608,610,612,614,616,618,620,622,624,625,626,628,629,631,632,634,635,637,638,640,641,643,644,646,647,649,650,652,653,655,656,658,659,661,662,664,665,667,668,670,671,758,759,760,828,829,830,881,882,883,934,935,936,987,988,989,1040,1041,1042,1093,1094,1095,1146,1147,1148,1199,1200,1201,1252,1253,1254,1305,1306,1307,1358,1359,1360,1411,1412,1413,1464,1465,1466,1501,1517,1519,1521,1523,1525,1527,1529,1531,1535,1537,1539,1541,1543,1545,1547,1548,1549,1551,1552,1554,1555,1557,1558,1560,1561,1563,1564,1566,1567,1569,1570,1572,1573,1575,1576,1578,1579,1581,1582,1584,1585,1587,1588,1590,1591,1593,1594,1681,1683,1685,1687,1689,1691,1693,1695,1697,1699,1701,1703,1705,1707,1709,1711,1712,1713,1715,1716,1718,1719,1721,1722,1724,1725,1727,1728,1730,1731,1733,1734,1736,1737,1739,1740,1742,1743,1745,1746,1748,1749,1751,1752,1754,1755,1757,1758,1845,1847,1849,1851,1853,1855,1857,1859,1861,1863,1865,1867,1869,1871,1873,1875,1876,1877,1879,1880,1882,1883,1885,1886,1888,1889,1891,1892,1894,1895,1897,1898,1900,1901,1903,1904,1906,1907,1909,1910,1912,1913,1915,1916,1918,1919,1921,1922,2009,2011,2013,2015,2017,2019,2021,2023,2025,2027,2029,2031,2033,2035,2037,2039,2040,2041,2043,2044,2046,2047,2049,2050,2052,2053,2055,2056,2058,2059,2061,2062,2064,2065,2067,2068,2070,2071,2073,2074,2076,2077,2079,2080,2082,2083,2085,2086,2147,2148,2149,2150,2154,2155,2156,2157,2161,2162,2163,2164,2168,2169,2170,2171	426	19	445	430	8	3460	1346	429	0	1080	445	39	2171
proposal	frontier	110	cc45c3036ac184264a8456c2c157c52a5c4ab6b909dfbdafbb2d8fcf5c6f617c	671646be24df2c77c1e15a1e1552e45f6a6d8fadb24639f7aa99f2a7bb14a2c3	b10cb7f66e3519788ecec6edc4095541a24eaf642a3ed8877fbe87c85e8ba9c5	swap	1	1709	1672	426	133,134,136,137,139,140,142,143,145,146,148,149,151,152,154,155,157,158,160,161,163,164,166,167,169,170,172,173,175,176,178,179,266,268,270,272,274,276,278,280,282,284,286,288,290,292,294,296,297,298,300,301,303,304,306,307,309,310,312,313,315,316,318,319,321,322,324,325,327,328,330,331,333,334,336,337,339,340,342,343,430,432,434,436,438,440,442,444,446,448,450,452,454,456,458,460,461,462,464,465,467,468,470,471,473,474,476,477,479,480,482,483,485,486,488,489,491,492,494,495,497,498,500,501,503,504,506,507,594,596,598,600,602,604,606,608,610,612,614,616,618,620,622,624,625,626,628,629,631,632,634,635,637,638,640,641,643,644,646,647,649,650,652,653,655,656,658,659,661,662,664,665,667,668,670,671,758,759,760,828,829,830,881,882,883,934,935,936,987,988,989,1040,1041,1042,1093,1094,1095,1146,1147,1148,1199,1200,1201,1252,1253,1254,1305,1306,1307,1358,1359,1360,1411,1412,1413,1464,1465,1466,1517,1519,1521,1523,1525,1527,1529,1531,1533,1535,1537,1539,1541,1543,1545,1547,1548,1549,1551,1552,1554,1555,1557,1558,1560,1561,1563,1564,1566,1567,1569,1570,1572,1573,1575,1576,1578,1579,1581,1582,1584,1585,1587,1588,1590,1591,1593,1594,1672,1681,1683,1685,1687,1689,1691,1693,1695,1697,1699,1701,1703,1705,1707,1711,1712,1713,1715,1716,1718,1719,1721,1722,1724,1725,1727,1728,1730,1731,1733,1734,1736,1737,1739,1740,1742,1743,1745,1746,1748,1749,1751,1752,1754,1755,1757,1758,1845,1847,1849,1851,1853,1855,1857,1859,1861,1863,1865,1867,1869,1871,1873,1875,1876,1877,1879,1880,1882,1883,1885,1886,1888,1889,1891,1892,1894,1895,1897,1898,1900,1901,1903,1904,1906,1907,1909,1910,1912,1913,1915,1916,1918,1919,1921,1922,2009,2011,2013,2015,2017,2019,2021,2023,2025,2027,2029,2031,2033,2035,2037,2039,2040,2041,2043,2044,2046,2047,2049,2050,2052,2053,2055,2056,2058,2059,2061,2062,2064,2065,2067,2068,2070,2071,2073,2074,2076,2077,2079,2080,2082,2083,2085,2086,2147,2148,2149,2150,2154,2155,2156,2157,2161,2162,2163,2164,2168,2169,2170,2171	426	19	445	430	8	3460	1346	429	0	1080	445	39	2171
proposal	frontier	111	d07764abd0419193f20e55a55ba579995676ecacd60cfb0fbd124750199bfe79	0fd57f340aef0cab4553c434ac4f973977212aa0dc896954995606ce1ebcd327	b10cb7f66e3519788ecec6edc4095541a24eaf642a3ed8877fbe87c85e8ba9c5	swap	1	2009	1983	426	133,134,136,137,139,140,142,143,145,146,148,149,151,152,154,155,157,158,160,161,163,164,166,167,169,170,172,173,175,176,178,179,266,268,270,272,274,276,278,280,282,284,286,288,290,292,294,296,297,298,300,301,303,304,306,307,309,310,312,313,315,316,318,319,321,322,324,325,327,328,330,331,333,334,336,337,339,340,342,343,430,432,434,436,438,440,442,444,446,448,450,452,454,456,458,460,461,462,464,465,467,468,470,471,473,474,476,477,479,480,482,483,485,486,488,489,491,492,494,495,497,498,500,501,503,504,506,507,594,596,598,600,602,604,606,608,610,612,614,616,618,620,622,624,625,626,628,629,631,632,634,635,637,638,640,641,643,644,646,647,649,650,652,653,655,656,658,659,661,662,664,665,667,668,670,671,758,759,760,828,829,830,881,882,883,934,935,936,987,988,989,1040,1041,1042,1093,1094,1095,1146,1147,1148,1199,1200,1201,1252,1253,1254,1305,1306,1307,1358,1359,1360,1411,1412,1413,1464,1465,1466,1517,1519,1521,1523,1525,1527,1529,1531,1533,1535,1537,1539,1541,1543,1545,1547,1548,1549,1551,1552,1554,1555,1557,1558,1560,1561,1563,1564,1566,1567,1569,1570,1572,1573,1575,1576,1578,1579,1581,1582,1584,1585,1587,1588,1590,1591,1593,1594,1681,1683,1685,1687,1689,1691,1693,1695,1697,1699,1701,1703,1705,1707,1709,1711,1712,1713,1715,1716,1718,1719,1721,1722,1724,1725,1727,1728,1730,1731,1733,1734,1736,1737,1739,1740,1742,1743,1745,1746,1748,1749,1751,1752,1754,1755,1757,1758,1845,1847,1849,1851,1853,1855,1857,1859,1861,1863,1865,1867,1869,1871,1873,1875,1876,1877,1879,1880,1882,1883,1885,1886,1888,1889,1891,1892,1894,1895,1897,1898,1900,1901,1903,1904,1906,1907,1909,1910,1912,1913,1915,1916,1918,1919,1921,1922,1983,2011,2013,2015,2017,2019,2021,2023,2025,2027,2029,2031,2033,2035,2037,2039,2040,2041,2043,2044,2046,2047,2049,2050,2052,2053,2055,2056,2058,2059,2061,2062,2064,2065,2067,2068,2070,2071,2073,2074,2076,2077,2079,2080,2082,2083,2085,2086,2147,2148,2149,2150,2154,2155,2156,2157,2161,2162,2163,2164,2168,2169,2170,2171	426	19	445	430	8	3460	1346	429	0	1080	445	39	2171
proposal	frontier	112	d5bd7647d1e3abf373a450a268798bcc446753ffdfa50623553a979fbf309b03	0195467f8bc2332e66949867d39325d632a415ad2eac8355d715470fbb7383ea	b10cb7f66e3519788ecec6edc4095541a24eaf642a3ed8877fbe87c85e8ba9c5	swap	1	596	575	426	133,134,136,137,139,140,142,143,145,146,148,149,151,152,154,155,157,158,160,161,163,164,166,167,169,170,172,173,175,176,178,179,266,268,270,272,274,276,278,280,282,284,286,288,290,292,294,296,297,298,300,301,303,304,306,307,309,310,312,313,315,316,318,319,321,322,324,325,327,328,330,331,333,334,336,337,339,340,342,343,430,432,434,436,438,440,442,444,446,448,450,452,454,456,458,460,461,462,464,465,467,468,470,471,473,474,476,477,479,480,482,483,485,486,488,489,491,492,494,495,497,498,500,501,503,504,506,507,575,594,598,600,602,604,606,608,610,612,614,616,618,620,622,624,625,626,628,629,631,632,634,635,637,638,640,641,643,644,646,647,649,650,652,653,655,656,658,659,661,662,664,665,667,668,670,671,758,759,760,828,829,830,881,882,883,934,935,936,987,988,989,1040,1041,1042,1093,1094,1095,1146,1147,1148,1199,1200,1201,1252,1253,1254,1305,1306,1307,1358,1359,1360,1411,1412,1413,1464,1465,1466,1517,1519,1521,1523,1525,1527,1529,1531,1533,1535,1537,1539,1541,1543,1545,1547,1548,1549,1551,1552,1554,1555,1557,1558,1560,1561,1563,1564,1566,1567,1569,1570,1572,1573,1575,1576,1578,1579,1581,1582,1584,1585,1587,1588,1590,1591,1593,1594,1681,1683,1685,1687,1689,1691,1693,1695,1697,1699,1701,1703,1705,1707,1709,1711,1712,1713,1715,1716,1718,1719,1721,1722,1724,1725,1727,1728,1730,1731,1733,1734,1736,1737,1739,1740,1742,1743,1745,1746,1748,1749,1751,1752,1754,1755,1757,1758,1845,1847,1849,1851,1853,1855,1857,1859,1861,1863,1865,1867,1869,1871,1873,1875,1876,1877,1879,1880,1882,1883,1885,1886,1888,1889,1891,1892,1894,1895,1897,1898,1900,1901,1903,1904,1906,1907,1909,1910,1912,1913,1915,1916,1918,1919,1921,1922,2009,2011,2013,2015,2017,2019,2021,2023,2025,2027,2029,2031,2033,2035,2037,2039,2040,2041,2043,2044,2046,2047,2049,2050,2052,2053,2055,2056,2058,2059,2061,2062,2064,2065,2067,2068,2070,2071,2073,2074,2076,2077,2079,2080,2082,2083,2085,2086,2147,2148,2149,2150,2154,2155,2156,2157,2161,2162,2163,2164,2168,2169,2170,2171	426	19	445	430	8	3460	1346	429	0	1080	445	39	2171
proposal	frontier	113	d9035daa8b4d8cca4fcc91c343b4e424b3189e7061dcc0362f7b4843569c8a7b	063368abaefbfebb85acce681715142c67370baa879180d2877af64570e4e57f	b10cb7f66e3519788ecec6edc4095541a24eaf642a3ed8877fbe87c85e8ba9c5	swap	1	1855	1827	426	133,134,136,137,139,140,142,143,145,146,148,149,151,152,154,155,157,158,160,161,163,164,166,167,169,170,172,173,175,176,178,179,266,268,270,272,274,276,278,280,282,284,286,288,290,292,294,296,297,298,300,301,303,304,306,307,309,310,312,313,315,316,318,319,321,322,324,325,327,328,330,331,333,334,336,337,339,340,342,343,430,432,434,436,438,440,442,444,446,448,450,452,454,456,458,460,461,462,464,465,467,468,470,471,473,474,476,477,479,480,482,483,485,486,488,489,491,492,494,495,497,498,500,501,503,504,506,507,594,596,598,600,602,604,606,608,610,612,614,616,618,620,622,624,625,626,628,629,631,632,634,635,637,638,640,641,643,644,646,647,649,650,652,653,655,656,658,659,661,662,664,665,667,668,670,671,758,759,760,828,829,830,881,882,883,934,935,936,987,988,989,1040,1041,1042,1093,1094,1095,1146,1147,1148,1199,1200,1201,1252,1253,1254,1305,1306,1307,1358,1359,1360,1411,1412,1413,1464,1465,1466,1517,1519,1521,1523,1525,1527,1529,1531,1533,1535,1537,1539,1541,1543,1545,1547,1548,1549,1551,1552,1554,1555,1557,1558,1560,1561,1563,1564,1566,1567,1569,1570,1572,1573,1575,1576,1578,1579,1581,1582,1584,1585,1587,1588,1590,1591,1593,1594,1681,1683,1685,1687,1689,1691,1693,1695,1697,1699,1701,1703,1705,1707,1709,1711,1712,1713,1715,1716,1718,1719,1721,1722,1724,1725,1727,1728,1730,1731,1733,1734,1736,1737,1739,1740,1742,1743,1745,1746,1748,1749,1751,1752,1754,1755,1757,1758,1827,1845,1847,1849,1851,1853,1857,1859,1861,1863,1865,1867,1869,1871,1873,1875,1876,1877,1879,1880,1882,1883,1885,1886,1888,1889,1891,1892,1894,1895,1897,1898,1900,1901,1903,1904,1906,1907,1909,1910,1912,1913,1915,1916,1918,1919,1921,1922,2009,2011,2013,2015,2017,2019,2021,2023,2025,2027,2029,2031,2033,2035,2037,2039,2040,2041,2043,2044,2046,2047,2049,2050,2052,2053,2055,2056,2058,2059,2061,2062,2064,2065,2067,2068,2070,2071,2073,2074,2076,2077,2079,2080,2082,2083,2085,2086,2147,2148,2149,2150,2154,2155,2156,2157,2161,2162,2163,2164,2168,2169,2170,2171	426	19	445	430	8	3460	1346	429	0	1080	445	39	2171
proposal	frontier	114	dc85219b30d475f9ae142bc716b58f7207207b5d166848056e625c3057fdb414	8b1e623af5071bff9f0993cba636fd4751dc62ab335a3995f976d45e9b26cd7e	b10cb7f66e3519788ecec6edc4095541a24eaf642a3ed8877fbe87c85e8ba9c5	swap	1	1529	1497	426	133,134,136,137,139,140,142,143,145,146,148,149,151,152,154,155,157,158,160,161,163,164,166,167,169,170,172,173,175,176,178,179,266,268,270,272,274,276,278,280,282,284,286,288,290,292,294,296,297,298,300,301,303,304,306,307,309,310,312,313,315,316,318,319,321,322,324,325,327,328,330,331,333,334,336,337,339,340,342,343,430,432,434,436,438,440,442,444,446,448,450,452,454,456,458,460,461,462,464,465,467,468,470,471,473,474,476,477,479,480,482,483,485,486,488,489,491,492,494,495,497,498,500,501,503,504,506,507,594,596,598,600,602,604,606,608,610,612,614,616,618,620,622,624,625,626,628,629,631,632,634,635,637,638,640,641,643,644,646,647,649,650,652,653,655,656,658,659,661,662,664,665,667,668,670,671,758,759,760,828,829,830,881,882,883,934,935,936,987,988,989,1040,1041,1042,1093,1094,1095,1146,1147,1148,1199,1200,1201,1252,1253,1254,1305,1306,1307,1358,1359,1360,1411,1412,1413,1464,1465,1466,1497,1517,1519,1521,1523,1525,1527,1531,1533,1535,1537,1539,1541,1543,1545,1547,1548,1549,1551,1552,1554,1555,1557,1558,1560,1561,1563,1564,1566,1567,1569,1570,1572,1573,1575,1576,1578,1579,1581,1582,1584,1585,1587,1588,1590,1591,1593,1594,1681,1683,1685,1687,1689,1691,1693,1695,1697,1699,1701,1703,1705,1707,1709,1711,1712,1713,1715,1716,1718,1719,1721,1722,1724,1725,1727,1728,1730,1731,1733,1734,1736,1737,1739,1740,1742,1743,1745,1746,1748,1749,1751,1752,1754,1755,1757,1758,1845,1847,1849,1851,1853,1855,1857,1859,1861,1863,1865,1867,1869,1871,1873,1875,1876,1877,1879,1880,1882,1883,1885,1886,1888,1889,1891,1892,1894,1895,1897,1898,1900,1901,1903,1904,1906,1907,1909,1910,1912,1913,1915,1916,1918,1919,1921,1922,2009,2011,2013,2015,2017,2019,2021,2023,2025,2027,2029,2031,2033,2035,2037,2039,2040,2041,2043,2044,2046,2047,2049,2050,2052,2053,2055,2056,2058,2059,2061,2062,2064,2065,2067,2068,2070,2071,2073,2074,2076,2077,2079,2080,2082,2083,2085,2086,2147,2148,2149,2150,2154,2155,2156,2157,2161,2162,2163,2164,2168,2169,2170,2171	426	19	445	430	8	3460	1346	429	0	1080	445	39	2171
proposal	frontier	115	e3185b817e4e2b484717c6baede84ec844acb6146fb0031c6294bf9f01b5d5f4	d107dde633075b2c9ac701b363e515f9ae630448413c0ed38f1980262348225f	b10cb7f66e3519788ecec6edc4095541a24eaf642a3ed8877fbe87c85e8ba9c5	swap	1	934	902	426	133,134,136,137,139,140,142,143,145,146,148,149,151,152,154,155,157,158,160,161,163,164,166,167,169,170,172,173,175,176,178,179,266,268,270,272,274,276,278,280,282,284,286,288,290,292,294,296,297,298,300,301,303,304,306,307,309,310,312,313,315,316,318,319,321,322,324,325,327,328,330,331,333,334,336,337,339,340,342,343,430,432,434,436,438,440,442,444,446,448,450,452,454,456,458,460,461,462,464,465,467,468,470,471,473,474,476,477,479,480,482,483,485,486,488,489,491,492,494,495,497,498,500,501,503,504,506,507,594,596,598,600,602,604,606,608,610,612,614,616,618,620,622,624,625,626,628,629,631,632,634,635,637,638,640,641,643,644,646,647,649,650,652,653,655,656,658,659,661,662,664,665,667,668,670,671,758,759,760,828,829,830,881,882,883,902,935,936,987,988,989,1040,1041,1042,1093,1094,1095,1146,1147,1148,1199,1200,1201,1252,1253,1254,1305,1306,1307,1358,1359,1360,1411,1412,1413,1464,1465,1466,1517,1519,1521,1523,1525,1527,1529,1531,1533,1535,1537,1539,1541,1543,1545,1547,1548,1549,1551,1552,1554,1555,1557,1558,1560,1561,1563,1564,1566,1567,1569,1570,1572,1573,1575,1576,1578,1579,1581,1582,1584,1585,1587,1588,1590,1591,1593,1594,1681,1683,1685,1687,1689,1691,1693,1695,1697,1699,1701,1703,1705,1707,1709,1711,1712,1713,1715,1716,1718,1719,1721,1722,1724,1725,1727,1728,1730,1731,1733,1734,1736,1737,1739,1740,1742,1743,1745,1746,1748,1749,1751,1752,1754,1755,1757,1758,1845,1847,1849,1851,1853,1855,1857,1859,1861,1863,1865,1867,1869,1871,1873,1875,1876,1877,1879,1880,1882,1883,1885,1886,1888,1889,1891,1892,1894,1895,1897,1898,1900,1901,1903,1904,1906,1907,1909,1910,1912,1913,1915,1916,1918,1919,1921,1922,2009,2011,2013,2015,2017,2019,2021,2023,2025,2027,2029,2031,2033,2035,2037,2039,2040,2041,2043,2044,2046,2047,2049,2050,2052,2053,2055,2056,2058,2059,2061,2062,2064,2065,2067,2068,2070,2071,2073,2074,2076,2077,2079,2080,2082,2083,2085,2086,2147,2148,2149,2150,2154,2155,2156,2157,2161,2162,2163,2164,2168,2169,2170,2171	426	19	445	430	8	3460	1346	429	0	1080	445	39	2171
proposal	frontier	116	e615bffe81d30bae56aa9d4f55fdddfb408f47253cc374eee1a38bcc6043e4f7	58b81644b99bc594b53381fb5539a867597ff74a0559f8736f42d663621f7f6c	b10cb7f66e3519788ecec6edc4095541a24eaf642a3ed8877fbe87c85e8ba9c5	swap	1	2023	2005	426	133,134,136,137,139,140,142,143,145,146,148,149,151,152,154,155,157,158,160,161,163,164,166,167,169,170,172,173,175,176,178,179,266,268,270,272,274,276,278,280,282,284,286,288,290,292,294,296,297,298,300,301,303,304,306,307,309,310,312,313,315,316,318,319,321,322,324,325,327,328,330,331,333,334,336,337,339,340,342,343,430,432,434,436,438,440,442,444,446,448,450,452,454,456,458,460,461,462,464,465,467,468,470,471,473,474,476,477,479,480,482,483,485,486,488,489,491,492,494,495,497,498,500,501,503,504,506,507,594,596,598,600,602,604,606,608,610,612,614,616,618,620,622,624,625,626,628,629,631,632,634,635,637,638,640,641,643,644,646,647,649,650,652,653,655,656,658,659,661,662,664,665,667,668,670,671,758,759,760,828,829,830,881,882,883,934,935,936,987,988,989,1040,1041,1042,1093,1094,1095,1146,1147,1148,1199,1200,1201,1252,1253,1254,1305,1306,1307,1358,1359,1360,1411,1412,1413,1464,1465,1466,1517,1519,1521,1523,1525,1527,1529,1531,1533,1535,1537,1539,1541,1543,1545,1547,1548,1549,1551,1552,1554,1555,1557,1558,1560,1561,1563,1564,1566,1567,1569,1570,1572,1573,1575,1576,1578,1579,1581,1582,1584,1585,1587,1588,1590,1591,1593,1594,1681,1683,1685,1687,1689,1691,1693,1695,1697,1699,1701,1703,1705,1707,1709,1711,1712,1713,1715,1716,1718,1719,1721,1722,1724,1725,1727,1728,1730,1731,1733,1734,1736,1737,1739,1740,1742,1743,1745,1746,1748,1749,1751,1752,1754,1755,1757,1758,1845,1847,1849,1851,1853,1855,1857,1859,1861,1863,1865,1867,1869,1871,1873,1875,1876,1877,1879,1880,1882,1883,1885,1886,1888,1889,1891,1892,1894,1895,1897,1898,1900,1901,1903,1904,1906,1907,1909,1910,1912,1913,1915,1916,1918,1919,1921,1922,2005,2009,2011,2013,2015,2017,2019,2021,2025,2027,2029,2031,2033,2035,2037,2039,2040,2041,2043,2044,2046,2047,2049,2050,2052,2053,2055,2056,2058,2059,2061,2062,2064,2065,2067,2068,2070,2071,2073,2074,2076,2077,2079,2080,2082,2083,2085,2086,2147,2148,2149,2150,2154,2155,2156,2157,2161,2162,2163,2164,2168,2169,2170,2171	426	19	445	430	8	3460	1346	429	0	1080	445	39	2171
proposal	frontier	117	e8a6d36bdaa96d41f772cd545d8c88830d047d2d77ccc909da7521eb86764e68	d8a00a7a9f408d19df3f5b4558ab717eba7ba42e747bcb8e99dcb49215dfe35d	b10cb7f66e3519788ecec6edc4095541a24eaf642a3ed8877fbe87c85e8ba9c5	swap	1	446	406	426	133,134,136,137,139,140,142,143,145,146,148,149,151,152,154,155,157,158,160,161,163,164,166,167,169,170,172,173,175,176,178,179,266,268,270,272,274,276,278,280,282,284,286,288,290,292,294,296,297,298,300,301,303,304,306,307,309,310,312,313,315,316,318,319,321,322,324,325,327,328,330,331,333,334,336,337,339,340,342,343,406,430,432,434,436,438,440,442,444,448,450,452,454,456,458,460,461,462,464,465,467,468,470,471,473,474,476,477,479,480,482,483,485,486,488,489,491,492,494,495,497,498,500,501,503,504,506,507,594,596,598,600,602,604,606,608,610,612,614,616,618,620,622,624,625,626,628,629,631,632,634,635,637,638,640,641,643,644,646,647,649,650,652,653,655,656,658,659,661,662,664,665,667,668,670,671,758,759,760,828,829,830,881,882,883,934,935,936,987,988,989,1040,1041,1042,1093,1094,1095,1146,1147,1148,1199,1200,1201,1252,1253,1254,1305,1306,1307,1358,1359,1360,1411,1412,1413,1464,1465,1466,1517,1519,1521,1523,1525,1527,1529,1531,1533,1535,1537,1539,1541,1543,1545,1547,1548,1549,1551,1552,1554,1555,1557,1558,1560,1561,1563,1564,1566,1567,1569,1570,1572,1573,1575,1576,1578,1579,1581,1582,1584,1585,1587,1588,1590,1591,1593,1594,1681,1683,1685,1687,1689,1691,1693,1695,1697,1699,1701,1703,1705,1707,1709,1711,1712,1713,1715,1716,1718,1719,1721,1722,1724,1725,1727,1728,1730,1731,1733,1734,1736,1737,1739,1740,1742,1743,1745,1746,1748,1749,1751,1752,1754,1755,1757,1758,1845,1847,1849,1851,1853,1855,1857,1859,1861,1863,1865,1867,1869,1871,1873,1875,1876,1877,1879,1880,1882,1883,1885,1886,1888,1889,1891,1892,1894,1895,1897,1898,1900,1901,1903,1904,1906,1907,1909,1910,1912,1913,1915,1916,1918,1919,1921,1922,2009,2011,2013,2015,2017,2019,2021,2023,2025,2027,2029,2031,2033,2035,2037,2039,2040,2041,2043,2044,2046,2047,2049,2050,2052,2053,2055,2056,2058,2059,2061,2062,2064,2065,2067,2068,2070,2071,2073,2074,2076,2077,2079,2080,2082,2083,2085,2086,2147,2148,2149,2150,2154,2155,2156,2157,2161,2162,2163,2164,2168,2169,2170,2171	426	19	445	430	8	3460	1346	429	0	1080	445	39	2171
proposal	frontier	118	e979db07247a7167cd1cebb547c62d16ae76b0a125c3d376212dddc46cf856ad	e9ef8e62f2eb57b4c2a9f64754bb88a61dd06f730c75c1b71f2b3ce508378eca	b10cb7f66e3519788ecec6edc4095541a24eaf642a3ed8877fbe87c85e8ba9c5	swap	1	2015	2004	426	133,134,136,137,139,140,142,143,145,146,148,149,151,152,154,155,157,158,160,161,163,164,166,167,169,170,172,173,175,176,178,179,266,268,270,272,274,276,278,280,282,284,286,288,290,292,294,296,297,298,300,301,303,304,306,307,309,310,312,313,315,316,318,319,321,322,324,325,327,328,330,331,333,334,336,337,339,340,342,343,430,432,434,436,438,440,442,444,446,448,450,452,454,456,458,460,461,462,464,465,467,468,470,471,473,474,476,477,479,480,482,483,485,486,488,489,491,492,494,495,497,498,500,501,503,504,506,507,594,596,598,600,602,604,606,608,610,612,614,616,618,620,622,624,625,626,628,629,631,632,634,635,637,638,640,641,643,644,646,647,649,650,652,653,655,656,658,659,661,662,664,665,667,668,670,671,758,759,760,828,829,830,881,882,883,934,935,936,987,988,989,1040,1041,1042,1093,1094,1095,1146,1147,1148,1199,1200,1201,1252,1253,1254,1305,1306,1307,1358,1359,1360,1411,1412,1413,1464,1465,1466,1517,1519,1521,1523,1525,1527,1529,1531,1533,1535,1537,1539,1541,1543,1545,1547,1548,1549,1551,1552,1554,1555,1557,1558,1560,1561,1563,1564,1566,1567,1569,1570,1572,1573,1575,1576,1578,1579,1581,1582,1584,1585,1587,1588,1590,1591,1593,1594,1681,1683,1685,1687,1689,1691,1693,1695,1697,1699,1701,1703,1705,1707,1709,1711,1712,1713,1715,1716,1718,1719,1721,1722,1724,1725,1727,1728,1730,1731,1733,1734,1736,1737,1739,1740,1742,1743,1745,1746,1748,1749,1751,1752,1754,1755,1757,1758,1845,1847,1849,1851,1853,1855,1857,1859,1861,1863,1865,1867,1869,1871,1873,1875,1876,1877,1879,1880,1882,1883,1885,1886,1888,1889,1891,1892,1894,1895,1897,1898,1900,1901,1903,1904,1906,1907,1909,1910,1912,1913,1915,1916,1918,1919,1921,1922,2004,2009,2011,2013,2017,2019,2021,2023,2025,2027,2029,2031,2033,2035,2037,2039,2040,2041,2043,2044,2046,2047,2049,2050,2052,2053,2055,2056,2058,2059,2061,2062,2064,2065,2067,2068,2070,2071,2073,2074,2076,2077,2079,2080,2082,2083,2085,2086,2147,2148,2149,2150,2154,2155,2156,2157,2161,2162,2163,2164,2168,2169,2170,2171	426	19	445	430	8	3460	1346	429	0	1080	445	39	2171
proposal	frontier	119	eb80f5747dadc02e7913e56bd025d97ff619a462dec6a919f870eed63f00699e	b29de20db58579119ee22272f4e8516b23e983cfca72deec794d354c47e0e096	b10cb7f66e3519788ecec6edc4095541a24eaf642a3ed8877fbe87c85e8ba9c5	swap	1	2017	1984	426	133,134,136,137,139,140,142,143,145,146,148,149,151,152,154,155,157,158,160,161,163,164,166,167,169,170,172,173,175,176,178,179,266,268,270,272,274,276,278,280,282,284,286,288,290,292,294,296,297,298,300,301,303,304,306,307,309,310,312,313,315,316,318,319,321,322,324,325,327,328,330,331,333,334,336,337,339,340,342,343,430,432,434,436,438,440,442,444,446,448,450,452,454,456,458,460,461,462,464,465,467,468,470,471,473,474,476,477,479,480,482,483,485,486,488,489,491,492,494,495,497,498,500,501,503,504,506,507,594,596,598,600,602,604,606,608,610,612,614,616,618,620,622,624,625,626,628,629,631,632,634,635,637,638,640,641,643,644,646,647,649,650,652,653,655,656,658,659,661,662,664,665,667,668,670,671,758,759,760,828,829,830,881,882,883,934,935,936,987,988,989,1040,1041,1042,1093,1094,1095,1146,1147,1148,1199,1200,1201,1252,1253,1254,1305,1306,1307,1358,1359,1360,1411,1412,1413,1464,1465,1466,1517,1519,1521,1523,1525,1527,1529,1531,1533,1535,1537,1539,1541,1543,1545,1547,1548,1549,1551,1552,1554,1555,1557,1558,1560,1561,1563,1564,1566,1567,1569,1570,1572,1573,1575,1576,1578,1579,1581,1582,1584,1585,1587,1588,1590,1591,1593,1594,1681,1683,1685,1687,1689,1691,1693,1695,1697,1699,1701,1703,1705,1707,1709,1711,1712,1713,1715,1716,1718,1719,1721,1722,1724,1725,1727,1728,1730,1731,1733,1734,1736,1737,1739,1740,1742,1743,1745,1746,1748,1749,1751,1752,1754,1755,1757,1758,1845,1847,1849,1851,1853,1855,1857,1859,1861,1863,1865,1867,1869,1871,1873,1875,1876,1877,1879,1880,1882,1883,1885,1886,1888,1889,1891,1892,1894,1895,1897,1898,1900,1901,1903,1904,1906,1907,1909,1910,1912,1913,1915,1916,1918,1919,1921,1922,1984,2009,2011,2013,2015,2019,2021,2023,2025,2027,2029,2031,2033,2035,2037,2039,2040,2041,2043,2044,2046,2047,2049,2050,2052,2053,2055,2056,2058,2059,2061,2062,2064,2065,2067,2068,2070,2071,2073,2074,2076,2077,2079,2080,2082,2083,2085,2086,2147,2148,2149,2150,2154,2155,2156,2157,2161,2162,2163,2164,2168,2169,2170,2171	426	19	445	430	8	3460	1346	429	0	1080	445	39	2171
proposal	frontier	120	ed4cad2c6cc6c40362dd3087170c254b6eb38d42728bdcb1bc0c137aee92d4e5	5db14720d51c4d172cef6b978a91f9b60daf95b01bb10e2b0d737b2d6c208f5f	b10cb7f66e3519788ecec6edc4095541a24eaf642a3ed8877fbe87c85e8ba9c5	swap	1	1687	1676	426	133,134,136,137,139,140,142,143,145,146,148,149,151,152,154,155,157,158,160,161,163,164,166,167,169,170,172,173,175,176,178,179,266,268,270,272,274,276,278,280,282,284,286,288,290,292,294,296,297,298,300,301,303,304,306,307,309,310,312,313,315,316,318,319,321,322,324,325,327,328,330,331,333,334,336,337,339,340,342,343,430,432,434,436,438,440,442,444,446,448,450,452,454,456,458,460,461,462,464,465,467,468,470,471,473,474,476,477,479,480,482,483,485,486,488,489,491,492,494,495,497,498,500,501,503,504,506,507,594,596,598,600,602,604,606,608,610,612,614,616,618,620,622,624,625,626,628,629,631,632,634,635,637,638,640,641,643,644,646,647,649,650,652,653,655,656,658,659,661,662,664,665,667,668,670,671,758,759,760,828,829,830,881,882,883,934,935,936,987,988,989,1040,1041,1042,1093,1094,1095,1146,1147,1148,1199,1200,1201,1252,1253,1254,1305,1306,1307,1358,1359,1360,1411,1412,1413,1464,1465,1466,1517,1519,1521,1523,1525,1527,1529,1531,1533,1535,1537,1539,1541,1543,1545,1547,1548,1549,1551,1552,1554,1555,1557,1558,1560,1561,1563,1564,1566,1567,1569,1570,1572,1573,1575,1576,1578,1579,1581,1582,1584,1585,1587,1588,1590,1591,1593,1594,1676,1681,1683,1685,1689,1691,1693,1695,1697,1699,1701,1703,1705,1707,1709,1711,1712,1713,1715,1716,1718,1719,1721,1722,1724,1725,1727,1728,1730,1731,1733,1734,1736,1737,1739,1740,1742,1743,1745,1746,1748,1749,1751,1752,1754,1755,1757,1758,1845,1847,1849,1851,1853,1855,1857,1859,1861,1863,1865,1867,1869,1871,1873,1875,1876,1877,1879,1880,1882,1883,1885,1886,1888,1889,1891,1892,1894,1895,1897,1898,1900,1901,1903,1904,1906,1907,1909,1910,1912,1913,1915,1916,1918,1919,1921,1922,2009,2011,2013,2015,2017,2019,2021,2023,2025,2027,2029,2031,2033,2035,2037,2039,2040,2041,2043,2044,2046,2047,2049,2050,2052,2053,2055,2056,2058,2059,2061,2062,2064,2065,2067,2068,2070,2071,2073,2074,2076,2077,2079,2080,2082,2083,2085,2086,2147,2148,2149,2150,2154,2155,2156,2157,2161,2162,2163,2164,2168,2169,2170,2171	426	19	445	430	8	3460	1346	429	0	1080	445	39	2171
proposal	frontier	121	ef8752ff3a308f1417b2159a89844901d732ae6ebe342cfb4ca71c3bd4e9c9d7	e73074553bffb52df77c5afc0da5320c6e5265c8163ec9559679afae48a5b951	b10cb7f66e3519788ecec6edc4095541a24eaf642a3ed8877fbe87c85e8ba9c5	swap	1	1541	1509	426	133,134,136,137,139,140,142,143,145,146,148,149,151,152,154,155,157,158,160,161,163,164,166,167,169,170,172,173,175,176,178,179,266,268,270,272,274,276,278,280,282,284,286,288,290,292,294,296,297,298,300,301,303,304,306,307,309,310,312,313,315,316,318,319,321,322,324,325,327,328,330,331,333,334,336,337,339,340,342,343,430,432,434,436,438,440,442,444,446,448,450,452,454,456,458,460,461,462,464,465,467,468,470,471,473,474,476,477,479,480,482,483,485,486,488,489,491,492,494,495,497,498,500,501,503,504,506,507,594,596,598,600,602,604,606,608,610,612,614,616,618,620,622,624,625,626,628,629,631,632,634,635,637,638,640,641,643,644,646,647,649,650,652,653,655,656,658,659,661,662,664,665,667,668,670,671,758,759,760,828,829,830,881,882,883,934,935,936,987,988,989,1040,1041,1042,1093,1094,1095,1146,1147,1148,1199,1200,1201,1252,1253,1254,1305,1306,1307,1358,1359,1360,1411,1412,1413,1464,1465,1466,1509,1517,1519,1521,1523,1525,1527,1529,1531,1533,1535,1537,1539,1543,1545,1547,1548,1549,1551,1552,1554,1555,1557,1558,1560,1561,1563,1564,1566,1567,1569,1570,1572,1573,1575,1576,1578,1579,1581,1582,1584,1585,1587,1588,1590,1591,1593,1594,1681,1683,1685,1687,1689,1691,1693,1695,1697,1699,1701,1703,1705,1707,1709,1711,1712,1713,1715,1716,1718,1719,1721,1722,1724,1725,1727,1728,1730,1731,1733,1734,1736,1737,1739,1740,1742,1743,1745,1746,1748,1749,1751,1752,1754,1755,1757,1758,1845,1847,1849,1851,1853,1855,1857,1859,1861,1863,1865,1867,1869,1871,1873,1875,1876,1877,1879,1880,1882,1883,1885,1886,1888,1889,1891,1892,1894,1895,1897,1898,1900,1901,1903,1904,1906,1907,1909,1910,1912,1913,1915,1916,1918,1919,1921,1922,2009,2011,2013,2015,2017,2019,2021,2023,2025,2027,2029,2031,2033,2035,2037,2039,2040,2041,2043,2044,2046,2047,2049,2050,2052,2053,2055,2056,2058,2059,2061,2062,2064,2065,2067,2068,2070,2071,2073,2074,2076,2077,2079,2080,2082,2083,2085,2086,2147,2148,2149,2150,2154,2155,2156,2157,2161,2162,2163,2164,2168,2169,2170,2171	426	19	445	430	8	3460	1346	429	0	1080	445	39	2171
proposal	frontier	122	f4b69f8f89376df625ea339f7779590b1b911e29a22a25f5306c13a97b93471c	f0fea7fb1b796c79352fa8ac0f45cc8dc1b2daa7541a8a584f0e24e253037b24	b10cb7f66e3519788ecec6edc4095541a24eaf642a3ed8877fbe87c85e8ba9c5	swap	1	2031	2006	426	133,134,136,137,139,140,142,143,145,146,148,149,151,152,154,155,157,158,160,161,163,164,166,167,169,170,172,173,175,176,178,179,266,268,270,272,274,276,278,280,282,284,286,288,290,292,294,296,297,298,300,301,303,304,306,307,309,310,312,313,315,316,318,319,321,322,324,325,327,328,330,331,333,334,336,337,339,340,342,343,430,432,434,436,438,440,442,444,446,448,450,452,454,456,458,460,461,462,464,465,467,468,470,471,473,474,476,477,479,480,482,483,485,486,488,489,491,492,494,495,497,498,500,501,503,504,506,507,594,596,598,600,602,604,606,608,610,612,614,616,618,620,622,624,625,626,628,629,631,632,634,635,637,638,640,641,643,644,646,647,649,650,652,653,655,656,658,659,661,662,664,665,667,668,670,671,758,759,760,828,829,830,881,882,883,934,935,936,987,988,989,1040,1041,1042,1093,1094,1095,1146,1147,1148,1199,1200,1201,1252,1253,1254,1305,1306,1307,1358,1359,1360,1411,1412,1413,1464,1465,1466,1517,1519,1521,1523,1525,1527,1529,1531,1533,1535,1537,1539,1541,1543,1545,1547,1548,1549,1551,1552,1554,1555,1557,1558,1560,1561,1563,1564,1566,1567,1569,1570,1572,1573,1575,1576,1578,1579,1581,1582,1584,1585,1587,1588,1590,1591,1593,1594,1681,1683,1685,1687,1689,1691,1693,1695,1697,1699,1701,1703,1705,1707,1709,1711,1712,1713,1715,1716,1718,1719,1721,1722,1724,1725,1727,1728,1730,1731,1733,1734,1736,1737,1739,1740,1742,1743,1745,1746,1748,1749,1751,1752,1754,1755,1757,1758,1845,1847,1849,1851,1853,1855,1857,1859,1861,1863,1865,1867,1869,1871,1873,1875,1876,1877,1879,1880,1882,1883,1885,1886,1888,1889,1891,1892,1894,1895,1897,1898,1900,1901,1903,1904,1906,1907,1909,1910,1912,1913,1915,1916,1918,1919,1921,1922,2006,2009,2011,2013,2015,2017,2019,2021,2023,2025,2027,2029,2033,2035,2037,2039,2040,2041,2043,2044,2046,2047,2049,2050,2052,2053,2055,2056,2058,2059,2061,2062,2064,2065,2067,2068,2070,2071,2073,2074,2076,2077,2079,2080,2082,2083,2085,2086,2147,2148,2149,2150,2154,2155,2156,2157,2161,2162,2163,2164,2168,2169,2170,2171	426	19	445	430	8	3460	1346	429	0	1080	445	39	2171
proposal	frontier	123	f4c6ff5a075d73dbf90f0d664a4117ba8564348112d0f198b15fd3c5326dc089	2c182ecd6d2fb87f7d0bfc8739d87100d65aeb3696e0157f82cecd79aad16251	b10cb7f66e3519788ecec6edc4095541a24eaf642a3ed8877fbe87c85e8ba9c5	swap	1	294	257	426	133,134,136,137,139,140,142,143,145,146,148,149,151,152,154,155,157,158,160,161,163,164,166,167,169,170,172,173,175,176,178,179,257,266,268,270,272,274,276,278,280,282,284,286,288,290,292,296,297,298,300,301,303,304,306,307,309,310,312,313,315,316,318,319,321,322,324,325,327,328,330,331,333,334,336,337,339,340,342,343,430,432,434,436,438,440,442,444,446,448,450,452,454,456,458,460,461,462,464,465,467,468,470,471,473,474,476,477,479,480,482,483,485,486,488,489,491,492,494,495,497,498,500,501,503,504,506,507,594,596,598,600,602,604,606,608,610,612,614,616,618,620,622,624,625,626,628,629,631,632,634,635,637,638,640,641,643,644,646,647,649,650,652,653,655,656,658,659,661,662,664,665,667,668,670,671,758,759,760,828,829,830,881,882,883,934,935,936,987,988,989,1040,1041,1042,1093,1094,1095,1146,1147,1148,1199,1200,1201,1252,1253,1254,1305,1306,1307,1358,1359,1360,1411,1412,1413,1464,1465,1466,1517,1519,1521,1523,1525,1527,1529,1531,1533,1535,1537,1539,1541,1543,1545,1547,1548,1549,1551,1552,1554,1555,1557,1558,1560,1561,1563,1564,1566,1567,1569,1570,1572,1573,1575,1576,1578,1579,1581,1582,1584,1585,1587,1588,1590,1591,1593,1594,1681,1683,1685,1687,1689,1691,1693,1695,1697,1699,1701,1703,1705,1707,1709,1711,1712,1713,1715,1716,1718,1719,1721,1722,1724,1725,1727,1728,1730,1731,1733,1734,1736,1737,1739,1740,1742,1743,1745,1746,1748,1749,1751,1752,1754,1755,1757,1758,1845,1847,1849,1851,1853,1855,1857,1859,1861,1863,1865,1867,1869,1871,1873,1875,1876,1877,1879,1880,1882,1883,1885,1886,1888,1889,1891,1892,1894,1895,1897,1898,1900,1901,1903,1904,1906,1907,1909,1910,1912,1913,1915,1916,1918,1919,1921,1922,2009,2011,2013,2015,2017,2019,2021,2023,2025,2027,2029,2031,2033,2035,2037,2039,2040,2041,2043,2044,2046,2047,2049,2050,2052,2053,2055,2056,2058,2059,2061,2062,2064,2065,2067,2068,2070,2071,2073,2074,2076,2077,2079,2080,2082,2083,2085,2086,2147,2148,2149,2150,2154,2155,2156,2157,2161,2162,2163,2164,2168,2169,2170,2171	426	19	445	430	8	3460	1346	429	0	1080	445	39	2171
proposal	frontier	124	fd9c6af138414964c2a6962231a2952143e6c9febe0bfac8554b2f64f85a91c0	00525fd2b1c4e7633ed56c79ceb2ea65bbc97ec8a4659391256ba408fc0db7f1	b10cb7f66e3519788ecec6edc4095541a24eaf642a3ed8877fbe87c85e8ba9c5	swap	1	440	412	426	133,134,136,137,139,140,142,143,145,146,148,149,151,152,154,155,157,158,160,161,163,164,166,167,169,170,172,173,175,176,178,179,266,268,270,272,274,276,278,280,282,284,286,288,290,292,294,296,297,298,300,301,303,304,306,307,309,310,312,313,315,316,318,319,321,322,324,325,327,328,330,331,333,334,336,337,339,340,342,343,412,430,432,434,436,438,442,444,446,448,450,452,454,456,458,460,461,462,464,465,467,468,470,471,473,474,476,477,479,480,482,483,485,486,488,489,491,492,494,495,497,498,500,501,503,504,506,507,594,596,598,600,602,604,606,608,610,612,614,616,618,620,622,624,625,626,628,629,631,632,634,635,637,638,640,641,643,644,646,647,649,650,652,653,655,656,658,659,661,662,664,665,667,668,670,671,758,759,760,828,829,830,881,882,883,934,935,936,987,988,989,1040,1041,1042,1093,1094,1095,1146,1147,1148,1199,1200,1201,1252,1253,1254,1305,1306,1307,1358,1359,1360,1411,1412,1413,1464,1465,1466,1517,1519,1521,1523,1525,1527,1529,1531,1533,1535,1537,1539,1541,1543,1545,1547,1548,1549,1551,1552,1554,1555,1557,1558,1560,1561,1563,1564,1566,1567,1569,1570,1572,1573,1575,1576,1578,1579,1581,1582,1584,1585,1587,1588,1590,1591,1593,1594,1681,1683,1685,1687,1689,1691,1693,1695,1697,1699,1701,1703,1705,1707,1709,1711,1712,1713,1715,1716,1718,1719,1721,1722,1724,1725,1727,1728,1730,1731,1733,1734,1736,1737,1739,1740,1742,1743,1745,1746,1748,1749,1751,1752,1754,1755,1757,1758,1845,1847,1849,1851,1853,1855,1857,1859,1861,1863,1865,1867,1869,1871,1873,1875,1876,1877,1879,1880,1882,1883,1885,1886,1888,1889,1891,1892,1894,1895,1897,1898,1900,1901,1903,1904,1906,1907,1909,1910,1912,1913,1915,1916,1918,1919,1921,1922,2009,2011,2013,2015,2017,2019,2021,2023,2025,2027,2029,2031,2033,2035,2037,2039,2040,2041,2043,2044,2046,2047,2049,2050,2052,2053,2055,2056,2058,2059,2061,2062,2064,2065,2067,2068,2070,2071,2073,2074,2076,2077,2079,2080,2082,2083,2085,2086,2147,2148,2149,2150,2154,2155,2156,2157,2161,2162,2163,2164,2168,2169,2170,2171	426	19	445	430	8	3460	1346	429	0	1080	445	39	2171
proposal	frontier	125	feb957cf4784a7c2a062b4e16e58ee1708fe06b11062d0eee2a8aaa0ec05970e	5e4ea2379cbb4425dd7ce6a64eb243437a8754e127ef72dde2c6640c70624a37	b10cb7f66e3519788ecec6edc4095541a24eaf642a3ed8877fbe87c85e8ba9c5	swap	1	1358	1326	426	133,134,136,137,139,140,142,143,145,146,148,149,151,152,154,155,157,158,160,161,163,164,166,167,169,170,172,173,175,176,178,179,266,268,270,272,274,276,278,280,282,284,286,288,290,292,294,296,297,298,300,301,303,304,306,307,309,310,312,313,315,316,318,319,321,322,324,325,327,328,330,331,333,334,336,337,339,340,342,343,430,432,434,436,438,440,442,444,446,448,450,452,454,456,458,460,461,462,464,465,467,468,470,471,473,474,476,477,479,480,482,483,485,486,488,489,491,492,494,495,497,498,500,501,503,504,506,507,594,596,598,600,602,604,606,608,610,612,614,616,618,620,622,624,625,626,628,629,631,632,634,635,637,638,640,641,643,644,646,647,649,650,652,653,655,656,658,659,661,662,664,665,667,668,670,671,758,759,760,828,829,830,881,882,883,934,935,936,987,988,989,1040,1041,1042,1093,1094,1095,1146,1147,1148,1199,1200,1201,1252,1253,1254,1305,1306,1307,1326,1359,1360,1411,1412,1413,1464,1465,1466,1517,1519,1521,1523,1525,1527,1529,1531,1533,1535,1537,1539,1541,1543,1545,1547,1548,1549,1551,1552,1554,1555,1557,1558,1560,1561,1563,1564,1566,1567,1569,1570,1572,1573,1575,1576,1578,1579,1581,1582,1584,1585,1587,1588,1590,1591,1593,1594,1681,1683,1685,1687,1689,1691,1693,1695,1697,1699,1701,1703,1705,1707,1709,1711,1712,1713,1715,1716,1718,1719,1721,1722,1724,1725,1727,1728,1730,1731,1733,1734,1736,1737,1739,1740,1742,1743,1745,1746,1748,1749,1751,1752,1754,1755,1757,1758,1845,1847,1849,1851,1853,1855,1857,1859,1861,1863,1865,1867,1869,1871,1873,1875,1876,1877,1879,1880,1882,1883,1885,1886,1888,1889,1891,1892,1894,1895,1897,1898,1900,1901,1903,1904,1906,1907,1909,1910,1912,1913,1915,1916,1918,1919,1921,1922,2009,2011,2013,2015,2017,2019,2021,2023,2025,2027,2029,2031,2033,2035,2037,2039,2040,2041,2043,2044,2046,2047,2049,2050,2052,2053,2055,2056,2058,2059,2061,2062,2064,2065,2067,2068,2070,2071,2073,2074,2076,2077,2079,2080,2082,2083,2085,2086,2147,2148,2149,2150,2154,2155,2156,2157,2161,2162,2163,2164,2168,2169,2170,2171	426	19	445	430	8	3460	1346	429	0	1080	445	39	2171
proposal_scenario	class	proposal_ordinal	scenario_ordinal	log_size	rows	main_cells	interaction_cells	committed_cells	main_bytes	interaction_bytes	committed_bytes
proposal_scenario	baseline	0	0	4	16	7120	128	7248	28480	512	28992
proposal_scenario	baseline	0	1	6	64	28480	512	28992	113920	2048	115968
proposal_scenario	baseline	0	2	10	1024	455680	8192	463872	1822720	32768	1855488
proposal_scenario	baseline	0	3	14	16384	7290880	131072	7421952	29163520	524288	29687808
proposal_scenario	baseline	0	4	18	262144	116654080	2097152	118751232	466616320	8388608	475004928
proposal_scenario	frontier	0	0	4	16	7120	128	7248	28480	512	28992
proposal_scenario	frontier	0	1	6	64	28480	512	28992	113920	2048	115968
proposal_scenario	frontier	0	2	10	1024	455680	8192	463872	1822720	32768	1855488
proposal_scenario	frontier	0	3	14	16384	7290880	131072	7421952	29163520	524288	29687808
proposal_scenario	frontier	0	4	18	262144	116654080	2097152	118751232	466616320	8388608	475004928
proposal_scenario	frontier	1	0	4	16	7120	128	7248	28480	512	28992
proposal_scenario	frontier	1	1	6	64	28480	512	28992	113920	2048	115968
proposal_scenario	frontier	1	2	10	1024	455680	8192	463872	1822720	32768	1855488
proposal_scenario	frontier	1	3	14	16384	7290880	131072	7421952	29163520	524288	29687808
proposal_scenario	frontier	1	4	18	262144	116654080	2097152	118751232	466616320	8388608	475004928
proposal_scenario	frontier	2	0	4	16	7120	128	7248	28480	512	28992
proposal_scenario	frontier	2	1	6	64	28480	512	28992	113920	2048	115968
proposal_scenario	frontier	2	2	10	1024	455680	8192	463872	1822720	32768	1855488
proposal_scenario	frontier	2	3	14	16384	7290880	131072	7421952	29163520	524288	29687808
proposal_scenario	frontier	2	4	18	262144	116654080	2097152	118751232	466616320	8388608	475004928
proposal_scenario	frontier	3	0	4	16	7120	128	7248	28480	512	28992
proposal_scenario	frontier	3	1	6	64	28480	512	28992	113920	2048	115968
proposal_scenario	frontier	3	2	10	1024	455680	8192	463872	1822720	32768	1855488
proposal_scenario	frontier	3	3	14	16384	7290880	131072	7421952	29163520	524288	29687808
proposal_scenario	frontier	3	4	18	262144	116654080	2097152	118751232	466616320	8388608	475004928
proposal_scenario	frontier	4	0	4	16	7120	128	7248	28480	512	28992
proposal_scenario	frontier	4	1	6	64	28480	512	28992	113920	2048	115968
proposal_scenario	frontier	4	2	10	1024	455680	8192	463872	1822720	32768	1855488
proposal_scenario	frontier	4	3	14	16384	7290880	131072	7421952	29163520	524288	29687808
proposal_scenario	frontier	4	4	18	262144	116654080	2097152	118751232	466616320	8388608	475004928
proposal_scenario	frontier	5	0	4	16	7120	128	7248	28480	512	28992
proposal_scenario	frontier	5	1	6	64	28480	512	28992	113920	2048	115968
proposal_scenario	frontier	5	2	10	1024	455680	8192	463872	1822720	32768	1855488
proposal_scenario	frontier	5	3	14	16384	7290880	131072	7421952	29163520	524288	29687808
proposal_scenario	frontier	5	4	18	262144	116654080	2097152	118751232	466616320	8388608	475004928
proposal_scenario	frontier	6	0	4	16	7120	128	7248	28480	512	28992
proposal_scenario	frontier	6	1	6	64	28480	512	28992	113920	2048	115968
proposal_scenario	frontier	6	2	10	1024	455680	8192	463872	1822720	32768	1855488
proposal_scenario	frontier	6	3	14	16384	7290880	131072	7421952	29163520	524288	29687808
proposal_scenario	frontier	6	4	18	262144	116654080	2097152	118751232	466616320	8388608	475004928
proposal_scenario	frontier	7	0	4	16	7120	128	7248	28480	512	28992
proposal_scenario	frontier	7	1	6	64	28480	512	28992	113920	2048	115968
proposal_scenario	frontier	7	2	10	1024	455680	8192	463872	1822720	32768	1855488
proposal_scenario	frontier	7	3	14	16384	7290880	131072	7421952	29163520	524288	29687808
proposal_scenario	frontier	7	4	18	262144	116654080	2097152	118751232	466616320	8388608	475004928
proposal_scenario	frontier	8	0	4	16	7120	128	7248	28480	512	28992
proposal_scenario	frontier	8	1	6	64	28480	512	28992	113920	2048	115968
proposal_scenario	frontier	8	2	10	1024	455680	8192	463872	1822720	32768	1855488
proposal_scenario	frontier	8	3	14	16384	7290880	131072	7421952	29163520	524288	29687808
proposal_scenario	frontier	8	4	18	262144	116654080	2097152	118751232	466616320	8388608	475004928
proposal_scenario	frontier	9	0	4	16	7120	128	7248	28480	512	28992
proposal_scenario	frontier	9	1	6	64	28480	512	28992	113920	2048	115968
proposal_scenario	frontier	9	2	10	1024	455680	8192	463872	1822720	32768	1855488
proposal_scenario	frontier	9	3	14	16384	7290880	131072	7421952	29163520	524288	29687808
proposal_scenario	frontier	9	4	18	262144	116654080	2097152	118751232	466616320	8388608	475004928
proposal_scenario	frontier	10	0	4	16	7120	128	7248	28480	512	28992
proposal_scenario	frontier	10	1	6	64	28480	512	28992	113920	2048	115968
proposal_scenario	frontier	10	2	10	1024	455680	8192	463872	1822720	32768	1855488
proposal_scenario	frontier	10	3	14	16384	7290880	131072	7421952	29163520	524288	29687808
proposal_scenario	frontier	10	4	18	262144	116654080	2097152	118751232	466616320	8388608	475004928
proposal_scenario	frontier	11	0	4	16	7120	128	7248	28480	512	28992
proposal_scenario	frontier	11	1	6	64	28480	512	28992	113920	2048	115968
proposal_scenario	frontier	11	2	10	1024	455680	8192	463872	1822720	32768	1855488
proposal_scenario	frontier	11	3	14	16384	7290880	131072	7421952	29163520	524288	29687808
proposal_scenario	frontier	11	4	18	262144	116654080	2097152	118751232	466616320	8388608	475004928
proposal_scenario	frontier	12	0	4	16	7120	128	7248	28480	512	28992
proposal_scenario	frontier	12	1	6	64	28480	512	28992	113920	2048	115968
proposal_scenario	frontier	12	2	10	1024	455680	8192	463872	1822720	32768	1855488
proposal_scenario	frontier	12	3	14	16384	7290880	131072	7421952	29163520	524288	29687808
proposal_scenario	frontier	12	4	18	262144	116654080	2097152	118751232	466616320	8388608	475004928
proposal_scenario	frontier	13	0	4	16	7120	128	7248	28480	512	28992
proposal_scenario	frontier	13	1	6	64	28480	512	28992	113920	2048	115968
proposal_scenario	frontier	13	2	10	1024	455680	8192	463872	1822720	32768	1855488
proposal_scenario	frontier	13	3	14	16384	7290880	131072	7421952	29163520	524288	29687808
proposal_scenario	frontier	13	4	18	262144	116654080	2097152	118751232	466616320	8388608	475004928
proposal_scenario	frontier	14	0	4	16	7120	128	7248	28480	512	28992
proposal_scenario	frontier	14	1	6	64	28480	512	28992	113920	2048	115968
proposal_scenario	frontier	14	2	10	1024	455680	8192	463872	1822720	32768	1855488
proposal_scenario	frontier	14	3	14	16384	7290880	131072	7421952	29163520	524288	29687808
proposal_scenario	frontier	14	4	18	262144	116654080	2097152	118751232	466616320	8388608	475004928
proposal_scenario	frontier	15	0	4	16	7120	128	7248	28480	512	28992
proposal_scenario	frontier	15	1	6	64	28480	512	28992	113920	2048	115968
proposal_scenario	frontier	15	2	10	1024	455680	8192	463872	1822720	32768	1855488
proposal_scenario	frontier	15	3	14	16384	7290880	131072	7421952	29163520	524288	29687808
proposal_scenario	frontier	15	4	18	262144	116654080	2097152	118751232	466616320	8388608	475004928
proposal_scenario	frontier	16	0	4	16	7120	128	7248	28480	512	28992
proposal_scenario	frontier	16	1	6	64	28480	512	28992	113920	2048	115968
proposal_scenario	frontier	16	2	10	1024	455680	8192	463872	1822720	32768	1855488
proposal_scenario	frontier	16	3	14	16384	7290880	131072	7421952	29163520	524288	29687808
proposal_scenario	frontier	16	4	18	262144	116654080	2097152	118751232	466616320	8388608	475004928
proposal_scenario	frontier	17	0	4	16	7120	128	7248	28480	512	28992
proposal_scenario	frontier	17	1	6	64	28480	512	28992	113920	2048	115968
proposal_scenario	frontier	17	2	10	1024	455680	8192	463872	1822720	32768	1855488
proposal_scenario	frontier	17	3	14	16384	7290880	131072	7421952	29163520	524288	29687808
proposal_scenario	frontier	17	4	18	262144	116654080	2097152	118751232	466616320	8388608	475004928
proposal_scenario	frontier	18	0	4	16	7120	128	7248	28480	512	28992
proposal_scenario	frontier	18	1	6	64	28480	512	28992	113920	2048	115968
proposal_scenario	frontier	18	2	10	1024	455680	8192	463872	1822720	32768	1855488
proposal_scenario	frontier	18	3	14	16384	7290880	131072	7421952	29163520	524288	29687808
proposal_scenario	frontier	18	4	18	262144	116654080	2097152	118751232	466616320	8388608	475004928
proposal_scenario	frontier	19	0	4	16	7120	128	7248	28480	512	28992
proposal_scenario	frontier	19	1	6	64	28480	512	28992	113920	2048	115968
proposal_scenario	frontier	19	2	10	1024	455680	8192	463872	1822720	32768	1855488
proposal_scenario	frontier	19	3	14	16384	7290880	131072	7421952	29163520	524288	29687808
proposal_scenario	frontier	19	4	18	262144	116654080	2097152	118751232	466616320	8388608	475004928
proposal_scenario	frontier	20	0	4	16	7120	128	7248	28480	512	28992
proposal_scenario	frontier	20	1	6	64	28480	512	28992	113920	2048	115968
proposal_scenario	frontier	20	2	10	1024	455680	8192	463872	1822720	32768	1855488
proposal_scenario	frontier	20	3	14	16384	7290880	131072	7421952	29163520	524288	29687808
proposal_scenario	frontier	20	4	18	262144	116654080	2097152	118751232	466616320	8388608	475004928
proposal_scenario	frontier	21	0	4	16	7120	128	7248	28480	512	28992
proposal_scenario	frontier	21	1	6	64	28480	512	28992	113920	2048	115968
proposal_scenario	frontier	21	2	10	1024	455680	8192	463872	1822720	32768	1855488
proposal_scenario	frontier	21	3	14	16384	7290880	131072	7421952	29163520	524288	29687808
proposal_scenario	frontier	21	4	18	262144	116654080	2097152	118751232	466616320	8388608	475004928
proposal_scenario	frontier	22	0	4	16	7120	128	7248	28480	512	28992
proposal_scenario	frontier	22	1	6	64	28480	512	28992	113920	2048	115968
proposal_scenario	frontier	22	2	10	1024	455680	8192	463872	1822720	32768	1855488
proposal_scenario	frontier	22	3	14	16384	7290880	131072	7421952	29163520	524288	29687808
proposal_scenario	frontier	22	4	18	262144	116654080	2097152	118751232	466616320	8388608	475004928
proposal_scenario	frontier	23	0	4	16	7120	128	7248	28480	512	28992
proposal_scenario	frontier	23	1	6	64	28480	512	28992	113920	2048	115968
proposal_scenario	frontier	23	2	10	1024	455680	8192	463872	1822720	32768	1855488
proposal_scenario	frontier	23	3	14	16384	7290880	131072	7421952	29163520	524288	29687808
proposal_scenario	frontier	23	4	18	262144	116654080	2097152	118751232	466616320	8388608	475004928
proposal_scenario	frontier	24	0	4	16	7120	128	7248	28480	512	28992
proposal_scenario	frontier	24	1	6	64	28480	512	28992	113920	2048	115968
proposal_scenario	frontier	24	2	10	1024	455680	8192	463872	1822720	32768	1855488
proposal_scenario	frontier	24	3	14	16384	7290880	131072	7421952	29163520	524288	29687808
proposal_scenario	frontier	24	4	18	262144	116654080	2097152	118751232	466616320	8388608	475004928
proposal_scenario	frontier	25	0	4	16	7120	128	7248	28480	512	28992
proposal_scenario	frontier	25	1	6	64	28480	512	28992	113920	2048	115968
proposal_scenario	frontier	25	2	10	1024	455680	8192	463872	1822720	32768	1855488
proposal_scenario	frontier	25	3	14	16384	7290880	131072	7421952	29163520	524288	29687808
proposal_scenario	frontier	25	4	18	262144	116654080	2097152	118751232	466616320	8388608	475004928
proposal_scenario	frontier	26	0	4	16	7120	128	7248	28480	512	28992
proposal_scenario	frontier	26	1	6	64	28480	512	28992	113920	2048	115968
proposal_scenario	frontier	26	2	10	1024	455680	8192	463872	1822720	32768	1855488
proposal_scenario	frontier	26	3	14	16384	7290880	131072	7421952	29163520	524288	29687808
proposal_scenario	frontier	26	4	18	262144	116654080	2097152	118751232	466616320	8388608	475004928
proposal_scenario	frontier	27	0	4	16	7120	128	7248	28480	512	28992
proposal_scenario	frontier	27	1	6	64	28480	512	28992	113920	2048	115968
proposal_scenario	frontier	27	2	10	1024	455680	8192	463872	1822720	32768	1855488
proposal_scenario	frontier	27	3	14	16384	7290880	131072	7421952	29163520	524288	29687808
proposal_scenario	frontier	27	4	18	262144	116654080	2097152	118751232	466616320	8388608	475004928
proposal_scenario	frontier	28	0	4	16	7120	128	7248	28480	512	28992
proposal_scenario	frontier	28	1	6	64	28480	512	28992	113920	2048	115968
proposal_scenario	frontier	28	2	10	1024	455680	8192	463872	1822720	32768	1855488
proposal_scenario	frontier	28	3	14	16384	7290880	131072	7421952	29163520	524288	29687808
proposal_scenario	frontier	28	4	18	262144	116654080	2097152	118751232	466616320	8388608	475004928
proposal_scenario	frontier	29	0	4	16	7120	128	7248	28480	512	28992
proposal_scenario	frontier	29	1	6	64	28480	512	28992	113920	2048	115968
proposal_scenario	frontier	29	2	10	1024	455680	8192	463872	1822720	32768	1855488
proposal_scenario	frontier	29	3	14	16384	7290880	131072	7421952	29163520	524288	29687808
proposal_scenario	frontier	29	4	18	262144	116654080	2097152	118751232	466616320	8388608	475004928
proposal_scenario	frontier	30	0	4	16	7120	128	7248	28480	512	28992
proposal_scenario	frontier	30	1	6	64	28480	512	28992	113920	2048	115968
proposal_scenario	frontier	30	2	10	1024	455680	8192	463872	1822720	32768	1855488
proposal_scenario	frontier	30	3	14	16384	7290880	131072	7421952	29163520	524288	29687808
proposal_scenario	frontier	30	4	18	262144	116654080	2097152	118751232	466616320	8388608	475004928
proposal_scenario	frontier	31	0	4	16	7120	128	7248	28480	512	28992
proposal_scenario	frontier	31	1	6	64	28480	512	28992	113920	2048	115968
proposal_scenario	frontier	31	2	10	1024	455680	8192	463872	1822720	32768	1855488
proposal_scenario	frontier	31	3	14	16384	7290880	131072	7421952	29163520	524288	29687808
proposal_scenario	frontier	31	4	18	262144	116654080	2097152	118751232	466616320	8388608	475004928
proposal_scenario	frontier	32	0	4	16	7120	128	7248	28480	512	28992
proposal_scenario	frontier	32	1	6	64	28480	512	28992	113920	2048	115968
proposal_scenario	frontier	32	2	10	1024	455680	8192	463872	1822720	32768	1855488
proposal_scenario	frontier	32	3	14	16384	7290880	131072	7421952	29163520	524288	29687808
proposal_scenario	frontier	32	4	18	262144	116654080	2097152	118751232	466616320	8388608	475004928
proposal_scenario	frontier	33	0	4	16	7120	128	7248	28480	512	28992
proposal_scenario	frontier	33	1	6	64	28480	512	28992	113920	2048	115968
proposal_scenario	frontier	33	2	10	1024	455680	8192	463872	1822720	32768	1855488
proposal_scenario	frontier	33	3	14	16384	7290880	131072	7421952	29163520	524288	29687808
proposal_scenario	frontier	33	4	18	262144	116654080	2097152	118751232	466616320	8388608	475004928
proposal_scenario	frontier	34	0	4	16	7120	128	7248	28480	512	28992
proposal_scenario	frontier	34	1	6	64	28480	512	28992	113920	2048	115968
proposal_scenario	frontier	34	2	10	1024	455680	8192	463872	1822720	32768	1855488
proposal_scenario	frontier	34	3	14	16384	7290880	131072	7421952	29163520	524288	29687808
proposal_scenario	frontier	34	4	18	262144	116654080	2097152	118751232	466616320	8388608	475004928
proposal_scenario	frontier	35	0	4	16	7120	128	7248	28480	512	28992
proposal_scenario	frontier	35	1	6	64	28480	512	28992	113920	2048	115968
proposal_scenario	frontier	35	2	10	1024	455680	8192	463872	1822720	32768	1855488
proposal_scenario	frontier	35	3	14	16384	7290880	131072	7421952	29163520	524288	29687808
proposal_scenario	frontier	35	4	18	262144	116654080	2097152	118751232	466616320	8388608	475004928
proposal_scenario	frontier	36	0	4	16	7120	128	7248	28480	512	28992
proposal_scenario	frontier	36	1	6	64	28480	512	28992	113920	2048	115968
proposal_scenario	frontier	36	2	10	1024	455680	8192	463872	1822720	32768	1855488
proposal_scenario	frontier	36	3	14	16384	7290880	131072	7421952	29163520	524288	29687808
proposal_scenario	frontier	36	4	18	262144	116654080	2097152	118751232	466616320	8388608	475004928
proposal_scenario	frontier	37	0	4	16	7120	128	7248	28480	512	28992
proposal_scenario	frontier	37	1	6	64	28480	512	28992	113920	2048	115968
proposal_scenario	frontier	37	2	10	1024	455680	8192	463872	1822720	32768	1855488
proposal_scenario	frontier	37	3	14	16384	7290880	131072	7421952	29163520	524288	29687808
proposal_scenario	frontier	37	4	18	262144	116654080	2097152	118751232	466616320	8388608	475004928
proposal_scenario	frontier	38	0	4	16	7120	128	7248	28480	512	28992
proposal_scenario	frontier	38	1	6	64	28480	512	28992	113920	2048	115968
proposal_scenario	frontier	38	2	10	1024	455680	8192	463872	1822720	32768	1855488
proposal_scenario	frontier	38	3	14	16384	7290880	131072	7421952	29163520	524288	29687808
proposal_scenario	frontier	38	4	18	262144	116654080	2097152	118751232	466616320	8388608	475004928
proposal_scenario	frontier	39	0	4	16	7120	128	7248	28480	512	28992
proposal_scenario	frontier	39	1	6	64	28480	512	28992	113920	2048	115968
proposal_scenario	frontier	39	2	10	1024	455680	8192	463872	1822720	32768	1855488
proposal_scenario	frontier	39	3	14	16384	7290880	131072	7421952	29163520	524288	29687808
proposal_scenario	frontier	39	4	18	262144	116654080	2097152	118751232	466616320	8388608	475004928
proposal_scenario	frontier	40	0	4	16	7120	128	7248	28480	512	28992
proposal_scenario	frontier	40	1	6	64	28480	512	28992	113920	2048	115968
proposal_scenario	frontier	40	2	10	1024	455680	8192	463872	1822720	32768	1855488
proposal_scenario	frontier	40	3	14	16384	7290880	131072	7421952	29163520	524288	29687808
proposal_scenario	frontier	40	4	18	262144	116654080	2097152	118751232	466616320	8388608	475004928
proposal_scenario	frontier	41	0	4	16	7120	128	7248	28480	512	28992
proposal_scenario	frontier	41	1	6	64	28480	512	28992	113920	2048	115968
proposal_scenario	frontier	41	2	10	1024	455680	8192	463872	1822720	32768	1855488
proposal_scenario	frontier	41	3	14	16384	7290880	131072	7421952	29163520	524288	29687808
proposal_scenario	frontier	41	4	18	262144	116654080	2097152	118751232	466616320	8388608	475004928
proposal_scenario	frontier	42	0	4	16	7120	128	7248	28480	512	28992
proposal_scenario	frontier	42	1	6	64	28480	512	28992	113920	2048	115968
proposal_scenario	frontier	42	2	10	1024	455680	8192	463872	1822720	32768	1855488
proposal_scenario	frontier	42	3	14	16384	7290880	131072	7421952	29163520	524288	29687808
proposal_scenario	frontier	42	4	18	262144	116654080	2097152	118751232	466616320	8388608	475004928
proposal_scenario	frontier	43	0	4	16	7120	128	7248	28480	512	28992
proposal_scenario	frontier	43	1	6	64	28480	512	28992	113920	2048	115968
proposal_scenario	frontier	43	2	10	1024	455680	8192	463872	1822720	32768	1855488
proposal_scenario	frontier	43	3	14	16384	7290880	131072	7421952	29163520	524288	29687808
proposal_scenario	frontier	43	4	18	262144	116654080	2097152	118751232	466616320	8388608	475004928
proposal_scenario	frontier	44	0	4	16	7120	128	7248	28480	512	28992
proposal_scenario	frontier	44	1	6	64	28480	512	28992	113920	2048	115968
proposal_scenario	frontier	44	2	10	1024	455680	8192	463872	1822720	32768	1855488
proposal_scenario	frontier	44	3	14	16384	7290880	131072	7421952	29163520	524288	29687808
proposal_scenario	frontier	44	4	18	262144	116654080	2097152	118751232	466616320	8388608	475004928
proposal_scenario	frontier	45	0	4	16	7120	128	7248	28480	512	28992
proposal_scenario	frontier	45	1	6	64	28480	512	28992	113920	2048	115968
proposal_scenario	frontier	45	2	10	1024	455680	8192	463872	1822720	32768	1855488
proposal_scenario	frontier	45	3	14	16384	7290880	131072	7421952	29163520	524288	29687808
proposal_scenario	frontier	45	4	18	262144	116654080	2097152	118751232	466616320	8388608	475004928
proposal_scenario	frontier	46	0	4	16	7120	128	7248	28480	512	28992
proposal_scenario	frontier	46	1	6	64	28480	512	28992	113920	2048	115968
proposal_scenario	frontier	46	2	10	1024	455680	8192	463872	1822720	32768	1855488
proposal_scenario	frontier	46	3	14	16384	7290880	131072	7421952	29163520	524288	29687808
proposal_scenario	frontier	46	4	18	262144	116654080	2097152	118751232	466616320	8388608	475004928
proposal_scenario	frontier	47	0	4	16	7120	128	7248	28480	512	28992
proposal_scenario	frontier	47	1	6	64	28480	512	28992	113920	2048	115968
proposal_scenario	frontier	47	2	10	1024	455680	8192	463872	1822720	32768	1855488
proposal_scenario	frontier	47	3	14	16384	7290880	131072	7421952	29163520	524288	29687808
proposal_scenario	frontier	47	4	18	262144	116654080	2097152	118751232	466616320	8388608	475004928
proposal_scenario	frontier	48	0	4	16	7120	128	7248	28480	512	28992
proposal_scenario	frontier	48	1	6	64	28480	512	28992	113920	2048	115968
proposal_scenario	frontier	48	2	10	1024	455680	8192	463872	1822720	32768	1855488
proposal_scenario	frontier	48	3	14	16384	7290880	131072	7421952	29163520	524288	29687808
proposal_scenario	frontier	48	4	18	262144	116654080	2097152	118751232	466616320	8388608	475004928
proposal_scenario	frontier	49	0	4	16	7120	128	7248	28480	512	28992
proposal_scenario	frontier	49	1	6	64	28480	512	28992	113920	2048	115968
proposal_scenario	frontier	49	2	10	1024	455680	8192	463872	1822720	32768	1855488
proposal_scenario	frontier	49	3	14	16384	7290880	131072	7421952	29163520	524288	29687808
proposal_scenario	frontier	49	4	18	262144	116654080	2097152	118751232	466616320	8388608	475004928
proposal_scenario	frontier	50	0	4	16	7120	128	7248	28480	512	28992
proposal_scenario	frontier	50	1	6	64	28480	512	28992	113920	2048	115968
proposal_scenario	frontier	50	2	10	1024	455680	8192	463872	1822720	32768	1855488
proposal_scenario	frontier	50	3	14	16384	7290880	131072	7421952	29163520	524288	29687808
proposal_scenario	frontier	50	4	18	262144	116654080	2097152	118751232	466616320	8388608	475004928
proposal_scenario	frontier	51	0	4	16	7120	128	7248	28480	512	28992
proposal_scenario	frontier	51	1	6	64	28480	512	28992	113920	2048	115968
proposal_scenario	frontier	51	2	10	1024	455680	8192	463872	1822720	32768	1855488
proposal_scenario	frontier	51	3	14	16384	7290880	131072	7421952	29163520	524288	29687808
proposal_scenario	frontier	51	4	18	262144	116654080	2097152	118751232	466616320	8388608	475004928
proposal_scenario	frontier	52	0	4	16	7120	128	7248	28480	512	28992
proposal_scenario	frontier	52	1	6	64	28480	512	28992	113920	2048	115968
proposal_scenario	frontier	52	2	10	1024	455680	8192	463872	1822720	32768	1855488
proposal_scenario	frontier	52	3	14	16384	7290880	131072	7421952	29163520	524288	29687808
proposal_scenario	frontier	52	4	18	262144	116654080	2097152	118751232	466616320	8388608	475004928
proposal_scenario	frontier	53	0	4	16	7120	128	7248	28480	512	28992
proposal_scenario	frontier	53	1	6	64	28480	512	28992	113920	2048	115968
proposal_scenario	frontier	53	2	10	1024	455680	8192	463872	1822720	32768	1855488
proposal_scenario	frontier	53	3	14	16384	7290880	131072	7421952	29163520	524288	29687808
proposal_scenario	frontier	53	4	18	262144	116654080	2097152	118751232	466616320	8388608	475004928
proposal_scenario	frontier	54	0	4	16	7120	128	7248	28480	512	28992
proposal_scenario	frontier	54	1	6	64	28480	512	28992	113920	2048	115968
proposal_scenario	frontier	54	2	10	1024	455680	8192	463872	1822720	32768	1855488
proposal_scenario	frontier	54	3	14	16384	7290880	131072	7421952	29163520	524288	29687808
proposal_scenario	frontier	54	4	18	262144	116654080	2097152	118751232	466616320	8388608	475004928
proposal_scenario	frontier	55	0	4	16	7120	128	7248	28480	512	28992
proposal_scenario	frontier	55	1	6	64	28480	512	28992	113920	2048	115968
proposal_scenario	frontier	55	2	10	1024	455680	8192	463872	1822720	32768	1855488
proposal_scenario	frontier	55	3	14	16384	7290880	131072	7421952	29163520	524288	29687808
proposal_scenario	frontier	55	4	18	262144	116654080	2097152	118751232	466616320	8388608	475004928
proposal_scenario	frontier	56	0	4	16	7120	128	7248	28480	512	28992
proposal_scenario	frontier	56	1	6	64	28480	512	28992	113920	2048	115968
proposal_scenario	frontier	56	2	10	1024	455680	8192	463872	1822720	32768	1855488
proposal_scenario	frontier	56	3	14	16384	7290880	131072	7421952	29163520	524288	29687808
proposal_scenario	frontier	56	4	18	262144	116654080	2097152	118751232	466616320	8388608	475004928
proposal_scenario	frontier	57	0	4	16	7120	128	7248	28480	512	28992
proposal_scenario	frontier	57	1	6	64	28480	512	28992	113920	2048	115968
proposal_scenario	frontier	57	2	10	1024	455680	8192	463872	1822720	32768	1855488
proposal_scenario	frontier	57	3	14	16384	7290880	131072	7421952	29163520	524288	29687808
proposal_scenario	frontier	57	4	18	262144	116654080	2097152	118751232	466616320	8388608	475004928
proposal_scenario	frontier	58	0	4	16	7120	128	7248	28480	512	28992
proposal_scenario	frontier	58	1	6	64	28480	512	28992	113920	2048	115968
proposal_scenario	frontier	58	2	10	1024	455680	8192	463872	1822720	32768	1855488
proposal_scenario	frontier	58	3	14	16384	7290880	131072	7421952	29163520	524288	29687808
proposal_scenario	frontier	58	4	18	262144	116654080	2097152	118751232	466616320	8388608	475004928
proposal_scenario	frontier	59	0	4	16	7120	128	7248	28480	512	28992
proposal_scenario	frontier	59	1	6	64	28480	512	28992	113920	2048	115968
proposal_scenario	frontier	59	2	10	1024	455680	8192	463872	1822720	32768	1855488
proposal_scenario	frontier	59	3	14	16384	7290880	131072	7421952	29163520	524288	29687808
proposal_scenario	frontier	59	4	18	262144	116654080	2097152	118751232	466616320	8388608	475004928
proposal_scenario	frontier	60	0	4	16	7120	128	7248	28480	512	28992
proposal_scenario	frontier	60	1	6	64	28480	512	28992	113920	2048	115968
proposal_scenario	frontier	60	2	10	1024	455680	8192	463872	1822720	32768	1855488
proposal_scenario	frontier	60	3	14	16384	7290880	131072	7421952	29163520	524288	29687808
proposal_scenario	frontier	60	4	18	262144	116654080	2097152	118751232	466616320	8388608	475004928
proposal_scenario	frontier	61	0	4	16	7120	128	7248	28480	512	28992
proposal_scenario	frontier	61	1	6	64	28480	512	28992	113920	2048	115968
proposal_scenario	frontier	61	2	10	1024	455680	8192	463872	1822720	32768	1855488
proposal_scenario	frontier	61	3	14	16384	7290880	131072	7421952	29163520	524288	29687808
proposal_scenario	frontier	61	4	18	262144	116654080	2097152	118751232	466616320	8388608	475004928
proposal_scenario	frontier	62	0	4	16	7120	128	7248	28480	512	28992
proposal_scenario	frontier	62	1	6	64	28480	512	28992	113920	2048	115968
proposal_scenario	frontier	62	2	10	1024	455680	8192	463872	1822720	32768	1855488
proposal_scenario	frontier	62	3	14	16384	7290880	131072	7421952	29163520	524288	29687808
proposal_scenario	frontier	62	4	18	262144	116654080	2097152	118751232	466616320	8388608	475004928
proposal_scenario	frontier	63	0	4	16	7120	128	7248	28480	512	28992
proposal_scenario	frontier	63	1	6	64	28480	512	28992	113920	2048	115968
proposal_scenario	frontier	63	2	10	1024	455680	8192	463872	1822720	32768	1855488
proposal_scenario	frontier	63	3	14	16384	7290880	131072	7421952	29163520	524288	29687808
proposal_scenario	frontier	63	4	18	262144	116654080	2097152	118751232	466616320	8388608	475004928
proposal_scenario	frontier	64	0	4	16	7120	128	7248	28480	512	28992
proposal_scenario	frontier	64	1	6	64	28480	512	28992	113920	2048	115968
proposal_scenario	frontier	64	2	10	1024	455680	8192	463872	1822720	32768	1855488
proposal_scenario	frontier	64	3	14	16384	7290880	131072	7421952	29163520	524288	29687808
proposal_scenario	frontier	64	4	18	262144	116654080	2097152	118751232	466616320	8388608	475004928
proposal_scenario	frontier	65	0	4	16	7120	128	7248	28480	512	28992
proposal_scenario	frontier	65	1	6	64	28480	512	28992	113920	2048	115968
proposal_scenario	frontier	65	2	10	1024	455680	8192	463872	1822720	32768	1855488
proposal_scenario	frontier	65	3	14	16384	7290880	131072	7421952	29163520	524288	29687808
proposal_scenario	frontier	65	4	18	262144	116654080	2097152	118751232	466616320	8388608	475004928
proposal_scenario	frontier	66	0	4	16	7120	128	7248	28480	512	28992
proposal_scenario	frontier	66	1	6	64	28480	512	28992	113920	2048	115968
proposal_scenario	frontier	66	2	10	1024	455680	8192	463872	1822720	32768	1855488
proposal_scenario	frontier	66	3	14	16384	7290880	131072	7421952	29163520	524288	29687808
proposal_scenario	frontier	66	4	18	262144	116654080	2097152	118751232	466616320	8388608	475004928
proposal_scenario	frontier	67	0	4	16	7120	128	7248	28480	512	28992
proposal_scenario	frontier	67	1	6	64	28480	512	28992	113920	2048	115968
proposal_scenario	frontier	67	2	10	1024	455680	8192	463872	1822720	32768	1855488
proposal_scenario	frontier	67	3	14	16384	7290880	131072	7421952	29163520	524288	29687808
proposal_scenario	frontier	67	4	18	262144	116654080	2097152	118751232	466616320	8388608	475004928
proposal_scenario	frontier	68	0	4	16	7120	128	7248	28480	512	28992
proposal_scenario	frontier	68	1	6	64	28480	512	28992	113920	2048	115968
proposal_scenario	frontier	68	2	10	1024	455680	8192	463872	1822720	32768	1855488
proposal_scenario	frontier	68	3	14	16384	7290880	131072	7421952	29163520	524288	29687808
proposal_scenario	frontier	68	4	18	262144	116654080	2097152	118751232	466616320	8388608	475004928
proposal_scenario	frontier	69	0	4	16	7120	128	7248	28480	512	28992
proposal_scenario	frontier	69	1	6	64	28480	512	28992	113920	2048	115968
proposal_scenario	frontier	69	2	10	1024	455680	8192	463872	1822720	32768	1855488
proposal_scenario	frontier	69	3	14	16384	7290880	131072	7421952	29163520	524288	29687808
proposal_scenario	frontier	69	4	18	262144	116654080	2097152	118751232	466616320	8388608	475004928
proposal_scenario	frontier	70	0	4	16	7120	128	7248	28480	512	28992
proposal_scenario	frontier	70	1	6	64	28480	512	28992	113920	2048	115968
proposal_scenario	frontier	70	2	10	1024	455680	8192	463872	1822720	32768	1855488
proposal_scenario	frontier	70	3	14	16384	7290880	131072	7421952	29163520	524288	29687808
proposal_scenario	frontier	70	4	18	262144	116654080	2097152	118751232	466616320	8388608	475004928
proposal_scenario	frontier	71	0	4	16	7120	128	7248	28480	512	28992
proposal_scenario	frontier	71	1	6	64	28480	512	28992	113920	2048	115968
proposal_scenario	frontier	71	2	10	1024	455680	8192	463872	1822720	32768	1855488
proposal_scenario	frontier	71	3	14	16384	7290880	131072	7421952	29163520	524288	29687808
proposal_scenario	frontier	71	4	18	262144	116654080	2097152	118751232	466616320	8388608	475004928
proposal_scenario	frontier	72	0	4	16	7120	128	7248	28480	512	28992
proposal_scenario	frontier	72	1	6	64	28480	512	28992	113920	2048	115968
proposal_scenario	frontier	72	2	10	1024	455680	8192	463872	1822720	32768	1855488
proposal_scenario	frontier	72	3	14	16384	7290880	131072	7421952	29163520	524288	29687808
proposal_scenario	frontier	72	4	18	262144	116654080	2097152	118751232	466616320	8388608	475004928
proposal_scenario	frontier	73	0	4	16	7120	128	7248	28480	512	28992
proposal_scenario	frontier	73	1	6	64	28480	512	28992	113920	2048	115968
proposal_scenario	frontier	73	2	10	1024	455680	8192	463872	1822720	32768	1855488
proposal_scenario	frontier	73	3	14	16384	7290880	131072	7421952	29163520	524288	29687808
proposal_scenario	frontier	73	4	18	262144	116654080	2097152	118751232	466616320	8388608	475004928
proposal_scenario	frontier	74	0	4	16	7120	128	7248	28480	512	28992
proposal_scenario	frontier	74	1	6	64	28480	512	28992	113920	2048	115968
proposal_scenario	frontier	74	2	10	1024	455680	8192	463872	1822720	32768	1855488
proposal_scenario	frontier	74	3	14	16384	7290880	131072	7421952	29163520	524288	29687808
proposal_scenario	frontier	74	4	18	262144	116654080	2097152	118751232	466616320	8388608	475004928
proposal_scenario	frontier	75	0	4	16	7120	128	7248	28480	512	28992
proposal_scenario	frontier	75	1	6	64	28480	512	28992	113920	2048	115968
proposal_scenario	frontier	75	2	10	1024	455680	8192	463872	1822720	32768	1855488
proposal_scenario	frontier	75	3	14	16384	7290880	131072	7421952	29163520	524288	29687808
proposal_scenario	frontier	75	4	18	262144	116654080	2097152	118751232	466616320	8388608	475004928
proposal_scenario	frontier	76	0	4	16	7120	128	7248	28480	512	28992
proposal_scenario	frontier	76	1	6	64	28480	512	28992	113920	2048	115968
proposal_scenario	frontier	76	2	10	1024	455680	8192	463872	1822720	32768	1855488
proposal_scenario	frontier	76	3	14	16384	7290880	131072	7421952	29163520	524288	29687808
proposal_scenario	frontier	76	4	18	262144	116654080	2097152	118751232	466616320	8388608	475004928
proposal_scenario	frontier	77	0	4	16	7120	128	7248	28480	512	28992
proposal_scenario	frontier	77	1	6	64	28480	512	28992	113920	2048	115968
proposal_scenario	frontier	77	2	10	1024	455680	8192	463872	1822720	32768	1855488
proposal_scenario	frontier	77	3	14	16384	7290880	131072	7421952	29163520	524288	29687808
proposal_scenario	frontier	77	4	18	262144	116654080	2097152	118751232	466616320	8388608	475004928
proposal_scenario	frontier	78	0	4	16	7120	128	7248	28480	512	28992
proposal_scenario	frontier	78	1	6	64	28480	512	28992	113920	2048	115968
proposal_scenario	frontier	78	2	10	1024	455680	8192	463872	1822720	32768	1855488
proposal_scenario	frontier	78	3	14	16384	7290880	131072	7421952	29163520	524288	29687808
proposal_scenario	frontier	78	4	18	262144	116654080	2097152	118751232	466616320	8388608	475004928
proposal_scenario	frontier	79	0	4	16	7120	128	7248	28480	512	28992
proposal_scenario	frontier	79	1	6	64	28480	512	28992	113920	2048	115968
proposal_scenario	frontier	79	2	10	1024	455680	8192	463872	1822720	32768	1855488
proposal_scenario	frontier	79	3	14	16384	7290880	131072	7421952	29163520	524288	29687808
proposal_scenario	frontier	79	4	18	262144	116654080	2097152	118751232	466616320	8388608	475004928
proposal_scenario	frontier	80	0	4	16	7120	128	7248	28480	512	28992
proposal_scenario	frontier	80	1	6	64	28480	512	28992	113920	2048	115968
proposal_scenario	frontier	80	2	10	1024	455680	8192	463872	1822720	32768	1855488
proposal_scenario	frontier	80	3	14	16384	7290880	131072	7421952	29163520	524288	29687808
proposal_scenario	frontier	80	4	18	262144	116654080	2097152	118751232	466616320	8388608	475004928
proposal_scenario	frontier	81	0	4	16	7120	128	7248	28480	512	28992
proposal_scenario	frontier	81	1	6	64	28480	512	28992	113920	2048	115968
proposal_scenario	frontier	81	2	10	1024	455680	8192	463872	1822720	32768	1855488
proposal_scenario	frontier	81	3	14	16384	7290880	131072	7421952	29163520	524288	29687808
proposal_scenario	frontier	81	4	18	262144	116654080	2097152	118751232	466616320	8388608	475004928
proposal_scenario	frontier	82	0	4	16	7120	128	7248	28480	512	28992
proposal_scenario	frontier	82	1	6	64	28480	512	28992	113920	2048	115968
proposal_scenario	frontier	82	2	10	1024	455680	8192	463872	1822720	32768	1855488
proposal_scenario	frontier	82	3	14	16384	7290880	131072	7421952	29163520	524288	29687808
proposal_scenario	frontier	82	4	18	262144	116654080	2097152	118751232	466616320	8388608	475004928
proposal_scenario	frontier	83	0	4	16	7120	128	7248	28480	512	28992
proposal_scenario	frontier	83	1	6	64	28480	512	28992	113920	2048	115968
proposal_scenario	frontier	83	2	10	1024	455680	8192	463872	1822720	32768	1855488
proposal_scenario	frontier	83	3	14	16384	7290880	131072	7421952	29163520	524288	29687808
proposal_scenario	frontier	83	4	18	262144	116654080	2097152	118751232	466616320	8388608	475004928
proposal_scenario	frontier	84	0	4	16	7120	128	7248	28480	512	28992
proposal_scenario	frontier	84	1	6	64	28480	512	28992	113920	2048	115968
proposal_scenario	frontier	84	2	10	1024	455680	8192	463872	1822720	32768	1855488
proposal_scenario	frontier	84	3	14	16384	7290880	131072	7421952	29163520	524288	29687808
proposal_scenario	frontier	84	4	18	262144	116654080	2097152	118751232	466616320	8388608	475004928
proposal_scenario	frontier	85	0	4	16	7120	128	7248	28480	512	28992
proposal_scenario	frontier	85	1	6	64	28480	512	28992	113920	2048	115968
proposal_scenario	frontier	85	2	10	1024	455680	8192	463872	1822720	32768	1855488
proposal_scenario	frontier	85	3	14	16384	7290880	131072	7421952	29163520	524288	29687808
proposal_scenario	frontier	85	4	18	262144	116654080	2097152	118751232	466616320	8388608	475004928
proposal_scenario	frontier	86	0	4	16	7120	128	7248	28480	512	28992
proposal_scenario	frontier	86	1	6	64	28480	512	28992	113920	2048	115968
proposal_scenario	frontier	86	2	10	1024	455680	8192	463872	1822720	32768	1855488
proposal_scenario	frontier	86	3	14	16384	7290880	131072	7421952	29163520	524288	29687808
proposal_scenario	frontier	86	4	18	262144	116654080	2097152	118751232	466616320	8388608	475004928
proposal_scenario	frontier	87	0	4	16	7120	128	7248	28480	512	28992
proposal_scenario	frontier	87	1	6	64	28480	512	28992	113920	2048	115968
proposal_scenario	frontier	87	2	10	1024	455680	8192	463872	1822720	32768	1855488
proposal_scenario	frontier	87	3	14	16384	7290880	131072	7421952	29163520	524288	29687808
proposal_scenario	frontier	87	4	18	262144	116654080	2097152	118751232	466616320	8388608	475004928
proposal_scenario	frontier	88	0	4	16	7120	128	7248	28480	512	28992
proposal_scenario	frontier	88	1	6	64	28480	512	28992	113920	2048	115968
proposal_scenario	frontier	88	2	10	1024	455680	8192	463872	1822720	32768	1855488
proposal_scenario	frontier	88	3	14	16384	7290880	131072	7421952	29163520	524288	29687808
proposal_scenario	frontier	88	4	18	262144	116654080	2097152	118751232	466616320	8388608	475004928
proposal_scenario	frontier	89	0	4	16	7120	128	7248	28480	512	28992
proposal_scenario	frontier	89	1	6	64	28480	512	28992	113920	2048	115968
proposal_scenario	frontier	89	2	10	1024	455680	8192	463872	1822720	32768	1855488
proposal_scenario	frontier	89	3	14	16384	7290880	131072	7421952	29163520	524288	29687808
proposal_scenario	frontier	89	4	18	262144	116654080	2097152	118751232	466616320	8388608	475004928
proposal_scenario	frontier	90	0	4	16	7120	128	7248	28480	512	28992
proposal_scenario	frontier	90	1	6	64	28480	512	28992	113920	2048	115968
proposal_scenario	frontier	90	2	10	1024	455680	8192	463872	1822720	32768	1855488
proposal_scenario	frontier	90	3	14	16384	7290880	131072	7421952	29163520	524288	29687808
proposal_scenario	frontier	90	4	18	262144	116654080	2097152	118751232	466616320	8388608	475004928
proposal_scenario	frontier	91	0	4	16	7120	128	7248	28480	512	28992
proposal_scenario	frontier	91	1	6	64	28480	512	28992	113920	2048	115968
proposal_scenario	frontier	91	2	10	1024	455680	8192	463872	1822720	32768	1855488
proposal_scenario	frontier	91	3	14	16384	7290880	131072	7421952	29163520	524288	29687808
proposal_scenario	frontier	91	4	18	262144	116654080	2097152	118751232	466616320	8388608	475004928
proposal_scenario	frontier	92	0	4	16	7120	128	7248	28480	512	28992
proposal_scenario	frontier	92	1	6	64	28480	512	28992	113920	2048	115968
proposal_scenario	frontier	92	2	10	1024	455680	8192	463872	1822720	32768	1855488
proposal_scenario	frontier	92	3	14	16384	7290880	131072	7421952	29163520	524288	29687808
proposal_scenario	frontier	92	4	18	262144	116654080	2097152	118751232	466616320	8388608	475004928
proposal_scenario	frontier	93	0	4	16	7120	128	7248	28480	512	28992
proposal_scenario	frontier	93	1	6	64	28480	512	28992	113920	2048	115968
proposal_scenario	frontier	93	2	10	1024	455680	8192	463872	1822720	32768	1855488
proposal_scenario	frontier	93	3	14	16384	7290880	131072	7421952	29163520	524288	29687808
proposal_scenario	frontier	93	4	18	262144	116654080	2097152	118751232	466616320	8388608	475004928
proposal_scenario	frontier	94	0	4	16	7120	128	7248	28480	512	28992
proposal_scenario	frontier	94	1	6	64	28480	512	28992	113920	2048	115968
proposal_scenario	frontier	94	2	10	1024	455680	8192	463872	1822720	32768	1855488
proposal_scenario	frontier	94	3	14	16384	7290880	131072	7421952	29163520	524288	29687808
proposal_scenario	frontier	94	4	18	262144	116654080	2097152	118751232	466616320	8388608	475004928
proposal_scenario	frontier	95	0	4	16	7120	128	7248	28480	512	28992
proposal_scenario	frontier	95	1	6	64	28480	512	28992	113920	2048	115968
proposal_scenario	frontier	95	2	10	1024	455680	8192	463872	1822720	32768	1855488
proposal_scenario	frontier	95	3	14	16384	7290880	131072	7421952	29163520	524288	29687808
proposal_scenario	frontier	95	4	18	262144	116654080	2097152	118751232	466616320	8388608	475004928
proposal_scenario	frontier	96	0	4	16	7120	128	7248	28480	512	28992
proposal_scenario	frontier	96	1	6	64	28480	512	28992	113920	2048	115968
proposal_scenario	frontier	96	2	10	1024	455680	8192	463872	1822720	32768	1855488
proposal_scenario	frontier	96	3	14	16384	7290880	131072	7421952	29163520	524288	29687808
proposal_scenario	frontier	96	4	18	262144	116654080	2097152	118751232	466616320	8388608	475004928
proposal_scenario	frontier	97	0	4	16	7120	128	7248	28480	512	28992
proposal_scenario	frontier	97	1	6	64	28480	512	28992	113920	2048	115968
proposal_scenario	frontier	97	2	10	1024	455680	8192	463872	1822720	32768	1855488
proposal_scenario	frontier	97	3	14	16384	7290880	131072	7421952	29163520	524288	29687808
proposal_scenario	frontier	97	4	18	262144	116654080	2097152	118751232	466616320	8388608	475004928
proposal_scenario	frontier	98	0	4	16	7120	128	7248	28480	512	28992
proposal_scenario	frontier	98	1	6	64	28480	512	28992	113920	2048	115968
proposal_scenario	frontier	98	2	10	1024	455680	8192	463872	1822720	32768	1855488
proposal_scenario	frontier	98	3	14	16384	7290880	131072	7421952	29163520	524288	29687808
proposal_scenario	frontier	98	4	18	262144	116654080	2097152	118751232	466616320	8388608	475004928
proposal_scenario	frontier	99	0	4	16	7120	128	7248	28480	512	28992
proposal_scenario	frontier	99	1	6	64	28480	512	28992	113920	2048	115968
proposal_scenario	frontier	99	2	10	1024	455680	8192	463872	1822720	32768	1855488
proposal_scenario	frontier	99	3	14	16384	7290880	131072	7421952	29163520	524288	29687808
proposal_scenario	frontier	99	4	18	262144	116654080	2097152	118751232	466616320	8388608	475004928
proposal_scenario	frontier	100	0	4	16	7120	128	7248	28480	512	28992
proposal_scenario	frontier	100	1	6	64	28480	512	28992	113920	2048	115968
proposal_scenario	frontier	100	2	10	1024	455680	8192	463872	1822720	32768	1855488
proposal_scenario	frontier	100	3	14	16384	7290880	131072	7421952	29163520	524288	29687808
proposal_scenario	frontier	100	4	18	262144	116654080	2097152	118751232	466616320	8388608	475004928
proposal_scenario	frontier	101	0	4	16	7120	128	7248	28480	512	28992
proposal_scenario	frontier	101	1	6	64	28480	512	28992	113920	2048	115968
proposal_scenario	frontier	101	2	10	1024	455680	8192	463872	1822720	32768	1855488
proposal_scenario	frontier	101	3	14	16384	7290880	131072	7421952	29163520	524288	29687808
proposal_scenario	frontier	101	4	18	262144	116654080	2097152	118751232	466616320	8388608	475004928
proposal_scenario	frontier	102	0	4	16	7120	128	7248	28480	512	28992
proposal_scenario	frontier	102	1	6	64	28480	512	28992	113920	2048	115968
proposal_scenario	frontier	102	2	10	1024	455680	8192	463872	1822720	32768	1855488
proposal_scenario	frontier	102	3	14	16384	7290880	131072	7421952	29163520	524288	29687808
proposal_scenario	frontier	102	4	18	262144	116654080	2097152	118751232	466616320	8388608	475004928
proposal_scenario	frontier	103	0	4	16	7120	128	7248	28480	512	28992
proposal_scenario	frontier	103	1	6	64	28480	512	28992	113920	2048	115968
proposal_scenario	frontier	103	2	10	1024	455680	8192	463872	1822720	32768	1855488
proposal_scenario	frontier	103	3	14	16384	7290880	131072	7421952	29163520	524288	29687808
proposal_scenario	frontier	103	4	18	262144	116654080	2097152	118751232	466616320	8388608	475004928
proposal_scenario	frontier	104	0	4	16	7120	128	7248	28480	512	28992
proposal_scenario	frontier	104	1	6	64	28480	512	28992	113920	2048	115968
proposal_scenario	frontier	104	2	10	1024	455680	8192	463872	1822720	32768	1855488
proposal_scenario	frontier	104	3	14	16384	7290880	131072	7421952	29163520	524288	29687808
proposal_scenario	frontier	104	4	18	262144	116654080	2097152	118751232	466616320	8388608	475004928
proposal_scenario	frontier	105	0	4	16	7120	128	7248	28480	512	28992
proposal_scenario	frontier	105	1	6	64	28480	512	28992	113920	2048	115968
proposal_scenario	frontier	105	2	10	1024	455680	8192	463872	1822720	32768	1855488
proposal_scenario	frontier	105	3	14	16384	7290880	131072	7421952	29163520	524288	29687808
proposal_scenario	frontier	105	4	18	262144	116654080	2097152	118751232	466616320	8388608	475004928
proposal_scenario	frontier	106	0	4	16	7120	128	7248	28480	512	28992
proposal_scenario	frontier	106	1	6	64	28480	512	28992	113920	2048	115968
proposal_scenario	frontier	106	2	10	1024	455680	8192	463872	1822720	32768	1855488
proposal_scenario	frontier	106	3	14	16384	7290880	131072	7421952	29163520	524288	29687808
proposal_scenario	frontier	106	4	18	262144	116654080	2097152	118751232	466616320	8388608	475004928
proposal_scenario	frontier	107	0	4	16	7120	128	7248	28480	512	28992
proposal_scenario	frontier	107	1	6	64	28480	512	28992	113920	2048	115968
proposal_scenario	frontier	107	2	10	1024	455680	8192	463872	1822720	32768	1855488
proposal_scenario	frontier	107	3	14	16384	7290880	131072	7421952	29163520	524288	29687808
proposal_scenario	frontier	107	4	18	262144	116654080	2097152	118751232	466616320	8388608	475004928
proposal_scenario	frontier	108	0	4	16	7120	128	7248	28480	512	28992
proposal_scenario	frontier	108	1	6	64	28480	512	28992	113920	2048	115968
proposal_scenario	frontier	108	2	10	1024	455680	8192	463872	1822720	32768	1855488
proposal_scenario	frontier	108	3	14	16384	7290880	131072	7421952	29163520	524288	29687808
proposal_scenario	frontier	108	4	18	262144	116654080	2097152	118751232	466616320	8388608	475004928
proposal_scenario	frontier	109	0	4	16	7120	128	7248	28480	512	28992
proposal_scenario	frontier	109	1	6	64	28480	512	28992	113920	2048	115968
proposal_scenario	frontier	109	2	10	1024	455680	8192	463872	1822720	32768	1855488
proposal_scenario	frontier	109	3	14	16384	7290880	131072	7421952	29163520	524288	29687808
proposal_scenario	frontier	109	4	18	262144	116654080	2097152	118751232	466616320	8388608	475004928
proposal_scenario	frontier	110	0	4	16	7120	128	7248	28480	512	28992
proposal_scenario	frontier	110	1	6	64	28480	512	28992	113920	2048	115968
proposal_scenario	frontier	110	2	10	1024	455680	8192	463872	1822720	32768	1855488
proposal_scenario	frontier	110	3	14	16384	7290880	131072	7421952	29163520	524288	29687808
proposal_scenario	frontier	110	4	18	262144	116654080	2097152	118751232	466616320	8388608	475004928
proposal_scenario	frontier	111	0	4	16	7120	128	7248	28480	512	28992
proposal_scenario	frontier	111	1	6	64	28480	512	28992	113920	2048	115968
proposal_scenario	frontier	111	2	10	1024	455680	8192	463872	1822720	32768	1855488
proposal_scenario	frontier	111	3	14	16384	7290880	131072	7421952	29163520	524288	29687808
proposal_scenario	frontier	111	4	18	262144	116654080	2097152	118751232	466616320	8388608	475004928
proposal_scenario	frontier	112	0	4	16	7120	128	7248	28480	512	28992
proposal_scenario	frontier	112	1	6	64	28480	512	28992	113920	2048	115968
proposal_scenario	frontier	112	2	10	1024	455680	8192	463872	1822720	32768	1855488
proposal_scenario	frontier	112	3	14	16384	7290880	131072	7421952	29163520	524288	29687808
proposal_scenario	frontier	112	4	18	262144	116654080	2097152	118751232	466616320	8388608	475004928
proposal_scenario	frontier	113	0	4	16	7120	128	7248	28480	512	28992
proposal_scenario	frontier	113	1	6	64	28480	512	28992	113920	2048	115968
proposal_scenario	frontier	113	2	10	1024	455680	8192	463872	1822720	32768	1855488
proposal_scenario	frontier	113	3	14	16384	7290880	131072	7421952	29163520	524288	29687808
proposal_scenario	frontier	113	4	18	262144	116654080	2097152	118751232	466616320	8388608	475004928
proposal_scenario	frontier	114	0	4	16	7120	128	7248	28480	512	28992
proposal_scenario	frontier	114	1	6	64	28480	512	28992	113920	2048	115968
proposal_scenario	frontier	114	2	10	1024	455680	8192	463872	1822720	32768	1855488
proposal_scenario	frontier	114	3	14	16384	7290880	131072	7421952	29163520	524288	29687808
proposal_scenario	frontier	114	4	18	262144	116654080	2097152	118751232	466616320	8388608	475004928
proposal_scenario	frontier	115	0	4	16	7120	128	7248	28480	512	28992
proposal_scenario	frontier	115	1	6	64	28480	512	28992	113920	2048	115968
proposal_scenario	frontier	115	2	10	1024	455680	8192	463872	1822720	32768	1855488
proposal_scenario	frontier	115	3	14	16384	7290880	131072	7421952	29163520	524288	29687808
proposal_scenario	frontier	115	4	18	262144	116654080	2097152	118751232	466616320	8388608	475004928
proposal_scenario	frontier	116	0	4	16	7120	128	7248	28480	512	28992
proposal_scenario	frontier	116	1	6	64	28480	512	28992	113920	2048	115968
proposal_scenario	frontier	116	2	10	1024	455680	8192	463872	1822720	32768	1855488
proposal_scenario	frontier	116	3	14	16384	7290880	131072	7421952	29163520	524288	29687808
proposal_scenario	frontier	116	4	18	262144	116654080	2097152	118751232	466616320	8388608	475004928
proposal_scenario	frontier	117	0	4	16	7120	128	7248	28480	512	28992
proposal_scenario	frontier	117	1	6	64	28480	512	28992	113920	2048	115968
proposal_scenario	frontier	117	2	10	1024	455680	8192	463872	1822720	32768	1855488
proposal_scenario	frontier	117	3	14	16384	7290880	131072	7421952	29163520	524288	29687808
proposal_scenario	frontier	117	4	18	262144	116654080	2097152	118751232	466616320	8388608	475004928
proposal_scenario	frontier	118	0	4	16	7120	128	7248	28480	512	28992
proposal_scenario	frontier	118	1	6	64	28480	512	28992	113920	2048	115968
proposal_scenario	frontier	118	2	10	1024	455680	8192	463872	1822720	32768	1855488
proposal_scenario	frontier	118	3	14	16384	7290880	131072	7421952	29163520	524288	29687808
proposal_scenario	frontier	118	4	18	262144	116654080	2097152	118751232	466616320	8388608	475004928
proposal_scenario	frontier	119	0	4	16	7120	128	7248	28480	512	28992
proposal_scenario	frontier	119	1	6	64	28480	512	28992	113920	2048	115968
proposal_scenario	frontier	119	2	10	1024	455680	8192	463872	1822720	32768	1855488
proposal_scenario	frontier	119	3	14	16384	7290880	131072	7421952	29163520	524288	29687808
proposal_scenario	frontier	119	4	18	262144	116654080	2097152	118751232	466616320	8388608	475004928
proposal_scenario	frontier	120	0	4	16	7120	128	7248	28480	512	28992
proposal_scenario	frontier	120	1	6	64	28480	512	28992	113920	2048	115968
proposal_scenario	frontier	120	2	10	1024	455680	8192	463872	1822720	32768	1855488
proposal_scenario	frontier	120	3	14	16384	7290880	131072	7421952	29163520	524288	29687808
proposal_scenario	frontier	120	4	18	262144	116654080	2097152	118751232	466616320	8388608	475004928
proposal_scenario	frontier	121	0	4	16	7120	128	7248	28480	512	28992
proposal_scenario	frontier	121	1	6	64	28480	512	28992	113920	2048	115968
proposal_scenario	frontier	121	2	10	1024	455680	8192	463872	1822720	32768	1855488
proposal_scenario	frontier	121	3	14	16384	7290880	131072	7421952	29163520	524288	29687808
proposal_scenario	frontier	121	4	18	262144	116654080	2097152	118751232	466616320	8388608	475004928
proposal_scenario	frontier	122	0	4	16	7120	128	7248	28480	512	28992
proposal_scenario	frontier	122	1	6	64	28480	512	28992	113920	2048	115968
proposal_scenario	frontier	122	2	10	1024	455680	8192	463872	1822720	32768	1855488
proposal_scenario	frontier	122	3	14	16384	7290880	131072	7421952	29163520	524288	29687808
proposal_scenario	frontier	122	4	18	262144	116654080	2097152	118751232	466616320	8388608	475004928
proposal_scenario	frontier	123	0	4	16	7120	128	7248	28480	512	28992
proposal_scenario	frontier	123	1	6	64	28480	512	28992	113920	2048	115968
proposal_scenario	frontier	123	2	10	1024	455680	8192	463872	1822720	32768	1855488
proposal_scenario	frontier	123	3	14	16384	7290880	131072	7421952	29163520	524288	29687808
proposal_scenario	frontier	123	4	18	262144	116654080	2097152	118751232	466616320	8388608	475004928
proposal_scenario	frontier	124	0	4	16	7120	128	7248	28480	512	28992
proposal_scenario	frontier	124	1	6	64	28480	512	28992	113920	2048	115968
proposal_scenario	frontier	124	2	10	1024	455680	8192	463872	1822720	32768	1855488
proposal_scenario	frontier	124	3	14	16384	7290880	131072	7421952	29163520	524288	29687808
proposal_scenario	frontier	124	4	18	262144	116654080	2097152	118751232	466616320	8388608	475004928
proposal_scenario	frontier	125	0	4	16	7120	128	7248	28480	512	28992
proposal_scenario	frontier	125	1	6	64	28480	512	28992	113920	2048	115968
proposal_scenario	frontier	125	2	10	1024	455680	8192	463872	1822720	32768	1855488
proposal_scenario	frontier	125	3	14	16384	7290880	131072	7421952	29163520	524288	29687808
proposal_scenario	frontier	125	4	18	262144	116654080	2097152	118751232	466616320	8388608	475004928
