test-riscv-keccak-scaling-proof
+- complete VM Keccak scaling lifecycle identity guard
   +- run test stderr
RISCV_KECCAK_SHAPE calls=1 log_size=5 rows=29 preprocessed_columns=31 main_columns=2204 interaction_columns=4164
RISCV_KECCAK_STAGE calls=1 depth=0 id=riscv_ethereum_commitment_witness seconds=0.000560000
RISCV_KECCAK_STAGE calls=1 depth=0 id=riscv_ethereum_extension_witness seconds=0.005102000
RISCV_KECCAK_STAGE calls=1 depth=0 id=riscv_ethereum_preprocessed_commit seconds=0.029506000
RISCV_KECCAK_STAGE calls=1 depth=0 id=riscv_ethereum_main_commit seconds=0.882382000
RISCV_KECCAK_STAGE calls=1 depth=1 id=riscv_opcode_trace_generation seconds=0.002051000
RISCV_KECCAK_STAGE calls=1 depth=2 id=riscv_infrastructure_trace_generation seconds=0.001626000
RISCV_KECCAK_STAGE calls=1 depth=1 id=interpolate_columns seconds=0.000009000
RISCV_KECCAK_STAGE calls=1 depth=1 id=evaluate_extended_domain seconds=0.000011000
RISCV_KECCAK_STAGE calls=1 depth=1 id=interpolate_columns seconds=0.015725000
RISCV_KECCAK_STAGE calls=1 depth=1 id=evaluate_extended_domain seconds=0.000016000
RISCV_KECCAK_STAGE calls=1 depth=1 id=interpolate_columns seconds=0.000001000
RISCV_KECCAK_STAGE calls=1 depth=1 id=evaluate_extended_domain seconds=0.000006000
RISCV_KECCAK_STAGE calls=1 depth=1 id=interpolate_columns seconds=0.000001000
RISCV_KECCAK_STAGE calls=1 depth=1 id=evaluate_extended_domain seconds=0.000005000
RISCV_KECCAK_STAGE calls=1 depth=1 id=interpolate_columns seconds=0.000002000
RISCV_KECCAK_STAGE calls=1 depth=1 id=evaluate_extended_domain seconds=0.000007000
RISCV_KECCAK_STAGE calls=1 depth=1 id=interpolate_columns seconds=0.000001000
RISCV_KECCAK_STAGE calls=1 depth=1 id=evaluate_extended_domain seconds=0.000004000
RISCV_KECCAK_STAGE calls=1 depth=1 id=interpolate_columns seconds=0.000004000
RISCV_KECCAK_STAGE calls=1 depth=1 id=evaluate_extended_domain seconds=0.000006000
RISCV_KECCAK_STAGE calls=1 depth=1 id=interpolate_columns seconds=0.000002000
RISCV_KECCAK_STAGE calls=1 depth=1 id=evaluate_extended_domain seconds=0.000005000
RISCV_KECCAK_STAGE calls=1 depth=1 id=interpolate_columns seconds=0.000002000
RISCV_KECCAK_STAGE calls=1 depth=1 id=evaluate_extended_domain seconds=0.000004000
RISCV_KECCAK_STAGE calls=1 depth=1 id=interpolate_columns seconds=0.000001000
RISCV_KECCAK_STAGE calls=1 depth=1 id=evaluate_extended_domain seconds=0.000005000
RISCV_KECCAK_STAGE calls=1 depth=1 id=interpolate_columns seconds=0.000002000
RISCV_KECCAK_STAGE calls=1 depth=1 id=evaluate_extended_domain seconds=0.000004000
RISCV_KECCAK_STAGE calls=1 depth=1 id=interpolate_columns seconds=0.000001000
RISCV_KECCAK_STAGE calls=1 depth=1 id=evaluate_extended_domain seconds=0.000004000
RISCV_KECCAK_STAGE calls=1 depth=1 id=interpolate_columns seconds=0.000002000
RISCV_KECCAK_STAGE calls=1 depth=1 id=evaluate_extended_domain seconds=0.000004000
RISCV_KECCAK_STAGE calls=1 depth=1 id=interpolate_columns seconds=0.000001000
RISCV_KECCAK_STAGE calls=1 depth=1 id=evaluate_extended_domain seconds=0.000003000
RISCV_KECCAK_STAGE calls=1 depth=1 id=interpolate_columns seconds=0.000001000
RISCV_KECCAK_STAGE calls=1 depth=1 id=evaluate_extended_domain seconds=0.000004000
RISCV_KECCAK_STAGE calls=1 depth=1 id=interpolate_columns seconds=0.000001000
RISCV_KECCAK_STAGE calls=1 depth=1 id=evaluate_extended_domain seconds=0.000003000
RISCV_KECCAK_STAGE calls=1 depth=1 id=interpolate_columns seconds=0.000001000
RISCV_KECCAK_STAGE calls=1 depth=1 id=evaluate_extended_domain seconds=0.000003000
RISCV_KECCAK_STAGE calls=1 depth=1 id=interpolate_columns seconds=0.000001000
RISCV_KECCAK_STAGE calls=1 depth=1 id=evaluate_extended_domain seconds=0.000004000
RISCV_KECCAK_STAGE calls=1 depth=1 id=interpolate_columns seconds=0.000001000
RISCV_KECCAK_STAGE calls=1 depth=1 id=evaluate_extended_domain seconds=0.000003000
RISCV_KECCAK_STAGE calls=1 depth=1 id=interpolate_columns seconds=0.000001000
RISCV_KECCAK_STAGE calls=1 depth=1 id=evaluate_extended_domain seconds=0.000004000
RISCV_KECCAK_STAGE calls=1 depth=1 id=interpolate_columns seconds=0.000001000
RISCV_KECCAK_STAGE calls=1 depth=1 id=evaluate_extended_domain seconds=0.000004000
RISCV_KECCAK_STAGE calls=1 depth=1 id=interpolate_columns seconds=0.000002000
RISCV_KECCAK_STAGE calls=1 depth=1 id=evaluate_extended_domain seconds=0.000003000
RISCV_KECCAK_STAGE calls=1 depth=1 id=interpolate_columns seconds=0.000001000
RISCV_KECCAK_STAGE calls=1 depth=1 id=evaluate_extended_domain seconds=0.000004000
RISCV_KECCAK_STAGE calls=1 depth=1 id=interpolate_columns seconds=0.000001000
RISCV_KECCAK_STAGE calls=1 depth=1 id=evaluate_extended_domain seconds=0.000003000
RISCV_KECCAK_STAGE calls=1 depth=1 id=interpolate_columns seconds=0.000001000
RISCV_KECCAK_STAGE calls=1 depth=1 id=evaluate_extended_domain seconds=0.000005000
RISCV_KECCAK_STAGE calls=1 depth=1 id=interpolate_columns seconds=0.000001000
RISCV_KECCAK_STAGE calls=1 depth=1 id=evaluate_extended_domain seconds=0.000003000
RISCV_KECCAK_STAGE calls=1 depth=1 id=interpolate_columns seconds=0.000001000
RISCV_KECCAK_STAGE calls=1 depth=1 id=evaluate_extended_domain seconds=0.000004000
RISCV_KECCAK_STAGE calls=1 depth=1 id=interpolate_columns seconds=0.000001000
RISCV_KECCAK_STAGE calls=1 depth=1 id=evaluate_extended_domain seconds=0.000004000
RISCV_KECCAK_STAGE calls=1 depth=1 id=interpolate_columns seconds=0.000001000
RISCV_KECCAK_STAGE calls=1 depth=1 id=evaluate_extended_domain seconds=0.000004000
RISCV_KECCAK_STAGE calls=1 depth=1 id=interpolate_columns seconds=0.000001000
RISCV_KECCAK_STAGE calls=1 depth=1 id=evaluate_extended_domain seconds=0.000003000
RISCV_KECCAK_STAGE calls=1 depth=1 id=interpolate_columns seconds=0.000001000
RISCV_KECCAK_STAGE calls=1 depth=1 id=evaluate_extended_domain seconds=0.000004000
RISCV_KECCAK_STAGE calls=1 depth=1 id=interpolate_columns seconds=0.000001000
RISCV_KECCAK_STAGE calls=1 depth=1 id=evaluate_extended_domain seconds=0.000004000
RISCV_KECCAK_STAGE calls=1 depth=1 id=interpolate_columns seconds=0.000001000
RISCV_KECCAK_STAGE calls=1 depth=1 id=evaluate_extended_domain seconds=0.000004000
RISCV_KECCAK_STAGE calls=1 depth=1 id=interpolate_columns seconds=0.000001000
RISCV_KECCAK_STAGE calls=1 depth=1 id=evaluate_extended_domain seconds=0.000004000
RISCV_KECCAK_STAGE calls=1 depth=1 id=interpolate_columns seconds=0.000002000
RISCV_KECCAK_STAGE calls=1 depth=1 id=evaluate_extended_domain seconds=0.000003000
RISCV_KECCAK_STAGE calls=1 depth=1 id=interpolate_columns seconds=0.000001000
RISCV_KECCAK_STAGE calls=1 depth=1 id=evaluate_extended_domain seconds=0.000004000
RISCV_KECCAK_STAGE calls=1 depth=1 id=interpolate_columns seconds=0.000002000
RISCV_KECCAK_STAGE calls=1 depth=1 id=evaluate_extended_domain seconds=0.000003000
RISCV_KECCAK_STAGE calls=1 depth=1 id=interpolate_columns seconds=0.000001000
RISCV_KECCAK_STAGE calls=1 depth=1 id=evaluate_extended_domain seconds=0.000003000
RISCV_KECCAK_STAGE calls=1 depth=1 id=interpolate_columns seconds=0.000001000
RISCV_KECCAK_STAGE calls=1 depth=1 id=evaluate_extended_domain seconds=0.000003000
RISCV_KECCAK_STAGE calls=1 depth=1 id=interpolate_columns seconds=0.000001000
RISCV_KECCAK_STAGE calls=1 depth=1 id=evaluate_extended_domain seconds=0.000003000
RISCV_KECCAK_STAGE calls=1 depth=1 id=interpolate_columns seconds=0.000001000
RISCV_KECCAK_STAGE calls=1 depth=1 id=evaluate_extended_domain seconds=0.000004000
RISCV_KECCAK_STAGE calls=1 depth=1 id=interpolate_columns seconds=0.000001000
RISCV_KECCAK_STAGE calls=1 depth=1 id=evaluate_extended_domain seconds=0.000003000
RISCV_KECCAK_STAGE calls=1 depth=1 id=interpolate_columns seconds=0.000001000
RISCV_KECCAK_STAGE calls=1 depth=1 id=evaluate_extended_domain seconds=0.000003000
RISCV_KECCAK_STAGE calls=1 depth=1 id=interpolate_columns seconds=0.000001000
RISCV_KECCAK_STAGE calls=1 depth=1 id=evaluate_extended_domain seconds=0.000003000
RISCV_KECCAK_STAGE calls=1 depth=1 id=interpolate_columns seconds=0.000001000
RISCV_KECCAK_STAGE calls=1 depth=1 id=evaluate_extended_domain seconds=0.000004000
RISCV_KECCAK_STAGE calls=1 depth=1 id=interpolate_columns seconds=0.000001000
RISCV_KECCAK_STAGE calls=1 depth=1 id=evaluate_extended_domain seconds=0.000004000
RISCV_KECCAK_STAGE calls=1 depth=1 id=interpolate_columns seconds=0.000002000
RISCV_KECCAK_STAGE calls=1 depth=1 id=evaluate_extended_domain seconds=0.000003000
RISCV_KECCAK_STAGE calls=1 depth=1 id=interpolate_columns seconds=0.000002000
RISCV_KECCAK_STAGE calls=1 depth=1 id=evaluate_extended_domain seconds=0.000003000
RISCV_KECCAK_STAGE calls=1 depth=1 id=interpolate_columns seconds=0.000001000
RISCV_KECCAK_STAGE calls=1 depth=1 id=evaluate_extended_domain seconds=0.000004000
RISCV_KECCAK_STAGE calls=1 depth=1 id=interpolate_columns seconds=0.000002000
RISCV_KECCAK_STAGE calls=1 depth=1 id=evaluate_extended_domain seconds=0.000003000
RISCV_KECCAK_STAGE calls=1 depth=1 id=interpolate_columns seconds=0.000002000
RISCV_KECCAK_STAGE calls=1 depth=1 id=evaluate_extended_domain seconds=0.000003000
RISCV_KECCAK_STAGE calls=1 depth=1 id=interpolate_columns seconds=0.000001000
RISCV_KECCAK_STAGE calls=1 depth=1 id=evaluate_extended_domain seconds=0.000004000
RISCV_KECCAK_STAGE calls=1 depth=1 id=interpolate_columns seconds=0.000002000
RISCV_KECCAK_STAGE calls=1 depth=1 id=evaluate_extended_domain seconds=0.000003000
RISCV_KECCAK_STAGE calls=1 depth=1 id=interpolate_columns seconds=0.000002000
RISCV_KECCAK_STAGE calls=1 depth=1 id=evaluate_extended_domain seconds=0.000003000
RISCV_KECCAK_STAGE calls=1 depth=1 id=interpolate_columns seconds=0.000002000
RISCV_KECCAK_STAGE calls=1 depth=1 id=evaluate_extended_domain seconds=0.000003000
RISCV_KECCAK_STAGE calls=1 depth=1 id=interpolate_columns seconds=0.000002000
RISCV_KECCAK_STAGE calls=1 depth=1 id=evaluate_extended_domain seconds=0.000003000
RISCV_KECCAK_STAGE calls=1 depth=1 id=interpolate_columns seconds=0.000002000
RISCV_KECCAK_STAGE calls=1 depth=1 id=evaluate_extended_domain seconds=0.000004000
RISCV_KECCAK_STAGE calls=1 depth=1 id=interpolate_columns seconds=0.000002000
RISCV_KECCAK_STAGE calls=1 depth=1 id=evaluate_extended_domain seconds=0.000003000
RISCV_KECCAK_STAGE calls=1 depth=1 id=interpolate_columns seconds=0.000001000
RISCV_KECCAK_STAGE calls=1 depth=1 id=evaluate_extended_domain seconds=0.000003000
RISCV_KECCAK_STAGE calls=1 depth=1 id=interpolate_columns seconds=0.000001000
RISCV_KECCAK_STAGE calls=1 depth=1 id=evaluate_extended_domain seconds=0.000003000
RISCV_KECCAK_STAGE calls=1 depth=1 id=interpolate_columns seconds=0.000001000
RISCV_KECCAK_STAGE calls=1 depth=1 id=evaluate_extended_domain seconds=0.000003000
RISCV_KECCAK_STAGE calls=1 depth=1 id=interpolate_columns seconds=0.000001000
RISCV_KECCAK_STAGE calls=1 depth=1 id=evaluate_extended_domain seconds=0.000004000
RISCV_KECCAK_STAGE calls=1 depth=1 id=interpolate_columns seconds=0.000004000
RISCV_KECCAK_STAGE calls=1 depth=1 id=evaluate_extended_domain seconds=0.000008000
RISCV_KECCAK_STAGE calls=1 depth=1 id=interpolate_columns seconds=0.000008000
RISCV_KECCAK_STAGE calls=1 depth=1 id=evaluate_extended_domain seconds=0.000011000
RISCV_KECCAK_STAGE calls=1 depth=1 id=interpolate_columns seconds=0.000003000
RISCV_KECCAK_STAGE calls=1 depth=1 id=evaluate_extended_domain seconds=0.000008000
RISCV_KECCAK_STAGE calls=1 depth=1 id=interpolate_columns seconds=0.000003000
RISCV_KECCAK_STAGE calls=1 depth=1 id=evaluate_extended_domain seconds=0.000008000
RISCV_KECCAK_STAGE calls=1 depth=1 id=interpolate_columns seconds=0.000003000
RISCV_KECCAK_STAGE calls=1 depth=1 id=evaluate_extended_domain seconds=0.000008000
RISCV_KECCAK_STAGE calls=1 depth=1 id=interpolate_columns seconds=0.000003000
RISCV_KECCAK_STAGE calls=1 depth=1 id=evaluate_extended_domain seconds=0.000009000
RISCV_KECCAK_STAGE calls=1 depth=1 id=interpolate_columns seconds=0.000004000
RISCV_KECCAK_STAGE calls=1 depth=1 id=evaluate_extended_domain seconds=0.000006000
RISCV_KECCAK_STAGE calls=1 depth=1 id=interpolate_columns seconds=0.000003000
RISCV_KECCAK_STAGE calls=1 depth=1 id=evaluate_extended_domain seconds=0.000007000
RISCV_KECCAK_STAGE calls=1 depth=1 id=interpolate_columns seconds=0.000003000
RISCV_KECCAK_STAGE calls=1 depth=1 id=evaluate_extended_domain seconds=0.000007000
RISCV_KECCAK_STAGE calls=1 depth=1 id=interpolate_columns seconds=0.000003000
RISCV_KECCAK_STAGE calls=1 depth=1 id=evaluate_extended_domain seconds=0.000008000
RISCV_KECCAK_STAGE calls=1 depth=1 id=interpolate_columns seconds=0.000003000
RISCV_KECCAK_STAGE calls=1 depth=1 id=evaluate_extended_domain seconds=0.000009000
RISCV_KECCAK_STAGE calls=1 depth=1 id=interpolate_columns seconds=0.000004000
RISCV_KECCAK_STAGE calls=1 depth=1 id=evaluate_extended_domain seconds=0.000007000
RISCV_KECCAK_STAGE calls=1 depth=1 id=interpolate_columns seconds=0.000003000
RISCV_KECCAK_STAGE calls=1 depth=1 id=evaluate_extended_domain seconds=0.000008000
RISCV_KECCAK_STAGE calls=1 depth=1 id=interpolate_columns seconds=0.000003000
RISCV_KECCAK_STAGE calls=1 depth=1 id=evaluate_extended_domain seconds=0.000007000
RISCV_KECCAK_STAGE calls=1 depth=1 id=interpolate_columns seconds=0.000003000
RISCV_KECCAK_STAGE calls=1 depth=1 id=evaluate_extended_domain seconds=0.000009000
RISCV_KECCAK_STAGE calls=1 depth=1 id=interpolate_columns seconds=0.000003000
RISCV_KECCAK_STAGE calls=1 depth=1 id=evaluate_extended_domain seconds=0.000009000
RISCV_KECCAK_STAGE calls=1 depth=1 id=interpolate_columns seconds=0.000003000
RISCV_KECCAK_STAGE calls=1 depth=1 id=evaluate_extended_domain seconds=0.000007000
RISCV_KECCAK_STAGE calls=1 depth=1 id=interpolate_columns seconds=0.000003000
RISCV_KECCAK_STAGE calls=1 depth=1 id=evaluate_extended_domain seconds=0.000008000
RISCV_KECCAK_STAGE calls=1 depth=1 id=interpolate_columns seconds=0.000003000
RISCV_KECCAK_STAGE calls=1 depth=1 id=evaluate_extended_domain seconds=0.000007000
RISCV_KECCAK_STAGE calls=1 depth=1 id=interpolate_columns seconds=0.000003000
RISCV_KECCAK_STAGE calls=1 depth=1 id=evaluate_extended_domain seconds=0.000009000
RISCV_KECCAK_STAGE calls=1 depth=1 id=interpolate_columns seconds=0.000003000
RISCV_KECCAK_STAGE calls=1 depth=1 id=evaluate_extended_domain seconds=0.000008000
RISCV_KECCAK_STAGE calls=1 depth=1 id=interpolate_columns seconds=0.000003000
RISCV_KECCAK_STAGE calls=1 depth=1 id=evaluate_extended_domain seconds=0.000008000
RISCV_KECCAK_STAGE calls=1 depth=1 id=interpolate_columns seconds=0.000003000
RISCV_KECCAK_STAGE calls=1 depth=1 id=evaluate_extended_domain seconds=0.000008000
RISCV_KECCAK_STAGE calls=1 depth=1 id=interpolate_columns seconds=0.000003000
RISCV_KECCAK_STAGE calls=1 depth=1 id=evaluate_extended_domain seconds=0.000008000
RISCV_KECCAK_STAGE calls=1 depth=1 id=interpolate_columns seconds=0.000003000
RISCV_KECCAK_STAGE calls=1 depth=1 id=evaluate_extended_domain seconds=0.000008000
RISCV_KECCAK_STAGE calls=1 depth=1 id=interpolate_columns seconds=0.000003000
RISCV_KECCAK_STAGE calls=1 depth=1 id=evaluate_extended_domain seconds=0.000008000
RISCV_KECCAK_STAGE calls=1 depth=1 id=interpolate_columns seconds=0.000003000
RISCV_KECCAK_STAGE calls=1 depth=1 id=evaluate_extended_domain seconds=0.000008000
RISCV_KECCAK_STAGE calls=1 depth=1 id=interpolate_columns seconds=0.000003000
RISCV_KECCAK_STAGE calls=1 depth=1 id=evaluate_extended_domain seconds=0.000007000
RISCV_KECCAK_STAGE calls=1 depth=1 id=interpolate_columns seconds=0.000003000
RISCV_KECCAK_STAGE calls=1 depth=1 id=evaluate_extended_domain seconds=0.000007000
RISCV_KECCAK_STAGE calls=1 depth=1 id=interpolate_columns seconds=0.000004000
RISCV_KECCAK_STAGE calls=1 depth=1 id=evaluate_extended_domain seconds=0.000164000
RISCV_KECCAK_STAGE calls=1 depth=1 id=interpolate_columns seconds=0.000003000
RISCV_KECCAK_STAGE calls=1 depth=1 id=evaluate_extended_domain seconds=0.000007000
RISCV_KECCAK_STAGE calls=1 depth=1 id=interpolate_columns seconds=0.000003000
RISCV_KECCAK_STAGE calls=1 depth=1 id=evaluate_extended_domain seconds=0.000006000
RISCV_KECCAK_STAGE calls=1 depth=1 id=interpolate_columns seconds=0.000002000
RISCV_KECCAK_STAGE calls=1 depth=1 id=evaluate_extended_domain seconds=0.000007000
RISCV_KECCAK_STAGE calls=1 depth=1 id=interpolate_columns seconds=0.000002000
RISCV_KECCAK_STAGE calls=1 depth=1 id=evaluate_extended_domain seconds=0.000008000
RISCV_KECCAK_STAGE calls=1 depth=1 id=interpolate_columns seconds=0.000003000
RISCV_KECCAK_STAGE calls=1 depth=1 id=evaluate_extended_domain seconds=0.000007000
RISCV_KECCAK_STAGE calls=1 depth=1 id=interpolate_columns seconds=0.000003000
RISCV_KECCAK_STAGE calls=1 depth=1 id=evaluate_extended_domain seconds=0.000006000
RISCV_KECCAK_STAGE calls=1 depth=1 id=interpolate_columns seconds=0.000060000
RISCV_KECCAK_STAGE calls=1 depth=1 id=evaluate_extended_domain seconds=0.000157000
RISCV_KECCAK_STAGE calls=1 depth=1 id=interpolate_columns seconds=0.000085000
RISCV_KECCAK_STAGE calls=1 depth=1 id=evaluate_extended_domain seconds=0.000212000
RISCV_KECCAK_STAGE calls=1 depth=1 id=interpolate_columns seconds=0.000085000
RISCV_KECCAK_STAGE calls=1 depth=1 id=evaluate_extended_domain seconds=0.000215000
RISCV_KECCAK_STAGE calls=1 depth=1 id=interpolate_columns seconds=0.000085000
RISCV_KECCAK_STAGE calls=1 depth=1 id=evaluate_extended_domain seconds=0.000227000
RISCV_KECCAK_STAGE calls=1 depth=1 id=interpolate_columns seconds=0.000098000
RISCV_KECCAK_STAGE calls=1 depth=1 id=evaluate_extended_domain seconds=0.000211000
RISCV_KECCAK_STAGE calls=1 depth=1 id=interpolate_columns seconds=0.000084000
RISCV_KECCAK_STAGE calls=1 depth=1 id=evaluate_extended_domain seconds=0.000212000
RISCV_KECCAK_STAGE calls=1 depth=1 id=interpolate_columns seconds=0.000084000
RISCV_KECCAK_STAGE calls=1 depth=1 id=evaluate_extended_domain seconds=0.000210000
RISCV_KECCAK_STAGE calls=1 depth=1 id=interpolate_columns seconds=0.007301000
RISCV_KECCAK_STAGE calls=1 depth=1 id=evaluate_extended_domain seconds=0.016607000
RISCV_KECCAK_STAGE calls=1 depth=1 id=merkle_commit seconds=0.822484000
RISCV_KECCAK_STAGE calls=1 depth=0 id=riscv_ethereum_interaction_commit seconds=0.800832000
RISCV_KECCAK_STAGE calls=1 depth=1 id=riscv_interaction_opcode seconds=0.000058000
RISCV_KECCAK_STAGE calls=1 depth=1 id=riscv_interaction_program seconds=0.000028000
RISCV_KECCAK_STAGE calls=1 depth=1 id=riscv_interaction_memory seconds=0.000144000
RISCV_KECCAK_STAGE calls=1 depth=1 id=riscv_interaction_merkle seconds=0.000623000
RISCV_KECCAK_STAGE calls=1 depth=1 id=riscv_interaction_poseidon seconds=0.000388000
RISCV_KECCAK_STAGE calls=1 depth=1 id=riscv_interaction_clock seconds=0.000018000
RISCV_KECCAK_STAGE calls=1 depth=1 id=riscv_interaction_tables seconds=0.118742000
RISCV_KECCAK_STAGE calls=1 depth=1 id=interpolate_columns seconds=0.000008000
RISCV_KECCAK_STAGE calls=1 depth=1 id=evaluate_extended_domain seconds=0.000009000
RISCV_KECCAK_STAGE calls=1 depth=1 id=interpolate_columns seconds=0.000007000
RISCV_KECCAK_STAGE calls=1 depth=1 id=evaluate_extended_domain seconds=0.000007000
RISCV_KECCAK_STAGE calls=1 depth=1 id=interpolate_columns seconds=0.000002000
RISCV_KECCAK_STAGE calls=1 depth=1 id=evaluate_extended_domain seconds=0.000007000
RISCV_KECCAK_STAGE calls=1 depth=1 id=interpolate_columns seconds=0.000002000
RISCV_KECCAK_STAGE calls=1 depth=1 id=evaluate_extended_domain seconds=0.000005000
RISCV_KECCAK_STAGE calls=1 depth=1 id=interpolate_columns seconds=0.000002000
RISCV_KECCAK_STAGE calls=1 depth=1 id=evaluate_extended_domain seconds=0.000006000
RISCV_KECCAK_STAGE calls=1 depth=1 id=interpolate_columns seconds=0.000002000
RISCV_KECCAK_STAGE calls=1 depth=1 id=evaluate_extended_domain seconds=0.000005000
RISCV_KECCAK_STAGE calls=1 depth=1 id=interpolate_columns seconds=0.000002000
RISCV_KECCAK_STAGE calls=1 depth=1 id=evaluate_extended_domain seconds=0.000005000
RISCV_KECCAK_STAGE calls=1 depth=1 id=interpolate_columns seconds=0.000001000
RISCV_KECCAK_STAGE calls=1 depth=1 id=evaluate_extended_domain seconds=0.000004000
RISCV_KECCAK_STAGE calls=1 depth=1 id=interpolate_columns seconds=0.000001000
RISCV_KECCAK_STAGE calls=1 depth=1 id=evaluate_extended_domain seconds=0.000005000
RISCV_KECCAK_STAGE calls=1 depth=1 id=interpolate_columns seconds=0.000002000
RISCV_KECCAK_STAGE calls=1 depth=1 id=evaluate_extended_domain seconds=0.000005000
RISCV_KECCAK_STAGE calls=1 depth=1 id=interpolate_columns seconds=0.000001000
RISCV_KECCAK_STAGE calls=1 depth=1 id=evaluate_extended_domain seconds=0.000005000
RISCV_KECCAK_STAGE calls=1 depth=1 id=interpolate_columns seconds=0.000002000
RISCV_KECCAK_STAGE calls=1 depth=1 id=evaluate_extended_domain seconds=0.000005000
RISCV_KECCAK_STAGE calls=1 depth=1 id=interpolate_columns seconds=0.000001000
RISCV_KECCAK_STAGE calls=1 depth=1 id=evaluate_extended_domain seconds=0.000004000
RISCV_KECCAK_STAGE calls=1 depth=1 id=interpolate_columns seconds=0.000001000
RISCV_KECCAK_STAGE calls=1 depth=1 id=evaluate_extended_domain seconds=0.000005000
RISCV_KECCAK_STAGE calls=1 depth=1 id=interpolate_columns seconds=0.000002000
RISCV_KECCAK_STAGE calls=1 depth=1 id=evaluate_extended_domain seconds=0.000004000
RISCV_KECCAK_STAGE calls=1 depth=1 id=interpolate_columns seconds=0.000001000
RISCV_KECCAK_STAGE calls=1 depth=1 id=evaluate_extended_domain seconds=0.000004000
RISCV_KECCAK_STAGE calls=1 depth=1 id=interpolate_columns seconds=0.000001000
RISCV_KECCAK_STAGE calls=1 depth=1 id=evaluate_extended_domain seconds=0.000004000
RISCV_KECCAK_STAGE calls=1 depth=1 id=interpolate_columns seconds=0.000002000
RISCV_KECCAK_STAGE calls=1 depth=1 id=evaluate_extended_domain seconds=0.000004000
RISCV_KECCAK_STAGE calls=1 depth=1 id=interpolate_columns seconds=0.000001000
RISCV_KECCAK_STAGE calls=1 depth=1 id=evaluate_extended_domain seconds=0.000005000
RISCV_KECCAK_STAGE calls=1 depth=1 id=interpolate_columns seconds=0.000002000
RISCV_KECCAK_STAGE calls=1 depth=1 id=evaluate_extended_domain seconds=0.000003000
RISCV_KECCAK_STAGE calls=1 depth=1 id=interpolate_columns seconds=0.000001000
RISCV_KECCAK_STAGE calls=1 depth=1 id=evaluate_extended_domain seconds=0.000004000
RISCV_KECCAK_STAGE calls=1 depth=1 id=interpolate_columns seconds=0.000001000
RISCV_KECCAK_STAGE calls=1 depth=1 id=evaluate_extended_domain seconds=0.000004000
RISCV_KECCAK_STAGE calls=1 depth=1 id=interpolate_columns seconds=0.000001000
RISCV_KECCAK_STAGE calls=1 depth=1 id=evaluate_extended_domain seconds=0.000004000
RISCV_KECCAK_STAGE calls=1 depth=1 id=interpolate_columns seconds=0.000002000
RISCV_KECCAK_STAGE calls=1 depth=1 id=evaluate_extended_domain seconds=0.000004000
RISCV_KECCAK_STAGE calls=1 depth=1 id=interpolate_columns seconds=0.000001000
RISCV_KECCAK_STAGE calls=1 depth=1 id=evaluate_extended_domain seconds=0.000004000
RISCV_KECCAK_STAGE calls=1 depth=1 id=interpolate_columns seconds=0.000001000
RISCV_KECCAK_STAGE calls=1 depth=1 id=evaluate_extended_domain seconds=0.000004000
RISCV_KECCAK_STAGE calls=1 depth=1 id=interpolate_columns seconds=0.000003000
RISCV_KECCAK_STAGE calls=1 depth=1 id=evaluate_extended_domain seconds=0.000004000
RISCV_KECCAK_STAGE calls=1 depth=1 id=interpolate_columns seconds=0.000001000
RISCV_KECCAK_STAGE calls=1 depth=1 id=evaluate_extended_domain seconds=0.000004000
RISCV_KECCAK_STAGE calls=1 depth=1 id=interpolate_columns seconds=0.000001000
RISCV_KECCAK_STAGE calls=1 depth=1 id=evaluate_extended_domain seconds=0.000003000
RISCV_KECCAK_STAGE calls=1 depth=1 id=interpolate_columns seconds=0.000001000
RISCV_KECCAK_STAGE calls=1 depth=1 id=evaluate_extended_domain seconds=0.000004000
RISCV_KECCAK_STAGE calls=1 depth=1 id=interpolate_columns seconds=0.000001000
RISCV_KECCAK_STAGE calls=1 depth=1 id=evaluate_extended_domain seconds=0.000006000
RISCV_KECCAK_STAGE calls=1 depth=1 id=interpolate_columns seconds=0.000001000
RISCV_KECCAK_STAGE calls=1 depth=1 id=evaluate_extended_domain seconds=0.000004000
RISCV_KECCAK_STAGE calls=1 depth=1 id=interpolate_columns seconds=0.000001000
RISCV_KECCAK_STAGE calls=1 depth=1 id=evaluate_extended_domain seconds=0.000004000
RISCV_KECCAK_STAGE calls=1 depth=1 id=interpolate_columns seconds=0.000002000
RISCV_KECCAK_STAGE calls=1 depth=1 id=evaluate_extended_domain seconds=0.000004000
RISCV_KECCAK_STAGE calls=1 depth=1 id=interpolate_columns seconds=0.000002000
RISCV_KECCAK_STAGE calls=1 depth=1 id=evaluate_extended_domain seconds=0.000005000
RISCV_KECCAK_STAGE calls=1 depth=1 id=interpolate_columns seconds=0.000002000
RISCV_KECCAK_STAGE calls=1 depth=1 id=evaluate_extended_domain seconds=0.000005000
RISCV_KECCAK_STAGE calls=1 depth=1 id=interpolate_columns seconds=0.000002000
RISCV_KECCAK_STAGE calls=1 depth=1 id=evaluate_extended_domain seconds=0.000004000
RISCV_KECCAK_STAGE calls=1 depth=1 id=interpolate_columns seconds=0.000002000
RISCV_KECCAK_STAGE calls=1 depth=1 id=evaluate_extended_domain seconds=0.000005000
RISCV_KECCAK_STAGE calls=1 depth=1 id=interpolate_columns seconds=0.000002000
RISCV_KECCAK_STAGE calls=1 depth=1 id=evaluate_extended_domain seconds=0.000003000
RISCV_KECCAK_STAGE calls=1 depth=1 id=interpolate_columns seconds=0.000006000
RISCV_KECCAK_STAGE calls=1 depth=1 id=evaluate_extended_domain seconds=0.000007000
RISCV_KECCAK_STAGE calls=1 depth=1 id=interpolate_columns seconds=0.000005000
RISCV_KECCAK_STAGE calls=1 depth=1 id=evaluate_extended_domain seconds=0.000008000
RISCV_KECCAK_STAGE calls=1 depth=1 id=interpolate_columns seconds=0.000003000
RISCV_KECCAK_STAGE calls=1 depth=1 id=evaluate_extended_domain seconds=0.000009000
RISCV_KECCAK_STAGE calls=1 depth=1 id=interpolate_columns seconds=0.000004000
RISCV_KECCAK_STAGE calls=1 depth=1 id=evaluate_extended_domain seconds=0.000008000
RISCV_KECCAK_STAGE calls=1 depth=1 id=interpolate_columns seconds=0.000003000
RISCV_KECCAK_STAGE calls=1 depth=1 id=evaluate_extended_domain seconds=0.000007000
RISCV_KECCAK_STAGE calls=1 depth=1 id=interpolate_columns seconds=0.000003000
RISCV_KECCAK_STAGE calls=1 depth=1 id=evaluate_extended_domain seconds=0.000011000
RISCV_KECCAK_STAGE calls=1 depth=1 id=interpolate_columns seconds=0.000003000
RISCV_KECCAK_STAGE calls=1 depth=1 id=evaluate_extended_domain seconds=0.000007000
RISCV_KECCAK_STAGE calls=1 depth=1 id=interpolate_columns seconds=0.000003000
RISCV_KECCAK_STAGE calls=1 depth=1 id=evaluate_extended_domain seconds=0.000008000
RISCV_KECCAK_STAGE calls=1 depth=1 id=interpolate_columns seconds=0.000003000
RISCV_KECCAK_STAGE calls=1 depth=1 id=evaluate_extended_domain seconds=0.000008000
RISCV_KECCAK_STAGE calls=1 depth=1 id=interpolate_columns seconds=0.000003000
RISCV_KECCAK_STAGE calls=1 depth=1 id=evaluate_extended_domain seconds=0.000007000
RISCV_KECCAK_STAGE calls=1 depth=1 id=interpolate_columns seconds=0.000004000
RISCV_KECCAK_STAGE calls=1 depth=1 id=evaluate_extended_domain seconds=0.000009000
RISCV_KECCAK_STAGE calls=1 depth=1 id=interpolate_columns seconds=0.000004000
RISCV_KECCAK_STAGE calls=1 depth=1 id=evaluate_extended_domain seconds=0.000007000
RISCV_KECCAK_STAGE calls=1 depth=1 id=interpolate_columns seconds=0.000003000
RISCV_KECCAK_STAGE calls=1 depth=1 id=evaluate_extended_domain seconds=0.000006000
RISCV_KECCAK_STAGE calls=1 depth=1 id=interpolate_columns seconds=0.000005000
RISCV_KECCAK_STAGE calls=1 depth=1 id=evaluate_extended_domain seconds=0.000008000
RISCV_KECCAK_STAGE calls=1 depth=1 id=interpolate_columns seconds=0.000003000
RISCV_KECCAK_STAGE calls=1 depth=1 id=evaluate_extended_domain seconds=0.000008000
RISCV_KECCAK_STAGE calls=1 depth=1 id=interpolate_columns seconds=0.000003000
RISCV_KECCAK_STAGE calls=1 depth=1 id=evaluate_extended_domain seconds=0.000008000
RISCV_KECCAK_STAGE calls=1 depth=1 id=interpolate_columns seconds=0.000003000
RISCV_KECCAK_STAGE calls=1 depth=1 id=evaluate_extended_domain seconds=0.000007000
RISCV_KECCAK_STAGE calls=1 depth=1 id=interpolate_columns seconds=0.000003000
RISCV_KECCAK_STAGE calls=1 depth=1 id=evaluate_extended_domain seconds=0.000009000
RISCV_KECCAK_STAGE calls=1 depth=1 id=interpolate_columns seconds=0.000003000
RISCV_KECCAK_STAGE calls=1 depth=1 id=evaluate_extended_domain seconds=0.000007000
RISCV_KECCAK_STAGE calls=1 depth=1 id=interpolate_columns seconds=0.000003000
RISCV_KECCAK_STAGE calls=1 depth=1 id=evaluate_extended_domain seconds=0.000008000
RISCV_KECCAK_STAGE calls=1 depth=1 id=interpolate_columns seconds=0.000003000
RISCV_KECCAK_STAGE calls=1 depth=1 id=evaluate_extended_domain seconds=0.000007000
RISCV_KECCAK_STAGE calls=1 depth=1 id=interpolate_columns seconds=0.000003000
RISCV_KECCAK_STAGE calls=1 depth=1 id=evaluate_extended_domain seconds=0.000010000
RISCV_KECCAK_STAGE calls=1 depth=1 id=interpolate_columns seconds=0.000003000
RISCV_KECCAK_STAGE calls=1 depth=1 id=evaluate_extended_domain seconds=0.000008000
RISCV_KECCAK_STAGE calls=1 depth=1 id=interpolate_columns seconds=0.000002000
RISCV_KECCAK_STAGE calls=1 depth=1 id=evaluate_extended_domain seconds=0.000008000
RISCV_KECCAK_STAGE calls=1 depth=1 id=interpolate_columns seconds=0.000003000
RISCV_KECCAK_STAGE calls=1 depth=1 id=evaluate_extended_domain seconds=0.000009000
RISCV_KECCAK_STAGE calls=1 depth=1 id=interpolate_columns seconds=0.000003000
RISCV_KECCAK_STAGE calls=1 depth=1 id=evaluate_extended_domain seconds=0.000008000
RISCV_KECCAK_STAGE calls=1 depth=1 id=interpolate_columns seconds=0.000004000
RISCV_KECCAK_STAGE calls=1 depth=1 id=evaluate_extended_domain seconds=0.000008000
RISCV_KECCAK_STAGE calls=1 depth=1 id=interpolate_columns seconds=0.000004000
RISCV_KECCAK_STAGE calls=1 depth=1 id=evaluate_extended_domain seconds=0.000008000
RISCV_KECCAK_STAGE calls=1 depth=1 id=interpolate_columns seconds=0.000004000
RISCV_KECCAK_STAGE calls=1 depth=1 id=evaluate_extended_domain seconds=0.000009000
RISCV_KECCAK_STAGE calls=1 depth=1 id=interpolate_columns seconds=0.000003000
RISCV_KECCAK_STAGE calls=1 depth=1 id=evaluate_extended_domain seconds=0.000008000
RISCV_KECCAK_STAGE calls=1 depth=1 id=interpolate_columns seconds=0.000003000
RISCV_KECCAK_STAGE calls=1 depth=1 id=evaluate_extended_domain seconds=0.000007000
RISCV_KECCAK_STAGE calls=1 depth=1 id=interpolate_columns seconds=0.000003000
RISCV_KECCAK_STAGE calls=1 depth=1 id=evaluate_extended_domain seconds=0.000007000
RISCV_KECCAK_STAGE calls=1 depth=1 id=interpolate_columns seconds=0.000003000
RISCV_KECCAK_STAGE calls=1 depth=1 id=evaluate_extended_domain seconds=0.000008000
RISCV_KECCAK_STAGE calls=1 depth=1 id=interpolate_columns seconds=0.000003000
RISCV_KECCAK_STAGE calls=1 depth=1 id=evaluate_extended_domain seconds=0.000008000
RISCV_KECCAK_STAGE calls=1 depth=1 id=interpolate_columns seconds=0.000003000
RISCV_KECCAK_STAGE calls=1 depth=1 id=evaluate_extended_domain seconds=0.000011000
RISCV_KECCAK_STAGE calls=1 depth=1 id=interpolate_columns seconds=0.000003000
RISCV_KECCAK_STAGE calls=1 depth=1 id=evaluate_extended_domain seconds=0.000009000
RISCV_KECCAK_STAGE calls=1 depth=1 id=interpolate_columns seconds=0.000003000
RISCV_KECCAK_STAGE calls=1 depth=1 id=evaluate_extended_domain seconds=0.000010000
RISCV_KECCAK_STAGE calls=1 depth=1 id=interpolate_columns seconds=0.000005000
RISCV_KECCAK_STAGE calls=1 depth=1 id=evaluate_extended_domain seconds=0.000012000
RISCV_KECCAK_STAGE calls=1 depth=1 id=interpolate_columns seconds=0.000004000
RISCV_KECCAK_STAGE calls=1 depth=1 id=evaluate_extended_domain seconds=0.000008000
RISCV_KECCAK_STAGE calls=1 depth=1 id=interpolate_columns seconds=0.000004000
RISCV_KECCAK_STAGE calls=1 depth=1 id=evaluate_extended_domain seconds=0.000008000
RISCV_KECCAK_STAGE calls=1 depth=1 id=interpolate_columns seconds=0.000004000
RISCV_KECCAK_STAGE calls=1 depth=1 id=evaluate_extended_domain seconds=0.000007000
RISCV_KECCAK_STAGE calls=1 depth=1 id=interpolate_columns seconds=0.000004000
RISCV_KECCAK_STAGE calls=1 depth=1 id=evaluate_extended_domain seconds=0.000009000
RISCV_KECCAK_STAGE calls=1 depth=1 id=interpolate_columns seconds=0.000307000
RISCV_KECCAK_STAGE calls=1 depth=1 id=evaluate_extended_domain seconds=0.000007000
RISCV_KECCAK_STAGE calls=1 depth=1 id=interpolate_columns seconds=0.000003000
RISCV_KECCAK_STAGE calls=1 depth=1 id=evaluate_extended_domain seconds=0.000007000
RISCV_KECCAK_STAGE calls=1 depth=1 id=interpolate_columns seconds=0.000002000
RISCV_KECCAK_STAGE calls=1 depth=1 id=evaluate_extended_domain seconds=0.000007000
RISCV_KECCAK_STAGE calls=1 depth=1 id=interpolate_columns seconds=0.000003000
RISCV_KECCAK_STAGE calls=1 depth=1 id=evaluate_extended_domain seconds=0.000009000
RISCV_KECCAK_STAGE calls=1 depth=1 id=interpolate_columns seconds=0.000003000
RISCV_KECCAK_STAGE calls=1 depth=1 id=evaluate_extended_domain seconds=0.000007000
RISCV_KECCAK_STAGE calls=1 depth=1 id=interpolate_columns seconds=0.000003000
RISCV_KECCAK_STAGE calls=1 depth=1 id=evaluate_extended_domain seconds=0.000006000
RISCV_KECCAK_STAGE calls=1 depth=1 id=interpolate_columns seconds=0.000002000
RISCV_KECCAK_STAGE calls=1 depth=1 id=evaluate_extended_domain seconds=0.000006000
RISCV_KECCAK_STAGE calls=1 depth=1 id=interpolate_columns seconds=0.000003000
RISCV_KECCAK_STAGE calls=1 depth=1 id=evaluate_extended_domain seconds=0.000006000
RISCV_KECCAK_STAGE calls=1 depth=1 id=interpolate_columns seconds=0.000003000
RISCV_KECCAK_STAGE calls=1 depth=1 id=evaluate_extended_domain seconds=0.000006000
RISCV_KECCAK_STAGE calls=1 depth=1 id=interpolate_columns seconds=0.000003000
RISCV_KECCAK_STAGE calls=1 depth=1 id=evaluate_extended_domain seconds=0.000007000
RISCV_KECCAK_STAGE calls=1 depth=1 id=interpolate_columns seconds=0.000003000
RISCV_KECCAK_STAGE calls=1 depth=1 id=evaluate_extended_domain seconds=0.000007000
RISCV_KECCAK_STAGE calls=1 depth=1 id=interpolate_columns seconds=0.000002000
RISCV_KECCAK_STAGE calls=1 depth=1 id=evaluate_extended_domain seconds=0.000007000
RISCV_KECCAK_STAGE calls=1 depth=1 id=interpolate_columns seconds=0.000003000
RISCV_KECCAK_STAGE calls=1 depth=1 id=evaluate_extended_domain seconds=0.000008000
RISCV_KECCAK_STAGE calls=1 depth=1 id=interpolate_columns seconds=0.000003000
RISCV_KECCAK_STAGE calls=1 depth=1 id=evaluate_extended_domain seconds=0.000006000
RISCV_KECCAK_STAGE calls=1 depth=1 id=interpolate_columns seconds=0.000003000
RISCV_KECCAK_STAGE calls=1 depth=1 id=evaluate_extended_domain seconds=0.000006000
RISCV_KECCAK_STAGE calls=1 depth=1 id=interpolate_columns seconds=0.000003000
RISCV_KECCAK_STAGE calls=1 depth=1 id=evaluate_extended_domain seconds=0.000006000
RISCV_KECCAK_STAGE calls=1 depth=1 id=interpolate_columns seconds=0.000003000
RISCV_KECCAK_STAGE calls=1 depth=1 id=evaluate_extended_domain seconds=0.000005000
RISCV_KECCAK_STAGE calls=1 depth=1 id=interpolate_columns seconds=0.000002000
RISCV_KECCAK_STAGE calls=1 depth=1 id=evaluate_extended_domain seconds=0.000008000
RISCV_KECCAK_STAGE calls=1 depth=1 id=interpolate_columns seconds=0.000003000
RISCV_KECCAK_STAGE calls=1 depth=1 id=evaluate_extended_domain seconds=0.000007000
RISCV_KECCAK_STAGE calls=1 depth=1 id=interpolate_columns seconds=0.000003000
RISCV_KECCAK_STAGE calls=1 depth=1 id=evaluate_extended_domain seconds=0.000006000
RISCV_KECCAK_STAGE calls=1 depth=1 id=interpolate_columns seconds=0.000002000
RISCV_KECCAK_STAGE calls=1 depth=1 id=evaluate_extended_domain seconds=0.000007000
RISCV_KECCAK_STAGE calls=1 depth=1 id=interpolate_columns seconds=0.000003000
RISCV_KECCAK_STAGE calls=1 depth=1 id=evaluate_extended_domain seconds=0.000008000
RISCV_KECCAK_STAGE calls=1 depth=1 id=interpolate_columns seconds=0.000003000
RISCV_KECCAK_STAGE calls=1 depth=1 id=evaluate_extended_domain seconds=0.000006000
RISCV_KECCAK_STAGE calls=1 depth=1 id=interpolate_columns seconds=0.000003000
RISCV_KECCAK_STAGE calls=1 depth=1 id=evaluate_extended_domain seconds=0.000006000
RISCV_KECCAK_STAGE calls=1 depth=1 id=interpolate_columns seconds=0.000033000
RISCV_KECCAK_STAGE calls=1 depth=1 id=evaluate_extended_domain seconds=0.000069000
RISCV_KECCAK_STAGE calls=1 depth=1 id=interpolate_columns seconds=0.026781000
RISCV_KECCAK_STAGE calls=1 depth=1 id=evaluate_extended_domain seconds=0.061587000
RISCV_KECCAK_STAGE calls=1 depth=1 id=merkle_commit seconds=0.583574000
RISCV_KECCAK_STAGE calls=1 depth=0 id=riscv_ethereum_prove seconds=2.329109000
RISCV_KECCAK_STAGE calls=1 depth=1 id=draw_random_coeff seconds=0.000001000
RISCV_KECCAK_STAGE calls=1 depth=1 id=composition_trace_extract seconds=0.000086000
RISCV_KECCAK_STAGE calls=1 depth=1 id=composition_evaluation seconds=0.882517000
RISCV_KECCAK_STAGE calls=1 depth=1 id=composition_interpolate_and_split seconds=0.019849000
RISCV_KECCAK_STAGE calls=1 depth=1 id=composition_commit seconds=0.216688000
RISCV_KECCAK_STAGE calls=1 depth=1 id=oods_point_and_mask_points seconds=0.002445000
RISCV_KECCAK_STAGE calls=1 depth=1 id=sampled_value_evaluation seconds=0.092509000
RISCV_KECCAK_STAGE calls=1 depth=1 id=sampled_value_channel_mix seconds=0.001837000
RISCV_KECCAK_STAGE calls=1 depth=1 id=fri_quotient_build_and_commit seconds=1.070545000
RISCV_KECCAK_STAGE calls=1 depth=1 id=proof_of_work seconds=0.000000000
RISCV_KECCAK_STAGE calls=1 depth=1 id=fri_decommit seconds=0.009515000
RISCV_KECCAK_STAGE calls=1 depth=1 id=trace_decommit seconds=0.001766000
RISCV_KECCAK_STAGE calls=1 depth=1 id=constraint_check_and_assembly seconds=0.002150000
RISCV_KECCAK_LIFECYCLE calls=1 workers=1 profile=development queries=3 pow_bits=0 execution_ns=313583 prove_ns=4048363542 encode_ns=2440792 fresh_decode_verify_ns=923073959 total_ns=4976121500 artifact_bytes=640361 producer_peak_bytes=762160716 verifier_peak_bytes=132811904 producer_live_bytes=0 verifier_live_bytes=0
RISCV_KECCAK_SHAPE calls=4 log_size=6 rows=58 preprocessed_columns=31 main_columns=2204 interaction_columns=4164
RISCV_KECCAK_STAGE calls=4 depth=0 id=riscv_ethereum_commitment_witness seconds=0.000468000
RISCV_KECCAK_STAGE calls=4 depth=0 id=riscv_ethereum_extension_witness seconds=0.010042000
RISCV_KECCAK_STAGE calls=4 depth=0 id=riscv_ethereum_preprocessed_commit seconds=0.029840000
RISCV_KECCAK_STAGE calls=4 depth=0 id=riscv_ethereum_main_commit seconds=0.877673000
RISCV_KECCAK_STAGE calls=4 depth=1 id=riscv_opcode_trace_generation seconds=0.001861000
RISCV_KECCAK_STAGE calls=4 depth=2 id=riscv_infrastructure_trace_generation seconds=0.001457000
RISCV_KECCAK_STAGE calls=4 depth=1 id=interpolate_columns seconds=0.000005000
RISCV_KECCAK_STAGE calls=4 depth=1 id=evaluate_extended_domain seconds=0.000007000
RISCV_KECCAK_STAGE calls=4 depth=1 id=interpolate_columns seconds=0.000002000
RISCV_KECCAK_STAGE calls=4 depth=1 id=evaluate_extended_domain seconds=0.000005000
RISCV_KECCAK_STAGE calls=4 depth=1 id=interpolate_columns seconds=0.000001000
RISCV_KECCAK_STAGE calls=4 depth=1 id=evaluate_extended_domain seconds=0.000005000
RISCV_KECCAK_STAGE calls=4 depth=1 id=interpolate_columns seconds=0.000001000
RISCV_KECCAK_STAGE calls=4 depth=1 id=evaluate_extended_domain seconds=0.000005000
RISCV_KECCAK_STAGE calls=4 depth=1 id=interpolate_columns seconds=0.000001000
RISCV_KECCAK_STAGE calls=4 depth=1 id=evaluate_extended_domain seconds=0.000005000
RISCV_KECCAK_STAGE calls=4 depth=1 id=interpolate_columns seconds=0.000001000
RISCV_KECCAK_STAGE calls=4 depth=1 id=evaluate_extended_domain seconds=0.000004000
RISCV_KECCAK_STAGE calls=4 depth=1 id=interpolate_columns seconds=0.000001000
RISCV_KECCAK_STAGE calls=4 depth=1 id=evaluate_extended_domain seconds=0.000004000
RISCV_KECCAK_STAGE calls=4 depth=1 id=interpolate_columns seconds=0.000001000
RISCV_KECCAK_STAGE calls=4 depth=1 id=evaluate_extended_domain seconds=0.000004000
RISCV_KECCAK_STAGE calls=4 depth=1 id=interpolate_columns seconds=0.000002000
RISCV_KECCAK_STAGE calls=4 depth=1 id=evaluate_extended_domain seconds=0.000003000
RISCV_KECCAK_STAGE calls=4 depth=1 id=interpolate_columns seconds=0.000002000
RISCV_KECCAK_STAGE calls=4 depth=1 id=evaluate_extended_domain seconds=0.000003000
RISCV_KECCAK_STAGE calls=4 depth=1 id=interpolate_columns seconds=0.000001000
RISCV_KECCAK_STAGE calls=4 depth=1 id=evaluate_extended_domain seconds=0.000004000
RISCV_KECCAK_STAGE calls=4 depth=1 id=interpolate_columns seconds=0.000001000
RISCV_KECCAK_STAGE calls=4 depth=1 id=evaluate_extended_domain seconds=0.000004000
RISCV_KECCAK_STAGE calls=4 depth=1 id=interpolate_columns seconds=0.000002000
RISCV_KECCAK_STAGE calls=4 depth=1 id=evaluate_extended_domain seconds=0.000003000
RISCV_KECCAK_STAGE calls=4 depth=1 id=interpolate_columns seconds=0.000001000
RISCV_KECCAK_STAGE calls=4 depth=1 id=evaluate_extended_domain seconds=0.000004000
RISCV_KECCAK_STAGE calls=4 depth=1 id=interpolate_columns seconds=0.000001000
RISCV_KECCAK_STAGE calls=4 depth=1 id=evaluate_extended_domain seconds=0.000004000
RISCV_KECCAK_STAGE calls=4 depth=1 id=interpolate_columns seconds=0.000001000
RISCV_KECCAK_STAGE calls=4 depth=1 id=evaluate_extended_domain seconds=0.000003000
RISCV_KECCAK_STAGE calls=4 depth=1 id=interpolate_columns seconds=0.000002000
RISCV_KECCAK_STAGE calls=4 depth=1 id=evaluate_extended_domain seconds=0.000004000
RISCV_KECCAK_STAGE calls=4 depth=1 id=interpolate_columns seconds=0.000001000
RISCV_KECCAK_STAGE calls=4 depth=1 id=evaluate_extended_domain seconds=0.000004000
RISCV_KECCAK_STAGE calls=4 depth=1 id=interpolate_columns seconds=0.000002000
RISCV_KECCAK_STAGE calls=4 depth=1 id=evaluate_extended_domain seconds=0.000003000
RISCV_KECCAK_STAGE calls=4 depth=1 id=interpolate_columns seconds=0.000001000
RISCV_KECCAK_STAGE calls=4 depth=1 id=evaluate_extended_domain seconds=0.000003000
RISCV_KECCAK_STAGE calls=4 depth=1 id=interpolate_columns seconds=0.000001000
RISCV_KECCAK_STAGE calls=4 depth=1 id=evaluate_extended_domain seconds=0.000003000
RISCV_KECCAK_STAGE calls=4 depth=1 id=interpolate_columns seconds=0.000001000
RISCV_KECCAK_STAGE calls=4 depth=1 id=evaluate_extended_domain seconds=0.000003000
RISCV_KECCAK_STAGE calls=4 depth=1 id=interpolate_columns seconds=0.000002000
RISCV_KECCAK_STAGE calls=4 depth=1 id=evaluate_extended_domain seconds=0.000003000
RISCV_KECCAK_STAGE calls=4 depth=1 id=interpolate_columns seconds=0.000001000
RISCV_KECCAK_STAGE calls=4 depth=1 id=evaluate_extended_domain seconds=0.000003000
RISCV_KECCAK_STAGE calls=4 depth=1 id=interpolate_columns seconds=0.000001000
RISCV_KECCAK_STAGE calls=4 depth=1 id=evaluate_extended_domain seconds=0.000004000
RISCV_KECCAK_STAGE calls=4 depth=1 id=interpolate_columns seconds=0.000001000
RISCV_KECCAK_STAGE calls=4 depth=1 id=evaluate_extended_domain seconds=0.000003000
RISCV_KECCAK_STAGE calls=4 depth=1 id=interpolate_columns seconds=0.000001000
RISCV_KECCAK_STAGE calls=4 depth=1 id=evaluate_extended_domain seconds=0.000003000
RISCV_KECCAK_STAGE calls=4 depth=1 id=interpolate_columns seconds=0.000001000
RISCV_KECCAK_STAGE calls=4 depth=1 id=evaluate_extended_domain seconds=0.000003000
RISCV_KECCAK_STAGE calls=4 depth=1 id=interpolate_columns seconds=0.000001000
RISCV_KECCAK_STAGE calls=4 depth=1 id=evaluate_extended_domain seconds=0.000003000
RISCV_KECCAK_STAGE calls=4 depth=1 id=interpolate_columns seconds=0.000001000
RISCV_KECCAK_STAGE calls=4 depth=1 id=evaluate_extended_domain seconds=0.000004000
RISCV_KECCAK_STAGE calls=4 depth=1 id=interpolate_columns seconds=0.000001000
RISCV_KECCAK_STAGE calls=4 depth=1 id=evaluate_extended_domain seconds=0.000004000
RISCV_KECCAK_STAGE calls=4 depth=1 id=interpolate_columns seconds=0.000002000
RISCV_KECCAK_STAGE calls=4 depth=1 id=evaluate_extended_domain seconds=0.000003000
RISCV_KECCAK_STAGE calls=4 depth=1 id=interpolate_columns seconds=0.000001000
RISCV_KECCAK_STAGE calls=4 depth=1 id=evaluate_extended_domain seconds=0.000004000
RISCV_KECCAK_STAGE calls=4 depth=1 id=interpolate_columns seconds=0.000001000
RISCV_KECCAK_STAGE calls=4 depth=1 id=evaluate_extended_domain seconds=0.000004000
RISCV_KECCAK_STAGE calls=4 depth=1 id=interpolate_columns seconds=0.000002000
RISCV_KECCAK_STAGE calls=4 depth=1 id=evaluate_extended_domain seconds=0.000003000
RISCV_KECCAK_STAGE calls=4 depth=1 id=interpolate_columns seconds=0.000002000
RISCV_KECCAK_STAGE calls=4 depth=1 id=evaluate_extended_domain seconds=0.000003000
RISCV_KECCAK_STAGE calls=4 depth=1 id=interpolate_columns seconds=0.000001000
RISCV_KECCAK_STAGE calls=4 depth=1 id=evaluate_extended_domain seconds=0.000003000
RISCV_KECCAK_STAGE calls=4 depth=1 id=interpolate_columns seconds=0.000001000
RISCV_KECCAK_STAGE calls=4 depth=1 id=evaluate_extended_domain seconds=0.000004000
RISCV_KECCAK_STAGE calls=4 depth=1 id=interpolate_columns seconds=0.000001000
RISCV_KECCAK_STAGE calls=4 depth=1 id=evaluate_extended_domain seconds=0.000004000
RISCV_KECCAK_STAGE calls=4 depth=1 id=interpolate_columns seconds=0.000001000
RISCV_KECCAK_STAGE calls=4 depth=1 id=evaluate_extended_domain seconds=0.000003000
RISCV_KECCAK_STAGE calls=4 depth=1 id=interpolate_columns seconds=0.000001000
RISCV_KECCAK_STAGE calls=4 depth=1 id=evaluate_extended_domain seconds=0.000004000
RISCV_KECCAK_STAGE calls=4 depth=1 id=interpolate_columns seconds=0.000001000
RISCV_KECCAK_STAGE calls=4 depth=1 id=evaluate_extended_domain seconds=0.000004000
RISCV_KECCAK_STAGE calls=4 depth=1 id=interpolate_columns seconds=0.000001000
RISCV_KECCAK_STAGE calls=4 depth=1 id=evaluate_extended_domain seconds=0.000004000
RISCV_KECCAK_STAGE calls=4 depth=1 id=interpolate_columns seconds=0.000002000
RISCV_KECCAK_STAGE calls=4 depth=1 id=evaluate_extended_domain seconds=0.000003000
RISCV_KECCAK_STAGE calls=4 depth=1 id=interpolate_columns seconds=0.000001000
RISCV_KECCAK_STAGE calls=4 depth=1 id=evaluate_extended_domain seconds=0.000004000
RISCV_KECCAK_STAGE calls=4 depth=1 id=interpolate_columns seconds=0.000002000
RISCV_KECCAK_STAGE calls=4 depth=1 id=evaluate_extended_domain seconds=0.000003000
RISCV_KECCAK_STAGE calls=4 depth=1 id=interpolate_columns seconds=0.000001000
RISCV_KECCAK_STAGE calls=4 depth=1 id=evaluate_extended_domain seconds=0.000004000
RISCV_KECCAK_STAGE calls=4 depth=1 id=interpolate_columns seconds=0.000002000
RISCV_KECCAK_STAGE calls=4 depth=1 id=evaluate_extended_domain seconds=0.000004000
RISCV_KECCAK_STAGE calls=4 depth=1 id=interpolate_columns seconds=0.000002000
RISCV_KECCAK_STAGE calls=4 depth=1 id=evaluate_extended_domain seconds=0.000015000
RISCV_KECCAK_STAGE calls=4 depth=1 id=interpolate_columns seconds=0.015578000
RISCV_KECCAK_STAGE calls=4 depth=1 id=evaluate_extended_domain seconds=0.000006000
RISCV_KECCAK_STAGE calls=4 depth=1 id=interpolate_columns seconds=0.000002000
RISCV_KECCAK_STAGE calls=4 depth=1 id=evaluate_extended_domain seconds=0.000004000
RISCV_KECCAK_STAGE calls=4 depth=1 id=interpolate_columns seconds=0.000001000
RISCV_KECCAK_STAGE calls=4 depth=1 id=evaluate_extended_domain seconds=0.000004000
RISCV_KECCAK_STAGE calls=4 depth=1 id=interpolate_columns seconds=0.000001000
RISCV_KECCAK_STAGE calls=4 depth=1 id=evaluate_extended_domain seconds=0.000004000
RISCV_KECCAK_STAGE calls=4 depth=1 id=interpolate_columns seconds=0.000001000
RISCV_KECCAK_STAGE calls=4 depth=1 id=evaluate_extended_domain seconds=0.000004000
RISCV_KECCAK_STAGE calls=4 depth=1 id=interpolate_columns seconds=0.000002000
RISCV_KECCAK_STAGE calls=4 depth=1 id=evaluate_extended_domain seconds=0.000004000
RISCV_KECCAK_STAGE calls=4 depth=1 id=interpolate_columns seconds=0.000002000
RISCV_KECCAK_STAGE calls=4 depth=1 id=evaluate_extended_domain seconds=0.000004000
RISCV_KECCAK_STAGE calls=4 depth=1 id=interpolate_columns seconds=0.000001000
RISCV_KECCAK_STAGE calls=4 depth=1 id=evaluate_extended_domain seconds=0.000004000
RISCV_KECCAK_STAGE calls=4 depth=1 id=interpolate_columns seconds=0.000002000
RISCV_KECCAK_STAGE calls=4 depth=1 id=evaluate_extended_domain seconds=0.000004000
RISCV_KECCAK_STAGE calls=4 depth=1 id=interpolate_columns seconds=0.000002000
RISCV_KECCAK_STAGE calls=4 depth=1 id=evaluate_extended_domain seconds=0.000003000
RISCV_KECCAK_STAGE calls=4 depth=1 id=interpolate_columns seconds=0.000001000
RISCV_KECCAK_STAGE calls=4 depth=1 id=evaluate_extended_domain seconds=0.000003000
RISCV_KECCAK_STAGE calls=4 depth=1 id=interpolate_columns seconds=0.000001000
RISCV_KECCAK_STAGE calls=4 depth=1 id=evaluate_extended_domain seconds=0.000004000
RISCV_KECCAK_STAGE calls=4 depth=1 id=interpolate_columns seconds=0.000002000
RISCV_KECCAK_STAGE calls=4 depth=1 id=evaluate_extended_domain seconds=0.000003000
RISCV_KECCAK_STAGE calls=4 depth=1 id=interpolate_columns seconds=0.000008000
RISCV_KECCAK_STAGE calls=4 depth=1 id=evaluate_extended_domain seconds=0.000007000
RISCV_KECCAK_STAGE calls=4 depth=1 id=interpolate_columns seconds=0.000006000
RISCV_KECCAK_STAGE calls=4 depth=1 id=evaluate_extended_domain seconds=0.000009000
RISCV_KECCAK_STAGE calls=4 depth=1 id=interpolate_columns seconds=0.000005000
RISCV_KECCAK_STAGE calls=4 depth=1 id=evaluate_extended_domain seconds=0.000014000
RISCV_KECCAK_STAGE calls=4 depth=1 id=interpolate_columns seconds=0.000005000
RISCV_KECCAK_STAGE calls=4 depth=1 id=evaluate_extended_domain seconds=0.000013000
RISCV_KECCAK_STAGE calls=4 depth=1 id=interpolate_columns seconds=0.000006000
RISCV_KECCAK_STAGE calls=4 depth=1 id=evaluate_extended_domain seconds=0.000014000
RISCV_KECCAK_STAGE calls=4 depth=1 id=interpolate_columns seconds=0.000005000
RISCV_KECCAK_STAGE calls=4 depth=1 id=evaluate_extended_domain seconds=0.000012000
RISCV_KECCAK_STAGE calls=4 depth=1 id=interpolate_columns seconds=0.000005000
RISCV_KECCAK_STAGE calls=4 depth=1 id=evaluate_extended_domain seconds=0.000012000
RISCV_KECCAK_STAGE calls=4 depth=1 id=interpolate_columns seconds=0.000005000
RISCV_KECCAK_STAGE calls=4 depth=1 id=evaluate_extended_domain seconds=0.000013000
RISCV_KECCAK_STAGE calls=4 depth=1 id=interpolate_columns seconds=0.000005000
RISCV_KECCAK_STAGE calls=4 depth=1 id=evaluate_extended_domain seconds=0.000013000
RISCV_KECCAK_STAGE calls=4 depth=1 id=interpolate_columns seconds=0.000006000
RISCV_KECCAK_STAGE calls=4 depth=1 id=evaluate_extended_domain seconds=0.000014000
RISCV_KECCAK_STAGE calls=4 depth=1 id=interpolate_columns seconds=0.000005000
RISCV_KECCAK_STAGE calls=4 depth=1 id=evaluate_extended_domain seconds=0.000013000
RISCV_KECCAK_STAGE calls=4 depth=1 id=interpolate_columns seconds=0.000005000
RISCV_KECCAK_STAGE calls=4 depth=1 id=evaluate_extended_domain seconds=0.000011000
RISCV_KECCAK_STAGE calls=4 depth=1 id=interpolate_columns seconds=0.000005000
RISCV_KECCAK_STAGE calls=4 depth=1 id=evaluate_extended_domain seconds=0.000013000
RISCV_KECCAK_STAGE calls=4 depth=1 id=interpolate_columns seconds=0.000005000
RISCV_KECCAK_STAGE calls=4 depth=1 id=evaluate_extended_domain seconds=0.000011000
RISCV_KECCAK_STAGE calls=4 depth=1 id=interpolate_columns seconds=0.000005000
RISCV_KECCAK_STAGE calls=4 depth=1 id=evaluate_extended_domain seconds=0.000013000
RISCV_KECCAK_STAGE calls=4 depth=1 id=interpolate_columns seconds=0.000005000
RISCV_KECCAK_STAGE calls=4 depth=1 id=evaluate_extended_domain seconds=0.000012000
RISCV_KECCAK_STAGE calls=4 depth=1 id=interpolate_columns seconds=0.000005000
RISCV_KECCAK_STAGE calls=4 depth=1 id=evaluate_extended_domain seconds=0.000017000
RISCV_KECCAK_STAGE calls=4 depth=1 id=interpolate_columns seconds=0.000005000
RISCV_KECCAK_STAGE calls=4 depth=1 id=evaluate_extended_domain seconds=0.000013000
RISCV_KECCAK_STAGE calls=4 depth=1 id=interpolate_columns seconds=0.000005000
RISCV_KECCAK_STAGE calls=4 depth=1 id=evaluate_extended_domain seconds=0.000013000
RISCV_KECCAK_STAGE calls=4 depth=1 id=interpolate_columns seconds=0.000005000
RISCV_KECCAK_STAGE calls=4 depth=1 id=evaluate_extended_domain seconds=0.000013000
RISCV_KECCAK_STAGE calls=4 depth=1 id=interpolate_columns seconds=0.000005000
RISCV_KECCAK_STAGE calls=4 depth=1 id=evaluate_extended_domain seconds=0.000015000
RISCV_KECCAK_STAGE calls=4 depth=1 id=interpolate_columns seconds=0.000007000
RISCV_KECCAK_STAGE calls=4 depth=1 id=evaluate_extended_domain seconds=0.000013000
RISCV_KECCAK_STAGE calls=4 depth=1 id=interpolate_columns seconds=0.000006000
RISCV_KECCAK_STAGE calls=4 depth=1 id=evaluate_extended_domain seconds=0.000014000
RISCV_KECCAK_STAGE calls=4 depth=1 id=interpolate_columns seconds=0.000006000
RISCV_KECCAK_STAGE calls=4 depth=1 id=evaluate_extended_domain seconds=0.000013000
RISCV_KECCAK_STAGE calls=4 depth=1 id=interpolate_columns seconds=0.000005000
RISCV_KECCAK_STAGE calls=4 depth=1 id=evaluate_extended_domain seconds=0.000014000
RISCV_KECCAK_STAGE calls=4 depth=1 id=interpolate_columns seconds=0.000006000
RISCV_KECCAK_STAGE calls=4 depth=1 id=evaluate_extended_domain seconds=0.000015000
RISCV_KECCAK_STAGE calls=4 depth=1 id=interpolate_columns seconds=0.000009000
RISCV_KECCAK_STAGE calls=4 depth=1 id=evaluate_extended_domain seconds=0.000013000
RISCV_KECCAK_STAGE calls=4 depth=1 id=interpolate_columns seconds=0.000005000
RISCV_KECCAK_STAGE calls=4 depth=1 id=evaluate_extended_domain seconds=0.000014000
RISCV_KECCAK_STAGE calls=4 depth=1 id=interpolate_columns seconds=0.000005000
RISCV_KECCAK_STAGE calls=4 depth=1 id=evaluate_extended_domain seconds=0.000015000
RISCV_KECCAK_STAGE calls=4 depth=1 id=interpolate_columns seconds=0.000005000
RISCV_KECCAK_STAGE calls=4 depth=1 id=evaluate_extended_domain seconds=0.000172000
RISCV_KECCAK_STAGE calls=4 depth=1 id=interpolate_columns seconds=0.000005000
RISCV_KECCAK_STAGE calls=4 depth=1 id=evaluate_extended_domain seconds=0.000011000
RISCV_KECCAK_STAGE calls=4 depth=1 id=interpolate_columns seconds=0.000005000
RISCV_KECCAK_STAGE calls=4 depth=1 id=evaluate_extended_domain seconds=0.000013000
RISCV_KECCAK_STAGE calls=4 depth=1 id=interpolate_columns seconds=0.000005000
RISCV_KECCAK_STAGE calls=4 depth=1 id=evaluate_extended_domain seconds=0.000011000
RISCV_KECCAK_STAGE calls=4 depth=1 id=interpolate_columns seconds=0.000005000
RISCV_KECCAK_STAGE calls=4 depth=1 id=evaluate_extended_domain seconds=0.000012000
RISCV_KECCAK_STAGE calls=4 depth=1 id=interpolate_columns seconds=0.000005000
RISCV_KECCAK_STAGE calls=4 depth=1 id=evaluate_extended_domain seconds=0.000011000
RISCV_KECCAK_STAGE calls=4 depth=1 id=interpolate_columns seconds=0.000005000
RISCV_KECCAK_STAGE calls=4 depth=1 id=evaluate_extended_domain seconds=0.000010000
RISCV_KECCAK_STAGE calls=4 depth=1 id=interpolate_columns seconds=0.000062000
RISCV_KECCAK_STAGE calls=4 depth=1 id=evaluate_extended_domain seconds=0.000148000
RISCV_KECCAK_STAGE calls=4 depth=1 id=interpolate_columns seconds=0.000089000
RISCV_KECCAK_STAGE calls=4 depth=1 id=evaluate_extended_domain seconds=0.000186000
RISCV_KECCAK_STAGE calls=4 depth=1 id=interpolate_columns seconds=0.000089000
RISCV_KECCAK_STAGE calls=4 depth=1 id=evaluate_extended_domain seconds=0.000185000
RISCV_KECCAK_STAGE calls=4 depth=1 id=interpolate_columns seconds=0.000090000
RISCV_KECCAK_STAGE calls=4 depth=1 id=evaluate_extended_domain seconds=0.000184000
RISCV_KECCAK_STAGE calls=4 depth=1 id=interpolate_columns seconds=0.000088000
RISCV_KECCAK_STAGE calls=4 depth=1 id=evaluate_extended_domain seconds=0.000188000
RISCV_KECCAK_STAGE calls=4 depth=1 id=interpolate_columns seconds=0.000089000
RISCV_KECCAK_STAGE calls=4 depth=1 id=evaluate_extended_domain seconds=0.000185000
RISCV_KECCAK_STAGE calls=4 depth=1 id=interpolate_columns seconds=0.000093000
RISCV_KECCAK_STAGE calls=4 depth=1 id=evaluate_extended_domain seconds=0.000188000
RISCV_KECCAK_STAGE calls=4 depth=1 id=interpolate_columns seconds=0.007290000
RISCV_KECCAK_STAGE calls=4 depth=1 id=evaluate_extended_domain seconds=0.016527000
RISCV_KECCAK_STAGE calls=4 depth=1 id=merkle_commit seconds=0.818780000
RISCV_KECCAK_STAGE calls=4 depth=0 id=riscv_ethereum_interaction_commit seconds=0.807016000
RISCV_KECCAK_STAGE calls=4 depth=1 id=riscv_interaction_opcode seconds=0.000032000
RISCV_KECCAK_STAGE calls=4 depth=1 id=riscv_interaction_program seconds=0.000012000
RISCV_KECCAK_STAGE calls=4 depth=1 id=riscv_interaction_memory seconds=0.000139000
RISCV_KECCAK_STAGE calls=4 depth=1 id=riscv_interaction_merkle seconds=0.000629000
RISCV_KECCAK_STAGE calls=4 depth=1 id=riscv_interaction_poseidon seconds=0.000384000
RISCV_KECCAK_STAGE calls=4 depth=1 id=riscv_interaction_clock seconds=0.000014000
RISCV_KECCAK_STAGE calls=4 depth=1 id=riscv_interaction_tables seconds=0.119089000
RISCV_KECCAK_STAGE calls=4 depth=1 id=interpolate_columns seconds=0.000010000
RISCV_KECCAK_STAGE calls=4 depth=1 id=evaluate_extended_domain seconds=0.000009000
RISCV_KECCAK_STAGE calls=4 depth=1 id=interpolate_columns seconds=0.000005000
RISCV_KECCAK_STAGE calls=4 depth=1 id=evaluate_extended_domain seconds=0.000008000
RISCV_KECCAK_STAGE calls=4 depth=1 id=interpolate_columns seconds=0.000001000
RISCV_KECCAK_STAGE calls=4 depth=1 id=evaluate_extended_domain seconds=0.000006000
RISCV_KECCAK_STAGE calls=4 depth=1 id=interpolate_columns seconds=0.000002000
RISCV_KECCAK_STAGE calls=4 depth=1 id=evaluate_extended_domain seconds=0.000005000
RISCV_KECCAK_STAGE calls=4 depth=1 id=interpolate_columns seconds=0.000005000
RISCV_KECCAK_STAGE calls=4 depth=1 id=evaluate_extended_domain seconds=0.000007000
RISCV_KECCAK_STAGE calls=4 depth=1 id=interpolate_columns seconds=0.000002000
RISCV_KECCAK_STAGE calls=4 depth=1 id=evaluate_extended_domain seconds=0.000005000
RISCV_KECCAK_STAGE calls=4 depth=1 id=interpolate_columns seconds=0.000001000
RISCV_KECCAK_STAGE calls=4 depth=1 id=evaluate_extended_domain seconds=0.000005000
RISCV_KECCAK_STAGE calls=4 depth=1 id=interpolate_columns seconds=0.000001000
RISCV_KECCAK_STAGE calls=4 depth=1 id=evaluate_extended_domain seconds=0.000006000
RISCV_KECCAK_STAGE calls=4 depth=1 id=interpolate_columns seconds=0.000002000
RISCV_KECCAK_STAGE calls=4 depth=1 id=evaluate_extended_domain seconds=0.000006000
RISCV_KECCAK_STAGE calls=4 depth=1 id=interpolate_columns seconds=0.000006000
RISCV_KECCAK_STAGE calls=4 depth=1 id=evaluate_extended_domain seconds=0.000006000
RISCV_KECCAK_STAGE calls=4 depth=1 id=interpolate_columns seconds=0.000002000
RISCV_KECCAK_STAGE calls=4 depth=1 id=evaluate_extended_domain seconds=0.000004000
RISCV_KECCAK_STAGE calls=4 depth=1 id=interpolate_columns seconds=0.000002000
RISCV_KECCAK_STAGE calls=4 depth=1 id=evaluate_extended_domain seconds=0.000005000
RISCV_KECCAK_STAGE calls=4 depth=1 id=interpolate_columns seconds=0.000002000
RISCV_KECCAK_STAGE calls=4 depth=1 id=evaluate_extended_domain seconds=0.000004000
RISCV_KECCAK_STAGE calls=4 depth=1 id=interpolate_columns seconds=0.000002000
RISCV_KECCAK_STAGE calls=4 depth=1 id=evaluate_extended_domain seconds=0.000005000
RISCV_KECCAK_STAGE calls=4 depth=1 id=interpolate_columns seconds=0.000002000
RISCV_KECCAK_STAGE calls=4 depth=1 id=evaluate_extended_domain seconds=0.000005000
RISCV_KECCAK_STAGE calls=4 depth=1 id=interpolate_columns seconds=0.000001000
RISCV_KECCAK_STAGE calls=4 depth=1 id=evaluate_extended_domain seconds=0.000005000
RISCV_KECCAK_STAGE calls=4 depth=1 id=interpolate_columns seconds=0.000002000
RISCV_KECCAK_STAGE calls=4 depth=1 id=evaluate_extended_domain seconds=0.000005000
RISCV_KECCAK_STAGE calls=4 depth=1 id=interpolate_columns seconds=0.000002000
RISCV_KECCAK_STAGE calls=4 depth=1 id=evaluate_extended_domain seconds=0.000005000
RISCV_KECCAK_STAGE calls=4 depth=1 id=interpolate_columns seconds=0.000002000
RISCV_KECCAK_STAGE calls=4 depth=1 id=evaluate_extended_domain seconds=0.000004000
RISCV_KECCAK_STAGE calls=4 depth=1 id=interpolate_columns seconds=0.000001000
RISCV_KECCAK_STAGE calls=4 depth=1 id=evaluate_extended_domain seconds=0.000005000
RISCV_KECCAK_STAGE calls=4 depth=1 id=interpolate_columns seconds=0.000002000
RISCV_KECCAK_STAGE calls=4 depth=1 id=evaluate_extended_domain seconds=0.000004000
RISCV_KECCAK_STAGE calls=4 depth=1 id=interpolate_columns seconds=0.000002000
RISCV_KECCAK_STAGE calls=4 depth=1 id=evaluate_extended_domain seconds=0.000004000
RISCV_KECCAK_STAGE calls=4 depth=1 id=interpolate_columns seconds=0.000002000
RISCV_KECCAK_STAGE calls=4 depth=1 id=evaluate_extended_domain seconds=0.000004000
RISCV_KECCAK_STAGE calls=4 depth=1 id=interpolate_columns seconds=0.000002000
RISCV_KECCAK_STAGE calls=4 depth=1 id=evaluate_extended_domain seconds=0.000004000
RISCV_KECCAK_STAGE calls=4 depth=1 id=interpolate_columns seconds=0.000002000
RISCV_KECCAK_STAGE calls=4 depth=1 id=evaluate_extended_domain seconds=0.000004000
RISCV_KECCAK_STAGE calls=4 depth=1 id=interpolate_columns seconds=0.000002000
RISCV_KECCAK_STAGE calls=4 depth=1 id=evaluate_extended_domain seconds=0.000004000
RISCV_KECCAK_STAGE calls=4 depth=1 id=interpolate_columns seconds=0.000002000
RISCV_KECCAK_STAGE calls=4 depth=1 id=evaluate_extended_domain seconds=0.000004000
RISCV_KECCAK_STAGE calls=4 depth=1 id=interpolate_columns seconds=0.000002000
RISCV_KECCAK_STAGE calls=4 depth=1 id=evaluate_extended_domain seconds=0.000004000
RISCV_KECCAK_STAGE calls=4 depth=1 id=interpolate_columns seconds=0.000003000
RISCV_KECCAK_STAGE calls=4 depth=1 id=evaluate_extended_domain seconds=0.000005000
RISCV_KECCAK_STAGE calls=4 depth=1 id=interpolate_columns seconds=0.000002000
RISCV_KECCAK_STAGE calls=4 depth=1 id=evaluate_extended_domain seconds=0.000004000
RISCV_KECCAK_STAGE calls=4 depth=1 id=interpolate_columns seconds=0.000002000
RISCV_KECCAK_STAGE calls=4 depth=1 id=evaluate_extended_domain seconds=0.000004000
RISCV_KECCAK_STAGE calls=4 depth=1 id=interpolate_columns seconds=0.000001000
RISCV_KECCAK_STAGE calls=4 depth=1 id=evaluate_extended_domain seconds=0.000004000
RISCV_KECCAK_STAGE calls=4 depth=1 id=interpolate_columns seconds=0.000002000
RISCV_KECCAK_STAGE calls=4 depth=1 id=evaluate_extended_domain seconds=0.000004000
RISCV_KECCAK_STAGE calls=4 depth=1 id=interpolate_columns seconds=0.000002000
RISCV_KECCAK_STAGE calls=4 depth=1 id=evaluate_extended_domain seconds=0.000004000
RISCV_KECCAK_STAGE calls=4 depth=1 id=interpolate_columns seconds=0.000001000
RISCV_KECCAK_STAGE calls=4 depth=1 id=evaluate_extended_domain seconds=0.000005000
RISCV_KECCAK_STAGE calls=4 depth=1 id=interpolate_columns seconds=0.000002000
RISCV_KECCAK_STAGE calls=4 depth=1 id=evaluate_extended_domain seconds=0.000004000
RISCV_KECCAK_STAGE calls=4 depth=1 id=interpolate_columns seconds=0.000001000
RISCV_KECCAK_STAGE calls=4 depth=1 id=evaluate_extended_domain seconds=0.000004000
RISCV_KECCAK_STAGE calls=4 depth=1 id=interpolate_columns seconds=0.000002000
RISCV_KECCAK_STAGE calls=4 depth=1 id=evaluate_extended_domain seconds=0.000004000
RISCV_KECCAK_STAGE calls=4 depth=1 id=interpolate_columns seconds=0.000001000
RISCV_KECCAK_STAGE calls=4 depth=1 id=evaluate_extended_domain seconds=0.000005000
RISCV_KECCAK_STAGE calls=4 depth=1 id=interpolate_columns seconds=0.000006000
RISCV_KECCAK_STAGE calls=4 depth=1 id=evaluate_extended_domain seconds=0.000007000
RISCV_KECCAK_STAGE calls=4 depth=1 id=interpolate_columns seconds=0.000006000
RISCV_KECCAK_STAGE calls=4 depth=1 id=evaluate_extended_domain seconds=0.000011000
RISCV_KECCAK_STAGE calls=4 depth=1 id=interpolate_columns seconds=0.000006000
RISCV_KECCAK_STAGE calls=4 depth=1 id=evaluate_extended_domain seconds=0.000013000
RISCV_KECCAK_STAGE calls=4 depth=1 id=interpolate_columns seconds=0.000005000
RISCV_KECCAK_STAGE calls=4 depth=1 id=evaluate_extended_domain seconds=0.000020000
RISCV_KECCAK_STAGE calls=4 depth=1 id=interpolate_columns seconds=0.000006000
RISCV_KECCAK_STAGE calls=4 depth=1 id=evaluate_extended_domain seconds=0.000021000
RISCV_KECCAK_STAGE calls=4 depth=1 id=interpolate_columns seconds=0.000005000
RISCV_KECCAK_STAGE calls=4 depth=1 id=evaluate_extended_domain seconds=0.000012000
RISCV_KECCAK_STAGE calls=4 depth=1 id=interpolate_columns seconds=0.000006000
RISCV_KECCAK_STAGE calls=4 depth=1 id=evaluate_extended_domain seconds=0.000012000
RISCV_KECCAK_STAGE calls=4 depth=1 id=interpolate_columns seconds=0.000005000
RISCV_KECCAK_STAGE calls=4 depth=1 id=evaluate_extended_domain seconds=0.000012000
RISCV_KECCAK_STAGE calls=4 depth=1 id=interpolate_columns seconds=0.000005000
RISCV_KECCAK_STAGE calls=4 depth=1 id=evaluate_extended_domain seconds=0.000013000
RISCV_KECCAK_STAGE calls=4 depth=1 id=interpolate_columns seconds=0.000010000
RISCV_KECCAK_STAGE calls=4 depth=1 id=evaluate_extended_domain seconds=0.000015000
RISCV_KECCAK_STAGE calls=4 depth=1 id=interpolate_columns seconds=0.000005000
RISCV_KECCAK_STAGE calls=4 depth=1 id=evaluate_extended_domain seconds=0.000013000
RISCV_KECCAK_STAGE calls=4 depth=1 id=interpolate_columns seconds=0.000005000
RISCV_KECCAK_STAGE calls=4 depth=1 id=evaluate_extended_domain seconds=0.000015000
RISCV_KECCAK_STAGE calls=4 depth=1 id=interpolate_columns seconds=0.000005000
RISCV_KECCAK_STAGE calls=4 depth=1 id=evaluate_extended_domain seconds=0.000013000
RISCV_KECCAK_STAGE calls=4 depth=1 id=interpolate_columns seconds=0.000005000
RISCV_KECCAK_STAGE calls=4 depth=1 id=evaluate_extended_domain seconds=0.000012000
RISCV_KECCAK_STAGE calls=4 depth=1 id=interpolate_columns seconds=0.000007000
RISCV_KECCAK_STAGE calls=4 depth=1 id=evaluate_extended_domain seconds=0.000015000
RISCV_KECCAK_STAGE calls=4 depth=1 id=interpolate_columns seconds=0.000005000
RISCV_KECCAK_STAGE calls=4 depth=1 id=evaluate_extended_domain seconds=0.000013000
RISCV_KECCAK_STAGE calls=4 depth=1 id=interpolate_columns seconds=0.000006000
RISCV_KECCAK_STAGE calls=4 depth=1 id=evaluate_extended_domain seconds=0.000017000
RISCV_KECCAK_STAGE calls=4 depth=1 id=interpolate_columns seconds=0.000006000
RISCV_KECCAK_STAGE calls=4 depth=1 id=evaluate_extended_domain seconds=0.000012000
RISCV_KECCAK_STAGE calls=4 depth=1 id=interpolate_columns seconds=0.000005000
RISCV_KECCAK_STAGE calls=4 depth=1 id=evaluate_extended_domain seconds=0.000016000
RISCV_KECCAK_STAGE calls=4 depth=1 id=interpolate_columns seconds=0.000005000
RISCV_KECCAK_STAGE calls=4 depth=1 id=evaluate_extended_domain seconds=0.000016000
RISCV_KECCAK_STAGE calls=4 depth=1 id=interpolate_columns seconds=0.000006000
RISCV_KECCAK_STAGE calls=4 depth=1 id=evaluate_extended_domain seconds=0.000018000
RISCV_KECCAK_STAGE calls=4 depth=1 id=interpolate_columns seconds=0.000006000
RISCV_KECCAK_STAGE calls=4 depth=1 id=evaluate_extended_domain seconds=0.000013000
RISCV_KECCAK_STAGE calls=4 depth=1 id=interpolate_columns seconds=0.000005000
RISCV_KECCAK_STAGE calls=4 depth=1 id=evaluate_extended_domain seconds=0.000015000
RISCV_KECCAK_STAGE calls=4 depth=1 id=interpolate_columns seconds=0.000005000
RISCV_KECCAK_STAGE calls=4 depth=1 id=evaluate_extended_domain seconds=0.000013000
RISCV_KECCAK_STAGE calls=4 depth=1 id=interpolate_columns seconds=0.000006000
RISCV_KECCAK_STAGE calls=4 depth=1 id=evaluate_extended_domain seconds=0.000017000
RISCV_KECCAK_STAGE calls=4 depth=1 id=interpolate_columns seconds=0.000005000
RISCV_KECCAK_STAGE calls=4 depth=1 id=evaluate_extended_domain seconds=0.000015000
RISCV_KECCAK_STAGE calls=4 depth=1 id=interpolate_columns seconds=0.000005000
RISCV_KECCAK_STAGE calls=4 depth=1 id=evaluate_extended_domain seconds=0.000012000
RISCV_KECCAK_STAGE calls=4 depth=1 id=interpolate_columns seconds=0.000007000
RISCV_KECCAK_STAGE calls=4 depth=1 id=evaluate_extended_domain seconds=0.000013000
RISCV_KECCAK_STAGE calls=4 depth=1 id=interpolate_columns seconds=0.000006000
RISCV_KECCAK_STAGE calls=4 depth=1 id=evaluate_extended_domain seconds=0.000014000
RISCV_KECCAK_STAGE calls=4 depth=1 id=interpolate_columns seconds=0.000006000
RISCV_KECCAK_STAGE calls=4 depth=1 id=evaluate_extended_domain seconds=0.000012000
RISCV_KECCAK_STAGE calls=4 depth=1 id=interpolate_columns seconds=0.000005000
RISCV_KECCAK_STAGE calls=4 depth=1 id=evaluate_extended_domain seconds=0.000014000
RISCV_KECCAK_STAGE calls=4 depth=1 id=interpolate_columns seconds=0.000005000
RISCV_KECCAK_STAGE calls=4 depth=1 id=evaluate_extended_domain seconds=0.000015000
RISCV_KECCAK_STAGE calls=4 depth=1 id=interpolate_columns seconds=0.000005000
RISCV_KECCAK_STAGE calls=4 depth=1 id=evaluate_extended_domain seconds=0.000012000
RISCV_KECCAK_STAGE calls=4 depth=1 id=interpolate_columns seconds=0.000006000
RISCV_KECCAK_STAGE calls=4 depth=1 id=evaluate_extended_domain seconds=0.000015000
RISCV_KECCAK_STAGE calls=4 depth=1 id=interpolate_columns seconds=0.000005000
RISCV_KECCAK_STAGE calls=4 depth=1 id=evaluate_extended_domain seconds=0.000014000
RISCV_KECCAK_STAGE calls=4 depth=1 id=interpolate_columns seconds=0.000005000
RISCV_KECCAK_STAGE calls=4 depth=1 id=evaluate_extended_domain seconds=0.000012000
RISCV_KECCAK_STAGE calls=4 depth=1 id=interpolate_columns seconds=0.000005000
RISCV_KECCAK_STAGE calls=4 depth=1 id=evaluate_extended_domain seconds=0.000014000
RISCV_KECCAK_STAGE calls=4 depth=1 id=interpolate_columns seconds=0.000005000
RISCV_KECCAK_STAGE calls=4 depth=1 id=evaluate_extended_domain seconds=0.000012000
RISCV_KECCAK_STAGE calls=4 depth=1 id=interpolate_columns seconds=0.000005000
RISCV_KECCAK_STAGE calls=4 depth=1 id=evaluate_extended_domain seconds=0.000018000
RISCV_KECCAK_STAGE calls=4 depth=1 id=interpolate_columns seconds=0.000006000
RISCV_KECCAK_STAGE calls=4 depth=1 id=evaluate_extended_domain seconds=0.000013000
RISCV_KECCAK_STAGE calls=4 depth=1 id=interpolate_columns seconds=0.000005000
RISCV_KECCAK_STAGE calls=4 depth=1 id=evaluate_extended_domain seconds=0.000012000
RISCV_KECCAK_STAGE calls=4 depth=1 id=interpolate_columns seconds=0.000008000
RISCV_KECCAK_STAGE calls=4 depth=1 id=evaluate_extended_domain seconds=0.000017000
RISCV_KECCAK_STAGE calls=4 depth=1 id=interpolate_columns seconds=0.000327000
RISCV_KECCAK_STAGE calls=4 depth=1 id=evaluate_extended_domain seconds=0.000012000
RISCV_KECCAK_STAGE calls=4 depth=1 id=interpolate_columns seconds=0.000006000
RISCV_KECCAK_STAGE calls=4 depth=1 id=evaluate_extended_domain seconds=0.000010000
RISCV_KECCAK_STAGE calls=4 depth=1 id=interpolate_columns seconds=0.000005000
RISCV_KECCAK_STAGE calls=4 depth=1 id=evaluate_extended_domain seconds=0.000018000
RISCV_KECCAK_STAGE calls=4 depth=1 id=interpolate_columns seconds=0.000005000
RISCV_KECCAK_STAGE calls=4 depth=1 id=evaluate_extended_domain seconds=0.000013000
RISCV_KECCAK_STAGE calls=4 depth=1 id=interpolate_columns seconds=0.000005000
RISCV_KECCAK_STAGE calls=4 depth=1 id=evaluate_extended_domain seconds=0.000012000
RISCV_KECCAK_STAGE calls=4 depth=1 id=interpolate_columns seconds=0.000005000
RISCV_KECCAK_STAGE calls=4 depth=1 id=evaluate_extended_domain seconds=0.000013000
RISCV_KECCAK_STAGE calls=4 depth=1 id=interpolate_columns seconds=0.000005000
RISCV_KECCAK_STAGE calls=4 depth=1 id=evaluate_extended_domain seconds=0.000011000
RISCV_KECCAK_STAGE calls=4 depth=1 id=interpolate_columns seconds=0.000004000
RISCV_KECCAK_STAGE calls=4 depth=1 id=evaluate_extended_domain seconds=0.000013000
RISCV_KECCAK_STAGE calls=4 depth=1 id=interpolate_columns seconds=0.000005000
RISCV_KECCAK_STAGE calls=4 depth=1 id=evaluate_extended_domain seconds=0.000012000
RISCV_KECCAK_STAGE calls=4 depth=1 id=interpolate_columns seconds=0.000005000
RISCV_KECCAK_STAGE calls=4 depth=1 id=evaluate_extended_domain seconds=0.000013000
RISCV_KECCAK_STAGE calls=4 depth=1 id=interpolate_columns seconds=0.000005000
RISCV_KECCAK_STAGE calls=4 depth=1 id=evaluate_extended_domain seconds=0.000014000
RISCV_KECCAK_STAGE calls=4 depth=1 id=interpolate_columns seconds=0.000005000
RISCV_KECCAK_STAGE calls=4 depth=1 id=evaluate_extended_domain seconds=0.000011000
RISCV_KECCAK_STAGE calls=4 depth=1 id=interpolate_columns seconds=0.000005000
RISCV_KECCAK_STAGE calls=4 depth=1 id=evaluate_extended_domain seconds=0.000013000
RISCV_KECCAK_STAGE calls=4 depth=1 id=interpolate_columns seconds=0.000005000
RISCV_KECCAK_STAGE calls=4 depth=1 id=evaluate_extended_domain seconds=0.000013000
RISCV_KECCAK_STAGE calls=4 depth=1 id=interpolate_columns seconds=0.000006000
RISCV_KECCAK_STAGE calls=4 depth=1 id=evaluate_extended_domain seconds=0.000011000
RISCV_KECCAK_STAGE calls=4 depth=1 id=interpolate_columns seconds=0.000005000
RISCV_KECCAK_STAGE calls=4 depth=1 id=evaluate_extended_domain seconds=0.000017000
RISCV_KECCAK_STAGE calls=4 depth=1 id=interpolate_columns seconds=0.000005000
RISCV_KECCAK_STAGE calls=4 depth=1 id=evaluate_extended_domain seconds=0.000015000
RISCV_KECCAK_STAGE calls=4 depth=1 id=interpolate_columns seconds=0.000005000
RISCV_KECCAK_STAGE calls=4 depth=1 id=evaluate_extended_domain seconds=0.000012000
RISCV_KECCAK_STAGE calls=4 depth=1 id=interpolate_columns seconds=0.000005000
RISCV_KECCAK_STAGE calls=4 depth=1 id=evaluate_extended_domain seconds=0.000016000
RISCV_KECCAK_STAGE calls=4 depth=1 id=interpolate_columns seconds=0.000006000
RISCV_KECCAK_STAGE calls=4 depth=1 id=evaluate_extended_domain seconds=0.000013000
RISCV_KECCAK_STAGE calls=4 depth=1 id=interpolate_columns seconds=0.000005000
RISCV_KECCAK_STAGE calls=4 depth=1 id=evaluate_extended_domain seconds=0.000013000
RISCV_KECCAK_STAGE calls=4 depth=1 id=interpolate_columns seconds=0.000007000
RISCV_KECCAK_STAGE calls=4 depth=1 id=evaluate_extended_domain seconds=0.000013000
RISCV_KECCAK_STAGE calls=4 depth=1 id=interpolate_columns seconds=0.000005000
RISCV_KECCAK_STAGE calls=4 depth=1 id=evaluate_extended_domain seconds=0.000012000
RISCV_KECCAK_STAGE calls=4 depth=1 id=interpolate_columns seconds=0.000007000
RISCV_KECCAK_STAGE calls=4 depth=1 id=evaluate_extended_domain seconds=0.000011000
RISCV_KECCAK_STAGE calls=4 depth=1 id=interpolate_columns seconds=0.000032000
RISCV_KECCAK_STAGE calls=4 depth=1 id=evaluate_extended_domain seconds=0.000064000
RISCV_KECCAK_STAGE calls=4 depth=1 id=interpolate_columns seconds=0.027457000
RISCV_KECCAK_STAGE calls=4 depth=1 id=evaluate_extended_domain seconds=0.065802000
RISCV_KECCAK_STAGE calls=4 depth=1 id=merkle_commit seconds=0.579412000
RISCV_KECCAK_STAGE calls=4 depth=0 id=riscv_ethereum_prove seconds=2.356709000
RISCV_KECCAK_STAGE calls=4 depth=1 id=draw_random_coeff seconds=0.000001000
RISCV_KECCAK_STAGE calls=4 depth=1 id=composition_trace_extract seconds=0.000081000
RISCV_KECCAK_STAGE calls=4 depth=1 id=composition_evaluation seconds=0.901896000
RISCV_KECCAK_STAGE calls=4 depth=1 id=composition_interpolate_and_split seconds=0.020283000
RISCV_KECCAK_STAGE calls=4 depth=1 id=composition_commit seconds=0.221536000
RISCV_KECCAK_STAGE calls=4 depth=1 id=oods_point_and_mask_points seconds=0.002221000
RISCV_KECCAK_STAGE calls=4 depth=1 id=sampled_value_evaluation seconds=0.094493000
RISCV_KECCAK_STAGE calls=4 depth=1 id=sampled_value_channel_mix seconds=0.001859000
RISCV_KECCAK_STAGE calls=4 depth=1 id=fri_quotient_build_and_commit seconds=1.074932000
RISCV_KECCAK_STAGE calls=4 depth=1 id=proof_of_work seconds=0.000001000
RISCV_KECCAK_STAGE calls=4 depth=1 id=fri_decommit seconds=0.008126000
RISCV_KECCAK_STAGE calls=4 depth=1 id=trace_decommit seconds=0.001782000
RISCV_KECCAK_STAGE calls=4 depth=1 id=constraint_check_and_assembly seconds=0.002132000
RISCV_KECCAK_LIFECYCLE calls=4 workers=1 profile=development queries=3 pow_bits=0 execution_ns=210459 prove_ns=4082445333 encode_ns=2398291 fresh_decode_verify_ns=930610417 total_ns=5017611125 artifact_bytes=654326 producer_peak_bytes=764904688 verifier_peak_bytes=132815824 producer_live_bytes=0 verifier_live_bytes=0
RISCV_KECCAK_SHAPE calls=16 log_size=8 rows=232 preprocessed_columns=31 main_columns=2204 interaction_columns=4164
RISCV_KECCAK_STAGE calls=16 depth=0 id=riscv_ethereum_commitment_witness seconds=0.000500000
RISCV_KECCAK_STAGE calls=16 depth=0 id=riscv_ethereum_extension_witness seconds=0.040543000
RISCV_KECCAK_STAGE calls=16 depth=0 id=riscv_ethereum_preprocessed_commit seconds=0.030919000
RISCV_KECCAK_STAGE calls=16 depth=0 id=riscv_ethereum_main_commit seconds=0.870640000
RISCV_KECCAK_STAGE calls=16 depth=1 id=riscv_opcode_trace_generation seconds=0.002291000
RISCV_KECCAK_STAGE calls=16 depth=2 id=riscv_infrastructure_trace_generation seconds=0.001593000
RISCV_KECCAK_STAGE calls=16 depth=1 id=interpolate_columns seconds=0.015833000
RISCV_KECCAK_STAGE calls=16 depth=1 id=evaluate_extended_domain seconds=0.000017000
RISCV_KECCAK_STAGE calls=16 depth=1 id=interpolate_columns seconds=0.000005000
RISCV_KECCAK_STAGE calls=16 depth=1 id=evaluate_extended_domain seconds=0.000008000
RISCV_KECCAK_STAGE calls=16 depth=1 id=interpolate_columns seconds=0.000002000
RISCV_KECCAK_STAGE calls=16 depth=1 id=evaluate_extended_domain seconds=0.000005000
RISCV_KECCAK_STAGE calls=16 depth=1 id=interpolate_columns seconds=0.000002000
RISCV_KECCAK_STAGE calls=16 depth=1 id=evaluate_extended_domain seconds=0.000005000
RISCV_KECCAK_STAGE calls=16 depth=1 id=interpolate_columns seconds=0.000001000
RISCV_KECCAK_STAGE calls=16 depth=1 id=evaluate_extended_domain seconds=0.000005000
RISCV_KECCAK_STAGE calls=16 depth=1 id=interpolate_columns seconds=0.000002000
RISCV_KECCAK_STAGE calls=16 depth=1 id=evaluate_extended_domain seconds=0.000004000
RISCV_KECCAK_STAGE calls=16 depth=1 id=interpolate_columns seconds=0.000001000
RISCV_KECCAK_STAGE calls=16 depth=1 id=evaluate_extended_domain seconds=0.000005000
RISCV_KECCAK_STAGE calls=16 depth=1 id=interpolate_columns seconds=0.000001000
RISCV_KECCAK_STAGE calls=16 depth=1 id=evaluate_extended_domain seconds=0.000005000
RISCV_KECCAK_STAGE calls=16 depth=1 id=interpolate_columns seconds=0.000002000
RISCV_KECCAK_STAGE calls=16 depth=1 id=evaluate_extended_domain seconds=0.000004000
RISCV_KECCAK_STAGE calls=16 depth=1 id=interpolate_columns seconds=0.000001000
RISCV_KECCAK_STAGE calls=16 depth=1 id=evaluate_extended_domain seconds=0.000004000
RISCV_KECCAK_STAGE calls=16 depth=1 id=interpolate_columns seconds=0.000002000
RISCV_KECCAK_STAGE calls=16 depth=1 id=evaluate_extended_domain seconds=0.000003000
RISCV_KECCAK_STAGE calls=16 depth=1 id=interpolate_columns seconds=0.000001000
RISCV_KECCAK_STAGE calls=16 depth=1 id=evaluate_extended_domain seconds=0.000004000
RISCV_KECCAK_STAGE calls=16 depth=1 id=interpolate_columns seconds=0.000001000
RISCV_KECCAK_STAGE calls=16 depth=1 id=evaluate_extended_domain seconds=0.000004000
RISCV_KECCAK_STAGE calls=16 depth=1 id=interpolate_columns seconds=0.000001000
RISCV_KECCAK_STAGE calls=16 depth=1 id=evaluate_extended_domain seconds=0.000004000
RISCV_KECCAK_STAGE calls=16 depth=1 id=interpolate_columns seconds=0.000002000
RISCV_KECCAK_STAGE calls=16 depth=1 id=evaluate_extended_domain seconds=0.000004000
RISCV_KECCAK_STAGE calls=16 depth=1 id=interpolate_columns seconds=0.000001000
RISCV_KECCAK_STAGE calls=16 depth=1 id=evaluate_extended_domain seconds=0.000004000
RISCV_KECCAK_STAGE calls=16 depth=1 id=interpolate_columns seconds=0.000001000
RISCV_KECCAK_STAGE calls=16 depth=1 id=evaluate_extended_domain seconds=0.000004000
RISCV_KECCAK_STAGE calls=16 depth=1 id=interpolate_columns seconds=0.000002000
RISCV_KECCAK_STAGE calls=16 depth=1 id=evaluate_extended_domain seconds=0.000003000
RISCV_KECCAK_STAGE calls=16 depth=1 id=interpolate_columns seconds=0.000001000
RISCV_KECCAK_STAGE calls=16 depth=1 id=evaluate_extended_domain seconds=0.000003000
RISCV_KECCAK_STAGE calls=16 depth=1 id=interpolate_columns seconds=0.000002000
RISCV_KECCAK_STAGE calls=16 depth=1 id=evaluate_extended_domain seconds=0.000004000
RISCV_KECCAK_STAGE calls=16 depth=1 id=interpolate_columns seconds=0.000002000
RISCV_KECCAK_STAGE calls=16 depth=1 id=evaluate_extended_domain seconds=0.000004000
RISCV_KECCAK_STAGE calls=16 depth=1 id=interpolate_columns seconds=0.000001000
RISCV_KECCAK_STAGE calls=16 depth=1 id=evaluate_extended_domain seconds=0.000004000
RISCV_KECCAK_STAGE calls=16 depth=1 id=interpolate_columns seconds=0.000002000
RISCV_KECCAK_STAGE calls=16 depth=1 id=evaluate_extended_domain seconds=0.000003000
RISCV_KECCAK_STAGE calls=16 depth=1 id=interpolate_columns seconds=0.000001000
RISCV_KECCAK_STAGE calls=16 depth=1 id=evaluate_extended_domain seconds=0.000004000
RISCV_KECCAK_STAGE calls=16 depth=1 id=interpolate_columns seconds=0.000001000
RISCV_KECCAK_STAGE calls=16 depth=1 id=evaluate_extended_domain seconds=0.000004000
RISCV_KECCAK_STAGE calls=16 depth=1 id=interpolate_columns seconds=0.000001000
RISCV_KECCAK_STAGE calls=16 depth=1 id=evaluate_extended_domain seconds=0.000003000
RISCV_KECCAK_STAGE calls=16 depth=1 id=interpolate_columns seconds=0.000002000
RISCV_KECCAK_STAGE calls=16 depth=1 id=evaluate_extended_domain seconds=0.000003000
RISCV_KECCAK_STAGE calls=16 depth=1 id=interpolate_columns seconds=0.000001000
RISCV_KECCAK_STAGE calls=16 depth=1 id=evaluate_extended_domain seconds=0.000003000
RISCV_KECCAK_STAGE calls=16 depth=1 id=interpolate_columns seconds=0.000002000
RISCV_KECCAK_STAGE calls=16 depth=1 id=evaluate_extended_domain seconds=0.000003000
RISCV_KECCAK_STAGE calls=16 depth=1 id=interpolate_columns seconds=0.000002000
RISCV_KECCAK_STAGE calls=16 depth=1 id=evaluate_extended_domain seconds=0.000003000
RISCV_KECCAK_STAGE calls=16 depth=1 id=interpolate_columns seconds=0.000001000
RISCV_KECCAK_STAGE calls=16 depth=1 id=evaluate_extended_domain seconds=0.000004000
RISCV_KECCAK_STAGE calls=16 depth=1 id=interpolate_columns seconds=0.000002000
RISCV_KECCAK_STAGE calls=16 depth=1 id=evaluate_extended_domain seconds=0.000003000
RISCV_KECCAK_STAGE calls=16 depth=1 id=interpolate_columns seconds=0.000001000
RISCV_KECCAK_STAGE calls=16 depth=1 id=evaluate_extended_domain seconds=0.000004000
RISCV_KECCAK_STAGE calls=16 depth=1 id=interpolate_columns seconds=0.000002000
RISCV_KECCAK_STAGE calls=16 depth=1 id=evaluate_extended_domain seconds=0.000003000
RISCV_KECCAK_STAGE calls=16 depth=1 id=interpolate_columns seconds=0.000002000
RISCV_KECCAK_STAGE calls=16 depth=1 id=evaluate_extended_domain seconds=0.000003000
RISCV_KECCAK_STAGE calls=16 depth=1 id=interpolate_columns seconds=0.000001000
RISCV_KECCAK_STAGE calls=16 depth=1 id=evaluate_extended_domain seconds=0.000007000
RISCV_KECCAK_STAGE calls=16 depth=1 id=interpolate_columns seconds=0.000001000
RISCV_KECCAK_STAGE calls=16 depth=1 id=evaluate_extended_domain seconds=0.000003000
RISCV_KECCAK_STAGE calls=16 depth=1 id=interpolate_columns seconds=0.000001000
RISCV_KECCAK_STAGE calls=16 depth=1 id=evaluate_extended_domain seconds=0.000009000
RISCV_KECCAK_STAGE calls=16 depth=1 id=interpolate_columns seconds=0.000001000
RISCV_KECCAK_STAGE calls=16 depth=1 id=evaluate_extended_domain seconds=0.000004000
RISCV_KECCAK_STAGE calls=16 depth=1 id=interpolate_columns seconds=0.000001000
RISCV_KECCAK_STAGE calls=16 depth=1 id=evaluate_extended_domain seconds=0.000003000
RISCV_KECCAK_STAGE calls=16 depth=1 id=interpolate_columns seconds=0.000001000
RISCV_KECCAK_STAGE calls=16 depth=1 id=evaluate_extended_domain seconds=0.000003000
RISCV_KECCAK_STAGE calls=16 depth=1 id=interpolate_columns seconds=0.000001000
RISCV_KECCAK_STAGE calls=16 depth=1 id=evaluate_extended_domain seconds=0.000003000
RISCV_KECCAK_STAGE calls=16 depth=1 id=interpolate_columns seconds=0.000001000
RISCV_KECCAK_STAGE calls=16 depth=1 id=evaluate_extended_domain seconds=0.000003000
RISCV_KECCAK_STAGE calls=16 depth=1 id=interpolate_columns seconds=0.000001000
RISCV_KECCAK_STAGE calls=16 depth=1 id=evaluate_extended_domain seconds=0.000003000
RISCV_KECCAK_STAGE calls=16 depth=1 id=interpolate_columns seconds=0.000001000
RISCV_KECCAK_STAGE calls=16 depth=1 id=evaluate_extended_domain seconds=0.000004000
RISCV_KECCAK_STAGE calls=16 depth=1 id=interpolate_columns seconds=0.000002000
RISCV_KECCAK_STAGE calls=16 depth=1 id=evaluate_extended_domain seconds=0.000003000
RISCV_KECCAK_STAGE calls=16 depth=1 id=interpolate_columns seconds=0.000002000
RISCV_KECCAK_STAGE calls=16 depth=1 id=evaluate_extended_domain seconds=0.000003000
RISCV_KECCAK_STAGE calls=16 depth=1 id=interpolate_columns seconds=0.000002000
RISCV_KECCAK_STAGE calls=16 depth=1 id=evaluate_extended_domain seconds=0.000003000
RISCV_KECCAK_STAGE calls=16 depth=1 id=interpolate_columns seconds=0.000002000
RISCV_KECCAK_STAGE calls=16 depth=1 id=evaluate_extended_domain seconds=0.000003000
RISCV_KECCAK_STAGE calls=16 depth=1 id=interpolate_columns seconds=0.000001000
RISCV_KECCAK_STAGE calls=16 depth=1 id=evaluate_extended_domain seconds=0.000004000
RISCV_KECCAK_STAGE calls=16 depth=1 id=interpolate_columns seconds=0.000001000
RISCV_KECCAK_STAGE calls=16 depth=1 id=evaluate_extended_domain seconds=0.000004000
RISCV_KECCAK_STAGE calls=16 depth=1 id=interpolate_columns seconds=0.000001000
RISCV_KECCAK_STAGE calls=16 depth=1 id=evaluate_extended_domain seconds=0.000005000
RISCV_KECCAK_STAGE calls=16 depth=1 id=interpolate_columns seconds=0.000002000
RISCV_KECCAK_STAGE calls=16 depth=1 id=evaluate_extended_domain seconds=0.000003000
RISCV_KECCAK_STAGE calls=16 depth=1 id=interpolate_columns seconds=0.000002000
RISCV_KECCAK_STAGE calls=16 depth=1 id=evaluate_extended_domain seconds=0.000003000
RISCV_KECCAK_STAGE calls=16 depth=1 id=interpolate_columns seconds=0.000002000
RISCV_KECCAK_STAGE calls=16 depth=1 id=evaluate_extended_domain seconds=0.000003000
RISCV_KECCAK_STAGE calls=16 depth=1 id=interpolate_columns seconds=0.000001000
RISCV_KECCAK_STAGE calls=16 depth=1 id=evaluate_extended_domain seconds=0.000003000
RISCV_KECCAK_STAGE calls=16 depth=1 id=interpolate_columns seconds=0.000001000
RISCV_KECCAK_STAGE calls=16 depth=1 id=evaluate_extended_domain seconds=0.000003000
RISCV_KECCAK_STAGE calls=16 depth=1 id=interpolate_columns seconds=0.000001000
RISCV_KECCAK_STAGE calls=16 depth=1 id=evaluate_extended_domain seconds=0.000004000
RISCV_KECCAK_STAGE calls=16 depth=1 id=interpolate_columns seconds=0.000001000
RISCV_KECCAK_STAGE calls=16 depth=1 id=evaluate_extended_domain seconds=0.000004000
RISCV_KECCAK_STAGE calls=16 depth=1 id=interpolate_columns seconds=0.000001000
RISCV_KECCAK_STAGE calls=16 depth=1 id=evaluate_extended_domain seconds=0.000004000
RISCV_KECCAK_STAGE calls=16 depth=1 id=interpolate_columns seconds=0.000002000
RISCV_KECCAK_STAGE calls=16 depth=1 id=evaluate_extended_domain seconds=0.000003000
RISCV_KECCAK_STAGE calls=16 depth=1 id=interpolate_columns seconds=0.000001000
RISCV_KECCAK_STAGE calls=16 depth=1 id=evaluate_extended_domain seconds=0.000003000
RISCV_KECCAK_STAGE calls=16 depth=1 id=interpolate_columns seconds=0.000006000
RISCV_KECCAK_STAGE calls=16 depth=1 id=evaluate_extended_domain seconds=0.000007000
RISCV_KECCAK_STAGE calls=16 depth=1 id=interpolate_columns seconds=0.000010000
RISCV_KECCAK_STAGE calls=16 depth=1 id=evaluate_extended_domain seconds=0.000037000
RISCV_KECCAK_STAGE calls=16 depth=1 id=interpolate_columns seconds=0.000020000
RISCV_KECCAK_STAGE calls=16 depth=1 id=evaluate_extended_domain seconds=0.000049000
RISCV_KECCAK_STAGE calls=16 depth=1 id=interpolate_columns seconds=0.000020000
RISCV_KECCAK_STAGE calls=16 depth=1 id=evaluate_extended_domain seconds=0.000046000
RISCV_KECCAK_STAGE calls=16 depth=1 id=interpolate_columns seconds=0.000021000
RISCV_KECCAK_STAGE calls=16 depth=1 id=evaluate_extended_domain seconds=0.000049000
RISCV_KECCAK_STAGE calls=16 depth=1 id=interpolate_columns seconds=0.000020000
RISCV_KECCAK_STAGE calls=16 depth=1 id=evaluate_extended_domain seconds=0.000055000
RISCV_KECCAK_STAGE calls=16 depth=1 id=interpolate_columns seconds=0.000021000
RISCV_KECCAK_STAGE calls=16 depth=1 id=evaluate_extended_domain seconds=0.000049000
RISCV_KECCAK_STAGE calls=16 depth=1 id=interpolate_columns seconds=0.000020000
RISCV_KECCAK_STAGE calls=16 depth=1 id=evaluate_extended_domain seconds=0.000049000
RISCV_KECCAK_STAGE calls=16 depth=1 id=interpolate_columns seconds=0.000020000
RISCV_KECCAK_STAGE calls=16 depth=1 id=evaluate_extended_domain seconds=0.000048000
RISCV_KECCAK_STAGE calls=16 depth=1 id=interpolate_columns seconds=0.000019000
RISCV_KECCAK_STAGE calls=16 depth=1 id=evaluate_extended_domain seconds=0.000050000
RISCV_KECCAK_STAGE calls=16 depth=1 id=interpolate_columns seconds=0.000020000
RISCV_KECCAK_STAGE calls=16 depth=1 id=evaluate_extended_domain seconds=0.000051000
RISCV_KECCAK_STAGE calls=16 depth=1 id=interpolate_columns seconds=0.000019000
RISCV_KECCAK_STAGE calls=16 depth=1 id=evaluate_extended_domain seconds=0.000048000
RISCV_KECCAK_STAGE calls=16 depth=1 id=interpolate_columns seconds=0.000018000
RISCV_KECCAK_STAGE calls=16 depth=1 id=evaluate_extended_domain seconds=0.000050000
RISCV_KECCAK_STAGE calls=16 depth=1 id=interpolate_columns seconds=0.000019000
RISCV_KECCAK_STAGE calls=16 depth=1 id=evaluate_extended_domain seconds=0.000049000
RISCV_KECCAK_STAGE calls=16 depth=1 id=interpolate_columns seconds=0.000019000
RISCV_KECCAK_STAGE calls=16 depth=1 id=evaluate_extended_domain seconds=0.000051000
RISCV_KECCAK_STAGE calls=16 depth=1 id=interpolate_columns seconds=0.000019000
RISCV_KECCAK_STAGE calls=16 depth=1 id=evaluate_extended_domain seconds=0.000051000
RISCV_KECCAK_STAGE calls=16 depth=1 id=interpolate_columns seconds=0.000020000
RISCV_KECCAK_STAGE calls=16 depth=1 id=evaluate_extended_domain seconds=0.000048000
RISCV_KECCAK_STAGE calls=16 depth=1 id=interpolate_columns seconds=0.000019000
RISCV_KECCAK_STAGE calls=16 depth=1 id=evaluate_extended_domain seconds=0.000048000
RISCV_KECCAK_STAGE calls=16 depth=1 id=interpolate_columns seconds=0.000019000
RISCV_KECCAK_STAGE calls=16 depth=1 id=evaluate_extended_domain seconds=0.000049000
RISCV_KECCAK_STAGE calls=16 depth=1 id=interpolate_columns seconds=0.000019000
RISCV_KECCAK_STAGE calls=16 depth=1 id=evaluate_extended_domain seconds=0.000050000
RISCV_KECCAK_STAGE calls=16 depth=1 id=interpolate_columns seconds=0.000019000
RISCV_KECCAK_STAGE calls=16 depth=1 id=evaluate_extended_domain seconds=0.000051000
RISCV_KECCAK_STAGE calls=16 depth=1 id=interpolate_columns seconds=0.000020000
RISCV_KECCAK_STAGE calls=16 depth=1 id=evaluate_extended_domain seconds=0.000049000
RISCV_KECCAK_STAGE calls=16 depth=1 id=interpolate_columns seconds=0.000019000
RISCV_KECCAK_STAGE calls=16 depth=1 id=evaluate_extended_domain seconds=0.000050000
RISCV_KECCAK_STAGE calls=16 depth=1 id=interpolate_columns seconds=0.000019000
RISCV_KECCAK_STAGE calls=16 depth=1 id=evaluate_extended_domain seconds=0.000047000
RISCV_KECCAK_STAGE calls=16 depth=1 id=interpolate_columns seconds=0.000019000
RISCV_KECCAK_STAGE calls=16 depth=1 id=evaluate_extended_domain seconds=0.000050000
RISCV_KECCAK_STAGE calls=16 depth=1 id=interpolate_columns seconds=0.000019000
RISCV_KECCAK_STAGE calls=16 depth=1 id=evaluate_extended_domain seconds=0.000051000
RISCV_KECCAK_STAGE calls=16 depth=1 id=interpolate_columns seconds=0.000019000
RISCV_KECCAK_STAGE calls=16 depth=1 id=evaluate_extended_domain seconds=0.000070000
RISCV_KECCAK_STAGE calls=16 depth=1 id=interpolate_columns seconds=0.000019000
RISCV_KECCAK_STAGE calls=16 depth=1 id=evaluate_extended_domain seconds=0.000050000
RISCV_KECCAK_STAGE calls=16 depth=1 id=interpolate_columns seconds=0.000020000
RISCV_KECCAK_STAGE calls=16 depth=1 id=evaluate_extended_domain seconds=0.000049000
RISCV_KECCAK_STAGE calls=16 depth=1 id=interpolate_columns seconds=0.000019000
RISCV_KECCAK_STAGE calls=16 depth=1 id=evaluate_extended_domain seconds=0.000232000
RISCV_KECCAK_STAGE calls=16 depth=1 id=interpolate_columns seconds=0.000023000
RISCV_KECCAK_STAGE calls=16 depth=1 id=evaluate_extended_domain seconds=0.000057000
RISCV_KECCAK_STAGE calls=16 depth=1 id=interpolate_columns seconds=0.000020000
RISCV_KECCAK_STAGE calls=16 depth=1 id=evaluate_extended_domain seconds=0.000052000
RISCV_KECCAK_STAGE calls=16 depth=1 id=interpolate_columns seconds=0.000019000
RISCV_KECCAK_STAGE calls=16 depth=1 id=evaluate_extended_domain seconds=0.000050000
RISCV_KECCAK_STAGE calls=16 depth=1 id=interpolate_columns seconds=0.000019000
RISCV_KECCAK_STAGE calls=16 depth=1 id=evaluate_extended_domain seconds=0.000055000
RISCV_KECCAK_STAGE calls=16 depth=1 id=interpolate_columns seconds=0.000019000
RISCV_KECCAK_STAGE calls=16 depth=1 id=evaluate_extended_domain seconds=0.000051000
RISCV_KECCAK_STAGE calls=16 depth=1 id=interpolate_columns seconds=0.000019000
RISCV_KECCAK_STAGE calls=16 depth=1 id=evaluate_extended_domain seconds=0.000053000
RISCV_KECCAK_STAGE calls=16 depth=1 id=interpolate_columns seconds=0.000066000
RISCV_KECCAK_STAGE calls=16 depth=1 id=evaluate_extended_domain seconds=0.000154000
RISCV_KECCAK_STAGE calls=16 depth=1 id=interpolate_columns seconds=0.000089000
RISCV_KECCAK_STAGE calls=16 depth=1 id=evaluate_extended_domain seconds=0.000185000
RISCV_KECCAK_STAGE calls=16 depth=1 id=interpolate_columns seconds=0.000087000
RISCV_KECCAK_STAGE calls=16 depth=1 id=evaluate_extended_domain seconds=0.000210000
RISCV_KECCAK_STAGE calls=16 depth=1 id=interpolate_columns seconds=0.000085000
RISCV_KECCAK_STAGE calls=16 depth=1 id=evaluate_extended_domain seconds=0.000187000
RISCV_KECCAK_STAGE calls=16 depth=1 id=interpolate_columns seconds=0.000084000
RISCV_KECCAK_STAGE calls=16 depth=1 id=evaluate_extended_domain seconds=0.000226000
RISCV_KECCAK_STAGE calls=16 depth=1 id=interpolate_columns seconds=0.000085000
RISCV_KECCAK_STAGE calls=16 depth=1 id=evaluate_extended_domain seconds=0.000228000
RISCV_KECCAK_STAGE calls=16 depth=1 id=interpolate_columns seconds=0.000090000
RISCV_KECCAK_STAGE calls=16 depth=1 id=evaluate_extended_domain seconds=0.000205000
RISCV_KECCAK_STAGE calls=16 depth=1 id=interpolate_columns seconds=0.007760000
RISCV_KECCAK_STAGE calls=16 depth=1 id=evaluate_extended_domain seconds=0.016790000
RISCV_KECCAK_STAGE calls=16 depth=1 id=merkle_commit seconds=0.807819000
RISCV_KECCAK_STAGE calls=16 depth=0 id=riscv_ethereum_interaction_commit seconds=0.849187000
RISCV_KECCAK_STAGE calls=16 depth=1 id=riscv_interaction_opcode seconds=0.000032000
RISCV_KECCAK_STAGE calls=16 depth=1 id=riscv_interaction_program seconds=0.000029000
RISCV_KECCAK_STAGE calls=16 depth=1 id=riscv_interaction_memory seconds=0.000138000
RISCV_KECCAK_STAGE calls=16 depth=1 id=riscv_interaction_merkle seconds=0.000645000
RISCV_KECCAK_STAGE calls=16 depth=1 id=riscv_interaction_poseidon seconds=0.000388000
RISCV_KECCAK_STAGE calls=16 depth=1 id=riscv_interaction_clock seconds=0.000015000
RISCV_KECCAK_STAGE calls=16 depth=1 id=riscv_interaction_tables seconds=0.118963000
RISCV_KECCAK_STAGE calls=16 depth=1 id=interpolate_columns seconds=0.000011000
RISCV_KECCAK_STAGE calls=16 depth=1 id=evaluate_extended_domain seconds=0.000010000
RISCV_KECCAK_STAGE calls=16 depth=1 id=interpolate_columns seconds=0.000004000
RISCV_KECCAK_STAGE calls=16 depth=1 id=evaluate_extended_domain seconds=0.000006000
RISCV_KECCAK_STAGE calls=16 depth=1 id=interpolate_columns seconds=0.000001000
RISCV_KECCAK_STAGE calls=16 depth=1 id=evaluate_extended_domain seconds=0.000006000
RISCV_KECCAK_STAGE calls=16 depth=1 id=interpolate_columns seconds=0.000009000
RISCV_KECCAK_STAGE calls=16 depth=1 id=evaluate_extended_domain seconds=0.000006000
RISCV_KECCAK_STAGE calls=16 depth=1 id=interpolate_columns seconds=0.000002000
RISCV_KECCAK_STAGE calls=16 depth=1 id=evaluate_extended_domain seconds=0.000005000
RISCV_KECCAK_STAGE calls=16 depth=1 id=interpolate_columns seconds=0.000001000
RISCV_KECCAK_STAGE calls=16 depth=1 id=evaluate_extended_domain seconds=0.000005000
RISCV_KECCAK_STAGE calls=16 depth=1 id=interpolate_columns seconds=0.000002000
RISCV_KECCAK_STAGE calls=16 depth=1 id=evaluate_extended_domain seconds=0.000005000
RISCV_KECCAK_STAGE calls=16 depth=1 id=interpolate_columns seconds=0.000002000
RISCV_KECCAK_STAGE calls=16 depth=1 id=evaluate_extended_domain seconds=0.000005000
RISCV_KECCAK_STAGE calls=16 depth=1 id=interpolate_columns seconds=0.000002000
RISCV_KECCAK_STAGE calls=16 depth=1 id=evaluate_extended_domain seconds=0.000005000
RISCV_KECCAK_STAGE calls=16 depth=1 id=interpolate_columns seconds=0.000005000
RISCV_KECCAK_STAGE calls=16 depth=1 id=evaluate_extended_domain seconds=0.000011000
RISCV_KECCAK_STAGE calls=16 depth=1 id=interpolate_columns seconds=0.000002000
RISCV_KECCAK_STAGE calls=16 depth=1 id=evaluate_extended_domain seconds=0.000005000
RISCV_KECCAK_STAGE calls=16 depth=1 id=interpolate_columns seconds=0.000002000
RISCV_KECCAK_STAGE calls=16 depth=1 id=evaluate_extended_domain seconds=0.000005000
RISCV_KECCAK_STAGE calls=16 depth=1 id=interpolate_columns seconds=0.000002000
RISCV_KECCAK_STAGE calls=16 depth=1 id=evaluate_extended_domain seconds=0.000004000
RISCV_KECCAK_STAGE calls=16 depth=1 id=interpolate_columns seconds=0.000002000
RISCV_KECCAK_STAGE calls=16 depth=1 id=evaluate_extended_domain seconds=0.000004000
RISCV_KECCAK_STAGE calls=16 depth=1 id=interpolate_columns seconds=0.000002000
RISCV_KECCAK_STAGE calls=16 depth=1 id=evaluate_extended_domain seconds=0.000004000
RISCV_KECCAK_STAGE calls=16 depth=1 id=interpolate_columns seconds=0.000002000
RISCV_KECCAK_STAGE calls=16 depth=1 id=evaluate_extended_domain seconds=0.000004000
RISCV_KECCAK_STAGE calls=16 depth=1 id=interpolate_columns seconds=0.000001000
RISCV_KECCAK_STAGE calls=16 depth=1 id=evaluate_extended_domain seconds=0.000005000
RISCV_KECCAK_STAGE calls=16 depth=1 id=interpolate_columns seconds=0.000001000
RISCV_KECCAK_STAGE calls=16 depth=1 id=evaluate_extended_domain seconds=0.000005000
RISCV_KECCAK_STAGE calls=16 depth=1 id=interpolate_columns seconds=0.000001000
RISCV_KECCAK_STAGE calls=16 depth=1 id=evaluate_extended_domain seconds=0.000004000
RISCV_KECCAK_STAGE calls=16 depth=1 id=interpolate_columns seconds=0.000001000
RISCV_KECCAK_STAGE calls=16 depth=1 id=evaluate_extended_domain seconds=0.000005000
RISCV_KECCAK_STAGE calls=16 depth=1 id=interpolate_columns seconds=0.000001000
RISCV_KECCAK_STAGE calls=16 depth=1 id=evaluate_extended_domain seconds=0.000004000
RISCV_KECCAK_STAGE calls=16 depth=1 id=interpolate_columns seconds=0.000001000
RISCV_KECCAK_STAGE calls=16 depth=1 id=evaluate_extended_domain seconds=0.000004000
RISCV_KECCAK_STAGE calls=16 depth=1 id=interpolate_columns seconds=0.000001000
RISCV_KECCAK_STAGE calls=16 depth=1 id=evaluate_extended_domain seconds=0.000004000
RISCV_KECCAK_STAGE calls=16 depth=1 id=interpolate_columns seconds=0.000001000
RISCV_KECCAK_STAGE calls=16 depth=1 id=evaluate_extended_domain seconds=0.000004000
RISCV_KECCAK_STAGE calls=16 depth=1 id=interpolate_columns seconds=0.000001000
RISCV_KECCAK_STAGE calls=16 depth=1 id=evaluate_extended_domain seconds=0.000005000
RISCV_KECCAK_STAGE calls=16 depth=1 id=interpolate_columns seconds=0.000001000
RISCV_KECCAK_STAGE calls=16 depth=1 id=evaluate_extended_domain seconds=0.000006000
RISCV_KECCAK_STAGE calls=16 depth=1 id=interpolate_columns seconds=0.000002000
RISCV_KECCAK_STAGE calls=16 depth=1 id=evaluate_extended_domain seconds=0.000004000
RISCV_KECCAK_STAGE calls=16 depth=1 id=interpolate_columns seconds=0.000001000
RISCV_KECCAK_STAGE calls=16 depth=1 id=evaluate_extended_domain seconds=0.000004000
RISCV_KECCAK_STAGE calls=16 depth=1 id=interpolate_columns seconds=0.000001000
RISCV_KECCAK_STAGE calls=16 depth=1 id=evaluate_extended_domain seconds=0.000004000
RISCV_KECCAK_STAGE calls=16 depth=1 id=interpolate_columns seconds=0.000001000
RISCV_KECCAK_STAGE calls=16 depth=1 id=evaluate_extended_domain seconds=0.000005000
RISCV_KECCAK_STAGE calls=16 depth=1 id=interpolate_columns seconds=0.000002000
RISCV_KECCAK_STAGE calls=16 depth=1 id=evaluate_extended_domain seconds=0.000004000
RISCV_KECCAK_STAGE calls=16 depth=1 id=interpolate_columns seconds=0.000002000
RISCV_KECCAK_STAGE calls=16 depth=1 id=evaluate_extended_domain seconds=0.000004000
RISCV_KECCAK_STAGE calls=16 depth=1 id=interpolate_columns seconds=0.000002000
RISCV_KECCAK_STAGE calls=16 depth=1 id=evaluate_extended_domain seconds=0.000004000
RISCV_KECCAK_STAGE calls=16 depth=1 id=interpolate_columns seconds=0.000001000
RISCV_KECCAK_STAGE calls=16 depth=1 id=evaluate_extended_domain seconds=0.000004000
RISCV_KECCAK_STAGE calls=16 depth=1 id=interpolate_columns seconds=0.000001000
RISCV_KECCAK_STAGE calls=16 depth=1 id=evaluate_extended_domain seconds=0.000004000
RISCV_KECCAK_STAGE calls=16 depth=1 id=interpolate_columns seconds=0.000001000
RISCV_KECCAK_STAGE calls=16 depth=1 id=evaluate_extended_domain seconds=0.000004000
RISCV_KECCAK_STAGE calls=16 depth=1 id=interpolate_columns seconds=0.000002000
RISCV_KECCAK_STAGE calls=16 depth=1 id=evaluate_extended_domain seconds=0.000003000
RISCV_KECCAK_STAGE calls=16 depth=1 id=interpolate_columns seconds=0.000001000
RISCV_KECCAK_STAGE calls=16 depth=1 id=evaluate_extended_domain seconds=0.000004000
RISCV_KECCAK_STAGE calls=16 depth=1 id=interpolate_columns seconds=0.000001000
RISCV_KECCAK_STAGE calls=16 depth=1 id=evaluate_extended_domain seconds=0.000004000
RISCV_KECCAK_STAGE calls=16 depth=1 id=interpolate_columns seconds=0.000003000
RISCV_KECCAK_STAGE calls=16 depth=1 id=evaluate_extended_domain seconds=0.000006000
RISCV_KECCAK_STAGE calls=16 depth=1 id=interpolate_columns seconds=0.000012000
RISCV_KECCAK_STAGE calls=16 depth=1 id=evaluate_extended_domain seconds=0.000029000
RISCV_KECCAK_STAGE calls=16 depth=1 id=interpolate_columns seconds=0.000019000
RISCV_KECCAK_STAGE calls=16 depth=1 id=evaluate_extended_domain seconds=0.000051000
RISCV_KECCAK_STAGE calls=16 depth=1 id=interpolate_columns seconds=0.000019000
RISCV_KECCAK_STAGE calls=16 depth=1 id=evaluate_extended_domain seconds=0.000051000
RISCV_KECCAK_STAGE calls=16 depth=1 id=interpolate_columns seconds=0.000019000
RISCV_KECCAK_STAGE calls=16 depth=1 id=evaluate_extended_domain seconds=0.000056000
RISCV_KECCAK_STAGE calls=16 depth=1 id=interpolate_columns seconds=0.000021000
RISCV_KECCAK_STAGE calls=16 depth=1 id=evaluate_extended_domain seconds=0.000050000
RISCV_KECCAK_STAGE calls=16 depth=1 id=interpolate_columns seconds=0.000019000
RISCV_KECCAK_STAGE calls=16 depth=1 id=evaluate_extended_domain seconds=0.000051000
RISCV_KECCAK_STAGE calls=16 depth=1 id=interpolate_columns seconds=0.000019000
RISCV_KECCAK_STAGE calls=16 depth=1 id=evaluate_extended_domain seconds=0.000052000
RISCV_KECCAK_STAGE calls=16 depth=1 id=interpolate_columns seconds=0.000019000
RISCV_KECCAK_STAGE calls=16 depth=1 id=evaluate_extended_domain seconds=0.000051000
RISCV_KECCAK_STAGE calls=16 depth=1 id=interpolate_columns seconds=0.000020000
RISCV_KECCAK_STAGE calls=16 depth=1 id=evaluate_extended_domain seconds=0.000052000
RISCV_KECCAK_STAGE calls=16 depth=1 id=interpolate_columns seconds=0.000019000
RISCV_KECCAK_STAGE calls=16 depth=1 id=evaluate_extended_domain seconds=0.000049000
RISCV_KECCAK_STAGE calls=16 depth=1 id=interpolate_columns seconds=0.000019000
RISCV_KECCAK_STAGE calls=16 depth=1 id=evaluate_extended_domain seconds=0.000050000
RISCV_KECCAK_STAGE calls=16 depth=1 id=interpolate_columns seconds=0.000019000
RISCV_KECCAK_STAGE calls=16 depth=1 id=evaluate_extended_domain seconds=0.000056000
RISCV_KECCAK_STAGE calls=16 depth=1 id=interpolate_columns seconds=0.000019000
RISCV_KECCAK_STAGE calls=16 depth=1 id=evaluate_extended_domain seconds=0.000050000
RISCV_KECCAK_STAGE calls=16 depth=1 id=interpolate_columns seconds=0.000019000
RISCV_KECCAK_STAGE calls=16 depth=1 id=evaluate_extended_domain seconds=0.000049000
RISCV_KECCAK_STAGE calls=16 depth=1 id=interpolate_columns seconds=0.000021000
RISCV_KECCAK_STAGE calls=16 depth=1 id=evaluate_extended_domain seconds=0.000050000
RISCV_KECCAK_STAGE calls=16 depth=1 id=interpolate_columns seconds=0.000019000
RISCV_KECCAK_STAGE calls=16 depth=1 id=evaluate_extended_domain seconds=0.000055000
RISCV_KECCAK_STAGE calls=16 depth=1 id=interpolate_columns seconds=0.000018000
RISCV_KECCAK_STAGE calls=16 depth=1 id=evaluate_extended_domain seconds=0.000051000
RISCV_KECCAK_STAGE calls=16 depth=1 id=interpolate_columns seconds=0.000019000
RISCV_KECCAK_STAGE calls=16 depth=1 id=evaluate_extended_domain seconds=0.000051000
RISCV_KECCAK_STAGE calls=16 depth=1 id=interpolate_columns seconds=0.000020000
RISCV_KECCAK_STAGE calls=16 depth=1 id=evaluate_extended_domain seconds=0.000050000
RISCV_KECCAK_STAGE calls=16 depth=1 id=interpolate_columns seconds=0.000019000
RISCV_KECCAK_STAGE calls=16 depth=1 id=evaluate_extended_domain seconds=0.000049000
RISCV_KECCAK_STAGE calls=16 depth=1 id=interpolate_columns seconds=0.000019000
RISCV_KECCAK_STAGE calls=16 depth=1 id=evaluate_extended_domain seconds=0.000050000
RISCV_KECCAK_STAGE calls=16 depth=1 id=interpolate_columns seconds=0.000019000
RISCV_KECCAK_STAGE calls=16 depth=1 id=evaluate_extended_domain seconds=0.000050000
RISCV_KECCAK_STAGE calls=16 depth=1 id=interpolate_columns seconds=0.000019000
RISCV_KECCAK_STAGE calls=16 depth=1 id=evaluate_extended_domain seconds=0.000053000
RISCV_KECCAK_STAGE calls=16 depth=1 id=interpolate_columns seconds=0.000019000
RISCV_KECCAK_STAGE calls=16 depth=1 id=evaluate_extended_domain seconds=0.000063000
RISCV_KECCAK_STAGE calls=16 depth=1 id=interpolate_columns seconds=0.000020000
RISCV_KECCAK_STAGE calls=16 depth=1 id=evaluate_extended_domain seconds=0.000049000
RISCV_KECCAK_STAGE calls=16 depth=1 id=interpolate_columns seconds=0.000019000
RISCV_KECCAK_STAGE calls=16 depth=1 id=evaluate_extended_domain seconds=0.000049000
RISCV_KECCAK_STAGE calls=16 depth=1 id=interpolate_columns seconds=0.000020000
RISCV_KECCAK_STAGE calls=16 depth=1 id=evaluate_extended_domain seconds=0.000056000
RISCV_KECCAK_STAGE calls=16 depth=1 id=interpolate_columns seconds=0.000018000
RISCV_KECCAK_STAGE calls=16 depth=1 id=evaluate_extended_domain seconds=0.000054000
RISCV_KECCAK_STAGE calls=16 depth=1 id=interpolate_columns seconds=0.000019000
RISCV_KECCAK_STAGE calls=16 depth=1 id=evaluate_extended_domain seconds=0.000053000
RISCV_KECCAK_STAGE calls=16 depth=1 id=interpolate_columns seconds=0.000019000
RISCV_KECCAK_STAGE calls=16 depth=1 id=evaluate_extended_domain seconds=0.000050000
RISCV_KECCAK_STAGE calls=16 depth=1 id=interpolate_columns seconds=0.000020000
RISCV_KECCAK_STAGE calls=16 depth=1 id=evaluate_extended_domain seconds=0.000050000
RISCV_KECCAK_STAGE calls=16 depth=1 id=interpolate_columns seconds=0.000019000
RISCV_KECCAK_STAGE calls=16 depth=1 id=evaluate_extended_domain seconds=0.000052000
RISCV_KECCAK_STAGE calls=16 depth=1 id=interpolate_columns seconds=0.000019000
RISCV_KECCAK_STAGE calls=16 depth=1 id=evaluate_extended_domain seconds=0.000049000
RISCV_KECCAK_STAGE calls=16 depth=1 id=interpolate_columns seconds=0.000020000
RISCV_KECCAK_STAGE calls=16 depth=1 id=evaluate_extended_domain seconds=0.000049000
RISCV_KECCAK_STAGE calls=16 depth=1 id=interpolate_columns seconds=0.000020000
RISCV_KECCAK_STAGE calls=16 depth=1 id=evaluate_extended_domain seconds=0.000050000
RISCV_KECCAK_STAGE calls=16 depth=1 id=interpolate_columns seconds=0.000020000
RISCV_KECCAK_STAGE calls=16 depth=1 id=evaluate_extended_domain seconds=0.000051000
RISCV_KECCAK_STAGE calls=16 depth=1 id=interpolate_columns seconds=0.000020000
RISCV_KECCAK_STAGE calls=16 depth=1 id=evaluate_extended_domain seconds=0.000052000
RISCV_KECCAK_STAGE calls=16 depth=1 id=interpolate_columns seconds=0.000019000
RISCV_KECCAK_STAGE calls=16 depth=1 id=evaluate_extended_domain seconds=0.000050000
RISCV_KECCAK_STAGE calls=16 depth=1 id=interpolate_columns seconds=0.000019000
RISCV_KECCAK_STAGE calls=16 depth=1 id=evaluate_extended_domain seconds=0.000050000
RISCV_KECCAK_STAGE calls=16 depth=1 id=interpolate_columns seconds=0.000019000
RISCV_KECCAK_STAGE calls=16 depth=1 id=evaluate_extended_domain seconds=0.000050000
RISCV_KECCAK_STAGE calls=16 depth=1 id=interpolate_columns seconds=0.000019000
RISCV_KECCAK_STAGE calls=16 depth=1 id=evaluate_extended_domain seconds=0.000051000
RISCV_KECCAK_STAGE calls=16 depth=1 id=interpolate_columns seconds=0.000019000
RISCV_KECCAK_STAGE calls=16 depth=1 id=evaluate_extended_domain seconds=0.000383000
RISCV_KECCAK_STAGE calls=16 depth=1 id=interpolate_columns seconds=0.000023000
RISCV_KECCAK_STAGE calls=16 depth=1 id=evaluate_extended_domain seconds=0.000051000
RISCV_KECCAK_STAGE calls=16 depth=1 id=interpolate_columns seconds=0.000018000
RISCV_KECCAK_STAGE calls=16 depth=1 id=evaluate_extended_domain seconds=0.000050000
RISCV_KECCAK_STAGE calls=16 depth=1 id=interpolate_columns seconds=0.000019000
RISCV_KECCAK_STAGE calls=16 depth=1 id=evaluate_extended_domain seconds=0.000047000
RISCV_KECCAK_STAGE calls=16 depth=1 id=interpolate_columns seconds=0.000018000
RISCV_KECCAK_STAGE calls=16 depth=1 id=evaluate_extended_domain seconds=0.000048000
RISCV_KECCAK_STAGE calls=16 depth=1 id=interpolate_columns seconds=0.000018000
RISCV_KECCAK_STAGE calls=16 depth=1 id=evaluate_extended_domain seconds=0.000052000
RISCV_KECCAK_STAGE calls=16 depth=1 id=interpolate_columns seconds=0.000018000
RISCV_KECCAK_STAGE calls=16 depth=1 id=evaluate_extended_domain seconds=0.000051000
RISCV_KECCAK_STAGE calls=16 depth=1 id=interpolate_columns seconds=0.000019000
RISCV_KECCAK_STAGE calls=16 depth=1 id=evaluate_extended_domain seconds=0.000047000
RISCV_KECCAK_STAGE calls=16 depth=1 id=interpolate_columns seconds=0.000019000
RISCV_KECCAK_STAGE calls=16 depth=1 id=evaluate_extended_domain seconds=0.000050000
RISCV_KECCAK_STAGE calls=16 depth=1 id=interpolate_columns seconds=0.000018000
RISCV_KECCAK_STAGE calls=16 depth=1 id=evaluate_extended_domain seconds=0.000050000
RISCV_KECCAK_STAGE calls=16 depth=1 id=interpolate_columns seconds=0.000019000
RISCV_KECCAK_STAGE calls=16 depth=1 id=evaluate_extended_domain seconds=0.000049000
RISCV_KECCAK_STAGE calls=16 depth=1 id=interpolate_columns seconds=0.000019000
RISCV_KECCAK_STAGE calls=16 depth=1 id=evaluate_extended_domain seconds=0.000048000
RISCV_KECCAK_STAGE calls=16 depth=1 id=interpolate_columns seconds=0.000018000
RISCV_KECCAK_STAGE calls=16 depth=1 id=evaluate_extended_domain seconds=0.000053000
RISCV_KECCAK_STAGE calls=16 depth=1 id=interpolate_columns seconds=0.000018000
RISCV_KECCAK_STAGE calls=16 depth=1 id=evaluate_extended_domain seconds=0.000049000
RISCV_KECCAK_STAGE calls=16 depth=1 id=interpolate_columns seconds=0.000018000
RISCV_KECCAK_STAGE calls=16 depth=1 id=evaluate_extended_domain seconds=0.000048000
RISCV_KECCAK_STAGE calls=16 depth=1 id=interpolate_columns seconds=0.000019000
RISCV_KECCAK_STAGE calls=16 depth=1 id=evaluate_extended_domain seconds=0.000049000
RISCV_KECCAK_STAGE calls=16 depth=1 id=interpolate_columns seconds=0.000019000
RISCV_KECCAK_STAGE calls=16 depth=1 id=evaluate_extended_domain seconds=0.000049000
RISCV_KECCAK_STAGE calls=16 depth=1 id=interpolate_columns seconds=0.000018000
RISCV_KECCAK_STAGE calls=16 depth=1 id=evaluate_extended_domain seconds=0.000048000
RISCV_KECCAK_STAGE calls=16 depth=1 id=interpolate_columns seconds=0.000018000
RISCV_KECCAK_STAGE calls=16 depth=1 id=evaluate_extended_domain seconds=0.000051000
RISCV_KECCAK_STAGE calls=16 depth=1 id=interpolate_columns seconds=0.000018000
RISCV_KECCAK_STAGE calls=16 depth=1 id=evaluate_extended_domain seconds=0.000053000
RISCV_KECCAK_STAGE calls=16 depth=1 id=interpolate_columns seconds=0.000019000
RISCV_KECCAK_STAGE calls=16 depth=1 id=evaluate_extended_domain seconds=0.000048000
RISCV_KECCAK_STAGE calls=16 depth=1 id=interpolate_columns seconds=0.000019000
RISCV_KECCAK_STAGE calls=16 depth=1 id=evaluate_extended_domain seconds=0.000055000
RISCV_KECCAK_STAGE calls=16 depth=1 id=interpolate_columns seconds=0.000019000
RISCV_KECCAK_STAGE calls=16 depth=1 id=evaluate_extended_domain seconds=0.000052000
RISCV_KECCAK_STAGE calls=16 depth=1 id=interpolate_columns seconds=0.000019000
RISCV_KECCAK_STAGE calls=16 depth=1 id=evaluate_extended_domain seconds=0.000055000
RISCV_KECCAK_STAGE calls=16 depth=1 id=interpolate_columns seconds=0.000049000
RISCV_KECCAK_STAGE calls=16 depth=1 id=evaluate_extended_domain seconds=0.000104000
RISCV_KECCAK_STAGE calls=16 depth=1 id=interpolate_columns seconds=0.027865000
RISCV_KECCAK_STAGE calls=16 depth=1 id=evaluate_extended_domain seconds=0.065959000
RISCV_KECCAK_STAGE calls=16 depth=1 id=merkle_commit seconds=0.586359000
RISCV_KECCAK_STAGE calls=16 depth=0 id=riscv_ethereum_prove seconds=2.524966000
RISCV_KECCAK_STAGE calls=16 depth=1 id=draw_random_coeff seconds=0.000001000
RISCV_KECCAK_STAGE calls=16 depth=1 id=composition_trace_extract seconds=0.000119000
RISCV_KECCAK_STAGE calls=16 depth=1 id=composition_evaluation seconds=0.992051000
RISCV_KECCAK_STAGE calls=16 depth=1 id=composition_interpolate_and_split seconds=0.020154000
RISCV_KECCAK_STAGE calls=16 depth=1 id=composition_commit seconds=0.216147000
RISCV_KECCAK_STAGE calls=16 depth=1 id=oods_point_and_mask_points seconds=0.002189000
RISCV_KECCAK_STAGE calls=16 depth=1 id=sampled_value_evaluation seconds=0.094448000
RISCV_KECCAK_STAGE calls=16 depth=1 id=sampled_value_channel_mix seconds=0.001875000
RISCV_KECCAK_STAGE calls=16 depth=1 id=fri_quotient_build_and_commit seconds=1.156243000
RISCV_KECCAK_STAGE calls=16 depth=1 id=proof_of_work seconds=0.000001000
RISCV_KECCAK_STAGE calls=16 depth=1 id=fri_decommit seconds=0.009937000
RISCV_KECCAK_STAGE calls=16 depth=1 id=trace_decommit seconds=0.002123000
RISCV_KECCAK_STAGE calls=16 depth=1 id=constraint_check_and_assembly seconds=0.002144000
RISCV_KECCAK_LIFECYCLE calls=16 workers=1 profile=development queries=3 pow_bits=0 execution_ns=277250 prove_ns=4317599292 encode_ns=2374542 fresh_decode_verify_ns=931679333 total_ns=5253736500 artifact_bytes=654898 producer_peak_bytes=781398804 verifier_peak_bytes=132891600 producer_live_bytes=0 verifier_live_bytes=0

Build Summary: 4/4 steps succeeded; 3/3 tests passed
test-riscv-keccak-scaling-proof success
+- complete VM Keccak scaling lifecycle identity guard success
   +- run test 3 passed 15s MaxRSS:1G
      +- compile test ReleaseSafe native success 1m MaxRSS:5G

       96.75 real        94.23 user         4.92 sys
          5015748608  maximum resident set size
                   0  average shared memory size
                   0  average unshared data size
                   0  average unshared stack size
              823729  page reclaims
                 190  page faults
                   0  swaps
                   0  block input operations
                   0  block output operations
                   0  messages sent
                   0  messages received
                   0  signals received
                 186  voluntary context switches
               20130  involuntary context switches
           211042020  instructions retired
            82352762  cycles elapsed
             8995248  peak memory footprint
