test-ethereum-incremental-leaf-universal-proof-v4-genuine
+- genuine two-segment Ethereum incremental role0 proof guard
   +- run test failure
ETHEREUM_INCREMENTAL_ROLE0_PHASE phase=stage101_build source=darwin_proc_pid_rusage_v6 wall_ns=79355602250 process_cpu_ns=102104098583 parallelism_milli=1286 peak_footprint_bytes=1154549104 energy_nj=436688763456 instructions=1974740690074 cycles=398438238522 workers=1 host_byte_budget=8589934592
ETHEREUM_INCREMENTAL_ROLE0_PHASE phase=cold_open source=darwin_proc_pid_rusage_v6 wall_ns=46747151750 process_cpu_ns=49291559458 parallelism_milli=1054 peak_footprint_bytes=1154549104 energy_nj=227148312318 instructions=1099961973255 cycles=195889658239 workers=1 host_byte_budget=8589934592
ETHEREUM_INCREMENTAL_ROLE0_PHASE phase=campaign source=darwin_proc_pid_rusage_v6 wall_ns=1499935584 process_cpu_ns=1499820042 parallelism_milli=999 peak_footprint_bytes=1154549104 energy_nj=7547980773 instructions=33643218923 cycles=5969146849 workers=1 host_byte_budget=8589934592
ETHEREUM_INCREMENTAL_ROLE0_ALLOCATOR_INVALID operation=record-capacity-exceeded ptr=0x151e0cb80 old_bytes=0 new_bytes=64 caller=0x10473b554 active=4096 active_bytes=4277308 untracked=0
ETHEREUM_INCREMENTAL_ROLE0_ALLOCATOR_LIVE ptr=0x170b60300 bytes=144 caller=0x1047bd2e0
ETHEREUM_INCREMENTAL_ROLE0_ALLOCATOR_LIVE ptr=0x170b60200 bytes=168 caller=0x10472fb4c
ETHEREUM_INCREMENTAL_ROLE0_ALLOCATOR_LIVE ptr=0x170b50600 bytes=456 caller=0x10472fb70
ETHEREUM_INCREMENTAL_ROLE0_ALLOCATOR_LIVE ptr=0x170b0c000 bytes=9956 caller=0x1047bd420
ETHEREUM_INCREMENTAL_ROLE0_ALLOCATOR_LIVE ptr=0x170b50400 bytes=496 caller=0x1047be684
ETHEREUM_INCREMENTAL_ROLE0_ALLOCATOR_LIVE ptr=0x128ba0000 bytes=128 caller=0x104730ee0
ETHEREUM_INCREMENTAL_ROLE0_ALLOCATOR_LIVE ptr=0x128ba0080 bytes=128 caller=0x104732bc8
ETHEREUM_INCREMENTAL_ROLE0_ALLOCATOR_LIVE ptr=0x170b40c00 bytes=960 caller=0x104731b80
ETHEREUM_INCREMENTAL_ROLE0_ALLOCATOR_LIVE ptr=0x151df0000 bytes=124 caller=0x1047be4bc
ETHEREUM_INCREMENTAL_ROLE0_ALLOCATOR_LIVE ptr=0x170b23000 bytes=3720 caller=0x104738c6c
ETHEREUM_INCREMENTAL_ROLE0_ALLOCATOR_LIVE ptr=0x128b30000 bytes=13024 caller=0x104737454
ETHEREUM_INCREMENTAL_ROLE0_ALLOCATOR_LIVE ptr=0x665678000 bytes=39264 caller=0x104736a20
ETHEREUM_INCREMENTAL_ROLE0_ALLOCATOR_LIVE ptr=0x6652d0000 bytes=2849420 caller=0x1047376e0
ETHEREUM_INCREMENTAL_ROLE0_ALLOCATOR_LIVE ptr=0x664ba0000 bytes=643352 caller=0x104737684
ETHEREUM_INCREMENTAL_ROLE0_ALLOCATOR_LIVE ptr=0x128bb0040 bytes=48 caller=0x104736a20
ETHEREUM_INCREMENTAL_ROLE0_ALLOCATOR_LIVE ptr=0x145d20000 bytes=272 caller=0x1047bec9c
ETHEREUM_INCREMENTAL_ROLE0_ALLOCATOR_LIVE ptr=0x170b16000 bytes=4336 caller=0x1047bec9c
ETHEREUM_INCREMENTAL_ROLE0_ALLOCATOR_LIVE ptr=0x170b31800 bytes=1056 caller=0x1047bec9c
ETHEREUM_INCREMENTAL_ROLE0_ALLOCATOR_LIVE ptr=0x128bb0000 bytes=64 caller=0x1047bec9c
ETHEREUM_INCREMENTAL_ROLE0_ALLOCATOR_LIVE ptr=0x128b70000 bytes=936 caller=0x1047bec9c
ETHEREUM_INCREMENTAL_ROLE0_ALLOCATOR_LIVE ptr=0x665684000 bytes=74616 caller=0x1047bec9c
ETHEREUM_INCREMENTAL_ROLE0_ALLOCATOR_LIVE ptr=0x665698000 bytes=80256 caller=0x1047bec9c
ETHEREUM_INCREMENTAL_ROLE0_ALLOCATOR_LIVE ptr=0x128b80000 bytes=496 caller=0x10473b22c
ETHEREUM_INCREMENTAL_ROLE0_ALLOCATOR_LIVE ptr=0x128be0020 bytes=32 caller=0x10473b22c
ETHEREUM_INCREMENTAL_ROLE0_ALLOCATOR_LIVE ptr=0x128be0000 bytes=32 caller=0x10473b22c
ETHEREUM_INCREMENTAL_ROLE0_ALLOCATOR_LIVE ptr=0x151e10000 bytes=32 caller=0x10473b22c
ETHEREUM_INCREMENTAL_ROLE0_ALLOCATOR_LIVE ptr=0x145d80000 bytes=32 caller=0x10473b22c
ETHEREUM_INCREMENTAL_ROLE0_ALLOCATOR_LIVE ptr=0x16c5b0000 bytes=32 caller=0x10473b22c
ETHEREUM_INCREMENTAL_ROLE0_ALLOCATOR_LIVE ptr=0x170a40000 bytes=32 caller=0x10473b22c
ETHEREUM_INCREMENTAL_ROLE0_ALLOCATOR_LIVE ptr=0x170b90000 bytes=32 caller=0x10473b22c
ETHEREUM_INCREMENTAL_ROLE0_ALLOCATOR_LIVE ptr=0x170c50000 bytes=32 caller=0x10473b22c
ETHEREUM_INCREMENTAL_ROLE0_ALLOCATOR_LIVE ptr=0x145d80020 bytes=32 caller=0x10473b22c
ETHEREUM_INCREMENTAL_ROLE0_ALLOCATOR_LIVE ptr=0x145d80040 bytes=32 caller=0x10473b22c
ETHEREUM_INCREMENTAL_ROLE0_ALLOCATOR_LIVE ptr=0x145d80060 bytes=32 caller=0x10473b22c
ETHEREUM_INCREMENTAL_ROLE0_ALLOCATOR_LIVE ptr=0x145d80080 bytes=32 caller=0x10473b22c
ETHEREUM_INCREMENTAL_ROLE0_ALLOCATOR_LIVE ptr=0x145d800a0 bytes=32 caller=0x10473b22c
ETHEREUM_INCREMENTAL_ROLE0_ALLOCATOR_LIVE ptr=0x145d800c0 bytes=32 caller=0x10473b22c
ETHEREUM_INCREMENTAL_ROLE0_ALLOCATOR_LIVE ptr=0x145d800e0 bytes=32 caller=0x10473b22c
ETHEREUM_INCREMENTAL_ROLE0_ALLOCATOR_LIVE ptr=0x145d80100 bytes=32 caller=0x10473b22c
ETHEREUM_INCREMENTAL_ROLE0_ALLOCATOR_LIVE ptr=0x145d80120 bytes=32 caller=0x10473b22c
ETHEREUM_INCREMENTAL_ROLE0_ALLOCATOR_LIVE ptr=0x145d80140 bytes=32 caller=0x10473b22c
ETHEREUM_INCREMENTAL_ROLE0_ALLOCATOR_LIVE ptr=0x145d80160 bytes=32 caller=0x10473b22c
ETHEREUM_INCREMENTAL_ROLE0_ALLOCATOR_LIVE ptr=0x145d80180 bytes=32 caller=0x10473b22c
ETHEREUM_INCREMENTAL_ROLE0_ALLOCATOR_LIVE ptr=0x145d801a0 bytes=32 caller=0x10473b22c
ETHEREUM_INCREMENTAL_ROLE0_ALLOCATOR_LIVE ptr=0x145d801c0 bytes=32 caller=0x10473b22c
ETHEREUM_INCREMENTAL_ROLE0_ALLOCATOR_LIVE ptr=0x145d801e0 bytes=32 caller=0x10473b22c
ETHEREUM_INCREMENTAL_ROLE0_ALLOCATOR_LIVE ptr=0x145d80200 bytes=32 caller=0x10473b22c
ETHEREUM_INCREMENTAL_ROLE0_ALLOCATOR_LIVE ptr=0x145d80220 bytes=32 caller=0x10473b22c
ETHEREUM_INCREMENTAL_ROLE0_ALLOCATOR_LIVE ptr=0x145d80240 bytes=32 caller=0x10473b22c
ETHEREUM_INCREMENTAL_ROLE0_ALLOCATOR_LIVE ptr=0x145d80260 bytes=32 caller=0x10473b22c
ETHEREUM_INCREMENTAL_ROLE0_ALLOCATOR_LIVE ptr=0x145d80280 bytes=32 caller=0x10473b22c
ETHEREUM_INCREMENTAL_ROLE0_ALLOCATOR_LIVE ptr=0x145d802a0 bytes=32 caller=0x10473b22c
ETHEREUM_INCREMENTAL_ROLE0_ALLOCATOR_LIVE ptr=0x145d802c0 bytes=32 caller=0x10473b22c
ETHEREUM_INCREMENTAL_ROLE0_ALLOCATOR_LIVE ptr=0x145d802e0 bytes=32 caller=0x10473b22c
ETHEREUM_INCREMENTAL_ROLE0_ALLOCATOR_LIVE ptr=0x6656ac000 bytes=35264 caller=0x1047418a8
ETHEREUM_INCREMENTAL_ROLE0_ALLOCATOR_LIVE ptr=0x145d80300 bytes=32 caller=0x1047418a8
ETHEREUM_INCREMENTAL_ROLE0_ALLOCATOR_LIVE ptr=0x145d80320 bytes=32 caller=0x1047418a8
ETHEREUM_INCREMENTAL_ROLE0_ALLOCATOR_LIVE ptr=0x151e00000 bytes=64 caller=0x1047418a8
ETHEREUM_INCREMENTAL_ROLE0_ALLOCATOR_LIVE ptr=0x145d50000 bytes=64 caller=0x1047418a8
ETHEREUM_INCREMENTAL_ROLE0_ALLOCATOR_LIVE ptr=0x16c5a0000 bytes=64 caller=0x1047418a8
ETHEREUM_INCREMENTAL_ROLE0_ALLOCATOR_LIVE ptr=0x170a30000 bytes=64 caller=0x1047418a8
ETHEREUM_INCREMENTAL_ROLE0_ALLOCATOR_LIVE ptr=0x170b80000 bytes=64 caller=0x1047418a8
ETHEREUM_INCREMENTAL_ROLE0_ALLOCATOR_LIVE ptr=0x170c40000 bytes=64 caller=0x1047418a8
ETHEREUM_INCREMENTAL_ROLE0_ALLOCATOR_LIVE ptr=0x145d50040 bytes=64 caller=0x1047418a8
ETHEREUM_INCREMENTAL_ROLE0_ALLOCATOR_LIVE ptr=0x170b80040 bytes=64 caller=0x1047418a8
ETHEREUM_INCREMENTAL_ROLE0_ALLOCATOR_LIVE ptr=0x170b80080 bytes=64 caller=0x1047418a8
ETHEREUM_INCREMENTAL_ROLE0_ALLOCATOR_LIVE ptr=0x170b800c0 bytes=64 caller=0x1047418a8
ETHEREUM_INCREMENTAL_ROLE0_ALLOCATOR_LIVE ptr=0x170b80100 bytes=64 caller=0x1047418a8
ETHEREUM_INCREMENTAL_ROLE0_ALLOCATOR_LIVE ptr=0x170b80140 bytes=64 caller=0x1047418a8
ETHEREUM_INCREMENTAL_ROLE0_ALLOCATOR_LIVE ptr=0x170b80180 bytes=64 caller=0x1047418a8
ETHEREUM_INCREMENTAL_ROLE0_ALLOCATOR_LIVE ptr=0x170b801c0 bytes=64 caller=0x1047418a8
ETHEREUM_INCREMENTAL_ROLE0_ALLOCATOR_LIVE ptr=0x170b80200 bytes=64 caller=0x1047418a8
ETHEREUM_INCREMENTAL_ROLE0_ALLOCATOR_LIVE ptr=0x170b80240 bytes=64 caller=0x1047418a8
ETHEREUM_INCREMENTAL_ROLE0_ALLOCATOR_LIVE ptr=0x170b80280 bytes=64 caller=0x1047418a8
ETHEREUM_INCREMENTAL_ROLE0_ALLOCATOR_LIVE ptr=0x170b802c0 bytes=64 caller=0x1047418a8
ETHEREUM_INCREMENTAL_ROLE0_ALLOCATOR_LIVE ptr=0x170b80300 bytes=64 caller=0x1047418a8
ETHEREUM_INCREMENTAL_ROLE0_ALLOCATOR_LIVE ptr=0x170b80340 bytes=64 caller=0x1047418a8
ETHEREUM_INCREMENTAL_ROLE0_ALLOCATOR_LIVE ptr=0x170b80380 bytes=64 caller=0x1047418a8
ETHEREUM_INCREMENTAL_ROLE0_ALLOCATOR_LIVE ptr=0x170b803c0 bytes=64 caller=0x1047418a8
ETHEREUM_INCREMENTAL_ROLE0_ALLOCATOR_LIVE ptr=0x170b80400 bytes=64 caller=0x1047418a8
ETHEREUM_INCREMENTAL_ROLE0_ALLOCATOR_LIVE ptr=0x170b80440 bytes=64 caller=0x1047418a8
ETHEREUM_INCREMENTAL_ROLE0_ALLOCATOR_LIVE ptr=0x170b80480 bytes=64 caller=0x1047418a8
ETHEREUM_INCREMENTAL_ROLE0_ALLOCATOR_LIVE ptr=0x170b804c0 bytes=64 caller=0x1047418a8
ETHEREUM_INCREMENTAL_ROLE0_ALLOCATOR_LIVE ptr=0x170b80500 bytes=64 caller=0x1047418a8
ETHEREUM_INCREMENTAL_ROLE0_ALLOCATOR_LIVE ptr=0x170b80540 bytes=64 caller=0x1047418a8
ETHEREUM_INCREMENTAL_ROLE0_ALLOCATOR_LIVE ptr=0x170b80580 bytes=64 caller=0x1047418a8
ETHEREUM_INCREMENTAL_ROLE0_ALLOCATOR_LIVE ptr=0x170b805c0 bytes=64 caller=0x1047418a8
ETHEREUM_INCREMENTAL_ROLE0_ALLOCATOR_LIVE ptr=0x170b80600 bytes=64 caller=0x1047418a8
ETHEREUM_INCREMENTAL_ROLE0_ALLOCATOR_LIVE ptr=0x170b80640 bytes=64 caller=0x1047418a8
ETHEREUM_INCREMENTAL_ROLE0_ALLOCATOR_LIVE ptr=0x170b80680 bytes=64 caller=0x1047418a8
ETHEREUM_INCREMENTAL_ROLE0_ALLOCATOR_LIVE ptr=0x170b806c0 bytes=64 caller=0x1047418a8
ETHEREUM_INCREMENTAL_ROLE0_ALLOCATOR_LIVE ptr=0x170b80700 bytes=64 caller=0x1047418a8
ETHEREUM_INCREMENTAL_ROLE0_ALLOCATOR_LIVE ptr=0x170b80740 bytes=64 caller=0x1047418a8
ETHEREUM_INCREMENTAL_ROLE0_ALLOCATOR_LIVE ptr=0x170b80780 bytes=64 caller=0x1047418a8
ETHEREUM_INCREMENTAL_ROLE0_ALLOCATOR_LIVE ptr=0x170b807c0 bytes=64 caller=0x1047418a8
ETHEREUM_INCREMENTAL_ROLE0_ALLOCATOR_LIVE ptr=0x170b80800 bytes=64 caller=0x1047418a8
ETHEREUM_INCREMENTAL_ROLE0_ALLOCATOR_LIVE ptr=0x170b80840 bytes=64 caller=0x1047418a8
ETHEREUM_INCREMENTAL_ROLE0_ALLOCATOR_LIVE ptr=0x170b80880 bytes=64 caller=0x1047418a8
ETHEREUM_INCREMENTAL_ROLE0_ALLOCATOR_LIVE ptr=0x170b808c0 bytes=64 caller=0x1047418a8
ETHEREUM_INCREMENTAL_ROLE0_ALLOCATOR_LIVE ptr=0x170b80900 bytes=64 caller=0x1047418a8
ETHEREUM_INCREMENTAL_ROLE0_ALLOCATOR_LIVE ptr=0x170b80940 bytes=64 caller=0x1047418a8
ETHEREUM_INCREMENTAL_ROLE0_ALLOCATOR_LIVE ptr=0x170b80980 bytes=64 caller=0x1047418a8
ETHEREUM_INCREMENTAL_ROLE0_ALLOCATOR_LIVE ptr=0x170b809c0 bytes=64 caller=0x1047418a8
ETHEREUM_INCREMENTAL_ROLE0_ALLOCATOR_LIVE ptr=0x170b80a00 bytes=64 caller=0x1047418a8
ETHEREUM_INCREMENTAL_ROLE0_ALLOCATOR_LIVE ptr=0x170b80a40 bytes=64 caller=0x1047418a8
ETHEREUM_INCREMENTAL_ROLE0_ALLOCATOR_LIVE ptr=0x170b80a80 bytes=64 caller=0x1047418a8
ETHEREUM_INCREMENTAL_ROLE0_ALLOCATOR_LIVE ptr=0x170b80ac0 bytes=64 caller=0x1047418a8
ETHEREUM_INCREMENTAL_ROLE0_ALLOCATOR_LIVE ptr=0x170b80b00 bytes=64 caller=0x1047418a8
ETHEREUM_INCREMENTAL_ROLE0_ALLOCATOR_LIVE ptr=0x170b80b40 bytes=64 caller=0x1047418a8
ETHEREUM_INCREMENTAL_ROLE0_ALLOCATOR_LIVE ptr=0x170b80b80 bytes=64 caller=0x1047418a8
ETHEREUM_INCREMENTAL_ROLE0_ALLOCATOR_LIVE ptr=0x170b80bc0 bytes=64 caller=0x1047418a8
ETHEREUM_INCREMENTAL_ROLE0_ALLOCATOR_LIVE ptr=0x170b80c00 bytes=64 caller=0x1047418a8
ETHEREUM_INCREMENTAL_ROLE0_ALLOCATOR_LIVE ptr=0x170b80c40 bytes=64 caller=0x1047418a8
ETHEREUM_INCREMENTAL_ROLE0_ALLOCATOR_LIVE ptr=0x170b80c80 bytes=64 caller=0x1047418a8
ETHEREUM_INCREMENTAL_ROLE0_ALLOCATOR_LIVE ptr=0x170b80cc0 bytes=64 caller=0x1047418a8
ETHEREUM_INCREMENTAL_ROLE0_ALLOCATOR_LIVE ptr=0x170b80d00 bytes=64 caller=0x1047418a8
ETHEREUM_INCREMENTAL_ROLE0_ALLOCATOR_LIVE ptr=0x170b80d40 bytes=64 caller=0x1047418a8
ETHEREUM_INCREMENTAL_ROLE0_ALLOCATOR_LIVE ptr=0x170b80d80 bytes=64 caller=0x1047418a8
ETHEREUM_INCREMENTAL_ROLE0_ALLOCATOR_LIVE ptr=0x170b80dc0 bytes=64 caller=0x1047418a8
ETHEREUM_INCREMENTAL_ROLE0_ALLOCATOR_LIVE ptr=0x170b80e00 bytes=64 caller=0x1047418a8
ETHEREUM_INCREMENTAL_ROLE0_ALLOCATOR_LIVE ptr=0x170b80e40 bytes=64 caller=0x1047418a8
ETHEREUM_INCREMENTAL_ROLE0_ALLOCATOR_LIVE ptr=0x170b80e80 bytes=64 caller=0x1047418a8
ETHEREUM_INCREMENTAL_ROLE0_ALLOCATOR_LIVE ptr=0x170b80ec0 bytes=64 caller=0x1047418a8
ETHEREUM_INCREMENTAL_ROLE0_ALLOCATOR_LIVE ptr=0x170b80f00 bytes=64 caller=0x1047418a8
ETHEREUM_INCREMENTAL_ROLE0_ALLOCATOR_LIVE ptr=0x170b80f40 bytes=64 caller=0x1047418a8
ETHEREUM_INCREMENTAL_ROLE0_ALLOCATOR_LIVE ptr=0x170b80f80 bytes=64 caller=0x1047418a8
ETHEREUM_INCREMENTAL_ROLE0_ALLOCATOR_LIVE ptr=0x170b80fc0 bytes=64 caller=0x1047418a8
ETHEREUM_INCREMENTAL_ROLE0_ALLOCATOR_LIVE ptr=0x170b81000 bytes=64 caller=0x1047418a8
ETHEREUM_INCREMENTAL_ROLE0_ALLOCATOR_LIVE ptr=0x170b81040 bytes=64 caller=0x1047418a8
ETHEREUM_INCREMENTAL_ROLE0_ALLOCATOR_LIVE ptr=0x170b81080 bytes=64 caller=0x1047418a8
ETHEREUM_INCREMENTAL_ROLE0_ALLOCATOR_LIVE ptr=0x170b810c0 bytes=64 caller=0x1047418a8
ETHEREUM_INCREMENTAL_ROLE0_ALLOCATOR_LIVE ptr=0x170b81100 bytes=64 caller=0x1047418a8
ETHEREUM_INCREMENTAL_ROLE0_ALLOCATOR_LIVE ptr=0x170b81140 bytes=64 caller=0x1047418a8
ETHEREUM_INCREMENTAL_ROLE0_ALLOCATOR_LIVE ptr=0x170b81180 bytes=64 caller=0x1047418a8
ETHEREUM_INCREMENTAL_ROLE0_ALLOCATOR_LIVE ptr=0x170b811c0 bytes=64 caller=0x1047418a8
ETHEREUM_INCREMENTAL_ROLE0_ALLOCATOR_LIVE ptr=0x170b81200 bytes=64 caller=0x1047418a8
ETHEREUM_INCREMENTAL_ROLE0_ALLOCATOR_LIVE ptr=0x170b81240 bytes=64 caller=0x1047418a8
ETHEREUM_INCREMENTAL_ROLE0_ALLOCATOR_LIVE ptr=0x170b81280 bytes=64 caller=0x1047418a8
ETHEREUM_INCREMENTAL_ROLE0_ALLOCATOR_LIVE ptr=0x170b812c0 bytes=64 caller=0x1047418a8
ETHEREUM_INCREMENTAL_ROLE0_ALLOCATOR_LIVE ptr=0x170b81300 bytes=64 caller=0x1047418a8
ETHEREUM_INCREMENTAL_ROLE0_ALLOCATOR_LIVE ptr=0x170b81340 bytes=64 caller=0x1047418a8
ETHEREUM_INCREMENTAL_ROLE0_ALLOCATOR_LIVE ptr=0x170b81380 bytes=64 caller=0x1047418a8
ETHEREUM_INCREMENTAL_ROLE0_ALLOCATOR_LIVE ptr=0x170b813c0 bytes=64 caller=0x1047418a8
ETHEREUM_INCREMENTAL_ROLE0_ALLOCATOR_LIVE ptr=0x170b81400 bytes=64 caller=0x1047418a8
ETHEREUM_INCREMENTAL_ROLE0_ALLOCATOR_LIVE ptr=0x170b81440 bytes=64 caller=0x1047418a8
ETHEREUM_INCREMENTAL_ROLE0_ALLOCATOR_LIVE ptr=0x170b81480 bytes=64 caller=0x1047418a8
ETHEREUM_INCREMENTAL_ROLE0_ALLOCATOR_LIVE ptr=0x170b814c0 bytes=64 caller=0x1047418a8
ETHEREUM_INCREMENTAL_ROLE0_ALLOCATOR_LIVE ptr=0x170b81500 bytes=64 caller=0x1047418a8
ETHEREUM_INCREMENTAL_ROLE0_ALLOCATOR_LIVE ptr=0x170b81540 bytes=64 caller=0x1047418a8
ETHEREUM_INCREMENTAL_ROLE0_ALLOCATOR_LIVE ptr=0x170b81580 bytes=64 caller=0x1047418a8
ETHEREUM_INCREMENTAL_ROLE0_ALLOCATOR_LIVE ptr=0x170b815c0 bytes=64 caller=0x1047418a8
ETHEREUM_INCREMENTAL_ROLE0_ALLOCATOR_LIVE ptr=0x170b81600 bytes=64 caller=0x1047418a8
ETHEREUM_INCREMENTAL_ROLE0_ALLOCATOR_LIVE ptr=0x170b81640 bytes=64 caller=0x1047418a8
ETHEREUM_INCREMENTAL_ROLE0_ALLOCATOR_LIVE ptr=0x170b81680 bytes=64 caller=0x1047418a8
ETHEREUM_INCREMENTAL_ROLE0_ALLOCATOR_LIVE ptr=0x170b816c0 bytes=64 caller=0x1047418a8
ETHEREUM_INCREMENTAL_ROLE0_ALLOCATOR_LIVE ptr=0x170b81700 bytes=64 caller=0x1047418a8
ETHEREUM_INCREMENTAL_ROLE0_ALLOCATOR_LIVE ptr=0x170b81740 bytes=64 caller=0x1047418a8
ETHEREUM_INCREMENTAL_ROLE0_ALLOCATOR_LIVE ptr=0x170b81780 bytes=64 caller=0x1047418a8
ETHEREUM_INCREMENTAL_ROLE0_ALLOCATOR_LIVE ptr=0x170b817c0 bytes=64 caller=0x1047418a8
ETHEREUM_INCREMENTAL_ROLE0_ALLOCATOR_LIVE ptr=0x170b81800 bytes=64 caller=0x1047418a8
ETHEREUM_INCREMENTAL_ROLE0_ALLOCATOR_LIVE ptr=0x170b81840 bytes=64 caller=0x1047418a8
ETHEREUM_INCREMENTAL_ROLE0_ALLOCATOR_LIVE ptr=0x170b81880 bytes=64 caller=0x1047418a8
ETHEREUM_INCREMENTAL_ROLE0_ALLOCATOR_LIVE ptr=0x170b818c0 bytes=64 caller=0x1047418a8
ETHEREUM_INCREMENTAL_ROLE0_ALLOCATOR_LIVE ptr=0x170b81900 bytes=64 caller=0x1047418a8
ETHEREUM_INCREMENTAL_ROLE0_ALLOCATOR_LIVE ptr=0x170b81940 bytes=64 caller=0x1047418a8
ETHEREUM_INCREMENTAL_ROLE0_ALLOCATOR_LIVE ptr=0x170b81980 bytes=64 caller=0x1047418a8
ETHEREUM_INCREMENTAL_ROLE0_ALLOCATOR_LIVE ptr=0x170b819c0 bytes=64 caller=0x1047418a8
ETHEREUM_INCREMENTAL_ROLE0_ALLOCATOR_LIVE ptr=0x170b81a00 bytes=64 caller=0x1047418a8
ETHEREUM_INCREMENTAL_ROLE0_ALLOCATOR_LIVE ptr=0x170b81a40 bytes=64 caller=0x1047418a8
ETHEREUM_INCREMENTAL_ROLE0_ALLOCATOR_LIVE ptr=0x170b81a80 bytes=64 caller=0x1047418a8
ETHEREUM_INCREMENTAL_ROLE0_ALLOCATOR_LIVE ptr=0x170b81ac0 bytes=64 caller=0x1047418a8
ETHEREUM_INCREMENTAL_ROLE0_ALLOCATOR_LIVE ptr=0x170b81b00 bytes=64 caller=0x1047418a8
ETHEREUM_INCREMENTAL_ROLE0_ALLOCATOR_LIVE ptr=0x170b81b40 bytes=64 caller=0x1047418a8
ETHEREUM_INCREMENTAL_ROLE0_ALLOCATOR_LIVE ptr=0x170b81b80 bytes=64 caller=0x1047418a8
ETHEREUM_INCREMENTAL_ROLE0_ALLOCATOR_LIVE ptr=0x170b81bc0 bytes=64 caller=0x1047418a8
ETHEREUM_INCREMENTAL_ROLE0_ALLOCATOR_LIVE ptr=0x170b81c00 bytes=64 caller=0x1047418a8
ETHEREUM_INCREMENTAL_ROLE0_ALLOCATOR_LIVE ptr=0x170b81c40 bytes=64 caller=0x1047418a8
ETHEREUM_INCREMENTAL_ROLE0_ALLOCATOR_LIVE ptr=0x170b81c80 bytes=64 caller=0x1047418a8
ETHEREUM_INCREMENTAL_ROLE0_ALLOCATOR_LIVE ptr=0x170b81cc0 bytes=64 caller=0x1047418a8
ETHEREUM_INCREMENTAL_ROLE0_ALLOCATOR_LIVE ptr=0x170b81d00 bytes=64 caller=0x1047418a8
ETHEREUM_INCREMENTAL_ROLE0_ALLOCATOR_LIVE ptr=0x170b81d40 bytes=64 caller=0x1047418a8
ETHEREUM_INCREMENTAL_ROLE0_ALLOCATOR_LIVE ptr=0x170b81d80 bytes=64 caller=0x1047418a8
ETHEREUM_INCREMENTAL_ROLE0_ALLOCATOR_LIVE ptr=0x170b81dc0 bytes=64 caller=0x1047418a8
ETHEREUM_INCREMENTAL_ROLE0_ALLOCATOR_LIVE ptr=0x170b81e00 bytes=64 caller=0x1047418a8
ETHEREUM_INCREMENTAL_ROLE0_ALLOCATOR_LIVE ptr=0x170b81e40 bytes=64 caller=0x1047418a8
ETHEREUM_INCREMENTAL_ROLE0_ALLOCATOR_LIVE ptr=0x170b81e80 bytes=64 caller=0x1047418a8
ETHEREUM_INCREMENTAL_ROLE0_ALLOCATOR_LIVE ptr=0x170b81ec0 bytes=64 caller=0x1047418a8
ETHEREUM_INCREMENTAL_ROLE0_ALLOCATOR_LIVE ptr=0x170b81f00 bytes=64 caller=0x1047418a8
ETHEREUM_INCREMENTAL_ROLE0_ALLOCATOR_LIVE ptr=0x170b81f40 bytes=64 caller=0x1047418a8
ETHEREUM_INCREMENTAL_ROLE0_ALLOCATOR_LIVE ptr=0x170b81f80 bytes=64 caller=0x1047418a8
ETHEREUM_INCREMENTAL_ROLE0_ALLOCATOR_LIVE ptr=0x170b81fc0 bytes=64 caller=0x1047418a8
ETHEREUM_INCREMENTAL_ROLE0_ALLOCATOR_LIVE ptr=0x170b82000 bytes=64 caller=0x1047418a8
ETHEREUM_INCREMENTAL_ROLE0_ALLOCATOR_LIVE ptr=0x170b82040 bytes=64 caller=0x1047418a8
ETHEREUM_INCREMENTAL_ROLE0_ALLOCATOR_LIVE ptr=0x170b82080 bytes=64 caller=0x1047418a8
ETHEREUM_INCREMENTAL_ROLE0_ALLOCATOR_LIVE ptr=0x170b820c0 bytes=64 caller=0x1047418a8
ETHEREUM_INCREMENTAL_ROLE0_ALLOCATOR_LIVE ptr=0x170b82100 bytes=64 caller=0x1047418a8
ETHEREUM_INCREMENTAL_ROLE0_ALLOCATOR_LIVE ptr=0x170b82140 bytes=64 caller=0x1047418a8
ETHEREUM_INCREMENTAL_ROLE0_ALLOCATOR_LIVE ptr=0x170b82180 bytes=64 caller=0x1047418a8
ETHEREUM_INCREMENTAL_ROLE0_ALLOCATOR_LIVE ptr=0x170b821c0 bytes=64 caller=0x1047418a8
ETHEREUM_INCREMENTAL_ROLE0_ALLOCATOR_LIVE ptr=0x170b82200 bytes=64 caller=0x1047418a8
ETHEREUM_INCREMENTAL_ROLE0_ALLOCATOR_LIVE ptr=0x170b82240 bytes=64 caller=0x1047418a8
ETHEREUM_INCREMENTAL_ROLE0_ALLOCATOR_LIVE ptr=0x170b82280 bytes=64 caller=0x1047418a8
ETHEREUM_INCREMENTAL_ROLE0_ALLOCATOR_LIVE ptr=0x170b822c0 bytes=64 caller=0x1047418a8
ETHEREUM_INCREMENTAL_ROLE0_ALLOCATOR_LIVE ptr=0x170b82300 bytes=64 caller=0x1047418a8
ETHEREUM_INCREMENTAL_ROLE0_ALLOCATOR_LIVE ptr=0x170b82340 bytes=64 caller=0x1047418a8
ETHEREUM_INCREMENTAL_ROLE0_ALLOCATOR_LIVE ptr=0x170b82380 bytes=64 caller=0x1047418a8
ETHEREUM_INCREMENTAL_ROLE0_ALLOCATOR_LIVE ptr=0x170b823c0 bytes=64 caller=0x1047418a8
ETHEREUM_INCREMENTAL_ROLE0_ALLOCATOR_LIVE ptr=0x170b82400 bytes=64 caller=0x1047418a8
ETHEREUM_INCREMENTAL_ROLE0_ALLOCATOR_LIVE ptr=0x170b82440 bytes=64 caller=0x1047418a8
ETHEREUM_INCREMENTAL_ROLE0_ALLOCATOR_LIVE ptr=0x170b82480 bytes=64 caller=0x1047418a8
ETHEREUM_INCREMENTAL_ROLE0_ALLOCATOR_LIVE ptr=0x170b824c0 bytes=64 caller=0x1047418a8
ETHEREUM_INCREMENTAL_ROLE0_ALLOCATOR_LIVE ptr=0x170b82500 bytes=64 caller=0x1047418a8
ETHEREUM_INCREMENTAL_ROLE0_ALLOCATOR_LIVE ptr=0x170b82540 bytes=64 caller=0x1047418a8
ETHEREUM_INCREMENTAL_ROLE0_ALLOCATOR_LIVE ptr=0x170b82580 bytes=64 caller=0x1047418a8
ETHEREUM_INCREMENTAL_ROLE0_ALLOCATOR_LIVE ptr=0x170b825c0 bytes=64 caller=0x1047418a8
ETHEREUM_INCREMENTAL_ROLE0_ALLOCATOR_LIVE ptr=0x170b82600 bytes=64 caller=0x1047418a8
ETHEREUM_INCREMENTAL_ROLE0_ALLOCATOR_LIVE ptr=0x170b82640 bytes=64 caller=0x1047418a8
ETHEREUM_INCREMENTAL_ROLE0_ALLOCATOR_LIVE ptr=0x170b82680 bytes=64 caller=0x1047418a8
ETHEREUM_INCREMENTAL_ROLE0_ALLOCATOR_LIVE ptr=0x170b826c0 bytes=64 caller=0x1047418a8
ETHEREUM_INCREMENTAL_ROLE0_ALLOCATOR_LIVE ptr=0x170b82700 bytes=64 caller=0x1047418a8
ETHEREUM_INCREMENTAL_ROLE0_ALLOCATOR_LIVE ptr=0x170b82740 bytes=64 caller=0x1047418a8
ETHEREUM_INCREMENTAL_ROLE0_ALLOCATOR_LIVE ptr=0x170b82780 bytes=64 caller=0x1047418a8
ETHEREUM_INCREMENTAL_ROLE0_ALLOCATOR_LIVE ptr=0x170b827c0 bytes=64 caller=0x1047418a8
ETHEREUM_INCREMENTAL_ROLE0_ALLOCATOR_LIVE ptr=0x170b82800 bytes=64 caller=0x1047418a8
ETHEREUM_INCREMENTAL_ROLE0_ALLOCATOR_LIVE ptr=0x170b82840 bytes=64 caller=0x1047418a8
ETHEREUM_INCREMENTAL_ROLE0_ALLOCATOR_LIVE ptr=0x170b82880 bytes=64 caller=0x1047418a8
ETHEREUM_INCREMENTAL_ROLE0_ALLOCATOR_LIVE ptr=0x170b828c0 bytes=64 caller=0x1047418a8
ETHEREUM_INCREMENTAL_ROLE0_ALLOCATOR_LIVE ptr=0x170b82900 bytes=64 caller=0x1047418a8
ETHEREUM_INCREMENTAL_ROLE0_ALLOCATOR_LIVE ptr=0x170b82940 bytes=64 caller=0x1047418a8
ETHEREUM_INCREMENTAL_ROLE0_ALLOCATOR_LIVE ptr=0x170b82980 bytes=64 caller=0x1047418a8
ETHEREUM_INCREMENTAL_ROLE0_ALLOCATOR_LIVE ptr=0x170b829c0 bytes=64 caller=0x1047418a8
ETHEREUM_INCREMENTAL_ROLE0_ALLOCATOR_LIVE ptr=0x170b82a00 bytes=64 caller=0x1047418a8
ETHEREUM_INCREMENTAL_ROLE0_ALLOCATOR_LIVE ptr=0x170b82a40 bytes=64 caller=0x1047418a8
ETHEREUM_INCREMENTAL_ROLE0_ALLOCATOR_LIVE ptr=0x170b82a80 bytes=64 caller=0x1047418a8
ETHEREUM_INCREMENTAL_ROLE0_ALLOCATOR_LIVE ptr=0x170b82ac0 bytes=64 caller=0x1047418a8
ETHEREUM_INCREMENTAL_ROLE0_ALLOCATOR_LIVE ptr=0x170b82b00 bytes=64 caller=0x1047418a8
ETHEREUM_INCREMENTAL_ROLE0_ALLOCATOR_LIVE ptr=0x170b82b40 bytes=64 caller=0x1047418a8
ETHEREUM_INCREMENTAL_ROLE0_ALLOCATOR_LIVE ptr=0x170b82b80 bytes=64 caller=0x1047418a8
ETHEREUM_INCREMENTAL_ROLE0_ALLOCATOR_LIVE ptr=0x170b82bc0 bytes=64 caller=0x1047418a8
ETHEREUM_INCREMENTAL_ROLE0_ALLOCATOR_LIVE ptr=0x170b82c00 bytes=64 caller=0x1047418a8
ETHEREUM_INCREMENTAL_ROLE0_ALLOCATOR_LIVE ptr=0x170b82c40 bytes=64 caller=0x1047418a8
ETHEREUM_INCREMENTAL_ROLE0_ALLOCATOR_LIVE ptr=0x170b82c80 bytes=64 caller=0x1047418a8
ETHEREUM_INCREMENTAL_ROLE0_ALLOCATOR_LIVE ptr=0x170b82cc0 bytes=64 caller=0x1047418a8
ETHEREUM_INCREMENTAL_ROLE0_ALLOCATOR_LIVE ptr=0x170b82d00 bytes=64 caller=0x1047418a8
ETHEREUM_INCREMENTAL_ROLE0_ALLOCATOR_LIVE ptr=0x170b82d40 bytes=64 caller=0x1047418a8
ETHEREUM_INCREMENTAL_ROLE0_ALLOCATOR_LIVE ptr=0x170b82d80 bytes=64 caller=0x1047418a8
ETHEREUM_INCREMENTAL_ROLE0_ALLOCATOR_LIVE ptr=0x170b82dc0 bytes=64 caller=0x1047418a8
ETHEREUM_INCREMENTAL_ROLE0_ALLOCATOR_LIVE ptr=0x170b82e00 bytes=64 caller=0x1047418a8
ETHEREUM_INCREMENTAL_ROLE0_ALLOCATOR_LIVE ptr=0x170b82e40 bytes=64 caller=0x1047418a8
ETHEREUM_INCREMENTAL_ROLE0_ALLOCATOR_LIVE ptr=0x170b82e80 bytes=64 caller=0x1047418a8
ETHEREUM_INCREMENTAL_ROLE0_ALLOCATOR_LIVE ptr=0x170b82ec0 bytes=64 caller=0x1047418a8
ETHEREUM_INCREMENTAL_ROLE0_ALLOCATOR_LIVE ptr=0x170b82f00 bytes=64 caller=0x1047418a8
ETHEREUM_INCREMENTAL_ROLE0_ALLOCATOR_LIVE ptr=0x170b82f40 bytes=64 caller=0x1047418a8
ETHEREUM_INCREMENTAL_ROLE0_ALLOCATOR_LIVE ptr=0x170b82f80 bytes=64 caller=0x1047418a8
ETHEREUM_INCREMENTAL_ROLE0_ALLOCATOR_LIVE ptr=0x170b82fc0 bytes=64 caller=0x1047418a8
ETHEREUM_INCREMENTAL_ROLE0_ALLOCATOR_LIVE ptr=0x170b83000 bytes=64 caller=0x1047418a8
ETHEREUM_INCREMENTAL_ROLE0_ALLOCATOR_LIVE ptr=0x170b83040 bytes=64 caller=0x1047418a8
ETHEREUM_INCREMENTAL_ROLE0_ALLOCATOR_LIVE ptr=0x170b83080 bytes=64 caller=0x1047418a8
ETHEREUM_INCREMENTAL_ROLE0_ALLOCATOR_LIVE ptr=0x170b830c0 bytes=64 caller=0x1047418a8
ETHEREUM_INCREMENTAL_ROLE0_ALLOCATOR_LIVE ptr=0x170b83100 bytes=64 caller=0x1047418a8
ETHEREUM_INCREMENTAL_ROLE0_ALLOCATOR_LIVE ptr=0x170b83140 bytes=64 caller=0x1047418a8
ETHEREUM_INCREMENTAL_ROLE0_ALLOCATOR_LIVE ptr=0x170b83180 bytes=64 caller=0x1047418a8
ETHEREUM_INCREMENTAL_ROLE0_ALLOCATOR_LIVE ptr=0x170b831c0 bytes=64 caller=0x1047418a8
ETHEREUM_INCREMENTAL_ROLE0_ALLOCATOR_LIVE ptr=0x170b83200 bytes=64 caller=0x1047418a8
ETHEREUM_INCREMENTAL_ROLE0_ALLOCATOR_LIVE ptr=0x170b83240 bytes=64 caller=0x1047418a8
ETHEREUM_INCREMENTAL_ROLE0_ALLOCATOR_LIVE ptr=0x170b83280 bytes=64 caller=0x1047418a8
ETHEREUM_INCREMENTAL_ROLE0_ALLOCATOR_LIVE ptr=0x170b832c0 bytes=64 caller=0x1047418a8
ETHEREUM_INCREMENTAL_ROLE0_ALLOCATOR_LIVE ptr=0x170b83300 bytes=64 caller=0x1047418a8
ETHEREUM_INCREMENTAL_ROLE0_ALLOCATOR_LIVE ptr=0x170b83340 bytes=64 caller=0x1047418a8
ETHEREUM_INCREMENTAL_ROLE0_ALLOCATOR_LIVE ptr=0x170b83380 bytes=64 caller=0x1047418a8
ETHEREUM_INCREMENTAL_ROLE0_ALLOCATOR_LIVE ptr=0x170b833c0 bytes=64 caller=0x1047418a8
ETHEREUM_INCREMENTAL_ROLE0_ALLOCATOR_LIVE ptr=0x170b83400 bytes=64 caller=0x1047418a8
ETHEREUM_INCREMENTAL_ROLE0_ALLOCATOR_LIVE ptr=0x170b83440 bytes=64 caller=0x1047418a8
ETHEREUM_INCREMENTAL_ROLE0_ALLOCATOR_LIVE ptr=0x170b83480 bytes=64 caller=0x1047418a8
ETHEREUM_INCREMENTAL_ROLE0_ALLOCATOR_LIVE ptr=0x170b834c0 bytes=64 caller=0x1047418a8
ETHEREUM_INCREMENTAL_ROLE0_ALLOCATOR_LIVE ptr=0x170a10100 bytes=192 caller=0x1047418a8
ETHEREUM_INCREMENTAL_ROLE0_ALLOCATOR_LIVE ptr=0x170a10200 bytes=192 caller=0x1047418a8
ETHEREUM_INCREMENTAL_ROLE0_ALLOCATOR_LIVE ptr=0x170a10300 bytes=192 caller=0x1047418a8
ETHEREUM_INCREMENTAL_ROLE0_ALLOCATOR_LIVE ptr=0x170a10400 bytes=192 caller=0x1047418a8
ETHEREUM_INCREMENTAL_ROLE0_ALLOCATOR_LIVE ptr=0x170a10500 bytes=192 caller=0x1047418a8
ETHEREUM_INCREMENTAL_ROLE0_ALLOCATOR_LIVE ptr=0x170a10600 bytes=192 caller=0x1047418a8
ETHEREUM_INCREMENTAL_ROLE0_ALLOCATOR_LIVE ptr=0x170a10700 bytes=192 caller=0x1047418a8
ETHEREUM_INCREMENTAL_ROLE0_ALLOCATOR_LIVE ptr=0x170a10800 bytes=192 caller=0x1047418a8
ETHEREUM_INCREMENTAL_ROLE0_ALLOCATOR_LIVE ptr=0x170a10900 bytes=192 caller=0x1047418a8
ETHEREUM_INCREMENTAL_ROLE0_ALLOCATOR_LIVE ptr=0x170a10a00 bytes=192 caller=0x1047418a8
ETHEREUM_INCREMENTAL_ROLE0_ALLOCATOR_LIVE ptr=0x170a10b00 bytes=192 caller=0x1047418a8
ETHEREUM_INCREMENTAL_ROLE0_ALLOCATOR_LIVE ptr=0x170a10c00 bytes=192 caller=0x1047418a8
ETHEREUM_INCREMENTAL_ROLE0_ALLOCATOR_LIVE ptr=0x170a10d00 bytes=192 caller=0x1047418a8
ETHEREUM_INCREMENTAL_ROLE0_ALLOCATOR_LIVE ptr=0x170a10e00 bytes=192 caller=0x1047418a8
ETHEREUM_INCREMENTAL_ROLE0_ALLOCATOR_LIVE ptr=0x170a10f00 bytes=192 caller=0x1047418a8
ETHEREUM_INCREMENTAL_ROLE0_ALLOCATOR_LIVE ptr=0x170a11000 bytes=192 caller=0x1047418a8
ETHEREUM_INCREMENTAL_ROLE0_ALLOCATOR_LIVE ptr=0x170a11100 bytes=192 caller=0x1047418a8
ETHEREUM_INCREMENTAL_ROLE0_ALLOCATOR_LIVE ptr=0x170a11200 bytes=192 caller=0x1047418a8
ETHEREUM_INCREMENTAL_ROLE0_ALLOCATOR_LIVE ptr=0x170a11300 bytes=192 caller=0x1047418a8
ETHEREUM_INCREMENTAL_ROLE0_ALLOCATOR_LIVE ptr=0x170a11400 bytes=192 caller=0x1047418a8
ETHEREUM_INCREMENTAL_ROLE0_ALLOCATOR_LIVE ptr=0x170a11500 bytes=192 caller=0x1047418a8
ETHEREUM_INCREMENTAL_ROLE0_ALLOCATOR_LIVE ptr=0x170a11600 bytes=192 caller=0x1047418a8
ETHEREUM_INCREMENTAL_ROLE0_ALLOCATOR_LIVE ptr=0x170a11700 bytes=192 caller=0x1047418a8
ETHEREUM_INCREMENTAL_ROLE0_ALLOCATOR_LIVE ptr=0x170a11800 bytes=192 caller=0x1047418a8
ETHEREUM_INCREMENTAL_ROLE0_ALLOCATOR_LIVE ptr=0x170a11900 bytes=192 caller=0x1047418a8
ETHEREUM_INCREMENTAL_ROLE0_ALLOCATOR_LIVE ptr=0x170a11a00 bytes=192 caller=0x1047418a8
ETHEREUM_INCREMENTAL_ROLE0_ALLOCATOR_LIVE ptr=0x170a11b00 bytes=192 caller=0x1047418a8
ETHEREUM_INCREMENTAL_ROLE0_ALLOCATOR_LIVE ptr=0x170a11c00 bytes=192 caller=0x1047418a8
ETHEREUM_INCREMENTAL_ROLE0_ALLOCATOR_LIVE ptr=0x170a11d00 bytes=192 caller=0x1047418a8
ETHEREUM_INCREMENTAL_ROLE0_ALLOCATOR_LIVE ptr=0x170a11e00 bytes=192 caller=0x1047418a8
ETHEREUM_INCREMENTAL_ROLE0_ALLOCATOR_LIVE ptr=0x170a11f00 bytes=192 caller=0x1047418a8
ETHEREUM_INCREMENTAL_ROLE0_ALLOCATOR_LIVE ptr=0x170a12000 bytes=192 caller=0x1047418a8
ETHEREUM_INCREMENTAL_ROLE0_ALLOCATOR_LIVE ptr=0x170a12100 bytes=192 caller=0x1047418a8
ETHEREUM_INCREMENTAL_ROLE0_ALLOCATOR_LIVE ptr=0x170a12200 bytes=192 caller=0x1047418a8
ETHEREUM_INCREMENTAL_ROLE0_ALLOCATOR_LIVE ptr=0x170a12300 bytes=192 caller=0x1047418a8
ETHEREUM_INCREMENTAL_ROLE0_ALLOCATOR_LIVE ptr=0x170a12400 bytes=192 caller=0x1047418a8
ETHEREUM_INCREMENTAL_ROLE0_ALLOCATOR_LIVE ptr=0x170a12500 bytes=192 caller=0x1047418a8
ETHEREUM_INCREMENTAL_ROLE0_ALLOCATOR_LIVE ptr=0x170a12600 bytes=192 caller=0x1047418a8
ETHEREUM_INCREMENTAL_ROLE0_ALLOCATOR_LIVE ptr=0x170a12700 bytes=192 caller=0x1047418a8
ETHEREUM_INCREMENTAL_ROLE0_ALLOCATOR_LIVE ptr=0x170a12800 bytes=192 caller=0x1047418a8
ETHEREUM_INCREMENTAL_ROLE0_ALLOCATOR_LIVE ptr=0x170a12900 bytes=192 caller=0x1047418a8
ETHEREUM_INCREMENTAL_ROLE0_ALLOCATOR_LIVE ptr=0x170a12a00 bytes=192 caller=0x1047418a8
ETHEREUM_INCREMENTAL_ROLE0_ALLOCATOR_LIVE ptr=0x170a12b00 bytes=192 caller=0x1047418a8
ETHEREUM_INCREMENTAL_ROLE0_ALLOCATOR_LIVE ptr=0x170a12c00 bytes=192 caller=0x1047418a8
ETHEREUM_INCREMENTAL_ROLE0_ALLOCATOR_LIVE ptr=0x170a12d00 bytes=192 caller=0x1047418a8
ETHEREUM_INCREMENTAL_ROLE0_ALLOCATOR_LIVE ptr=0x170a12e00 bytes=192 caller=0x1047418a8
ETHEREUM_INCREMENTAL_ROLE0_ALLOCATOR_LIVE ptr=0x170a12f00 bytes=192 caller=0x1047418a8
ETHEREUM_INCREMENTAL_ROLE0_ALLOCATOR_LIVE ptr=0x170a13000 bytes=192 caller=0x1047418a8
ETHEREUM_INCREMENTAL_ROLE0_ALLOCATOR_LIVE ptr=0x170a13100 bytes=192 caller=0x1047418a8
ETHEREUM_INCREMENTAL_ROLE0_ALLOCATOR_LIVE ptr=0x170a13200 bytes=192 caller=0x1047418a8
ETHEREUM_INCREMENTAL_ROLE0_ALLOCATOR_LIVE ptr=0x170a13300 bytes=192 caller=0x1047418a8
ETHEREUM_INCREMENTAL_ROLE0_ALLOCATOR_LIVE ptr=0x170a13400 bytes=192 caller=0x1047418a8
ETHEREUM_INCREMENTAL_ROLE0_ALLOCATOR_LIVE ptr=0x170a13500 bytes=192 caller=0x1047418a8
ETHEREUM_INCREMENTAL_ROLE0_ALLOCATOR_LIVE ptr=0x170a13600 bytes=192 caller=0x1047418a8
ETHEREUM_INCREMENTAL_ROLE0_ALLOCATOR_LIVE ptr=0x170a13700 bytes=192 caller=0x1047418a8
ETHEREUM_INCREMENTAL_ROLE0_ALLOCATOR_LIVE ptr=0x170a13800 bytes=192 caller=0x1047418a8
ETHEREUM_INCREMENTAL_ROLE0_ALLOCATOR_LIVE ptr=0x170a13900 bytes=192 caller=0x1047418a8
ETHEREUM_INCREMENTAL_ROLE0_ALLOCATOR_LIVE ptr=0x170a13a00 bytes=192 caller=0x1047418a8
ETHEREUM_INCREMENTAL_ROLE0_ALLOCATOR_LIVE ptr=0x170a13b00 bytes=192 caller=0x1047418a8
ETHEREUM_INCREMENTAL_ROLE0_ALLOCATOR_LIVE ptr=0x170a13c00 bytes=192 caller=0x1047418a8
ETHEREUM_INCREMENTAL_ROLE0_ALLOCATOR_LIVE ptr=0x170a13d00 bytes=192 caller=0x1047418a8
ETHEREUM_INCREMENTAL_ROLE0_ALLOCATOR_LIVE ptr=0x170a13e00 bytes=192 caller=0x1047418a8
ETHEREUM_INCREMENTAL_ROLE0_ALLOCATOR_LIVE ptr=0x170a13f00 bytes=192 caller=0x1047418a8
ETHEREUM_INCREMENTAL_ROLE0_ALLOCATOR_LIVE ptr=0x170a14000 bytes=192 caller=0x1047418a8
ETHEREUM_INCREMENTAL_ROLE0_ALLOCATOR_LIVE ptr=0x170a14100 bytes=192 caller=0x1047418a8
ETHEREUM_INCREMENTAL_ROLE0_ALLOCATOR_LIVE ptr=0x170a14200 bytes=192 caller=0x1047418a8
ETHEREUM_INCREMENTAL_ROLE0_ALLOCATOR_LIVE ptr=0x170a14300 bytes=192 caller=0x1047418a8
ETHEREUM_INCREMENTAL_ROLE0_ALLOCATOR_LIVE ptr=0x170a14400 bytes=192 caller=0x1047418a8
ETHEREUM_INCREMENTAL_ROLE0_ALLOCATOR_LIVE ptr=0x170a14500 bytes=192 caller=0x1047418a8
ETHEREUM_INCREMENTAL_ROLE0_ALLOCATOR_LIVE ptr=0x170a14600 bytes=192 caller=0x1047418a8
ETHEREUM_INCREMENTAL_ROLE0_ALLOCATOR_LIVE ptr=0x170a14700 bytes=192 caller=0x1047418a8
ETHEREUM_INCREMENTAL_ROLE0_ALLOCATOR_LIVE ptr=0x170a14800 bytes=192 caller=0x1047418a8
ETHEREUM_INCREMENTAL_ROLE0_ALLOCATOR_LIVE ptr=0x170a14900 bytes=192 caller=0x1047418a8
ETHEREUM_INCREMENTAL_ROLE0_ALLOCATOR_LIVE ptr=0x170a14a00 bytes=192 caller=0x1047418a8
ETHEREUM_INCREMENTAL_ROLE0_ALLOCATOR_LIVE ptr=0x170a14b00 bytes=192 caller=0x1047418a8
ETHEREUM_INCREMENTAL_ROLE0_ALLOCATOR_LIVE ptr=0x170a14c00 bytes=192 caller=0x1047418a8
ETHEREUM_INCREMENTAL_ROLE0_ALLOCATOR_LIVE ptr=0x170a14d00 bytes=192 caller=0x1047418a8
ETHEREUM_INCREMENTAL_ROLE0_ALLOCATOR_LIVE ptr=0x170a14e00 bytes=192 caller=0x1047418a8
ETHEREUM_INCREMENTAL_ROLE0_ALLOCATOR_LIVE ptr=0x170a14f00 bytes=192 caller=0x1047418a8
ETHEREUM_INCREMENTAL_ROLE0_ALLOCATOR_LIVE ptr=0x170a15000 bytes=192 caller=0x1047418a8
ETHEREUM_INCREMENTAL_ROLE0_ALLOCATOR_LIVE ptr=0x170a15100 bytes=192 caller=0x1047418a8
ETHEREUM_INCREMENTAL_ROLE0_ALLOCATOR_LIVE ptr=0x170a15200 bytes=192 caller=0x1047418a8
ETHEREUM_INCREMENTAL_ROLE0_ALLOCATOR_LIVE ptr=0x170a15300 bytes=192 caller=0x1047418a8
ETHEREUM_INCREMENTAL_ROLE0_ALLOCATOR_LIVE ptr=0x170a15400 bytes=192 caller=0x1047418a8
ETHEREUM_INCREMENTAL_ROLE0_ALLOCATOR_LIVE ptr=0x170a15500 bytes=192 caller=0x1047418a8
ETHEREUM_INCREMENTAL_ROLE0_ALLOCATOR_LIVE ptr=0x170a15600 bytes=192 caller=0x1047418a8
ETHEREUM_INCREMENTAL_ROLE0_ALLOCATOR_LIVE ptr=0x170a15700 bytes=192 caller=0x1047418a8
ETHEREUM_INCREMENTAL_ROLE0_ALLOCATOR_LIVE ptr=0x170a15800 bytes=192 caller=0x1047418a8
ETHEREUM_INCREMENTAL_ROLE0_ALLOCATOR_LIVE ptr=0x170a15900 bytes=192 caller=0x1047418a8
ETHEREUM_INCREMENTAL_ROLE0_ALLOCATOR_LIVE ptr=0x170a15a00 bytes=192 caller=0x1047418a8
ETHEREUM_INCREMENTAL_ROLE0_ALLOCATOR_LIVE ptr=0x170a15b00 bytes=192 caller=0x1047418a8
ETHEREUM_INCREMENTAL_ROLE0_ALLOCATOR_LIVE ptr=0x170a15c00 bytes=192 caller=0x1047418a8
ETHEREUM_INCREMENTAL_ROLE0_ALLOCATOR_LIVE ptr=0x170a15d00 bytes=192 caller=0x1047418a8
ETHEREUM_INCREMENTAL_ROLE0_ALLOCATOR_LIVE ptr=0x170a15e00 bytes=192 caller=0x1047418a8
ETHEREUM_INCREMENTAL_ROLE0_ALLOCATOR_LIVE ptr=0x170a15f00 bytes=192 caller=0x1047418a8
ETHEREUM_INCREMENTAL_ROLE0_ALLOCATOR_LIVE ptr=0x170a16000 bytes=192 caller=0x1047418a8
ETHEREUM_INCREMENTAL_ROLE0_ALLOCATOR_LIVE ptr=0x170a16100 bytes=192 caller=0x1047418a8
ETHEREUM_INCREMENTAL_ROLE0_ALLOCATOR_LIVE ptr=0x170a16200 bytes=192 caller=0x1047418a8
ETHEREUM_INCREMENTAL_ROLE0_ALLOCATOR_LIVE ptr=0x170a16300 bytes=192 caller=0x1047418a8
ETHEREUM_INCREMENTAL_ROLE0_ALLOCATOR_LIVE ptr=0x170a16400 bytes=192 caller=0x1047418a8
ETHEREUM_INCREMENTAL_ROLE0_ALLOCATOR_LIVE ptr=0x170a16500 bytes=192 caller=0x1047418a8
ETHEREUM_INCREMENTAL_ROLE0_ALLOCATOR_LIVE ptr=0x170a16600 bytes=192 caller=0x1047418a8
ETHEREUM_INCREMENTAL_ROLE0_ALLOCATOR_LIVE ptr=0x170a16700 bytes=192 caller=0x1047418a8
ETHEREUM_INCREMENTAL_ROLE0_ALLOCATOR_LIVE ptr=0x170a16800 bytes=192 caller=0x1047418a8
ETHEREUM_INCREMENTAL_ROLE0_ALLOCATOR_LIVE ptr=0x170a16900 bytes=192 caller=0x1047418a8
ETHEREUM_INCREMENTAL_ROLE0_ALLOCATOR_LIVE ptr=0x170a16a00 bytes=192 caller=0x1047418a8
ETHEREUM_INCREMENTAL_ROLE0_ALLOCATOR_LIVE ptr=0x170a16b00 bytes=192 caller=0x1047418a8
ETHEREUM_INCREMENTAL_ROLE0_ALLOCATOR_LIVE ptr=0x170a16c00 bytes=192 caller=0x1047418a8
ETHEREUM_INCREMENTAL_ROLE0_ALLOCATOR_LIVE ptr=0x170a16d00 bytes=192 caller=0x1047418a8
ETHEREUM_INCREMENTAL_ROLE0_ALLOCATOR_LIVE ptr=0x170a16e00 bytes=192 caller=0x1047418a8
ETHEREUM_INCREMENTAL_ROLE0_ALLOCATOR_LIVE ptr=0x170a16f00 bytes=192 caller=0x1047418a8
ETHEREUM_INCREMENTAL_ROLE0_ALLOCATOR_LIVE ptr=0x170a17000 bytes=192 caller=0x1047418a8
ETHEREUM_INCREMENTAL_ROLE0_ALLOCATOR_LIVE ptr=0x170a17100 bytes=192 caller=0x1047418a8
ETHEREUM_INCREMENTAL_ROLE0_ALLOCATOR_LIVE ptr=0x170a17200 bytes=192 caller=0x1047418a8
ETHEREUM_INCREMENTAL_ROLE0_ALLOCATOR_LIVE ptr=0x170a17300 bytes=192 caller=0x1047418a8
ETHEREUM_INCREMENTAL_ROLE0_ALLOCATOR_LIVE ptr=0x170a17400 bytes=192 caller=0x1047418a8
ETHEREUM_INCREMENTAL_ROLE0_ALLOCATOR_LIVE ptr=0x170a17500 bytes=192 caller=0x1047418a8
ETHEREUM_INCREMENTAL_ROLE0_ALLOCATOR_LIVE ptr=0x170a17600 bytes=192 caller=0x1047418a8
ETHEREUM_INCREMENTAL_ROLE0_ALLOCATOR_LIVE ptr=0x170a17700 bytes=192 caller=0x1047418a8
ETHEREUM_INCREMENTAL_ROLE0_ALLOCATOR_LIVE ptr=0x170a17800 bytes=192 caller=0x1047418a8
ETHEREUM_INCREMENTAL_ROLE0_ALLOCATOR_LIVE ptr=0x170a17900 bytes=192 caller=0x1047418a8
ETHEREUM_INCREMENTAL_ROLE0_ALLOCATOR_LIVE ptr=0x170a17a00 bytes=192 caller=0x1047418a8
ETHEREUM_INCREMENTAL_ROLE0_ALLOCATOR_LIVE ptr=0x170a17b00 bytes=192 caller=0x1047418a8
ETHEREUM_INCREMENTAL_ROLE0_ALLOCATOR_LIVE ptr=0x170a17c00 bytes=192 caller=0x1047418a8
ETHEREUM_INCREMENTAL_ROLE0_ALLOCATOR_LIVE ptr=0x170a17d00 bytes=192 caller=0x1047418a8
ETHEREUM_INCREMENTAL_ROLE0_ALLOCATOR_LIVE ptr=0x170a17e00 bytes=192 caller=0x1047418a8
ETHEREUM_INCREMENTAL_ROLE0_ALLOCATOR_LIVE ptr=0x170a17f00 bytes=192 caller=0x1047418a8
ETHEREUM_INCREMENTAL_ROLE0_ALLOCATOR_LIVE ptr=0x170a18000 bytes=192 caller=0x1047418a8
ETHEREUM_INCREMENTAL_ROLE0_ALLOCATOR_LIVE ptr=0x170a18100 bytes=192 caller=0x1047418a8
ETHEREUM_INCREMENTAL_ROLE0_ALLOCATOR_LIVE ptr=0x170a18200 bytes=192 caller=0x1047418a8
ETHEREUM_INCREMENTAL_ROLE0_ALLOCATOR_LIVE ptr=0x170a18300 bytes=192 caller=0x1047418a8
ETHEREUM_INCREMENTAL_ROLE0_ALLOCATOR_LIVE ptr=0x170a18400 bytes=192 caller=0x1047418a8
ETHEREUM_INCREMENTAL_ROLE0_ALLOCATOR_LIVE ptr=0x170a18500 bytes=192 caller=0x1047418a8
ETHEREUM_INCREMENTAL_ROLE0_ALLOCATOR_LIVE ptr=0x170a18600 bytes=192 caller=0x1047418a8
ETHEREUM_INCREMENTAL_ROLE0_ALLOCATOR_LIVE ptr=0x170a18700 bytes=192 caller=0x1047418a8
ETHEREUM_INCREMENTAL_ROLE0_ALLOCATOR_LIVE ptr=0x170a18800 bytes=192 caller=0x1047418a8
ETHEREUM_INCREMENTAL_ROLE0_ALLOCATOR_LIVE ptr=0x170a18900 bytes=192 caller=0x1047418a8
ETHEREUM_INCREMENTAL_ROLE0_ALLOCATOR_LIVE ptr=0x170a18a00 bytes=192 caller=0x1047418a8
ETHEREUM_INCREMENTAL_ROLE0_ALLOCATOR_LIVE ptr=0x170a18b00 bytes=192 caller=0x1047418a8
ETHEREUM_INCREMENTAL_ROLE0_ALLOCATOR_LIVE ptr=0x170a18c00 bytes=192 caller=0x1047418a8
ETHEREUM_INCREMENTAL_ROLE0_ALLOCATOR_LIVE ptr=0x170a18d00 bytes=192 caller=0x1047418a8
ETHEREUM_INCREMENTAL_ROLE0_ALLOCATOR_LIVE ptr=0x170a18e00 bytes=192 caller=0x1047418a8
ETHEREUM_INCREMENTAL_ROLE0_ALLOCATOR_LIVE ptr=0x170a18f00 bytes=192 caller=0x1047418a8
ETHEREUM_INCREMENTAL_ROLE0_ALLOCATOR_LIVE ptr=0x170a19000 bytes=192 caller=0x1047418a8
ETHEREUM_INCREMENTAL_ROLE0_ALLOCATOR_LIVE ptr=0x170a19100 bytes=192 caller=0x1047418a8
ETHEREUM_INCREMENTAL_ROLE0_ALLOCATOR_LIVE ptr=0x170a19200 bytes=192 caller=0x1047418a8
ETHEREUM_INCREMENTAL_ROLE0_ALLOCATOR_LIVE ptr=0x170a19300 bytes=192 caller=0x1047418a8
ETHEREUM_INCREMENTAL_ROLE0_ALLOCATOR_LIVE ptr=0x170a19400 bytes=192 caller=0x1047418a8
ETHEREUM_INCREMENTAL_ROLE0_ALLOCATOR_LIVE ptr=0x170a19500 bytes=192 caller=0x1047418a8
ETHEREUM_INCREMENTAL_ROLE0_ALLOCATOR_LIVE ptr=0x170a19600 bytes=192 caller=0x1047418a8
ETHEREUM_INCREMENTAL_ROLE0_ALLOCATOR_LIVE ptr=0x170a19700 bytes=192 caller=0x1047418a8
ETHEREUM_INCREMENTAL_ROLE0_ALLOCATOR_LIVE ptr=0x170a19800 bytes=192 caller=0x1047418a8
ETHEREUM_INCREMENTAL_ROLE0_ALLOCATOR_LIVE ptr=0x170a19900 bytes=192 caller=0x1047418a8
ETHEREUM_INCREMENTAL_ROLE0_ALLOCATOR_LIVE ptr=0x170a19a00 bytes=192 caller=0x1047418a8
ETHEREUM_INCREMENTAL_ROLE0_ALLOCATOR_LIVE ptr=0x170a19b00 bytes=192 caller=0x1047418a8
ETHEREUM_INCREMENTAL_ROLE0_ALLOCATOR_LIVE ptr=0x170a19c00 bytes=192 caller=0x1047418a8
ETHEREUM_INCREMENTAL_ROLE0_ALLOCATOR_LIVE ptr=0x170a19d00 bytes=192 caller=0x1047418a8
ETHEREUM_INCREMENTAL_ROLE0_ALLOCATOR_LIVE ptr=0x170a19e00 bytes=192 caller=0x1047418a8
ETHEREUM_INCREMENTAL_ROLE0_ALLOCATOR_LIVE ptr=0x170a19f00 bytes=192 caller=0x1047418a8
ETHEREUM_INCREMENTAL_ROLE0_ALLOCATOR_LIVE ptr=0x170a1a000 bytes=192 caller=0x1047418a8
ETHEREUM_INCREMENTAL_ROLE0_ALLOCATOR_LIVE ptr=0x170a1a100 bytes=192 caller=0x1047418a8
ETHEREUM_INCREMENTAL_ROLE0_ALLOCATOR_LIVE ptr=0x170a1a200 bytes=192 caller=0x1047418a8
ETHEREUM_INCREMENTAL_ROLE0_ALLOCATOR_LIVE ptr=0x170a1a300 bytes=192 caller=0x1047418a8
ETHEREUM_INCREMENTAL_ROLE0_ALLOCATOR_LIVE ptr=0x170a1a400 bytes=192 caller=0x1047418a8
ETHEREUM_INCREMENTAL_ROLE0_ALLOCATOR_LIVE ptr=0x170a1a500 bytes=192 caller=0x1047418a8
ETHEREUM_INCREMENTAL_ROLE0_ALLOCATOR_LIVE ptr=0x170a1a600 bytes=192 caller=0x1047418a8
ETHEREUM_INCREMENTAL_ROLE0_ALLOCATOR_LIVE ptr=0x170a1a700 bytes=192 caller=0x1047418a8
ETHEREUM_INCREMENTAL_ROLE0_ALLOCATOR_LIVE ptr=0x170a1a800 bytes=192 caller=0x1047418a8
ETHEREUM_INCREMENTAL_ROLE0_ALLOCATOR_LIVE ptr=0x170a1a900 bytes=192 caller=0x1047418a8
ETHEREUM_INCREMENTAL_ROLE0_ALLOCATOR_LIVE ptr=0x170a1aa00 bytes=192 caller=0x1047418a8
ETHEREUM_INCREMENTAL_ROLE0_ALLOCATOR_LIVE ptr=0x170a1ab00 bytes=192 caller=0x1047418a8
ETHEREUM_INCREMENTAL_ROLE0_ALLOCATOR_LIVE ptr=0x170a1ac00 bytes=192 caller=0x1047418a8
ETHEREUM_INCREMENTAL_ROLE0_ALLOCATOR_LIVE ptr=0x170a1ad00 bytes=192 caller=0x1047418a8
ETHEREUM_INCREMENTAL_ROLE0_ALLOCATOR_LIVE ptr=0x170a1ae00 bytes=192 caller=0x1047418a8
ETHEREUM_INCREMENTAL_ROLE0_ALLOCATOR_LIVE ptr=0x170a1af00 bytes=192 caller=0x1047418a8
ETHEREUM_INCREMENTAL_ROLE0_ALLOCATOR_LIVE ptr=0x170a1b000 bytes=192 caller=0x1047418a8
ETHEREUM_INCREMENTAL_ROLE0_ALLOCATOR_LIVE ptr=0x170a1b100 bytes=192 caller=0x1047418a8
ETHEREUM_INCREMENTAL_ROLE0_ALLOCATOR_LIVE ptr=0x170a1b200 bytes=192 caller=0x1047418a8
ETHEREUM_INCREMENTAL_ROLE0_ALLOCATOR_LIVE ptr=0x170a1b300 bytes=192 caller=0x1047418a8
ETHEREUM_INCREMENTAL_ROLE0_ALLOCATOR_LIVE ptr=0x170a1b400 bytes=192 caller=0x1047418a8
ETHEREUM_INCREMENTAL_ROLE0_ALLOCATOR_LIVE ptr=0x170a1b500 bytes=192 caller=0x1047418a8
ETHEREUM_INCREMENTAL_ROLE0_ALLOCATOR_LIVE ptr=0x170a1b600 bytes=192 caller=0x1047418a8
ETHEREUM_INCREMENTAL_ROLE0_ALLOCATOR_LIVE ptr=0x170a1b700 bytes=192 caller=0x1047418a8
ETHEREUM_INCREMENTAL_ROLE0_ALLOCATOR_LIVE ptr=0x170a1b800 bytes=192 caller=0x1047418a8
ETHEREUM_INCREMENTAL_ROLE0_ALLOCATOR_LIVE ptr=0x170a1b900 bytes=192 caller=0x1047418a8
ETHEREUM_INCREMENTAL_ROLE0_ALLOCATOR_LIVE ptr=0x170a1ba00 bytes=192 caller=0x1047418a8
ETHEREUM_INCREMENTAL_ROLE0_ALLOCATOR_LIVE ptr=0x170a1bb00 bytes=192 caller=0x1047418a8
ETHEREUM_INCREMENTAL_ROLE0_ALLOCATOR_LIVE ptr=0x170a1bc00 bytes=192 caller=0x1047418a8
ETHEREUM_INCREMENTAL_ROLE0_ALLOCATOR_LIVE ptr=0x170a1bd00 bytes=192 caller=0x1047418a8
ETHEREUM_INCREMENTAL_ROLE0_ALLOCATOR_LIVE ptr=0x170a1be00 bytes=192 caller=0x1047418a8
ETHEREUM_INCREMENTAL_ROLE0_ALLOCATOR_LIVE ptr=0x170a1bf00 bytes=192 caller=0x1047418a8
ETHEREUM_INCREMENTAL_ROLE0_ALLOCATOR_LIVE ptr=0x170a1c000 bytes=192 caller=0x1047418a8
ETHEREUM_INCREMENTAL_ROLE0_ALLOCATOR_LIVE ptr=0x170a1c100 bytes=192 caller=0x1047418a8
ETHEREUM_INCREMENTAL_ROLE0_ALLOCATOR_LIVE ptr=0x170a1c200 bytes=192 caller=0x1047418a8
ETHEREUM_INCREMENTAL_ROLE0_ALLOCATOR_LIVE ptr=0x170a1c300 bytes=192 caller=0x1047418a8
ETHEREUM_INCREMENTAL_ROLE0_ALLOCATOR_LIVE ptr=0x170a1c400 bytes=192 caller=0x1047418a8
ETHEREUM_INCREMENTAL_ROLE0_ALLOCATOR_LIVE ptr=0x170a1c500 bytes=192 caller=0x1047418a8
ETHEREUM_INCREMENTAL_ROLE0_ALLOCATOR_LIVE ptr=0x170a1c600 bytes=192 caller=0x1047418a8
ETHEREUM_INCREMENTAL_ROLE0_ALLOCATOR_LIVE ptr=0x170a1c700 bytes=192 caller=0x1047418a8
ETHEREUM_INCREMENTAL_ROLE0_ALLOCATOR_LIVE ptr=0x170a1c800 bytes=192 caller=0x1047418a8
ETHEREUM_INCREMENTAL_ROLE0_ALLOCATOR_LIVE ptr=0x170a1c900 bytes=192 caller=0x1047418a8
ETHEREUM_INCREMENTAL_ROLE0_ALLOCATOR_LIVE ptr=0x170a1ca00 bytes=192 caller=0x1047418a8
ETHEREUM_INCREMENTAL_ROLE0_ALLOCATOR_LIVE ptr=0x170a1cb00 bytes=192 caller=0x1047418a8
ETHEREUM_INCREMENTAL_ROLE0_ALLOCATOR_LIVE ptr=0x170a1cc00 bytes=192 caller=0x1047418a8
ETHEREUM_INCREMENTAL_ROLE0_ALLOCATOR_LIVE ptr=0x170a1cd00 bytes=192 caller=0x1047418a8
ETHEREUM_INCREMENTAL_ROLE0_ALLOCATOR_LIVE ptr=0x170a1ce00 bytes=192 caller=0x1047418a8
ETHEREUM_INCREMENTAL_ROLE0_ALLOCATOR_LIVE ptr=0x170a1cf00 bytes=192 caller=0x1047418a8
ETHEREUM_INCREMENTAL_ROLE0_ALLOCATOR_LIVE ptr=0x170a1d000 bytes=192 caller=0x1047418a8
ETHEREUM_INCREMENTAL_ROLE0_ALLOCATOR_LIVE ptr=0x170a1d100 bytes=192 caller=0x1047418a8
ETHEREUM_INCREMENTAL_ROLE0_ALLOCATOR_LIVE ptr=0x170a1d200 bytes=192 caller=0x1047418a8
ETHEREUM_INCREMENTAL_ROLE0_ALLOCATOR_LIVE ptr=0x170a1d300 bytes=192 caller=0x1047418a8
ETHEREUM_INCREMENTAL_ROLE0_ALLOCATOR_LIVE ptr=0x170a1d400 bytes=192 caller=0x1047418a8
ETHEREUM_INCREMENTAL_ROLE0_ALLOCATOR_LIVE ptr=0x170a1d500 bytes=192 caller=0x1047418a8
ETHEREUM_INCREMENTAL_ROLE0_ALLOCATOR_LIVE ptr=0x170a1d600 bytes=192 caller=0x1047418a8
ETHEREUM_INCREMENTAL_ROLE0_ALLOCATOR_LIVE ptr=0x170a1d700 bytes=192 caller=0x1047418a8
ETHEREUM_INCREMENTAL_ROLE0_ALLOCATOR_LIVE ptr=0x170a1d800 bytes=192 caller=0x1047418a8
ETHEREUM_INCREMENTAL_ROLE0_ALLOCATOR_LIVE ptr=0x170a1d900 bytes=192 caller=0x1047418a8
ETHEREUM_INCREMENTAL_ROLE0_ALLOCATOR_LIVE ptr=0x170a1da00 bytes=192 caller=0x1047418a8
ETHEREUM_INCREMENTAL_ROLE0_ALLOCATOR_LIVE ptr=0x170a1db00 bytes=192 caller=0x1047418a8
ETHEREUM_INCREMENTAL_ROLE0_ALLOCATOR_LIVE ptr=0x170a1dc00 bytes=192 caller=0x1047418a8
ETHEREUM_INCREMENTAL_ROLE0_ALLOCATOR_LIVE ptr=0x170a1dd00 bytes=192 caller=0x1047418a8
ETHEREUM_INCREMENTAL_ROLE0_ALLOCATOR_LIVE ptr=0x170a1de00 bytes=192 caller=0x1047418a8
ETHEREUM_INCREMENTAL_ROLE0_ALLOCATOR_LIVE ptr=0x170a1df00 bytes=192 caller=0x1047418a8
ETHEREUM_INCREMENTAL_ROLE0_ALLOCATOR_LIVE ptr=0x170a1e000 bytes=192 caller=0x1047418a8
ETHEREUM_INCREMENTAL_ROLE0_ALLOCATOR_LIVE ptr=0x170a1e100 bytes=192 caller=0x1047418a8
ETHEREUM_INCREMENTAL_ROLE0_ALLOCATOR_LIVE ptr=0x170a1e200 bytes=192 caller=0x1047418a8
ETHEREUM_INCREMENTAL_ROLE0_ALLOCATOR_LIVE ptr=0x170a1e300 bytes=192 caller=0x1047418a8
ETHEREUM_INCREMENTAL_ROLE0_ALLOCATOR_LIVE ptr=0x170a1e400 bytes=192 caller=0x1047418a8
ETHEREUM_INCREMENTAL_ROLE0_ALLOCATOR_LIVE ptr=0x170a1e500 bytes=192 caller=0x1047418a8
ETHEREUM_INCREMENTAL_ROLE0_ALLOCATOR_LIVE ptr=0x170a1e600 bytes=192 caller=0x1047418a8
ETHEREUM_INCREMENTAL_ROLE0_ALLOCATOR_LIVE ptr=0x170a1e700 bytes=192 caller=0x1047418a8
ETHEREUM_INCREMENTAL_ROLE0_ALLOCATOR_LIVE ptr=0x170a1e800 bytes=192 caller=0x1047418a8
ETHEREUM_INCREMENTAL_ROLE0_ALLOCATOR_LIVE ptr=0x170a1e900 bytes=192 caller=0x1047418a8
ETHEREUM_INCREMENTAL_ROLE0_ALLOCATOR_LIVE ptr=0x170a1ea00 bytes=192 caller=0x1047418a8
ETHEREUM_INCREMENTAL_ROLE0_ALLOCATOR_LIVE ptr=0x170a1eb00 bytes=192 caller=0x1047418a8
ETHEREUM_INCREMENTAL_ROLE0_ALLOCATOR_LIVE ptr=0x170a1ec00 bytes=192 caller=0x1047418a8
ETHEREUM_INCREMENTAL_ROLE0_ALLOCATOR_LIVE ptr=0x170a1ed00 bytes=192 caller=0x1047418a8
ETHEREUM_INCREMENTAL_ROLE0_ALLOCATOR_LIVE ptr=0x170a1ee00 bytes=192 caller=0x1047418a8
ETHEREUM_INCREMENTAL_ROLE0_ALLOCATOR_LIVE ptr=0x170a1ef00 bytes=192 caller=0x1047418a8
ETHEREUM_INCREMENTAL_ROLE0_ALLOCATOR_LIVE ptr=0x170a1f000 bytes=192 caller=0x1047418a8
ETHEREUM_INCREMENTAL_ROLE0_ALLOCATOR_LIVE ptr=0x170a1f100 bytes=192 caller=0x1047418a8
ETHEREUM_INCREMENTAL_ROLE0_ALLOCATOR_LIVE ptr=0x170a1f200 bytes=192 caller=0x1047418a8
ETHEREUM_INCREMENTAL_ROLE0_ALLOCATOR_LIVE ptr=0x170a1f300 bytes=192 caller=0x1047418a8
ETHEREUM_INCREMENTAL_ROLE0_ALLOCATOR_LIVE ptr=0x170a1f400 bytes=192 caller=0x1047418a8
ETHEREUM_INCREMENTAL_ROLE0_ALLOCATOR_LIVE ptr=0x170a1f500 bytes=192 caller=0x1047418a8
ETHEREUM_INCREMENTAL_ROLE0_ALLOCATOR_LIVE ptr=0x170a1f600 bytes=192 caller=0x1047418a8
ETHEREUM_INCREMENTAL_ROLE0_ALLOCATOR_LIVE ptr=0x170a1f700 bytes=192 caller=0x1047418a8
ETHEREUM_INCREMENTAL_ROLE0_ALLOCATOR_LIVE ptr=0x170a1f800 bytes=192 caller=0x1047418a8
ETHEREUM_INCREMENTAL_ROLE0_ALLOCATOR_LIVE ptr=0x170a1f900 bytes=192 caller=0x1047418a8
ETHEREUM_INCREMENTAL_ROLE0_ALLOCATOR_LIVE ptr=0x170a1fa00 bytes=192 caller=0x1047418a8
ETHEREUM_INCREMENTAL_ROLE0_ALLOCATOR_LIVE ptr=0x170a1fb00 bytes=192 caller=0x1047418a8
ETHEREUM_INCREMENTAL_ROLE0_ALLOCATOR_LIVE ptr=0x170a1fc00 bytes=192 caller=0x1047418a8
ETHEREUM_INCREMENTAL_ROLE0_ALLOCATOR_LIVE ptr=0x170a1fd00 bytes=192 caller=0x1047418a8
ETHEREUM_INCREMENTAL_ROLE0_ALLOCATOR_LIVE ptr=0x170a1fe00 bytes=192 caller=0x1047418a8
ETHEREUM_INCREMENTAL_ROLE0_ALLOCATOR_LIVE ptr=0x170a1ff00 bytes=192 caller=0x1047418a8
ETHEREUM_INCREMENTAL_ROLE0_ALLOCATOR_LIVE ptr=0x6656c0000 bytes=192 caller=0x1047418a8
ETHEREUM_INCREMENTAL_ROLE0_ALLOCATOR_LIVE ptr=0x6656c0100 bytes=192 caller=0x1047418a8
ETHEREUM_INCREMENTAL_ROLE0_ALLOCATOR_LIVE ptr=0x6656c0200 bytes=192 caller=0x1047418a8
ETHEREUM_INCREMENTAL_ROLE0_ALLOCATOR_LIVE ptr=0x6656c0300 bytes=192 caller=0x1047418a8
ETHEREUM_INCREMENTAL_ROLE0_ALLOCATOR_LIVE ptr=0x6656c0400 bytes=192 caller=0x1047418a8
ETHEREUM_INCREMENTAL_ROLE0_ALLOCATOR_LIVE ptr=0x6656c0500 bytes=192 caller=0x1047418a8
ETHEREUM_INCREMENTAL_ROLE0_ALLOCATOR_LIVE ptr=0x6656c0600 bytes=192 caller=0x1047418a8
ETHEREUM_INCREMENTAL_ROLE0_ALLOCATOR_LIVE ptr=0x6656c0700 bytes=192 caller=0x1047418a8
ETHEREUM_INCREMENTAL_ROLE0_ALLOCATOR_LIVE ptr=0x6656c0800 bytes=192 caller=0x1047418a8
ETHEREUM_INCREMENTAL_ROLE0_ALLOCATOR_LIVE ptr=0x6656c0900 bytes=192 caller=0x1047418a8
ETHEREUM_INCREMENTAL_ROLE0_ALLOCATOR_LIVE ptr=0x6656c0a00 bytes=192 caller=0x1047418a8
ETHEREUM_INCREMENTAL_ROLE0_ALLOCATOR_LIVE ptr=0x6656c0b00 bytes=192 caller=0x1047418a8
ETHEREUM_INCREMENTAL_ROLE0_ALLOCATOR_LIVE ptr=0x6656c0c00 bytes=192 caller=0x1047418a8
ETHEREUM_INCREMENTAL_ROLE0_ALLOCATOR_LIVE ptr=0x6656c0d00 bytes=192 caller=0x1047418a8
ETHEREUM_INCREMENTAL_ROLE0_ALLOCATOR_LIVE ptr=0x6656c0e00 bytes=192 caller=0x1047418a8
ETHEREUM_INCREMENTAL_ROLE0_ALLOCATOR_LIVE ptr=0x6656c0f00 bytes=192 caller=0x1047418a8
ETHEREUM_INCREMENTAL_ROLE0_ALLOCATOR_LIVE ptr=0x6656c1000 bytes=192 caller=0x1047418a8
ETHEREUM_INCREMENTAL_ROLE0_ALLOCATOR_LIVE ptr=0x6656c1100 bytes=192 caller=0x1047418a8
ETHEREUM_INCREMENTAL_ROLE0_ALLOCATOR_LIVE ptr=0x6656c1200 bytes=192 caller=0x1047418a8
ETHEREUM_INCREMENTAL_ROLE0_ALLOCATOR_LIVE ptr=0x6656c1300 bytes=192 caller=0x1047418a8
ETHEREUM_INCREMENTAL_ROLE0_ALLOCATOR_LIVE ptr=0x6656c1400 bytes=192 caller=0x1047418a8
ETHEREUM_INCREMENTAL_ROLE0_ALLOCATOR_LIVE ptr=0x6656c1500 bytes=192 caller=0x1047418a8
ETHEREUM_INCREMENTAL_ROLE0_ALLOCATOR_LIVE ptr=0x6656c1600 bytes=192 caller=0x1047418a8
ETHEREUM_INCREMENTAL_ROLE0_ALLOCATOR_LIVE ptr=0x6656c1700 bytes=192 caller=0x1047418a8
ETHEREUM_INCREMENTAL_ROLE0_ALLOCATOR_LIVE ptr=0x6656c1800 bytes=192 caller=0x1047418a8
ETHEREUM_INCREMENTAL_ROLE0_ALLOCATOR_LIVE ptr=0x6656c1900 bytes=192 caller=0x1047418a8
ETHEREUM_INCREMENTAL_ROLE0_ALLOCATOR_LIVE ptr=0x6656c1a00 bytes=192 caller=0x1047418a8
ETHEREUM_INCREMENTAL_ROLE0_ALLOCATOR_LIVE ptr=0x6656c1b00 bytes=192 caller=0x1047418a8
ETHEREUM_INCREMENTAL_ROLE0_ALLOCATOR_LIVE ptr=0x6656c1c00 bytes=192 caller=0x1047418a8
ETHEREUM_INCREMENTAL_ROLE0_ALLOCATOR_LIVE ptr=0x6656c1d00 bytes=192 caller=0x1047418a8
ETHEREUM_INCREMENTAL_ROLE0_ALLOCATOR_LIVE ptr=0x6656c1e00 bytes=192 caller=0x1047418a8
ETHEREUM_INCREMENTAL_ROLE0_ALLOCATOR_LIVE ptr=0x6656c1f00 bytes=192 caller=0x1047418a8
ETHEREUM_INCREMENTAL_ROLE0_ALLOCATOR_LIVE ptr=0x6656c2000 bytes=192 caller=0x1047418a8
ETHEREUM_INCREMENTAL_ROLE0_ALLOCATOR_LIVE ptr=0x6656c2100 bytes=192 caller=0x1047418a8
ETHEREUM_INCREMENTAL_ROLE0_ALLOCATOR_LIVE ptr=0x6656c2200 bytes=192 caller=0x1047418a8
ETHEREUM_INCREMENTAL_ROLE0_ALLOCATOR_LIVE ptr=0x6656c2300 bytes=192 caller=0x1047418a8
ETHEREUM_INCREMENTAL_ROLE0_ALLOCATOR_LIVE ptr=0x6656c2400 bytes=192 caller=0x1047418a8
ETHEREUM_INCREMENTAL_ROLE0_ALLOCATOR_LIVE ptr=0x6656c2500 bytes=192 caller=0x1047418a8
ETHEREUM_INCREMENTAL_ROLE0_ALLOCATOR_LIVE ptr=0x6656c2600 bytes=192 caller=0x1047418a8
ETHEREUM_INCREMENTAL_ROLE0_ALLOCATOR_LIVE ptr=0x6656c2700 bytes=192 caller=0x1047418a8
ETHEREUM_INCREMENTAL_ROLE0_ALLOCATOR_LIVE ptr=0x6656c2800 bytes=192 caller=0x1047418a8
ETHEREUM_INCREMENTAL_ROLE0_ALLOCATOR_LIVE ptr=0x6656c2900 bytes=192 caller=0x1047418a8
ETHEREUM_INCREMENTAL_ROLE0_ALLOCATOR_LIVE ptr=0x6656c2a00 bytes=192 caller=0x1047418a8
ETHEREUM_INCREMENTAL_ROLE0_ALLOCATOR_LIVE ptr=0x6656c2b00 bytes=192 caller=0x1047418a8
ETHEREUM_INCREMENTAL_ROLE0_ALLOCATOR_LIVE ptr=0x6656c2c00 bytes=192 caller=0x1047418a8
ETHEREUM_INCREMENTAL_ROLE0_ALLOCATOR_LIVE ptr=0x6656c2d00 bytes=192 caller=0x1047418a8
ETHEREUM_INCREMENTAL_ROLE0_ALLOCATOR_LIVE ptr=0x6656c2e00 bytes=192 caller=0x1047418a8
ETHEREUM_INCREMENTAL_ROLE0_ALLOCATOR_LIVE ptr=0x6656c2f00 bytes=192 caller=0x1047418a8
ETHEREUM_INCREMENTAL_ROLE0_ALLOCATOR_LIVE ptr=0x6656c3000 bytes=192 caller=0x1047418a8
ETHEREUM_INCREMENTAL_ROLE0_ALLOCATOR_LIVE ptr=0x6656c3100 bytes=192 caller=0x1047418a8
ETHEREUM_INCREMENTAL_ROLE0_ALLOCATOR_LIVE ptr=0x6656c3200 bytes=192 caller=0x1047418a8
ETHEREUM_INCREMENTAL_ROLE0_ALLOCATOR_LIVE ptr=0x6656c3300 bytes=192 caller=0x1047418a8
ETHEREUM_INCREMENTAL_ROLE0_ALLOCATOR_LIVE ptr=0x6656c3400 bytes=192 caller=0x1047418a8
ETHEREUM_INCREMENTAL_ROLE0_ALLOCATOR_LIVE ptr=0x6656c3500 bytes=192 caller=0x1047418a8
ETHEREUM_INCREMENTAL_ROLE0_ALLOCATOR_LIVE ptr=0x6656c3600 bytes=192 caller=0x1047418a8
ETHEREUM_INCREMENTAL_ROLE0_ALLOCATOR_LIVE ptr=0x6656c3700 bytes=192 caller=0x1047418a8
ETHEREUM_INCREMENTAL_ROLE0_ALLOCATOR_LIVE ptr=0x6656c3800 bytes=192 caller=0x1047418a8
ETHEREUM_INCREMENTAL_ROLE0_ALLOCATOR_LIVE ptr=0x6656c3900 bytes=192 caller=0x1047418a8
ETHEREUM_INCREMENTAL_ROLE0_ALLOCATOR_LIVE ptr=0x6656c3a00 bytes=192 caller=0x1047418a8
ETHEREUM_INCREMENTAL_ROLE0_ALLOCATOR_LIVE ptr=0x6656c3b00 bytes=192 caller=0x1047418a8
ETHEREUM_INCREMENTAL_ROLE0_ALLOCATOR_LIVE ptr=0x6656c3c00 bytes=192 caller=0x1047418a8
ETHEREUM_INCREMENTAL_ROLE0_ALLOCATOR_LIVE ptr=0x6656c3d00 bytes=192 caller=0x1047418a8
ETHEREUM_INCREMENTAL_ROLE0_ALLOCATOR_LIVE ptr=0x6656c3e00 bytes=192 caller=0x1047418a8
ETHEREUM_INCREMENTAL_ROLE0_ALLOCATOR_LIVE ptr=0x6656c3f00 bytes=192 caller=0x1047418a8
ETHEREUM_INCREMENTAL_ROLE0_ALLOCATOR_LIVE ptr=0x6656c4000 bytes=192 caller=0x1047418a8
ETHEREUM_INCREMENTAL_ROLE0_ALLOCATOR_LIVE ptr=0x6656c4100 bytes=192 caller=0x1047418a8
ETHEREUM_INCREMENTAL_ROLE0_ALLOCATOR_LIVE ptr=0x6656c4200 bytes=192 caller=0x1047418a8
ETHEREUM_INCREMENTAL_ROLE0_ALLOCATOR_LIVE ptr=0x6656c4300 bytes=192 caller=0x1047418a8
ETHEREUM_INCREMENTAL_ROLE0_ALLOCATOR_LIVE ptr=0x6656c4400 bytes=192 caller=0x1047418a8
ETHEREUM_INCREMENTAL_ROLE0_ALLOCATOR_LIVE ptr=0x6656c4500 bytes=192 caller=0x1047418a8
ETHEREUM_INCREMENTAL_ROLE0_ALLOCATOR_LIVE ptr=0x6656c4600 bytes=192 caller=0x1047418a8
ETHEREUM_INCREMENTAL_ROLE0_ALLOCATOR_LIVE ptr=0x6656c4700 bytes=192 caller=0x1047418a8
ETHEREUM_INCREMENTAL_ROLE0_ALLOCATOR_LIVE ptr=0x6656c4800 bytes=192 caller=0x1047418a8
ETHEREUM_INCREMENTAL_ROLE0_ALLOCATOR_LIVE ptr=0x6656c4900 bytes=192 caller=0x1047418a8
ETHEREUM_INCREMENTAL_ROLE0_ALLOCATOR_LIVE ptr=0x6656c4a00 bytes=192 caller=0x1047418a8
ETHEREUM_INCREMENTAL_ROLE0_ALLOCATOR_LIVE ptr=0x6656c4b00 bytes=192 caller=0x1047418a8
ETHEREUM_INCREMENTAL_ROLE0_ALLOCATOR_LIVE ptr=0x6656c4c00 bytes=192 caller=0x1047418a8
ETHEREUM_INCREMENTAL_ROLE0_ALLOCATOR_LIVE ptr=0x6656c4d00 bytes=192 caller=0x1047418a8
ETHEREUM_INCREMENTAL_ROLE0_ALLOCATOR_LIVE ptr=0x6656c4e00 bytes=192 caller=0x1047418a8
ETHEREUM_INCREMENTAL_ROLE0_ALLOCATOR_LIVE ptr=0x6656c4f00 bytes=192 caller=0x1047418a8
ETHEREUM_INCREMENTAL_ROLE0_ALLOCATOR_LIVE ptr=0x6656c5000 bytes=192 caller=0x1047418a8
ETHEREUM_INCREMENTAL_ROLE0_ALLOCATOR_LIVE ptr=0x6656c5100 bytes=192 caller=0x1047418a8
ETHEREUM_INCREMENTAL_ROLE0_ALLOCATOR_LIVE ptr=0x6656c5200 bytes=192 caller=0x1047418a8
ETHEREUM_INCREMENTAL_ROLE0_ALLOCATOR_LIVE ptr=0x6656c5300 bytes=192 caller=0x1047418a8
ETHEREUM_INCREMENTAL_ROLE0_ALLOCATOR_LIVE ptr=0x6656c5400 bytes=192 caller=0x1047418a8
ETHEREUM_INCREMENTAL_ROLE0_ALLOCATOR_LIVE ptr=0x6656c5500 bytes=192 caller=0x1047418a8
ETHEREUM_INCREMENTAL_ROLE0_ALLOCATOR_LIVE ptr=0x6656c5600 bytes=192 caller=0x1047418a8
ETHEREUM_INCREMENTAL_ROLE0_ALLOCATOR_LIVE ptr=0x6656c5700 bytes=192 caller=0x1047418a8
ETHEREUM_INCREMENTAL_ROLE0_ALLOCATOR_LIVE ptr=0x6656c5800 bytes=192 caller=0x1047418a8
ETHEREUM_INCREMENTAL_ROLE0_ALLOCATOR_LIVE ptr=0x6656c5900 bytes=192 caller=0x1047418a8
ETHEREUM_INCREMENTAL_ROLE0_ALLOCATOR_LIVE ptr=0x6656c5a00 bytes=192 caller=0x1047418a8
ETHEREUM_INCREMENTAL_ROLE0_ALLOCATOR_LIVE ptr=0x6656c5b00 bytes=192 caller=0x1047418a8
ETHEREUM_INCREMENTAL_ROLE0_ALLOCATOR_LIVE ptr=0x6656c5c00 bytes=192 caller=0x1047418a8
ETHEREUM_INCREMENTAL_ROLE0_ALLOCATOR_LIVE ptr=0x6656c5d00 bytes=192 caller=0x1047418a8
ETHEREUM_INCREMENTAL_ROLE0_ALLOCATOR_LIVE ptr=0x6656c5e00 bytes=192 caller=0x1047418a8
ETHEREUM_INCREMENTAL_ROLE0_ALLOCATOR_LIVE ptr=0x6656c5f00 bytes=192 caller=0x1047418a8
ETHEREUM_INCREMENTAL_ROLE0_ALLOCATOR_LIVE ptr=0x6656c6000 bytes=192 caller=0x1047418a8
ETHEREUM_INCREMENTAL_ROLE0_ALLOCATOR_LIVE ptr=0x6656c6100 bytes=192 caller=0x1047418a8
ETHEREUM_INCREMENTAL_ROLE0_ALLOCATOR_LIVE ptr=0x6656c6200 bytes=192 caller=0x1047418a8
ETHEREUM_INCREMENTAL_ROLE0_ALLOCATOR_LIVE ptr=0x6656c6300 bytes=192 caller=0x1047418a8
ETHEREUM_INCREMENTAL_ROLE0_ALLOCATOR_LIVE ptr=0x6656c6400 bytes=192 caller=0x1047418a8
ETHEREUM_INCREMENTAL_ROLE0_ALLOCATOR_LIVE ptr=0x6656c6500 bytes=192 caller=0x1047418a8
ETHEREUM_INCREMENTAL_ROLE0_ALLOCATOR_LIVE ptr=0x6656c6600 bytes=192 caller=0x1047418a8
ETHEREUM_INCREMENTAL_ROLE0_ALLOCATOR_LIVE ptr=0x6656c6700 bytes=192 caller=0x1047418a8
ETHEREUM_INCREMENTAL_ROLE0_ALLOCATOR_LIVE ptr=0x6656c6800 bytes=192 caller=0x1047418a8
ETHEREUM_INCREMENTAL_ROLE0_ALLOCATOR_LIVE ptr=0x6656c6900 bytes=192 caller=0x1047418a8
ETHEREUM_INCREMENTAL_ROLE0_ALLOCATOR_LIVE ptr=0x6656c6a00 bytes=192 caller=0x1047418a8
ETHEREUM_INCREMENTAL_ROLE0_ALLOCATOR_LIVE ptr=0x6656c6b00 bytes=192 caller=0x1047418a8
ETHEREUM_INCREMENTAL_ROLE0_ALLOCATOR_LIVE ptr=0x6656c6c00 bytes=192 caller=0x1047418a8
ETHEREUM_INCREMENTAL_ROLE0_ALLOCATOR_LIVE ptr=0x6656c6d00 bytes=192 caller=0x1047418a8
ETHEREUM_INCREMENTAL_ROLE0_ALLOCATOR_LIVE ptr=0x6656c6e00 bytes=192 caller=0x1047418a8
ETHEREUM_INCREMENTAL_ROLE0_ALLOCATOR_LIVE ptr=0x6656c6f00 bytes=192 caller=0x1047418a8
ETHEREUM_INCREMENTAL_ROLE0_ALLOCATOR_LIVE ptr=0x6656c7000 bytes=192 caller=0x1047418a8
ETHEREUM_INCREMENTAL_ROLE0_ALLOCATOR_LIVE ptr=0x6656c7100 bytes=192 caller=0x1047418a8
ETHEREUM_INCREMENTAL_ROLE0_ALLOCATOR_LIVE ptr=0x6656c7200 bytes=192 caller=0x1047418a8
ETHEREUM_INCREMENTAL_ROLE0_ALLOCATOR_LIVE ptr=0x6656c7300 bytes=192 caller=0x1047418a8
ETHEREUM_INCREMENTAL_ROLE0_ALLOCATOR_LIVE ptr=0x6656c7400 bytes=192 caller=0x1047418a8
ETHEREUM_INCREMENTAL_ROLE0_ALLOCATOR_LIVE ptr=0x6656c7500 bytes=192 caller=0x1047418a8
ETHEREUM_INCREMENTAL_ROLE0_ALLOCATOR_LIVE ptr=0x6656c7600 bytes=192 caller=0x1047418a8
ETHEREUM_INCREMENTAL_ROLE0_ALLOCATOR_LIVE ptr=0x6656c7700 bytes=192 caller=0x1047418a8
ETHEREUM_INCREMENTAL_ROLE0_ALLOCATOR_LIVE ptr=0x6656c7800 bytes=192 caller=0x1047418a8
ETHEREUM_INCREMENTAL_ROLE0_ALLOCATOR_LIVE ptr=0x6656c7900 bytes=192 caller=0x1047418a8
ETHEREUM_INCREMENTAL_ROLE0_ALLOCATOR_LIVE ptr=0x6656c7a00 bytes=192 caller=0x1047418a8
ETHEREUM_INCREMENTAL_ROLE0_ALLOCATOR_LIVE ptr=0x6656c7b00 bytes=192 caller=0x1047418a8
ETHEREUM_INCREMENTAL_ROLE0_ALLOCATOR_LIVE ptr=0x6656c7c00 bytes=192 caller=0x1047418a8
ETHEREUM_INCREMENTAL_ROLE0_ALLOCATOR_LIVE ptr=0x6656c7d00 bytes=192 caller=0x1047418a8
ETHEREUM_INCREMENTAL_ROLE0_ALLOCATOR_LIVE ptr=0x6656c7e00 bytes=192 caller=0x1047418a8
ETHEREUM_INCREMENTAL_ROLE0_ALLOCATOR_LIVE ptr=0x6656c7f00 bytes=192 caller=0x1047418a8
ETHEREUM_INCREMENTAL_ROLE0_ALLOCATOR_LIVE ptr=0x6656c8000 bytes=192 caller=0x1047418a8
ETHEREUM_INCREMENTAL_ROLE0_ALLOCATOR_LIVE ptr=0x6656c8100 bytes=192 caller=0x1047418a8
ETHEREUM_INCREMENTAL_ROLE0_ALLOCATOR_LIVE ptr=0x6656c8200 bytes=192 caller=0x1047418a8
ETHEREUM_INCREMENTAL_ROLE0_ALLOCATOR_LIVE ptr=0x6656c8300 bytes=192 caller=0x1047418a8
ETHEREUM_INCREMENTAL_ROLE0_ALLOCATOR_LIVE ptr=0x6656c8400 bytes=192 caller=0x1047418a8
ETHEREUM_INCREMENTAL_ROLE0_ALLOCATOR_LIVE ptr=0x6656c8500 bytes=192 caller=0x1047418a8
ETHEREUM_INCREMENTAL_ROLE0_ALLOCATOR_LIVE ptr=0x6656c8600 bytes=192 caller=0x1047418a8
ETHEREUM_INCREMENTAL_ROLE0_ALLOCATOR_LIVE ptr=0x6656c8700 bytes=192 caller=0x1047418a8
ETHEREUM_INCREMENTAL_ROLE0_ALLOCATOR_LIVE ptr=0x6656c8800 bytes=192 caller=0x1047418a8
ETHEREUM_INCREMENTAL_ROLE0_ALLOCATOR_LIVE ptr=0x6656c8900 bytes=192 caller=0x1047418a8
ETHEREUM_INCREMENTAL_ROLE0_ALLOCATOR_LIVE ptr=0x6656c8a00 bytes=192 caller=0x1047418a8
ETHEREUM_INCREMENTAL_ROLE0_ALLOCATOR_LIVE ptr=0x6656c8b00 bytes=192 caller=0x1047418a8
ETHEREUM_INCREMENTAL_ROLE0_ALLOCATOR_LIVE ptr=0x6656c8c00 bytes=192 caller=0x1047418a8
ETHEREUM_INCREMENTAL_ROLE0_ALLOCATOR_LIVE ptr=0x6656c8d00 bytes=192 caller=0x1047418a8
ETHEREUM_INCREMENTAL_ROLE0_ALLOCATOR_LIVE ptr=0x6656c8e00 bytes=192 caller=0x1047418a8
ETHEREUM_INCREMENTAL_ROLE0_ALLOCATOR_LIVE ptr=0x6656c8f00 bytes=192 caller=0x1047418a8
ETHEREUM_INCREMENTAL_ROLE0_ALLOCATOR_LIVE ptr=0x6656c9000 bytes=192 caller=0x1047418a8
ETHEREUM_INCREMENTAL_ROLE0_ALLOCATOR_LIVE ptr=0x6656c9100 bytes=192 caller=0x1047418a8
ETHEREUM_INCREMENTAL_ROLE0_ALLOCATOR_LIVE ptr=0x6656c9200 bytes=192 caller=0x1047418a8
ETHEREUM_INCREMENTAL_ROLE0_ALLOCATOR_LIVE ptr=0x6656c9300 bytes=192 caller=0x1047418a8
ETHEREUM_INCREMENTAL_ROLE0_ALLOCATOR_LIVE ptr=0x6656c9400 bytes=192 caller=0x1047418a8
ETHEREUM_INCREMENTAL_ROLE0_ALLOCATOR_LIVE ptr=0x6656c9500 bytes=192 caller=0x1047418a8
ETHEREUM_INCREMENTAL_ROLE0_ALLOCATOR_LIVE ptr=0x6656c9600 bytes=192 caller=0x1047418a8
ETHEREUM_INCREMENTAL_ROLE0_ALLOCATOR_LIVE ptr=0x6656c9700 bytes=192 caller=0x1047418a8
ETHEREUM_INCREMENTAL_ROLE0_ALLOCATOR_LIVE ptr=0x6656c9800 bytes=192 caller=0x1047418a8
ETHEREUM_INCREMENTAL_ROLE0_ALLOCATOR_LIVE ptr=0x6656c9900 bytes=192 caller=0x1047418a8
ETHEREUM_INCREMENTAL_ROLE0_ALLOCATOR_LIVE ptr=0x6656c9a00 bytes=192 caller=0x1047418a8
ETHEREUM_INCREMENTAL_ROLE0_ALLOCATOR_LIVE ptr=0x6656c9b00 bytes=192 caller=0x1047418a8
ETHEREUM_INCREMENTAL_ROLE0_ALLOCATOR_LIVE ptr=0x6656c9c00 bytes=192 caller=0x1047418a8
ETHEREUM_INCREMENTAL_ROLE0_ALLOCATOR_LIVE ptr=0x6656c9d00 bytes=192 caller=0x1047418a8
ETHEREUM_INCREMENTAL_ROLE0_ALLOCATOR_LIVE ptr=0x6656c9e00 bytes=192 caller=0x1047418a8
ETHEREUM_INCREMENTAL_ROLE0_ALLOCATOR_LIVE ptr=0x6656c9f00 bytes=192 caller=0x1047418a8
ETHEREUM_INCREMENTAL_ROLE0_ALLOCATOR_LIVE ptr=0x6656ca000 bytes=192 caller=0x1047418a8
ETHEREUM_INCREMENTAL_ROLE0_ALLOCATOR_LIVE ptr=0x6656ca100 bytes=192 caller=0x1047418a8
ETHEREUM_INCREMENTAL_ROLE0_ALLOCATOR_LIVE ptr=0x6656ca200 bytes=192 caller=0x1047418a8
ETHEREUM_INCREMENTAL_ROLE0_ALLOCATOR_LIVE ptr=0x6656ca300 bytes=192 caller=0x1047418a8
ETHEREUM_INCREMENTAL_ROLE0_ALLOCATOR_LIVE ptr=0x6656ca400 bytes=192 caller=0x1047418a8
ETHEREUM_INCREMENTAL_ROLE0_ALLOCATOR_LIVE ptr=0x6656ca500 bytes=192 caller=0x1047418a8
ETHEREUM_INCREMENTAL_ROLE0_ALLOCATOR_LIVE ptr=0x6656ca600 bytes=192 caller=0x1047418a8
ETHEREUM_INCREMENTAL_ROLE0_ALLOCATOR_LIVE ptr=0x6656ca700 bytes=192 caller=0x1047418a8
ETHEREUM_INCREMENTAL_ROLE0_ALLOCATOR_LIVE ptr=0x6656ca800 bytes=192 caller=0x1047418a8
ETHEREUM_INCREMENTAL_ROLE0_ALLOCATOR_LIVE ptr=0x6656ca900 bytes=192 caller=0x1047418a8
ETHEREUM_INCREMENTAL_ROLE0_ALLOCATOR_LIVE ptr=0x6656caa00 bytes=192 caller=0x1047418a8
ETHEREUM_INCREMENTAL_ROLE0_ALLOCATOR_LIVE ptr=0x6656cab00 bytes=192 caller=0x1047418a8
ETHEREUM_INCREMENTAL_ROLE0_ALLOCATOR_LIVE ptr=0x6656cac00 bytes=192 caller=0x1047418a8
ETHEREUM_INCREMENTAL_ROLE0_ALLOCATOR_LIVE ptr=0x6656cad00 bytes=192 caller=0x1047418a8
ETHEREUM_INCREMENTAL_ROLE0_ALLOCATOR_LIVE ptr=0x6656cae00 bytes=192 caller=0x1047418a8
ETHEREUM_INCREMENTAL_ROLE0_ALLOCATOR_LIVE ptr=0x6656caf00 bytes=192 caller=0x1047418a8
ETHEREUM_INCREMENTAL_ROLE0_ALLOCATOR_LIVE ptr=0x6656cb000 bytes=192 caller=0x1047418a8
ETHEREUM_INCREMENTAL_ROLE0_ALLOCATOR_LIVE ptr=0x6656cb100 bytes=192 caller=0x1047418a8
ETHEREUM_INCREMENTAL_ROLE0_ALLOCATOR_LIVE ptr=0x6656cb200 bytes=192 caller=0x1047418a8
ETHEREUM_INCREMENTAL_ROLE0_ALLOCATOR_LIVE ptr=0x6656cb300 bytes=192 caller=0x1047418a8
ETHEREUM_INCREMENTAL_ROLE0_ALLOCATOR_LIVE ptr=0x6656cb400 bytes=192 caller=0x1047418a8
ETHEREUM_INCREMENTAL_ROLE0_ALLOCATOR_LIVE ptr=0x6656cb500 bytes=192 caller=0x1047418a8
ETHEREUM_INCREMENTAL_ROLE0_ALLOCATOR_LIVE ptr=0x6656cb600 bytes=192 caller=0x1047418a8
ETHEREUM_INCREMENTAL_ROLE0_ALLOCATOR_LIVE ptr=0x6656cb700 bytes=192 caller=0x1047418a8
ETHEREUM_INCREMENTAL_ROLE0_ALLOCATOR_LIVE ptr=0x6656cb800 bytes=192 caller=0x1047418a8
ETHEREUM_INCREMENTAL_ROLE0_ALLOCATOR_LIVE ptr=0x6656cb900 bytes=192 caller=0x1047418a8
ETHEREUM_INCREMENTAL_ROLE0_ALLOCATOR_LIVE ptr=0x6656cba00 bytes=192 caller=0x1047418a8
ETHEREUM_INCREMENTAL_ROLE0_ALLOCATOR_LIVE ptr=0x6656cbb00 bytes=192 caller=0x1047418a8
ETHEREUM_INCREMENTAL_ROLE0_ALLOCATOR_LIVE ptr=0x6656cbc00 bytes=192 caller=0x1047418a8
ETHEREUM_INCREMENTAL_ROLE0_ALLOCATOR_LIVE ptr=0x6656cbd00 bytes=192 caller=0x1047418a8
ETHEREUM_INCREMENTAL_ROLE0_ALLOCATOR_LIVE ptr=0x6656cbe00 bytes=192 caller=0x1047418a8
ETHEREUM_INCREMENTAL_ROLE0_ALLOCATOR_LIVE ptr=0x6656cbf00 bytes=192 caller=0x1047418a8
ETHEREUM_INCREMENTAL_ROLE0_ALLOCATOR_LIVE ptr=0x6656cc000 bytes=192 caller=0x1047418a8
ETHEREUM_INCREMENTAL_ROLE0_ALLOCATOR_LIVE ptr=0x6656cc100 bytes=192 caller=0x1047418a8
ETHEREUM_INCREMENTAL_ROLE0_ALLOCATOR_LIVE ptr=0x6656cc200 bytes=192 caller=0x1047418a8
ETHEREUM_INCREMENTAL_ROLE0_ALLOCATOR_LIVE ptr=0x6656cc300 bytes=192 caller=0x1047418a8
ETHEREUM_INCREMENTAL_ROLE0_ALLOCATOR_LIVE ptr=0x6656cc400 bytes=192 caller=0x1047418a8
ETHEREUM_INCREMENTAL_ROLE0_ALLOCATOR_LIVE ptr=0x6656cc500 bytes=192 caller=0x1047418a8
ETHEREUM_INCREMENTAL_ROLE0_ALLOCATOR_LIVE ptr=0x6656cc600 bytes=192 caller=0x1047418a8
ETHEREUM_INCREMENTAL_ROLE0_ALLOCATOR_LIVE ptr=0x6656cc700 bytes=192 caller=0x1047418a8
ETHEREUM_INCREMENTAL_ROLE0_ALLOCATOR_LIVE ptr=0x6656cc800 bytes=192 caller=0x1047418a8
ETHEREUM_INCREMENTAL_ROLE0_ALLOCATOR_LIVE ptr=0x6656cc900 bytes=192 caller=0x1047418a8
ETHEREUM_INCREMENTAL_ROLE0_ALLOCATOR_LIVE ptr=0x6656cca00 bytes=192 caller=0x1047418a8
ETHEREUM_INCREMENTAL_ROLE0_ALLOCATOR_LIVE ptr=0x6656ccb00 bytes=192 caller=0x1047418a8
ETHEREUM_INCREMENTAL_ROLE0_ALLOCATOR_LIVE ptr=0x6656ccc00 bytes=192 caller=0x1047418a8
ETHEREUM_INCREMENTAL_ROLE0_ALLOCATOR_LIVE ptr=0x6656ccd00 bytes=192 caller=0x1047418a8
ETHEREUM_INCREMENTAL_ROLE0_ALLOCATOR_LIVE ptr=0x6656cce00 bytes=192 caller=0x1047418a8
ETHEREUM_INCREMENTAL_ROLE0_ALLOCATOR_LIVE ptr=0x6656ccf00 bytes=192 caller=0x1047418a8
ETHEREUM_INCREMENTAL_ROLE0_ALLOCATOR_LIVE ptr=0x6656cd000 bytes=192 caller=0x1047418a8
ETHEREUM_INCREMENTAL_ROLE0_ALLOCATOR_LIVE ptr=0x6656cd100 bytes=192 caller=0x1047418a8
ETHEREUM_INCREMENTAL_ROLE0_ALLOCATOR_LIVE ptr=0x6656cd200 bytes=192 caller=0x1047418a8
ETHEREUM_INCREMENTAL_ROLE0_ALLOCATOR_LIVE ptr=0x6656cd300 bytes=192 caller=0x1047418a8
ETHEREUM_INCREMENTAL_ROLE0_ALLOCATOR_LIVE ptr=0x6656cd400 bytes=192 caller=0x1047418a8
ETHEREUM_INCREMENTAL_ROLE0_ALLOCATOR_LIVE ptr=0x6656cd500 bytes=192 caller=0x1047418a8
ETHEREUM_INCREMENTAL_ROLE0_ALLOCATOR_LIVE ptr=0x6656cd600 bytes=192 caller=0x1047418a8
ETHEREUM_INCREMENTAL_ROLE0_ALLOCATOR_LIVE ptr=0x6656cd700 bytes=192 caller=0x1047418a8
ETHEREUM_INCREMENTAL_ROLE0_ALLOCATOR_LIVE ptr=0x6656cd800 bytes=192 caller=0x1047418a8
ETHEREUM_INCREMENTAL_ROLE0_ALLOCATOR_LIVE ptr=0x6656cd900 bytes=192 caller=0x1047418a8
ETHEREUM_INCREMENTAL_ROLE0_ALLOCATOR_LIVE ptr=0x6656cda00 bytes=192 caller=0x1047418a8
ETHEREUM_INCREMENTAL_ROLE0_ALLOCATOR_LIVE ptr=0x6656cdb00 bytes=192 caller=0x1047418a8
ETHEREUM_INCREMENTAL_ROLE0_ALLOCATOR_LIVE ptr=0x6656cdc00 bytes=192 caller=0x1047418a8
ETHEREUM_INCREMENTAL_ROLE0_ALLOCATOR_LIVE ptr=0x6656cdd00 bytes=192 caller=0x1047418a8
ETHEREUM_INCREMENTAL_ROLE0_ALLOCATOR_LIVE ptr=0x6656cde00 bytes=192 caller=0x1047418a8
ETHEREUM_INCREMENTAL_ROLE0_ALLOCATOR_LIVE ptr=0x6656cdf00 bytes=192 caller=0x1047418a8
ETHEREUM_INCREMENTAL_ROLE0_ALLOCATOR_LIVE ptr=0x6656ce000 bytes=192 caller=0x1047418a8
ETHEREUM_INCREMENTAL_ROLE0_ALLOCATOR_LIVE ptr=0x6656ce100 bytes=192 caller=0x1047418a8
ETHEREUM_INCREMENTAL_ROLE0_ALLOCATOR_LIVE ptr=0x6656ce200 bytes=192 caller=0x1047418a8
ETHEREUM_INCREMENTAL_ROLE0_ALLOCATOR_LIVE ptr=0x6656ce300 bytes=192 caller=0x1047418a8
ETHEREUM_INCREMENTAL_ROLE0_ALLOCATOR_LIVE ptr=0x6656ce400 bytes=192 caller=0x1047418a8
ETHEREUM_INCREMENTAL_ROLE0_ALLOCATOR_LIVE ptr=0x6656ce500 bytes=192 caller=0x1047418a8
ETHEREUM_INCREMENTAL_ROLE0_ALLOCATOR_LIVE ptr=0x6656ce600 bytes=192 caller=0x1047418a8
ETHEREUM_INCREMENTAL_ROLE0_ALLOCATOR_LIVE ptr=0x6656ce700 bytes=192 caller=0x1047418a8
ETHEREUM_INCREMENTAL_ROLE0_ALLOCATOR_LIVE ptr=0x6656ce800 bytes=192 caller=0x1047418a8
ETHEREUM_INCREMENTAL_ROLE0_ALLOCATOR_LIVE ptr=0x6656ce900 bytes=192 caller=0x1047418a8
ETHEREUM_INCREMENTAL_ROLE0_ALLOCATOR_LIVE ptr=0x6656cea00 bytes=192 caller=0x1047418a8
ETHEREUM_INCREMENTAL_ROLE0_ALLOCATOR_LIVE ptr=0x6656ceb00 bytes=192 caller=0x1047418a8
ETHEREUM_INCREMENTAL_ROLE0_ALLOCATOR_LIVE ptr=0x6656cec00 bytes=192 caller=0x1047418a8
ETHEREUM_INCREMENTAL_ROLE0_ALLOCATOR_LIVE ptr=0x6656ced00 bytes=192 caller=0x1047418a8
ETHEREUM_INCREMENTAL_ROLE0_ALLOCATOR_LIVE ptr=0x6656cee00 bytes=192 caller=0x1047418a8
ETHEREUM_INCREMENTAL_ROLE0_ALLOCATOR_LIVE ptr=0x6656cef00 bytes=192 caller=0x1047418a8
ETHEREUM_INCREMENTAL_ROLE0_ALLOCATOR_LIVE ptr=0x6656cf000 bytes=192 caller=0x1047418a8
ETHEREUM_INCREMENTAL_ROLE0_ALLOCATOR_LIVE ptr=0x6656cf100 bytes=192 caller=0x1047418a8
ETHEREUM_INCREMENTAL_ROLE0_ALLOCATOR_LIVE ptr=0x6656cf200 bytes=192 caller=0x1047418a8
ETHEREUM_INCREMENTAL_ROLE0_ALLOCATOR_LIVE ptr=0x6656cf300 bytes=192 caller=0x1047418a8
ETHEREUM_INCREMENTAL_ROLE0_ALLOCATOR_LIVE ptr=0x6656cf400 bytes=192 caller=0x1047418a8
ETHEREUM_INCREMENTAL_ROLE0_ALLOCATOR_LIVE ptr=0x6656cf500 bytes=192 caller=0x1047418a8
ETHEREUM_INCREMENTAL_ROLE0_ALLOCATOR_LIVE ptr=0x6656cf600 bytes=192 caller=0x1047418a8
ETHEREUM_INCREMENTAL_ROLE0_ALLOCATOR_LIVE ptr=0x6656cf700 bytes=192 caller=0x1047418a8
ETHEREUM_INCREMENTAL_ROLE0_ALLOCATOR_LIVE ptr=0x6656cf800 bytes=192 caller=0x1047418a8
ETHEREUM_INCREMENTAL_ROLE0_ALLOCATOR_LIVE ptr=0x6656cf900 bytes=192 caller=0x1047418a8
ETHEREUM_INCREMENTAL_ROLE0_ALLOCATOR_LIVE ptr=0x6656cfa00 bytes=192 caller=0x1047418a8
ETHEREUM_INCREMENTAL_ROLE0_ALLOCATOR_LIVE ptr=0x6656cfb00 bytes=192 caller=0x1047418a8
ETHEREUM_INCREMENTAL_ROLE0_ALLOCATOR_LIVE ptr=0x6656cfc00 bytes=192 caller=0x1047418a8
ETHEREUM_INCREMENTAL_ROLE0_ALLOCATOR_LIVE ptr=0x6656cfd00 bytes=192 caller=0x1047418a8
ETHEREUM_INCREMENTAL_ROLE0_ALLOCATOR_LIVE ptr=0x6656cfe00 bytes=192 caller=0x1047418a8
ETHEREUM_INCREMENTAL_ROLE0_ALLOCATOR_LIVE ptr=0x6656cff00 bytes=192 caller=0x1047418a8
ETHEREUM_INCREMENTAL_ROLE0_ALLOCATOR_LIVE ptr=0x6656d0000 bytes=192 caller=0x1047418a8
ETHEREUM_INCREMENTAL_ROLE0_ALLOCATOR_LIVE ptr=0x6656d0100 bytes=192 caller=0x1047418a8
ETHEREUM_INCREMENTAL_ROLE0_ALLOCATOR_LIVE ptr=0x6656d0200 bytes=192 caller=0x1047418a8
ETHEREUM_INCREMENTAL_ROLE0_ALLOCATOR_LIVE ptr=0x6656d0300 bytes=192 caller=0x1047418a8
ETHEREUM_INCREMENTAL_ROLE0_ALLOCATOR_LIVE ptr=0x6656d0400 bytes=192 caller=0x1047418a8
ETHEREUM_INCREMENTAL_ROLE0_ALLOCATOR_LIVE ptr=0x6656d0500 bytes=192 caller=0x1047418a8
ETHEREUM_INCREMENTAL_ROLE0_ALLOCATOR_LIVE ptr=0x6656d0600 bytes=192 caller=0x1047418a8
ETHEREUM_INCREMENTAL_ROLE0_ALLOCATOR_LIVE ptr=0x6656d0700 bytes=192 caller=0x1047418a8
ETHEREUM_INCREMENTAL_ROLE0_ALLOCATOR_LIVE ptr=0x6656d0800 bytes=192 caller=0x1047418a8
ETHEREUM_INCREMENTAL_ROLE0_ALLOCATOR_LIVE ptr=0x6656d0900 bytes=192 caller=0x1047418a8
ETHEREUM_INCREMENTAL_ROLE0_ALLOCATOR_LIVE ptr=0x6656d0a00 bytes=192 caller=0x1047418a8
ETHEREUM_INCREMENTAL_ROLE0_ALLOCATOR_LIVE ptr=0x6656d0b00 bytes=192 caller=0x1047418a8
ETHEREUM_INCREMENTAL_ROLE0_ALLOCATOR_LIVE ptr=0x6656d0c00 bytes=192 caller=0x1047418a8
ETHEREUM_INCREMENTAL_ROLE0_ALLOCATOR_LIVE ptr=0x6656d0d00 bytes=192 caller=0x1047418a8
ETHEREUM_INCREMENTAL_ROLE0_ALLOCATOR_LIVE ptr=0x6656d0e00 bytes=192 caller=0x1047418a8
ETHEREUM_INCREMENTAL_ROLE0_ALLOCATOR_LIVE ptr=0x6656d0f00 bytes=192 caller=0x1047418a8
ETHEREUM_INCREMENTAL_ROLE0_ALLOCATOR_LIVE ptr=0x6656d1000 bytes=192 caller=0x1047418a8
ETHEREUM_INCREMENTAL_ROLE0_ALLOCATOR_LIVE ptr=0x6656d1100 bytes=192 caller=0x1047418a8
ETHEREUM_INCREMENTAL_ROLE0_ALLOCATOR_LIVE ptr=0x6656d1200 bytes=192 caller=0x1047418a8
ETHEREUM_INCREMENTAL_ROLE0_ALLOCATOR_LIVE ptr=0x6656d1300 bytes=192 caller=0x1047418a8
ETHEREUM_INCREMENTAL_ROLE0_ALLOCATOR_LIVE ptr=0x6656d1400 bytes=192 caller=0x1047418a8
ETHEREUM_INCREMENTAL_ROLE0_ALLOCATOR_LIVE ptr=0x6656d1500 bytes=192 caller=0x1047418a8
ETHEREUM_INCREMENTAL_ROLE0_ALLOCATOR_LIVE ptr=0x6656d1600 bytes=192 caller=0x1047418a8
ETHEREUM_INCREMENTAL_ROLE0_ALLOCATOR_LIVE ptr=0x6656d1700 bytes=192 caller=0x1047418a8
ETHEREUM_INCREMENTAL_ROLE0_ALLOCATOR_LIVE ptr=0x6656d1800 bytes=192 caller=0x1047418a8
ETHEREUM_INCREMENTAL_ROLE0_ALLOCATOR_LIVE ptr=0x6656d1900 bytes=192 caller=0x1047418a8
ETHEREUM_INCREMENTAL_ROLE0_ALLOCATOR_LIVE ptr=0x6656d1a00 bytes=192 caller=0x1047418a8
ETHEREUM_INCREMENTAL_ROLE0_ALLOCATOR_LIVE ptr=0x6656d1b00 bytes=192 caller=0x1047418a8
ETHEREUM_INCREMENTAL_ROLE0_ALLOCATOR_LIVE ptr=0x6656d1c00 bytes=192 caller=0x1047418a8
ETHEREUM_INCREMENTAL_ROLE0_ALLOCATOR_LIVE ptr=0x6656d1d00 bytes=192 caller=0x1047418a8
ETHEREUM_INCREMENTAL_ROLE0_ALLOCATOR_LIVE ptr=0x6656d1e00 bytes=192 caller=0x1047418a8
ETHEREUM_INCREMENTAL_ROLE0_ALLOCATOR_LIVE ptr=0x6656d1f00 bytes=192 caller=0x1047418a8
ETHEREUM_INCREMENTAL_ROLE0_ALLOCATOR_LIVE ptr=0x6656d2000 bytes=192 caller=0x1047418a8
ETHEREUM_INCREMENTAL_ROLE0_ALLOCATOR_LIVE ptr=0x6656d2100 bytes=192 caller=0x1047418a8
ETHEREUM_INCREMENTAL_ROLE0_ALLOCATOR_LIVE ptr=0x6656d2200 bytes=192 caller=0x1047418a8
ETHEREUM_INCREMENTAL_ROLE0_ALLOCATOR_LIVE ptr=0x6656d2300 bytes=192 caller=0x1047418a8
ETHEREUM_INCREMENTAL_ROLE0_ALLOCATOR_LIVE ptr=0x6656d2400 bytes=192 caller=0x1047418a8
ETHEREUM_INCREMENTAL_ROLE0_ALLOCATOR_LIVE ptr=0x6656d2500 bytes=192 caller=0x1047418a8
ETHEREUM_INCREMENTAL_ROLE0_ALLOCATOR_LIVE ptr=0x6656d2600 bytes=192 caller=0x1047418a8
ETHEREUM_INCREMENTAL_ROLE0_ALLOCATOR_LIVE ptr=0x6656d2700 bytes=192 caller=0x1047418a8
ETHEREUM_INCREMENTAL_ROLE0_ALLOCATOR_LIVE ptr=0x6656d2800 bytes=192 caller=0x1047418a8
ETHEREUM_INCREMENTAL_ROLE0_ALLOCATOR_LIVE ptr=0x6656d2900 bytes=192 caller=0x1047418a8
ETHEREUM_INCREMENTAL_ROLE0_ALLOCATOR_LIVE ptr=0x6656d2a00 bytes=192 caller=0x1047418a8
ETHEREUM_INCREMENTAL_ROLE0_ALLOCATOR_LIVE ptr=0x6656d2b00 bytes=192 caller=0x1047418a8
ETHEREUM_INCREMENTAL_ROLE0_ALLOCATOR_LIVE ptr=0x6656d2c00 bytes=192 caller=0x1047418a8
ETHEREUM_INCREMENTAL_ROLE0_ALLOCATOR_LIVE ptr=0x6656d2d00 bytes=192 caller=0x1047418a8
ETHEREUM_INCREMENTAL_ROLE0_ALLOCATOR_LIVE ptr=0x6656d2e00 bytes=192 caller=0x1047418a8
ETHEREUM_INCREMENTAL_ROLE0_ALLOCATOR_LIVE ptr=0x6656d2f00 bytes=192 caller=0x1047418a8
ETHEREUM_INCREMENTAL_ROLE0_ALLOCATOR_LIVE ptr=0x6656d3000 bytes=192 caller=0x1047418a8
ETHEREUM_INCREMENTAL_ROLE0_ALLOCATOR_LIVE ptr=0x6656d3100 bytes=192 caller=0x1047418a8
ETHEREUM_INCREMENTAL_ROLE0_ALLOCATOR_LIVE ptr=0x6656d3200 bytes=192 caller=0x1047418a8
ETHEREUM_INCREMENTAL_ROLE0_ALLOCATOR_LIVE ptr=0x6656d3300 bytes=192 caller=0x1047418a8
ETHEREUM_INCREMENTAL_ROLE0_ALLOCATOR_LIVE ptr=0x6656d3400 bytes=192 caller=0x1047418a8
ETHEREUM_INCREMENTAL_ROLE0_ALLOCATOR_LIVE ptr=0x6656d3500 bytes=192 caller=0x1047418a8
ETHEREUM_INCREMENTAL_ROLE0_ALLOCATOR_LIVE ptr=0x6656d3600 bytes=192 caller=0x1047418a8
ETHEREUM_INCREMENTAL_ROLE0_ALLOCATOR_LIVE ptr=0x6656d3700 bytes=192 caller=0x1047418a8
ETHEREUM_INCREMENTAL_ROLE0_ALLOCATOR_LIVE ptr=0x6656d3800 bytes=192 caller=0x1047418a8
ETHEREUM_INCREMENTAL_ROLE0_ALLOCATOR_LIVE ptr=0x6656d3900 bytes=192 caller=0x1047418a8
ETHEREUM_INCREMENTAL_ROLE0_ALLOCATOR_LIVE ptr=0x6656d3a00 bytes=192 caller=0x1047418a8
ETHEREUM_INCREMENTAL_ROLE0_ALLOCATOR_LIVE ptr=0x6656d3b00 bytes=192 caller=0x1047418a8
ETHEREUM_INCREMENTAL_ROLE0_ALLOCATOR_LIVE ptr=0x6656d3c00 bytes=192 caller=0x1047418a8
ETHEREUM_INCREMENTAL_ROLE0_ALLOCATOR_LIVE ptr=0x6656d3d00 bytes=192 caller=0x1047418a8
ETHEREUM_INCREMENTAL_ROLE0_ALLOCATOR_LIVE ptr=0x6656d3e00 bytes=192 caller=0x1047418a8
ETHEREUM_INCREMENTAL_ROLE0_ALLOCATOR_LIVE ptr=0x6656d3f00 bytes=192 caller=0x1047418a8
ETHEREUM_INCREMENTAL_ROLE0_ALLOCATOR_LIVE ptr=0x6656d4000 bytes=192 caller=0x1047418a8
ETHEREUM_INCREMENTAL_ROLE0_ALLOCATOR_LIVE ptr=0x6656d4100 bytes=192 caller=0x1047418a8
ETHEREUM_INCREMENTAL_ROLE0_ALLOCATOR_LIVE ptr=0x6656d4200 bytes=192 caller=0x1047418a8
ETHEREUM_INCREMENTAL_ROLE0_ALLOCATOR_LIVE ptr=0x6656d4300 bytes=192 caller=0x1047418a8
ETHEREUM_INCREMENTAL_ROLE0_ALLOCATOR_LIVE ptr=0x6656d4400 bytes=192 caller=0x1047418a8
ETHEREUM_INCREMENTAL_ROLE0_ALLOCATOR_LIVE ptr=0x6656d4500 bytes=192 caller=0x1047418a8
ETHEREUM_INCREMENTAL_ROLE0_ALLOCATOR_LIVE ptr=0x6656d4600 bytes=192 caller=0x1047418a8
ETHEREUM_INCREMENTAL_ROLE0_ALLOCATOR_LIVE ptr=0x6656d4700 bytes=192 caller=0x1047418a8
ETHEREUM_INCREMENTAL_ROLE0_ALLOCATOR_LIVE ptr=0x6656d4800 bytes=192 caller=0x1047418a8
ETHEREUM_INCREMENTAL_ROLE0_ALLOCATOR_LIVE ptr=0x6656d4900 bytes=192 caller=0x1047418a8
ETHEREUM_INCREMENTAL_ROLE0_ALLOCATOR_LIVE ptr=0x6656d4a00 bytes=192 caller=0x1047418a8
ETHEREUM_INCREMENTAL_ROLE0_ALLOCATOR_LIVE ptr=0x6656d4b00 bytes=192 caller=0x1047418a8
ETHEREUM_INCREMENTAL_ROLE0_ALLOCATOR_LIVE ptr=0x6656d4c00 bytes=192 caller=0x1047418a8
ETHEREUM_INCREMENTAL_ROLE0_ALLOCATOR_LIVE ptr=0x6656d4d00 bytes=192 caller=0x1047418a8
ETHEREUM_INCREMENTAL_ROLE0_ALLOCATOR_LIVE ptr=0x6656d4e00 bytes=192 caller=0x1047418a8
ETHEREUM_INCREMENTAL_ROLE0_ALLOCATOR_LIVE ptr=0x6656d4f00 bytes=192 caller=0x1047418a8
ETHEREUM_INCREMENTAL_ROLE0_ALLOCATOR_LIVE ptr=0x6656d5000 bytes=192 caller=0x1047418a8
ETHEREUM_INCREMENTAL_ROLE0_ALLOCATOR_LIVE ptr=0x6656d5100 bytes=192 caller=0x1047418a8
ETHEREUM_INCREMENTAL_ROLE0_ALLOCATOR_LIVE ptr=0x6656d5200 bytes=192 caller=0x1047418a8
ETHEREUM_INCREMENTAL_ROLE0_ALLOCATOR_LIVE ptr=0x6656d5300 bytes=192 caller=0x1047418a8
ETHEREUM_INCREMENTAL_ROLE0_ALLOCATOR_LIVE ptr=0x6656d5400 bytes=192 caller=0x1047418a8
ETHEREUM_INCREMENTAL_ROLE0_ALLOCATOR_LIVE ptr=0x6656d5500 bytes=192 caller=0x1047418a8
ETHEREUM_INCREMENTAL_ROLE0_ALLOCATOR_LIVE ptr=0x6656d5600 bytes=192 caller=0x1047418a8
ETHEREUM_INCREMENTAL_ROLE0_ALLOCATOR_LIVE ptr=0x6656d5700 bytes=192 caller=0x1047418a8
ETHEREUM_INCREMENTAL_ROLE0_ALLOCATOR_LIVE ptr=0x6656d5800 bytes=192 caller=0x1047418a8
ETHEREUM_INCREMENTAL_ROLE0_ALLOCATOR_LIVE ptr=0x6656d5900 bytes=192 caller=0x1047418a8
ETHEREUM_INCREMENTAL_ROLE0_ALLOCATOR_LIVE ptr=0x6656d5a00 bytes=192 caller=0x1047418a8
ETHEREUM_INCREMENTAL_ROLE0_ALLOCATOR_LIVE ptr=0x6656d5b00 bytes=192 caller=0x1047418a8
ETHEREUM_INCREMENTAL_ROLE0_ALLOCATOR_LIVE ptr=0x6656d5c00 bytes=192 caller=0x1047418a8
ETHEREUM_INCREMENTAL_ROLE0_ALLOCATOR_LIVE ptr=0x6656d5d00 bytes=192 caller=0x1047418a8
ETHEREUM_INCREMENTAL_ROLE0_ALLOCATOR_LIVE ptr=0x6656d5e00 bytes=192 caller=0x1047418a8
ETHEREUM_INCREMENTAL_ROLE0_ALLOCATOR_LIVE ptr=0x6656d5f00 bytes=192 caller=0x1047418a8
ETHEREUM_INCREMENTAL_ROLE0_ALLOCATOR_LIVE ptr=0x6656d6000 bytes=192 caller=0x1047418a8
ETHEREUM_INCREMENTAL_ROLE0_ALLOCATOR_LIVE ptr=0x6656d6100 bytes=192 caller=0x1047418a8
ETHEREUM_INCREMENTAL_ROLE0_ALLOCATOR_LIVE ptr=0x6656d6200 bytes=192 caller=0x1047418a8
ETHEREUM_INCREMENTAL_ROLE0_ALLOCATOR_LIVE ptr=0x6656d6300 bytes=192 caller=0x1047418a8
ETHEREUM_INCREMENTAL_ROLE0_ALLOCATOR_LIVE ptr=0x6656d6400 bytes=192 caller=0x1047418a8
ETHEREUM_INCREMENTAL_ROLE0_ALLOCATOR_LIVE ptr=0x6656d6500 bytes=192 caller=0x1047418a8
ETHEREUM_INCREMENTAL_ROLE0_ALLOCATOR_LIVE ptr=0x6656d6600 bytes=192 caller=0x1047418a8
ETHEREUM_INCREMENTAL_ROLE0_ALLOCATOR_LIVE ptr=0x6656d6700 bytes=192 caller=0x1047418a8
ETHEREUM_INCREMENTAL_ROLE0_ALLOCATOR_LIVE ptr=0x6656d6800 bytes=192 caller=0x1047418a8
ETHEREUM_INCREMENTAL_ROLE0_ALLOCATOR_LIVE ptr=0x6656d6900 bytes=192 caller=0x1047418a8
ETHEREUM_INCREMENTAL_ROLE0_ALLOCATOR_LIVE ptr=0x6656d6a00 bytes=192 caller=0x1047418a8
ETHEREUM_INCREMENTAL_ROLE0_ALLOCATOR_LIVE ptr=0x6656d6b00 bytes=192 caller=0x1047418a8
ETHEREUM_INCREMENTAL_ROLE0_ALLOCATOR_LIVE ptr=0x6656d6c00 bytes=192 caller=0x1047418a8
ETHEREUM_INCREMENTAL_ROLE0_ALLOCATOR_LIVE ptr=0x6656d6d00 bytes=192 caller=0x1047418a8
ETHEREUM_INCREMENTAL_ROLE0_ALLOCATOR_LIVE ptr=0x6656d6e00 bytes=192 caller=0x1047418a8
ETHEREUM_INCREMENTAL_ROLE0_ALLOCATOR_LIVE ptr=0x6656d6f00 bytes=192 caller=0x1047418a8
ETHEREUM_INCREMENTAL_ROLE0_ALLOCATOR_LIVE ptr=0x6656d7000 bytes=192 caller=0x1047418a8
ETHEREUM_INCREMENTAL_ROLE0_ALLOCATOR_LIVE ptr=0x6656d7100 bytes=192 caller=0x1047418a8
ETHEREUM_INCREMENTAL_ROLE0_ALLOCATOR_LIVE ptr=0x6656d7200 bytes=192 caller=0x1047418a8
ETHEREUM_INCREMENTAL_ROLE0_ALLOCATOR_LIVE ptr=0x6656d7300 bytes=192 caller=0x1047418a8
ETHEREUM_INCREMENTAL_ROLE0_ALLOCATOR_LIVE ptr=0x6656d7400 bytes=192 caller=0x1047418a8
ETHEREUM_INCREMENTAL_ROLE0_ALLOCATOR_LIVE ptr=0x6656d7500 bytes=192 caller=0x1047418a8
ETHEREUM_INCREMENTAL_ROLE0_ALLOCATOR_LIVE ptr=0x6656d7600 bytes=192 caller=0x1047418a8
ETHEREUM_INCREMENTAL_ROLE0_ALLOCATOR_LIVE ptr=0x6656d7700 bytes=192 caller=0x1047418a8
ETHEREUM_INCREMENTAL_ROLE0_ALLOCATOR_LIVE ptr=0x6656d7800 bytes=192 caller=0x1047418a8
ETHEREUM_INCREMENTAL_ROLE0_ALLOCATOR_LIVE ptr=0x6656d7900 bytes=192 caller=0x1047418a8
ETHEREUM_INCREMENTAL_ROLE0_ALLOCATOR_LIVE ptr=0x6656d7a00 bytes=192 caller=0x1047418a8
ETHEREUM_INCREMENTAL_ROLE0_ALLOCATOR_LIVE ptr=0x6656d7b00 bytes=192 caller=0x1047418a8
ETHEREUM_INCREMENTAL_ROLE0_ALLOCATOR_LIVE ptr=0x6656d7c00 bytes=192 caller=0x1047418a8
ETHEREUM_INCREMENTAL_ROLE0_ALLOCATOR_LIVE ptr=0x6656d7d00 bytes=192 caller=0x1047418a8
ETHEREUM_INCREMENTAL_ROLE0_ALLOCATOR_LIVE ptr=0x6656d7e00 bytes=192 caller=0x1047418a8
ETHEREUM_INCREMENTAL_ROLE0_ALLOCATOR_LIVE ptr=0x6656d7f00 bytes=192 caller=0x1047418a8
ETHEREUM_INCREMENTAL_ROLE0_ALLOCATOR_LIVE ptr=0x6656d8000 bytes=192 caller=0x1047418a8
ETHEREUM_INCREMENTAL_ROLE0_ALLOCATOR_LIVE ptr=0x6656d8100 bytes=192 caller=0x1047418a8
ETHEREUM_INCREMENTAL_ROLE0_ALLOCATOR_LIVE ptr=0x6656d8200 bytes=192 caller=0x1047418a8
ETHEREUM_INCREMENTAL_ROLE0_ALLOCATOR_LIVE ptr=0x6656d8300 bytes=192 caller=0x1047418a8
ETHEREUM_INCREMENTAL_ROLE0_ALLOCATOR_LIVE ptr=0x6656d8400 bytes=192 caller=0x1047418a8
ETHEREUM_INCREMENTAL_ROLE0_ALLOCATOR_LIVE ptr=0x6656d8500 bytes=192 caller=0x1047418a8
ETHEREUM_INCREMENTAL_ROLE0_ALLOCATOR_LIVE ptr=0x6656d8600 bytes=192 caller=0x1047418a8
ETHEREUM_INCREMENTAL_ROLE0_ALLOCATOR_LIVE ptr=0x6656d8700 bytes=192 caller=0x1047418a8
ETHEREUM_INCREMENTAL_ROLE0_ALLOCATOR_LIVE ptr=0x6656d8800 bytes=192 caller=0x1047418a8
ETHEREUM_INCREMENTAL_ROLE0_ALLOCATOR_LIVE ptr=0x6656d8900 bytes=192 caller=0x1047418a8
ETHEREUM_INCREMENTAL_ROLE0_ALLOCATOR_LIVE ptr=0x6656d8a00 bytes=192 caller=0x1047418a8
ETHEREUM_INCREMENTAL_ROLE0_ALLOCATOR_LIVE ptr=0x6656d8b00 bytes=192 caller=0x1047418a8
ETHEREUM_INCREMENTAL_ROLE0_ALLOCATOR_LIVE ptr=0x6656d8c00 bytes=192 caller=0x1047418a8
ETHEREUM_INCREMENTAL_ROLE0_ALLOCATOR_LIVE ptr=0x6656d8d00 bytes=192 caller=0x1047418a8
ETHEREUM_INCREMENTAL_ROLE0_ALLOCATOR_LIVE ptr=0x6656d8e00 bytes=192 caller=0x1047418a8
ETHEREUM_INCREMENTAL_ROLE0_ALLOCATOR_LIVE ptr=0x6656d8f00 bytes=192 caller=0x1047418a8
ETHEREUM_INCREMENTAL_ROLE0_ALLOCATOR_LIVE ptr=0x6656d9000 bytes=192 caller=0x1047418a8
ETHEREUM_INCREMENTAL_ROLE0_ALLOCATOR_LIVE ptr=0x6656d9100 bytes=192 caller=0x1047418a8
ETHEREUM_INCREMENTAL_ROLE0_ALLOCATOR_LIVE ptr=0x6656d9200 bytes=192 caller=0x1047418a8
ETHEREUM_INCREMENTAL_ROLE0_ALLOCATOR_LIVE ptr=0x6656d9300 bytes=192 caller=0x1047418a8
ETHEREUM_INCREMENTAL_ROLE0_ALLOCATOR_LIVE ptr=0x6656d9400 bytes=192 caller=0x1047418a8
ETHEREUM_INCREMENTAL_ROLE0_ALLOCATOR_LIVE ptr=0x6656d9500 bytes=192 caller=0x1047418a8
ETHEREUM_INCREMENTAL_ROLE0_ALLOCATOR_LIVE ptr=0x6656d9600 bytes=192 caller=0x1047418a8
ETHEREUM_INCREMENTAL_ROLE0_ALLOCATOR_LIVE ptr=0x6656d9700 bytes=192 caller=0x1047418a8
ETHEREUM_INCREMENTAL_ROLE0_ALLOCATOR_LIVE ptr=0x6656d9800 bytes=192 caller=0x1047418a8
ETHEREUM_INCREMENTAL_ROLE0_ALLOCATOR_LIVE ptr=0x6656d9900 bytes=192 caller=0x1047418a8
ETHEREUM_INCREMENTAL_ROLE0_ALLOCATOR_LIVE ptr=0x6656d9a00 bytes=192 caller=0x1047418a8
ETHEREUM_INCREMENTAL_ROLE0_ALLOCATOR_LIVE ptr=0x6656d9b00 bytes=192 caller=0x1047418a8
ETHEREUM_INCREMENTAL_ROLE0_ALLOCATOR_LIVE ptr=0x6656d9c00 bytes=192 caller=0x1047418a8
ETHEREUM_INCREMENTAL_ROLE0_ALLOCATOR_LIVE ptr=0x6656d9d00 bytes=192 caller=0x1047418a8
ETHEREUM_INCREMENTAL_ROLE0_ALLOCATOR_LIVE ptr=0x6656d9e00 bytes=192 caller=0x1047418a8
ETHEREUM_INCREMENTAL_ROLE0_ALLOCATOR_LIVE ptr=0x6656d9f00 bytes=192 caller=0x1047418a8
ETHEREUM_INCREMENTAL_ROLE0_ALLOCATOR_LIVE ptr=0x6656da000 bytes=192 caller=0x1047418a8
ETHEREUM_INCREMENTAL_ROLE0_ALLOCATOR_LIVE ptr=0x6656da100 bytes=192 caller=0x1047418a8
ETHEREUM_INCREMENTAL_ROLE0_ALLOCATOR_LIVE ptr=0x6656da200 bytes=192 caller=0x1047418a8
ETHEREUM_INCREMENTAL_ROLE0_ALLOCATOR_LIVE ptr=0x6656da300 bytes=192 caller=0x1047418a8
ETHEREUM_INCREMENTAL_ROLE0_ALLOCATOR_LIVE ptr=0x6656da400 bytes=192 caller=0x1047418a8
ETHEREUM_INCREMENTAL_ROLE0_ALLOCATOR_LIVE ptr=0x6656da500 bytes=192 caller=0x1047418a8
ETHEREUM_INCREMENTAL_ROLE0_ALLOCATOR_LIVE ptr=0x6656da600 bytes=192 caller=0x1047418a8
ETHEREUM_INCREMENTAL_ROLE0_ALLOCATOR_LIVE ptr=0x6656da700 bytes=192 caller=0x1047418a8
ETHEREUM_INCREMENTAL_ROLE0_ALLOCATOR_LIVE ptr=0x6656da800 bytes=192 caller=0x1047418a8
ETHEREUM_INCREMENTAL_ROLE0_ALLOCATOR_LIVE ptr=0x6656da900 bytes=192 caller=0x1047418a8
ETHEREUM_INCREMENTAL_ROLE0_ALLOCATOR_LIVE ptr=0x6656daa00 bytes=192 caller=0x1047418a8
ETHEREUM_INCREMENTAL_ROLE0_ALLOCATOR_LIVE ptr=0x6656dab00 bytes=192 caller=0x1047418a8
ETHEREUM_INCREMENTAL_ROLE0_ALLOCATOR_LIVE ptr=0x6656dac00 bytes=192 caller=0x1047418a8
ETHEREUM_INCREMENTAL_ROLE0_ALLOCATOR_LIVE ptr=0x6656dad00 bytes=192 caller=0x1047418a8
ETHEREUM_INCREMENTAL_ROLE0_ALLOCATOR_LIVE ptr=0x6656dae00 bytes=192 caller=0x1047418a8
ETHEREUM_INCREMENTAL_ROLE0_ALLOCATOR_LIVE ptr=0x6656daf00 bytes=192 caller=0x1047418a8
ETHEREUM_INCREMENTAL_ROLE0_ALLOCATOR_LIVE ptr=0x6656db000 bytes=192 caller=0x1047418a8
ETHEREUM_INCREMENTAL_ROLE0_ALLOCATOR_LIVE ptr=0x6656db100 bytes=192 caller=0x1047418a8
ETHEREUM_INCREMENTAL_ROLE0_ALLOCATOR_LIVE ptr=0x6656db200 bytes=192 caller=0x1047418a8
ETHEREUM_INCREMENTAL_ROLE0_ALLOCATOR_LIVE ptr=0x6656db300 bytes=192 caller=0x1047418a8
ETHEREUM_INCREMENTAL_ROLE0_ALLOCATOR_LIVE ptr=0x6656db400 bytes=192 caller=0x1047418a8
ETHEREUM_INCREMENTAL_ROLE0_ALLOCATOR_LIVE ptr=0x6656db500 bytes=192 caller=0x1047418a8
ETHEREUM_INCREMENTAL_ROLE0_ALLOCATOR_LIVE ptr=0x6656db600 bytes=192 caller=0x1047418a8
ETHEREUM_INCREMENTAL_ROLE0_ALLOCATOR_LIVE ptr=0x6656db700 bytes=192 caller=0x1047418a8
ETHEREUM_INCREMENTAL_ROLE0_ALLOCATOR_LIVE ptr=0x6656db800 bytes=192 caller=0x1047418a8
ETHEREUM_INCREMENTAL_ROLE0_ALLOCATOR_LIVE ptr=0x6656db900 bytes=192 caller=0x1047418a8
ETHEREUM_INCREMENTAL_ROLE0_ALLOCATOR_LIVE ptr=0x6656dba00 bytes=192 caller=0x1047418a8
ETHEREUM_INCREMENTAL_ROLE0_ALLOCATOR_LIVE ptr=0x6656dbb00 bytes=192 caller=0x1047418a8
ETHEREUM_INCREMENTAL_ROLE0_ALLOCATOR_LIVE ptr=0x6656dbc00 bytes=192 caller=0x1047418a8
ETHEREUM_INCREMENTAL_ROLE0_ALLOCATOR_LIVE ptr=0x6656dbd00 bytes=192 caller=0x1047418a8
ETHEREUM_INCREMENTAL_ROLE0_ALLOCATOR_LIVE ptr=0x6656dbe00 bytes=192 caller=0x1047418a8
ETHEREUM_INCREMENTAL_ROLE0_ALLOCATOR_LIVE ptr=0x6656dbf00 bytes=192 caller=0x1047418a8
ETHEREUM_INCREMENTAL_ROLE0_ALLOCATOR_LIVE ptr=0x6656dc000 bytes=192 caller=0x1047418a8
ETHEREUM_INCREMENTAL_ROLE0_ALLOCATOR_LIVE ptr=0x6656dc100 bytes=192 caller=0x1047418a8
ETHEREUM_INCREMENTAL_ROLE0_ALLOCATOR_LIVE ptr=0x6656dc200 bytes=192 caller=0x1047418a8
ETHEREUM_INCREMENTAL_ROLE0_ALLOCATOR_LIVE ptr=0x6656dc300 bytes=192 caller=0x1047418a8
ETHEREUM_INCREMENTAL_ROLE0_ALLOCATOR_LIVE ptr=0x6656dc400 bytes=192 caller=0x1047418a8
ETHEREUM_INCREMENTAL_ROLE0_ALLOCATOR_LIVE ptr=0x6656dc500 bytes=192 caller=0x1047418a8
ETHEREUM_INCREMENTAL_ROLE0_ALLOCATOR_LIVE ptr=0x6656dc600 bytes=192 caller=0x1047418a8
ETHEREUM_INCREMENTAL_ROLE0_ALLOCATOR_LIVE ptr=0x6656dc700 bytes=192 caller=0x1047418a8
ETHEREUM_INCREMENTAL_ROLE0_ALLOCATOR_LIVE ptr=0x6656dc800 bytes=192 caller=0x1047418a8
ETHEREUM_INCREMENTAL_ROLE0_ALLOCATOR_LIVE ptr=0x6656dc900 bytes=192 caller=0x1047418a8
ETHEREUM_INCREMENTAL_ROLE0_ALLOCATOR_LIVE ptr=0x6656dca00 bytes=192 caller=0x1047418a8
ETHEREUM_INCREMENTAL_ROLE0_ALLOCATOR_LIVE ptr=0x6656dcb00 bytes=192 caller=0x1047418a8
ETHEREUM_INCREMENTAL_ROLE0_ALLOCATOR_LIVE ptr=0x6656dcc00 bytes=192 caller=0x1047418a8
ETHEREUM_INCREMENTAL_ROLE0_ALLOCATOR_LIVE ptr=0x6656dcd00 bytes=192 caller=0x1047418a8
ETHEREUM_INCREMENTAL_ROLE0_ALLOCATOR_LIVE ptr=0x6656dce00 bytes=192 caller=0x1047418a8
ETHEREUM_INCREMENTAL_ROLE0_ALLOCATOR_LIVE ptr=0x6656dcf00 bytes=192 caller=0x1047418a8
ETHEREUM_INCREMENTAL_ROLE0_ALLOCATOR_LIVE ptr=0x6656dd000 bytes=192 caller=0x1047418a8
ETHEREUM_INCREMENTAL_ROLE0_ALLOCATOR_LIVE ptr=0x6656dd100 bytes=192 caller=0x1047418a8
ETHEREUM_INCREMENTAL_ROLE0_ALLOCATOR_LIVE ptr=0x6656dd200 bytes=192 caller=0x1047418a8
ETHEREUM_INCREMENTAL_ROLE0_ALLOCATOR_LIVE ptr=0x6656dd300 bytes=192 caller=0x1047418a8
ETHEREUM_INCREMENTAL_ROLE0_ALLOCATOR_LIVE ptr=0x6656dd400 bytes=192 caller=0x1047418a8
ETHEREUM_INCREMENTAL_ROLE0_ALLOCATOR_LIVE ptr=0x6656dd500 bytes=192 caller=0x1047418a8
ETHEREUM_INCREMENTAL_ROLE0_ALLOCATOR_LIVE ptr=0x6656dd600 bytes=192 caller=0x1047418a8
ETHEREUM_INCREMENTAL_ROLE0_ALLOCATOR_LIVE ptr=0x6656dd700 bytes=192 caller=0x1047418a8
ETHEREUM_INCREMENTAL_ROLE0_ALLOCATOR_LIVE ptr=0x6656dd800 bytes=192 caller=0x1047418a8
ETHEREUM_INCREMENTAL_ROLE0_ALLOCATOR_LIVE ptr=0x6656dd900 bytes=192 caller=0x1047418a8
ETHEREUM_INCREMENTAL_ROLE0_ALLOCATOR_LIVE ptr=0x6656dda00 bytes=192 caller=0x1047418a8
ETHEREUM_INCREMENTAL_ROLE0_ALLOCATOR_LIVE ptr=0x6656ddb00 bytes=192 caller=0x1047418a8
ETHEREUM_INCREMENTAL_ROLE0_ALLOCATOR_LIVE ptr=0x6656ddc00 bytes=192 caller=0x1047418a8
ETHEREUM_INCREMENTAL_ROLE0_ALLOCATOR_LIVE ptr=0x6656ddd00 bytes=192 caller=0x1047418a8
ETHEREUM_INCREMENTAL_ROLE0_ALLOCATOR_LIVE ptr=0x6656dde00 bytes=192 caller=0x1047418a8
ETHEREUM_INCREMENTAL_ROLE0_ALLOCATOR_LIVE ptr=0x6656ddf00 bytes=192 caller=0x1047418a8
ETHEREUM_INCREMENTAL_ROLE0_ALLOCATOR_LIVE ptr=0x6656de000 bytes=192 caller=0x1047418a8
ETHEREUM_INCREMENTAL_ROLE0_ALLOCATOR_LIVE ptr=0x6656de100 bytes=192 caller=0x1047418a8
ETHEREUM_INCREMENTAL_ROLE0_ALLOCATOR_LIVE ptr=0x6656de200 bytes=192 caller=0x1047418a8
ETHEREUM_INCREMENTAL_ROLE0_ALLOCATOR_LIVE ptr=0x6656de300 bytes=192 caller=0x1047418a8
ETHEREUM_INCREMENTAL_ROLE0_ALLOCATOR_LIVE ptr=0x6656de400 bytes=192 caller=0x1047418a8
ETHEREUM_INCREMENTAL_ROLE0_ALLOCATOR_LIVE ptr=0x6656de500 bytes=192 caller=0x1047418a8
ETHEREUM_INCREMENTAL_ROLE0_ALLOCATOR_LIVE ptr=0x6656de600 bytes=192 caller=0x1047418a8
ETHEREUM_INCREMENTAL_ROLE0_ALLOCATOR_LIVE ptr=0x6656de700 bytes=192 caller=0x1047418a8
ETHEREUM_INCREMENTAL_ROLE0_ALLOCATOR_LIVE ptr=0x6656de800 bytes=192 caller=0x1047418a8
ETHEREUM_INCREMENTAL_ROLE0_ALLOCATOR_LIVE ptr=0x6656de900 bytes=192 caller=0x1047418a8
ETHEREUM_INCREMENTAL_ROLE0_ALLOCATOR_LIVE ptr=0x6656dea00 bytes=192 caller=0x1047418a8
ETHEREUM_INCREMENTAL_ROLE0_ALLOCATOR_LIVE ptr=0x6656deb00 bytes=192 caller=0x1047418a8
ETHEREUM_INCREMENTAL_ROLE0_ALLOCATOR_LIVE ptr=0x6656dec00 bytes=192 caller=0x1047418a8
ETHEREUM_INCREMENTAL_ROLE0_ALLOCATOR_LIVE ptr=0x6656ded00 bytes=192 caller=0x1047418a8
ETHEREUM_INCREMENTAL_ROLE0_ALLOCATOR_LIVE ptr=0x6656dee00 bytes=192 caller=0x1047418a8
ETHEREUM_INCREMENTAL_ROLE0_ALLOCATOR_LIVE ptr=0x6656def00 bytes=192 caller=0x1047418a8
ETHEREUM_INCREMENTAL_ROLE0_ALLOCATOR_LIVE ptr=0x6656df000 bytes=192 caller=0x1047418a8
ETHEREUM_INCREMENTAL_ROLE0_ALLOCATOR_LIVE ptr=0x6656df100 bytes=192 caller=0x1047418a8
ETHEREUM_INCREMENTAL_ROLE0_ALLOCATOR_LIVE ptr=0x6656df200 bytes=192 caller=0x1047418a8
ETHEREUM_INCREMENTAL_ROLE0_ALLOCATOR_LIVE ptr=0x6656df300 bytes=192 caller=0x1047418a8
ETHEREUM_INCREMENTAL_ROLE0_ALLOCATOR_LIVE ptr=0x6656df400 bytes=192 caller=0x1047418a8
ETHEREUM_INCREMENTAL_ROLE0_ALLOCATOR_LIVE ptr=0x6656df500 bytes=192 caller=0x1047418a8
ETHEREUM_INCREMENTAL_ROLE0_ALLOCATOR_LIVE ptr=0x6656df600 bytes=192 caller=0x1047418a8
ETHEREUM_INCREMENTAL_ROLE0_ALLOCATOR_LIVE ptr=0x6656df700 bytes=192 caller=0x1047418a8
ETHEREUM_INCREMENTAL_ROLE0_ALLOCATOR_LIVE ptr=0x6656df800 bytes=192 caller=0x1047418a8
ETHEREUM_INCREMENTAL_ROLE0_ALLOCATOR_LIVE ptr=0x6656df900 bytes=192 caller=0x1047418a8
ETHEREUM_INCREMENTAL_ROLE0_ALLOCATOR_LIVE ptr=0x6656dfa00 bytes=192 caller=0x1047418a8
ETHEREUM_INCREMENTAL_ROLE0_ALLOCATOR_LIVE ptr=0x6656dfb00 bytes=192 caller=0x1047418a8
ETHEREUM_INCREMENTAL_ROLE0_ALLOCATOR_LIVE ptr=0x6656dfc00 bytes=192 caller=0x1047418a8
ETHEREUM_INCREMENTAL_ROLE0_ALLOCATOR_LIVE ptr=0x6656dfd00 bytes=192 caller=0x1047418a8
ETHEREUM_INCREMENTAL_ROLE0_ALLOCATOR_LIVE ptr=0x6656dfe00 bytes=192 caller=0x1047418a8
ETHEREUM_INCREMENTAL_ROLE0_ALLOCATOR_LIVE ptr=0x6656dff00 bytes=192 caller=0x1047418a8
ETHEREUM_INCREMENTAL_ROLE0_ALLOCATOR_LIVE ptr=0x16c580100 bytes=192 caller=0x1047418a8
ETHEREUM_INCREMENTAL_ROLE0_ALLOCATOR_LIVE ptr=0x16c580200 bytes=192 caller=0x1047418a8
ETHEREUM_INCREMENTAL_ROLE0_ALLOCATOR_LIVE ptr=0x16c580300 bytes=192 caller=0x1047418a8
ETHEREUM_INCREMENTAL_ROLE0_ALLOCATOR_LIVE ptr=0x16c580400 bytes=192 caller=0x1047418a8
ETHEREUM_INCREMENTAL_ROLE0_ALLOCATOR_LIVE ptr=0x16c580500 bytes=192 caller=0x1047418a8
ETHEREUM_INCREMENTAL_ROLE0_ALLOCATOR_LIVE ptr=0x16c580600 bytes=192 caller=0x1047418a8
ETHEREUM_INCREMENTAL_ROLE0_ALLOCATOR_LIVE ptr=0x16c580700 bytes=192 caller=0x1047418a8
ETHEREUM_INCREMENTAL_ROLE0_ALLOCATOR_LIVE ptr=0x16c580800 bytes=192 caller=0x1047418a8
ETHEREUM_INCREMENTAL_ROLE0_ALLOCATOR_LIVE ptr=0x16c580900 bytes=192 caller=0x1047418a8
ETHEREUM_INCREMENTAL_ROLE0_ALLOCATOR_LIVE ptr=0x16c580a00 bytes=192 caller=0x1047418a8
ETHEREUM_INCREMENTAL_ROLE0_ALLOCATOR_LIVE ptr=0x16c580b00 bytes=192 caller=0x1047418a8
ETHEREUM_INCREMENTAL_ROLE0_ALLOCATOR_LIVE ptr=0x16c580c00 bytes=192 caller=0x1047418a8
ETHEREUM_INCREMENTAL_ROLE0_ALLOCATOR_LIVE ptr=0x16c580d00 bytes=192 caller=0x1047418a8
ETHEREUM_INCREMENTAL_ROLE0_ALLOCATOR_LIVE ptr=0x16c580e00 bytes=192 caller=0x1047418a8
ETHEREUM_INCREMENTAL_ROLE0_ALLOCATOR_LIVE ptr=0x16c580f00 bytes=192 caller=0x1047418a8
ETHEREUM_INCREMENTAL_ROLE0_ALLOCATOR_LIVE ptr=0x16c581000 bytes=192 caller=0x1047418a8
ETHEREUM_INCREMENTAL_ROLE0_ALLOCATOR_LIVE ptr=0x16c581100 bytes=192 caller=0x1047418a8
ETHEREUM_INCREMENTAL_ROLE0_ALLOCATOR_LIVE ptr=0x16c581200 bytes=192 caller=0x1047418a8
ETHEREUM_INCREMENTAL_ROLE0_ALLOCATOR_LIVE ptr=0x16c581300 bytes=192 caller=0x1047418a8
ETHEREUM_INCREMENTAL_ROLE0_ALLOCATOR_LIVE ptr=0x16c581400 bytes=192 caller=0x1047418a8
ETHEREUM_INCREMENTAL_ROLE0_ALLOCATOR_LIVE ptr=0x16c581500 bytes=192 caller=0x1047418a8
ETHEREUM_INCREMENTAL_ROLE0_ALLOCATOR_LIVE ptr=0x16c581600 bytes=192 caller=0x1047418a8
ETHEREUM_INCREMENTAL_ROLE0_ALLOCATOR_LIVE ptr=0x16c581700 bytes=192 caller=0x1047418a8
ETHEREUM_INCREMENTAL_ROLE0_ALLOCATOR_LIVE ptr=0x16c581800 bytes=192 caller=0x1047418a8
ETHEREUM_INCREMENTAL_ROLE0_ALLOCATOR_LIVE ptr=0x16c581900 bytes=192 caller=0x1047418a8
ETHEREUM_INCREMENTAL_ROLE0_ALLOCATOR_LIVE ptr=0x16c581a00 bytes=192 caller=0x1047418a8
ETHEREUM_INCREMENTAL_ROLE0_ALLOCATOR_LIVE ptr=0x16c581b00 bytes=192 caller=0x1047418a8
ETHEREUM_INCREMENTAL_ROLE0_ALLOCATOR_LIVE ptr=0x16c581c00 bytes=192 caller=0x1047418a8
ETHEREUM_INCREMENTAL_ROLE0_ALLOCATOR_LIVE ptr=0x16c581d00 bytes=192 caller=0x1047418a8
ETHEREUM_INCREMENTAL_ROLE0_ALLOCATOR_LIVE ptr=0x16c581e00 bytes=192 caller=0x1047418a8
ETHEREUM_INCREMENTAL_ROLE0_ALLOCATOR_LIVE ptr=0x16c581f00 bytes=192 caller=0x1047418a8
ETHEREUM_INCREMENTAL_ROLE0_ALLOCATOR_LIVE ptr=0x16c582000 bytes=192 caller=0x1047418a8
ETHEREUM_INCREMENTAL_ROLE0_ALLOCATOR_LIVE ptr=0x16c582100 bytes=192 caller=0x1047418a8
ETHEREUM_INCREMENTAL_ROLE0_ALLOCATOR_LIVE ptr=0x16c582200 bytes=192 caller=0x1047418a8
ETHEREUM_INCREMENTAL_ROLE0_ALLOCATOR_LIVE ptr=0x16c582300 bytes=192 caller=0x1047418a8
ETHEREUM_INCREMENTAL_ROLE0_ALLOCATOR_LIVE ptr=0x16c582400 bytes=192 caller=0x1047418a8
ETHEREUM_INCREMENTAL_ROLE0_ALLOCATOR_LIVE ptr=0x16c582500 bytes=192 caller=0x1047418a8
ETHEREUM_INCREMENTAL_ROLE0_ALLOCATOR_LIVE ptr=0x16c582600 bytes=192 caller=0x1047418a8
ETHEREUM_INCREMENTAL_ROLE0_ALLOCATOR_LIVE ptr=0x16c582700 bytes=192 caller=0x1047418a8
ETHEREUM_INCREMENTAL_ROLE0_ALLOCATOR_LIVE ptr=0x16c582800 bytes=192 caller=0x1047418a8
ETHEREUM_INCREMENTAL_ROLE0_ALLOCATOR_LIVE ptr=0x16c582900 bytes=192 caller=0x1047418a8
ETHEREUM_INCREMENTAL_ROLE0_ALLOCATOR_LIVE ptr=0x16c582a00 bytes=192 caller=0x1047418a8
ETHEREUM_INCREMENTAL_ROLE0_ALLOCATOR_LIVE ptr=0x16c582b00 bytes=192 caller=0x1047418a8
ETHEREUM_INCREMENTAL_ROLE0_ALLOCATOR_LIVE ptr=0x16c582c00 bytes=192 caller=0x1047418a8
ETHEREUM_INCREMENTAL_ROLE0_ALLOCATOR_LIVE ptr=0x16c582d00 bytes=192 caller=0x1047418a8
ETHEREUM_INCREMENTAL_ROLE0_ALLOCATOR_LIVE ptr=0x16c582e00 bytes=192 caller=0x1047418a8
ETHEREUM_INCREMENTAL_ROLE0_ALLOCATOR_LIVE ptr=0x16c582f00 bytes=192 caller=0x1047418a8
ETHEREUM_INCREMENTAL_ROLE0_ALLOCATOR_LIVE ptr=0x16c583000 bytes=192 caller=0x1047418a8
ETHEREUM_INCREMENTAL_ROLE0_ALLOCATOR_LIVE ptr=0x16c583100 bytes=192 caller=0x1047418a8
ETHEREUM_INCREMENTAL_ROLE0_ALLOCATOR_LIVE ptr=0x16c583200 bytes=192 caller=0x1047418a8
ETHEREUM_INCREMENTAL_ROLE0_ALLOCATOR_LIVE ptr=0x16c583300 bytes=192 caller=0x1047418a8
ETHEREUM_INCREMENTAL_ROLE0_ALLOCATOR_LIVE ptr=0x16c583400 bytes=192 caller=0x1047418a8
ETHEREUM_INCREMENTAL_ROLE0_ALLOCATOR_LIVE ptr=0x16c583500 bytes=192 caller=0x1047418a8
ETHEREUM_INCREMENTAL_ROLE0_ALLOCATOR_LIVE ptr=0x16c583600 bytes=192 caller=0x1047418a8
ETHEREUM_INCREMENTAL_ROLE0_ALLOCATOR_LIVE ptr=0x16c583700 bytes=192 caller=0x1047418a8
ETHEREUM_INCREMENTAL_ROLE0_ALLOCATOR_LIVE ptr=0x16c583800 bytes=192 caller=0x1047418a8
ETHEREUM_INCREMENTAL_ROLE0_ALLOCATOR_LIVE ptr=0x16c583900 bytes=192 caller=0x1047418a8
ETHEREUM_INCREMENTAL_ROLE0_ALLOCATOR_LIVE ptr=0x16c583a00 bytes=192 caller=0x1047418a8
ETHEREUM_INCREMENTAL_ROLE0_ALLOCATOR_LIVE ptr=0x16c583b00 bytes=192 caller=0x1047418a8
ETHEREUM_INCREMENTAL_ROLE0_ALLOCATOR_LIVE ptr=0x16c583c00 bytes=192 caller=0x1047418a8
ETHEREUM_INCREMENTAL_ROLE0_ALLOCATOR_LIVE ptr=0x16c583d00 bytes=192 caller=0x1047418a8
ETHEREUM_INCREMENTAL_ROLE0_ALLOCATOR_LIVE ptr=0x16c583e00 bytes=192 caller=0x1047418a8
ETHEREUM_INCREMENTAL_ROLE0_ALLOCATOR_LIVE ptr=0x16c583f00 bytes=192 caller=0x1047418a8
ETHEREUM_INCREMENTAL_ROLE0_ALLOCATOR_LIVE ptr=0x16c584000 bytes=192 caller=0x1047418a8
ETHEREUM_INCREMENTAL_ROLE0_ALLOCATOR_LIVE ptr=0x16c584100 bytes=192 caller=0x1047418a8
ETHEREUM_INCREMENTAL_ROLE0_ALLOCATOR_LIVE ptr=0x16c584200 bytes=192 caller=0x1047418a8
ETHEREUM_INCREMENTAL_ROLE0_ALLOCATOR_LIVE ptr=0x16c584300 bytes=192 caller=0x1047418a8
ETHEREUM_INCREMENTAL_ROLE0_ALLOCATOR_LIVE ptr=0x16c584400 bytes=192 caller=0x1047418a8
ETHEREUM_INCREMENTAL_ROLE0_ALLOCATOR_LIVE ptr=0x16c584500 bytes=192 caller=0x1047418a8
ETHEREUM_INCREMENTAL_ROLE0_ALLOCATOR_LIVE ptr=0x16c584600 bytes=192 caller=0x1047418a8
ETHEREUM_INCREMENTAL_ROLE0_ALLOCATOR_LIVE ptr=0x16c584700 bytes=192 caller=0x1047418a8
ETHEREUM_INCREMENTAL_ROLE0_ALLOCATOR_LIVE ptr=0x16c584800 bytes=192 caller=0x1047418a8
ETHEREUM_INCREMENTAL_ROLE0_ALLOCATOR_LIVE ptr=0x16c584900 bytes=192 caller=0x1047418a8
ETHEREUM_INCREMENTAL_ROLE0_ALLOCATOR_LIVE ptr=0x16c584a00 bytes=192 caller=0x1047418a8
ETHEREUM_INCREMENTAL_ROLE0_ALLOCATOR_LIVE ptr=0x16c584b00 bytes=192 caller=0x1047418a8
ETHEREUM_INCREMENTAL_ROLE0_ALLOCATOR_LIVE ptr=0x16c584c00 bytes=192 caller=0x1047418a8
ETHEREUM_INCREMENTAL_ROLE0_ALLOCATOR_LIVE ptr=0x16c584d00 bytes=192 caller=0x1047418a8
ETHEREUM_INCREMENTAL_ROLE0_ALLOCATOR_LIVE ptr=0x16c584e00 bytes=192 caller=0x1047418a8
ETHEREUM_INCREMENTAL_ROLE0_ALLOCATOR_LIVE ptr=0x16c584f00 bytes=192 caller=0x1047418a8
ETHEREUM_INCREMENTAL_ROLE0_ALLOCATOR_LIVE ptr=0x16c585000 bytes=192 caller=0x1047418a8
ETHEREUM_INCREMENTAL_ROLE0_ALLOCATOR_LIVE ptr=0x16c585100 bytes=192 caller=0x1047418a8
ETHEREUM_INCREMENTAL_ROLE0_ALLOCATOR_LIVE ptr=0x16c585200 bytes=192 caller=0x1047418a8
ETHEREUM_INCREMENTAL_ROLE0_ALLOCATOR_LIVE ptr=0x16c585300 bytes=192 caller=0x1047418a8
ETHEREUM_INCREMENTAL_ROLE0_ALLOCATOR_LIVE ptr=0x16c585400 bytes=192 caller=0x1047418a8
ETHEREUM_INCREMENTAL_ROLE0_ALLOCATOR_LIVE ptr=0x16c585500 bytes=192 caller=0x1047418a8
ETHEREUM_INCREMENTAL_ROLE0_ALLOCATOR_LIVE ptr=0x16c585600 bytes=192 caller=0x1047418a8
ETHEREUM_INCREMENTAL_ROLE0_ALLOCATOR_LIVE ptr=0x16c585700 bytes=192 caller=0x1047418a8
ETHEREUM_INCREMENTAL_ROLE0_ALLOCATOR_LIVE ptr=0x16c585800 bytes=192 caller=0x1047418a8
ETHEREUM_INCREMENTAL_ROLE0_ALLOCATOR_LIVE ptr=0x16c585900 bytes=192 caller=0x1047418a8
ETHEREUM_INCREMENTAL_ROLE0_ALLOCATOR_LIVE ptr=0x16c585a00 bytes=192 caller=0x1047418a8
ETHEREUM_INCREMENTAL_ROLE0_ALLOCATOR_LIVE ptr=0x16c585b00 bytes=192 caller=0x1047418a8
ETHEREUM_INCREMENTAL_ROLE0_ALLOCATOR_LIVE ptr=0x16c585c00 bytes=192 caller=0x1047418a8
ETHEREUM_INCREMENTAL_ROLE0_ALLOCATOR_LIVE ptr=0x16c585d00 bytes=192 caller=0x1047418a8
ETHEREUM_INCREMENTAL_ROLE0_ALLOCATOR_LIVE ptr=0x16c585e00 bytes=192 caller=0x1047418a8
ETHEREUM_INCREMENTAL_ROLE0_ALLOCATOR_LIVE ptr=0x16c585f00 bytes=192 caller=0x1047418a8
ETHEREUM_INCREMENTAL_ROLE0_ALLOCATOR_LIVE ptr=0x16c586000 bytes=192 caller=0x1047418a8
ETHEREUM_INCREMENTAL_ROLE0_ALLOCATOR_LIVE ptr=0x16c586100 bytes=192 caller=0x1047418a8
ETHEREUM_INCREMENTAL_ROLE0_ALLOCATOR_LIVE ptr=0x16c586200 bytes=192 caller=0x1047418a8
ETHEREUM_INCREMENTAL_ROLE0_ALLOCATOR_LIVE ptr=0x16c586300 bytes=192 caller=0x1047418a8
ETHEREUM_INCREMENTAL_ROLE0_ALLOCATOR_LIVE ptr=0x16c586400 bytes=192 caller=0x1047418a8
ETHEREUM_INCREMENTAL_ROLE0_ALLOCATOR_LIVE ptr=0x16c586500 bytes=192 caller=0x1047418a8
ETHEREUM_INCREMENTAL_ROLE0_ALLOCATOR_LIVE ptr=0x16c586600 bytes=192 caller=0x1047418a8
ETHEREUM_INCREMENTAL_ROLE0_ALLOCATOR_LIVE ptr=0x16c586700 bytes=192 caller=0x1047418a8
ETHEREUM_INCREMENTAL_ROLE0_ALLOCATOR_LIVE ptr=0x16c586800 bytes=192 caller=0x1047418a8
ETHEREUM_INCREMENTAL_ROLE0_ALLOCATOR_LIVE ptr=0x16c586900 bytes=192 caller=0x1047418a8
ETHEREUM_INCREMENTAL_ROLE0_ALLOCATOR_LIVE ptr=0x16c586a00 bytes=192 caller=0x1047418a8
ETHEREUM_INCREMENTAL_ROLE0_ALLOCATOR_LIVE ptr=0x16c586b00 bytes=192 caller=0x1047418a8
ETHEREUM_INCREMENTAL_ROLE0_ALLOCATOR_LIVE ptr=0x16c586c00 bytes=192 caller=0x1047418a8
ETHEREUM_INCREMENTAL_ROLE0_ALLOCATOR_LIVE ptr=0x16c586d00 bytes=192 caller=0x1047418a8
ETHEREUM_INCREMENTAL_ROLE0_ALLOCATOR_LIVE ptr=0x16c586e00 bytes=192 caller=0x1047418a8
ETHEREUM_INCREMENTAL_ROLE0_ALLOCATOR_LIVE ptr=0x16c586f00 bytes=192 caller=0x1047418a8
ETHEREUM_INCREMENTAL_ROLE0_ALLOCATOR_LIVE ptr=0x16c587000 bytes=192 caller=0x1047418a8
ETHEREUM_INCREMENTAL_ROLE0_ALLOCATOR_LIVE ptr=0x16c587100 bytes=192 caller=0x1047418a8
ETHEREUM_INCREMENTAL_ROLE0_ALLOCATOR_LIVE ptr=0x16c587200 bytes=192 caller=0x1047418a8
ETHEREUM_INCREMENTAL_ROLE0_ALLOCATOR_LIVE ptr=0x16c587300 bytes=192 caller=0x1047418a8
ETHEREUM_INCREMENTAL_ROLE0_ALLOCATOR_LIVE ptr=0x16c587400 bytes=192 caller=0x1047418a8
ETHEREUM_INCREMENTAL_ROLE0_ALLOCATOR_LIVE ptr=0x16c587500 bytes=192 caller=0x1047418a8
ETHEREUM_INCREMENTAL_ROLE0_ALLOCATOR_LIVE ptr=0x16c587600 bytes=192 caller=0x1047418a8
ETHEREUM_INCREMENTAL_ROLE0_ALLOCATOR_LIVE ptr=0x16c587700 bytes=192 caller=0x1047418a8
ETHEREUM_INCREMENTAL_ROLE0_ALLOCATOR_LIVE ptr=0x16c587800 bytes=192 caller=0x1047418a8
ETHEREUM_INCREMENTAL_ROLE0_ALLOCATOR_LIVE ptr=0x16c587900 bytes=192 caller=0x1047418a8
ETHEREUM_INCREMENTAL_ROLE0_ALLOCATOR_LIVE ptr=0x16c587a00 bytes=192 caller=0x1047418a8
ETHEREUM_INCREMENTAL_ROLE0_ALLOCATOR_LIVE ptr=0x16c587b00 bytes=192 caller=0x1047418a8
ETHEREUM_INCREMENTAL_ROLE0_ALLOCATOR_LIVE ptr=0x16c587c00 bytes=192 caller=0x1047418a8
ETHEREUM_INCREMENTAL_ROLE0_ALLOCATOR_LIVE ptr=0x16c587d00 bytes=192 caller=0x1047418a8
ETHEREUM_INCREMENTAL_ROLE0_ALLOCATOR_LIVE ptr=0x16c587e00 bytes=192 caller=0x1047418a8
ETHEREUM_INCREMENTAL_ROLE0_ALLOCATOR_LIVE ptr=0x16c587f00 bytes=192 caller=0x1047418a8
ETHEREUM_INCREMENTAL_ROLE0_ALLOCATOR_LIVE ptr=0x16c588000 bytes=192 caller=0x1047418a8
ETHEREUM_INCREMENTAL_ROLE0_ALLOCATOR_LIVE ptr=0x16c588100 bytes=192 caller=0x1047418a8
ETHEREUM_INCREMENTAL_ROLE0_ALLOCATOR_LIVE ptr=0x16c588200 bytes=192 caller=0x1047418a8
ETHEREUM_INCREMENTAL_ROLE0_ALLOCATOR_LIVE ptr=0x16c588300 bytes=192 caller=0x1047418a8
ETHEREUM_INCREMENTAL_ROLE0_ALLOCATOR_LIVE ptr=0x16c588400 bytes=192 caller=0x1047418a8
ETHEREUM_INCREMENTAL_ROLE0_ALLOCATOR_LIVE ptr=0x16c588500 bytes=192 caller=0x1047418a8
ETHEREUM_INCREMENTAL_ROLE0_ALLOCATOR_LIVE ptr=0x16c588600 bytes=192 caller=0x1047418a8
ETHEREUM_INCREMENTAL_ROLE0_ALLOCATOR_LIVE ptr=0x16c588700 bytes=192 caller=0x1047418a8
ETHEREUM_INCREMENTAL_ROLE0_ALLOCATOR_LIVE ptr=0x16c588800 bytes=192 caller=0x1047418a8
ETHEREUM_INCREMENTAL_ROLE0_ALLOCATOR_LIVE ptr=0x16c588900 bytes=192 caller=0x1047418a8
ETHEREUM_INCREMENTAL_ROLE0_ALLOCATOR_LIVE ptr=0x16c588a00 bytes=192 caller=0x1047418a8
ETHEREUM_INCREMENTAL_ROLE0_ALLOCATOR_LIVE ptr=0x16c588b00 bytes=192 caller=0x1047418a8
ETHEREUM_INCREMENTAL_ROLE0_ALLOCATOR_LIVE ptr=0x16c588c00 bytes=192 caller=0x1047418a8
ETHEREUM_INCREMENTAL_ROLE0_ALLOCATOR_LIVE ptr=0x16c588d00 bytes=192 caller=0x1047418a8
ETHEREUM_INCREMENTAL_ROLE0_ALLOCATOR_LIVE ptr=0x16c588e00 bytes=192 caller=0x1047418a8
ETHEREUM_INCREMENTAL_ROLE0_ALLOCATOR_LIVE ptr=0x16c588f00 bytes=192 caller=0x1047418a8
ETHEREUM_INCREMENTAL_ROLE0_ALLOCATOR_LIVE ptr=0x16c589000 bytes=192 caller=0x1047418a8
ETHEREUM_INCREMENTAL_ROLE0_ALLOCATOR_LIVE ptr=0x16c589100 bytes=192 caller=0x1047418a8
ETHEREUM_INCREMENTAL_ROLE0_ALLOCATOR_LIVE ptr=0x16c589200 bytes=192 caller=0x1047418a8
ETHEREUM_INCREMENTAL_ROLE0_ALLOCATOR_LIVE ptr=0x16c589300 bytes=192 caller=0x1047418a8
ETHEREUM_INCREMENTAL_ROLE0_ALLOCATOR_LIVE ptr=0x16c589400 bytes=192 caller=0x1047418a8
ETHEREUM_INCREMENTAL_ROLE0_ALLOCATOR_LIVE ptr=0x16c589500 bytes=192 caller=0x1047418a8
ETHEREUM_INCREMENTAL_ROLE0_ALLOCATOR_LIVE ptr=0x16c589600 bytes=192 caller=0x1047418a8
ETHEREUM_INCREMENTAL_ROLE0_ALLOCATOR_LIVE ptr=0x16c589700 bytes=192 caller=0x1047418a8
ETHEREUM_INCREMENTAL_ROLE0_ALLOCATOR_LIVE ptr=0x16c589800 bytes=192 caller=0x1047418a8
ETHEREUM_INCREMENTAL_ROLE0_ALLOCATOR_LIVE ptr=0x16c589900 bytes=192 caller=0x1047418a8
ETHEREUM_INCREMENTAL_ROLE0_ALLOCATOR_LIVE ptr=0x16c589a00 bytes=192 caller=0x1047418a8
ETHEREUM_INCREMENTAL_ROLE0_ALLOCATOR_LIVE ptr=0x16c589b00 bytes=192 caller=0x1047418a8
ETHEREUM_INCREMENTAL_ROLE0_ALLOCATOR_LIVE ptr=0x16c589c00 bytes=192 caller=0x1047418a8
ETHEREUM_INCREMENTAL_ROLE0_ALLOCATOR_LIVE ptr=0x16c589d00 bytes=192 caller=0x1047418a8
ETHEREUM_INCREMENTAL_ROLE0_ALLOCATOR_LIVE ptr=0x16c589e00 bytes=192 caller=0x1047418a8
ETHEREUM_INCREMENTAL_ROLE0_ALLOCATOR_LIVE ptr=0x16c589f00 bytes=192 caller=0x1047418a8
ETHEREUM_INCREMENTAL_ROLE0_ALLOCATOR_LIVE ptr=0x16c58a000 bytes=192 caller=0x1047418a8
ETHEREUM_INCREMENTAL_ROLE0_ALLOCATOR_LIVE ptr=0x16c58a100 bytes=192 caller=0x1047418a8
ETHEREUM_INCREMENTAL_ROLE0_ALLOCATOR_LIVE ptr=0x16c58a200 bytes=192 caller=0x1047418a8
ETHEREUM_INCREMENTAL_ROLE0_ALLOCATOR_LIVE ptr=0x16c58a300 bytes=192 caller=0x1047418a8
ETHEREUM_INCREMENTAL_ROLE0_ALLOCATOR_LIVE ptr=0x16c58a400 bytes=192 caller=0x1047418a8
ETHEREUM_INCREMENTAL_ROLE0_ALLOCATOR_LIVE ptr=0x16c58a500 bytes=192 caller=0x1047418a8
ETHEREUM_INCREMENTAL_ROLE0_ALLOCATOR_LIVE ptr=0x16c58a600 bytes=192 caller=0x1047418a8
ETHEREUM_INCREMENTAL_ROLE0_ALLOCATOR_LIVE ptr=0x16c58a700 bytes=192 caller=0x1047418a8
ETHEREUM_INCREMENTAL_ROLE0_ALLOCATOR_LIVE ptr=0x16c58a800 bytes=192 caller=0x1047418a8
ETHEREUM_INCREMENTAL_ROLE0_ALLOCATOR_LIVE ptr=0x16c58a900 bytes=192 caller=0x1047418a8
ETHEREUM_INCREMENTAL_ROLE0_ALLOCATOR_LIVE ptr=0x16c58aa00 bytes=192 caller=0x1047418a8
ETHEREUM_INCREMENTAL_ROLE0_ALLOCATOR_LIVE ptr=0x16c58ab00 bytes=192 caller=0x1047418a8
ETHEREUM_INCREMENTAL_ROLE0_ALLOCATOR_LIVE ptr=0x16c58ac00 bytes=192 caller=0x1047418a8
ETHEREUM_INCREMENTAL_ROLE0_ALLOCATOR_LIVE ptr=0x16c58ad00 bytes=192 caller=0x1047418a8
ETHEREUM_INCREMENTAL_ROLE0_ALLOCATOR_LIVE ptr=0x16c58ae00 bytes=192 caller=0x1047418a8
ETHEREUM_INCREMENTAL_ROLE0_ALLOCATOR_LIVE ptr=0x16c58af00 bytes=192 caller=0x1047418a8
ETHEREUM_INCREMENTAL_ROLE0_ALLOCATOR_LIVE ptr=0x16c58b000 bytes=192 caller=0x1047418a8
ETHEREUM_INCREMENTAL_ROLE0_ALLOCATOR_LIVE ptr=0x16c58b100 bytes=192 caller=0x1047418a8
ETHEREUM_INCREMENTAL_ROLE0_ALLOCATOR_LIVE ptr=0x16c58b200 bytes=192 caller=0x1047418a8
ETHEREUM_INCREMENTAL_ROLE0_ALLOCATOR_LIVE ptr=0x16c58b300 bytes=192 caller=0x1047418a8
ETHEREUM_INCREMENTAL_ROLE0_ALLOCATOR_LIVE ptr=0x16c58b400 bytes=192 caller=0x1047418a8
ETHEREUM_INCREMENTAL_ROLE0_ALLOCATOR_LIVE ptr=0x16c58b500 bytes=192 caller=0x1047418a8
ETHEREUM_INCREMENTAL_ROLE0_ALLOCATOR_LIVE ptr=0x16c58b600 bytes=192 caller=0x1047418a8
ETHEREUM_INCREMENTAL_ROLE0_ALLOCATOR_LIVE ptr=0x16c58b700 bytes=192 caller=0x1047418a8
ETHEREUM_INCREMENTAL_ROLE0_ALLOCATOR_LIVE ptr=0x16c58b800 bytes=192 caller=0x1047418a8
ETHEREUM_INCREMENTAL_ROLE0_ALLOCATOR_LIVE ptr=0x16c58b900 bytes=192 caller=0x1047418a8
ETHEREUM_INCREMENTAL_ROLE0_ALLOCATOR_LIVE ptr=0x16c58ba00 bytes=192 caller=0x1047418a8
ETHEREUM_INCREMENTAL_ROLE0_ALLOCATOR_LIVE ptr=0x16c58bb00 bytes=192 caller=0x1047418a8
ETHEREUM_INCREMENTAL_ROLE0_ALLOCATOR_LIVE ptr=0x16c58bc00 bytes=192 caller=0x1047418a8
ETHEREUM_INCREMENTAL_ROLE0_ALLOCATOR_LIVE ptr=0x16c58bd00 bytes=192 caller=0x1047418a8
ETHEREUM_INCREMENTAL_ROLE0_ALLOCATOR_LIVE ptr=0x16c58be00 bytes=192 caller=0x1047418a8
ETHEREUM_INCREMENTAL_ROLE0_ALLOCATOR_LIVE ptr=0x16c58bf00 bytes=192 caller=0x1047418a8
ETHEREUM_INCREMENTAL_ROLE0_ALLOCATOR_LIVE ptr=0x16c58c000 bytes=192 caller=0x1047418a8
ETHEREUM_INCREMENTAL_ROLE0_ALLOCATOR_LIVE ptr=0x16c58c100 bytes=192 caller=0x1047418a8
ETHEREUM_INCREMENTAL_ROLE0_ALLOCATOR_LIVE ptr=0x16c58c200 bytes=192 caller=0x1047418a8
ETHEREUM_INCREMENTAL_ROLE0_ALLOCATOR_LIVE ptr=0x16c58c300 bytes=192 caller=0x1047418a8
ETHEREUM_INCREMENTAL_ROLE0_ALLOCATOR_LIVE ptr=0x16c58c400 bytes=192 caller=0x1047418a8
ETHEREUM_INCREMENTAL_ROLE0_ALLOCATOR_LIVE ptr=0x16c58c500 bytes=192 caller=0x1047418a8
ETHEREUM_INCREMENTAL_ROLE0_ALLOCATOR_LIVE ptr=0x16c58c600 bytes=192 caller=0x1047418a8
ETHEREUM_INCREMENTAL_ROLE0_ALLOCATOR_LIVE ptr=0x16c58c700 bytes=192 caller=0x1047418a8
ETHEREUM_INCREMENTAL_ROLE0_ALLOCATOR_LIVE ptr=0x16c58c800 bytes=192 caller=0x1047418a8
ETHEREUM_INCREMENTAL_ROLE0_ALLOCATOR_LIVE ptr=0x16c58c900 bytes=192 caller=0x1047418a8
ETHEREUM_INCREMENTAL_ROLE0_ALLOCATOR_LIVE ptr=0x16c58ca00 bytes=192 caller=0x1047418a8
ETHEREUM_INCREMENTAL_ROLE0_ALLOCATOR_LIVE ptr=0x16c58cb00 bytes=192 caller=0x1047418a8
ETHEREUM_INCREMENTAL_ROLE0_ALLOCATOR_LIVE ptr=0x16c58cc00 bytes=192 caller=0x1047418a8
ETHEREUM_INCREMENTAL_ROLE0_ALLOCATOR_LIVE ptr=0x16c58cd00 bytes=192 caller=0x1047418a8
ETHEREUM_INCREMENTAL_ROLE0_ALLOCATOR_LIVE ptr=0x16c58ce00 bytes=192 caller=0x1047418a8
ETHEREUM_INCREMENTAL_ROLE0_ALLOCATOR_LIVE ptr=0x16c58cf00 bytes=192 caller=0x1047418a8
ETHEREUM_INCREMENTAL_ROLE0_ALLOCATOR_LIVE ptr=0x16c58d000 bytes=192 caller=0x1047418a8
ETHEREUM_INCREMENTAL_ROLE0_ALLOCATOR_LIVE ptr=0x16c58d100 bytes=192 caller=0x1047418a8
ETHEREUM_INCREMENTAL_ROLE0_ALLOCATOR_LIVE ptr=0x16c58d200 bytes=192 caller=0x1047418a8
ETHEREUM_INCREMENTAL_ROLE0_ALLOCATOR_LIVE ptr=0x16c58d300 bytes=192 caller=0x1047418a8
ETHEREUM_INCREMENTAL_ROLE0_ALLOCATOR_LIVE ptr=0x16c58d400 bytes=192 caller=0x1047418a8
ETHEREUM_INCREMENTAL_ROLE0_ALLOCATOR_LIVE ptr=0x16c58d500 bytes=192 caller=0x1047418a8
ETHEREUM_INCREMENTAL_ROLE0_ALLOCATOR_LIVE ptr=0x16c58d600 bytes=192 caller=0x1047418a8
ETHEREUM_INCREMENTAL_ROLE0_ALLOCATOR_LIVE ptr=0x16c58d700 bytes=192 caller=0x1047418a8
ETHEREUM_INCREMENTAL_ROLE0_ALLOCATOR_LIVE ptr=0x16c58d800 bytes=192 caller=0x1047418a8
ETHEREUM_INCREMENTAL_ROLE0_ALLOCATOR_LIVE ptr=0x16c58d900 bytes=192 caller=0x1047418a8
ETHEREUM_INCREMENTAL_ROLE0_ALLOCATOR_LIVE ptr=0x16c58da00 bytes=192 caller=0x1047418a8
ETHEREUM_INCREMENTAL_ROLE0_ALLOCATOR_LIVE ptr=0x16c58db00 bytes=192 caller=0x1047418a8
ETHEREUM_INCREMENTAL_ROLE0_ALLOCATOR_LIVE ptr=0x16c58dc00 bytes=192 caller=0x1047418a8
ETHEREUM_INCREMENTAL_ROLE0_ALLOCATOR_LIVE ptr=0x16c58dd00 bytes=192 caller=0x1047418a8
ETHEREUM_INCREMENTAL_ROLE0_ALLOCATOR_LIVE ptr=0x16c58de00 bytes=192 caller=0x1047418a8
ETHEREUM_INCREMENTAL_ROLE0_ALLOCATOR_LIVE ptr=0x16c58df00 bytes=192 caller=0x1047418a8
ETHEREUM_INCREMENTAL_ROLE0_ALLOCATOR_LIVE ptr=0x16c58e000 bytes=192 caller=0x1047418a8
ETHEREUM_INCREMENTAL_ROLE0_ALLOCATOR_LIVE ptr=0x16c58e100 bytes=192 caller=0x1047418a8
ETHEREUM_INCREMENTAL_ROLE0_ALLOCATOR_LIVE ptr=0x16c58e200 bytes=192 caller=0x1047418a8
ETHEREUM_INCREMENTAL_ROLE0_ALLOCATOR_LIVE ptr=0x16c58e300 bytes=192 caller=0x1047418a8
ETHEREUM_INCREMENTAL_ROLE0_ALLOCATOR_LIVE ptr=0x16c58e400 bytes=192 caller=0x1047418a8
ETHEREUM_INCREMENTAL_ROLE0_ALLOCATOR_LIVE ptr=0x16c58e500 bytes=192 caller=0x1047418a8
ETHEREUM_INCREMENTAL_ROLE0_ALLOCATOR_LIVE ptr=0x16c58e600 bytes=192 caller=0x1047418a8
ETHEREUM_INCREMENTAL_ROLE0_ALLOCATOR_LIVE ptr=0x16c58e700 bytes=192 caller=0x1047418a8
ETHEREUM_INCREMENTAL_ROLE0_ALLOCATOR_LIVE ptr=0x16c58e800 bytes=192 caller=0x1047418a8
ETHEREUM_INCREMENTAL_ROLE0_ALLOCATOR_LIVE ptr=0x16c58e900 bytes=192 caller=0x1047418a8
ETHEREUM_INCREMENTAL_ROLE0_ALLOCATOR_LIVE ptr=0x16c58ea00 bytes=192 caller=0x1047418a8
ETHEREUM_INCREMENTAL_ROLE0_ALLOCATOR_LIVE ptr=0x16c58eb00 bytes=192 caller=0x1047418a8
ETHEREUM_INCREMENTAL_ROLE0_ALLOCATOR_LIVE ptr=0x16c58ec00 bytes=192 caller=0x1047418a8
ETHEREUM_INCREMENTAL_ROLE0_ALLOCATOR_LIVE ptr=0x16c58ed00 bytes=192 caller=0x1047418a8
ETHEREUM_INCREMENTAL_ROLE0_ALLOCATOR_LIVE ptr=0x16c58ee00 bytes=192 caller=0x1047418a8
ETHEREUM_INCREMENTAL_ROLE0_ALLOCATOR_LIVE ptr=0x16c58ef00 bytes=192 caller=0x1047418a8
ETHEREUM_INCREMENTAL_ROLE0_ALLOCATOR_LIVE ptr=0x16c58f000 bytes=192 caller=0x1047418a8
ETHEREUM_INCREMENTAL_ROLE0_ALLOCATOR_LIVE ptr=0x16c58f100 bytes=192 caller=0x1047418a8
ETHEREUM_INCREMENTAL_ROLE0_ALLOCATOR_LIVE ptr=0x16c58f200 bytes=192 caller=0x1047418a8
ETHEREUM_INCREMENTAL_ROLE0_ALLOCATOR_LIVE ptr=0x16c58f300 bytes=192 caller=0x1047418a8
ETHEREUM_INCREMENTAL_ROLE0_ALLOCATOR_LIVE ptr=0x16c58f400 bytes=192 caller=0x1047418a8
ETHEREUM_INCREMENTAL_ROLE0_ALLOCATOR_LIVE ptr=0x16c58f500 bytes=192 caller=0x1047418a8
ETHEREUM_INCREMENTAL_ROLE0_ALLOCATOR_LIVE ptr=0x16c58f600 bytes=192 caller=0x1047418a8
ETHEREUM_INCREMENTAL_ROLE0_ALLOCATOR_LIVE ptr=0x16c58f700 bytes=192 caller=0x1047418a8
ETHEREUM_INCREMENTAL_ROLE0_ALLOCATOR_LIVE ptr=0x16c58f800 bytes=192 caller=0x1047418a8
ETHEREUM_INCREMENTAL_ROLE0_ALLOCATOR_LIVE ptr=0x16c58f900 bytes=192 caller=0x1047418a8
ETHEREUM_INCREMENTAL_ROLE0_ALLOCATOR_LIVE ptr=0x16c58fa00 bytes=192 caller=0x1047418a8
ETHEREUM_INCREMENTAL_ROLE0_ALLOCATOR_LIVE ptr=0x16c58fb00 bytes=192 caller=0x1047418a8
ETHEREUM_INCREMENTAL_ROLE0_ALLOCATOR_LIVE ptr=0x16c58fc00 bytes=192 caller=0x1047418a8
ETHEREUM_INCREMENTAL_ROLE0_ALLOCATOR_LIVE ptr=0x16c58fd00 bytes=192 caller=0x1047418a8
ETHEREUM_INCREMENTAL_ROLE0_ALLOCATOR_LIVE ptr=0x16c58fe00 bytes=192 caller=0x1047418a8
ETHEREUM_INCREMENTAL_ROLE0_ALLOCATOR_LIVE ptr=0x16c58ff00 bytes=192 caller=0x1047418a8
ETHEREUM_INCREMENTAL_ROLE0_ALLOCATOR_LIVE ptr=0x6656e0000 bytes=192 caller=0x1047418a8
ETHEREUM_INCREMENTAL_ROLE0_ALLOCATOR_LIVE ptr=0x6656e0100 bytes=192 caller=0x1047418a8
ETHEREUM_INCREMENTAL_ROLE0_ALLOCATOR_LIVE ptr=0x6656e0200 bytes=192 caller=0x1047418a8
ETHEREUM_INCREMENTAL_ROLE0_ALLOCATOR_LIVE ptr=0x6656e0300 bytes=192 caller=0x1047418a8
ETHEREUM_INCREMENTAL_ROLE0_ALLOCATOR_LIVE ptr=0x6656e0400 bytes=192 caller=0x1047418a8
ETHEREUM_INCREMENTAL_ROLE0_ALLOCATOR_LIVE ptr=0x6656e0500 bytes=192 caller=0x1047418a8
ETHEREUM_INCREMENTAL_ROLE0_ALLOCATOR_LIVE ptr=0x6656e0600 bytes=192 caller=0x1047418a8
ETHEREUM_INCREMENTAL_ROLE0_ALLOCATOR_LIVE ptr=0x6656e0700 bytes=192 caller=0x1047418a8
ETHEREUM_INCREMENTAL_ROLE0_ALLOCATOR_LIVE ptr=0x6656e0800 bytes=192 caller=0x1047418a8
ETHEREUM_INCREMENTAL_ROLE0_ALLOCATOR_LIVE ptr=0x6656e0900 bytes=192 caller=0x1047418a8
ETHEREUM_INCREMENTAL_ROLE0_ALLOCATOR_LIVE ptr=0x6656e0a00 bytes=192 caller=0x1047418a8
ETHEREUM_INCREMENTAL_ROLE0_ALLOCATOR_LIVE ptr=0x6656e0b00 bytes=192 caller=0x1047418a8
ETHEREUM_INCREMENTAL_ROLE0_ALLOCATOR_LIVE ptr=0x6656e0c00 bytes=192 caller=0x1047418a8
ETHEREUM_INCREMENTAL_ROLE0_ALLOCATOR_LIVE ptr=0x6656e0d00 bytes=192 caller=0x1047418a8
ETHEREUM_INCREMENTAL_ROLE0_ALLOCATOR_LIVE ptr=0x6656e0e00 bytes=192 caller=0x1047418a8
ETHEREUM_INCREMENTAL_ROLE0_ALLOCATOR_LIVE ptr=0x6656e0f00 bytes=192 caller=0x1047418a8
ETHEREUM_INCREMENTAL_ROLE0_ALLOCATOR_LIVE ptr=0x6656e1000 bytes=192 caller=0x1047418a8
ETHEREUM_INCREMENTAL_ROLE0_ALLOCATOR_LIVE ptr=0x6656e1100 bytes=192 caller=0x1047418a8
ETHEREUM_INCREMENTAL_ROLE0_ALLOCATOR_LIVE ptr=0x6656e1200 bytes=192 caller=0x1047418a8
ETHEREUM_INCREMENTAL_ROLE0_ALLOCATOR_LIVE ptr=0x6656e1300 bytes=192 caller=0x1047418a8
ETHEREUM_INCREMENTAL_ROLE0_ALLOCATOR_LIVE ptr=0x6656e1400 bytes=192 caller=0x1047418a8
ETHEREUM_INCREMENTAL_ROLE0_ALLOCATOR_LIVE ptr=0x6656e1500 bytes=192 caller=0x1047418a8
ETHEREUM_INCREMENTAL_ROLE0_ALLOCATOR_LIVE ptr=0x6656e1600 bytes=192 caller=0x1047418a8
ETHEREUM_INCREMENTAL_ROLE0_ALLOCATOR_LIVE ptr=0x6656e1700 bytes=192 caller=0x1047418a8
ETHEREUM_INCREMENTAL_ROLE0_ALLOCATOR_LIVE ptr=0x6656e1800 bytes=192 caller=0x1047418a8
ETHEREUM_INCREMENTAL_ROLE0_ALLOCATOR_LIVE ptr=0x6656e1900 bytes=192 caller=0x1047418a8
ETHEREUM_INCREMENTAL_ROLE0_ALLOCATOR_LIVE ptr=0x6656e1a00 bytes=192 caller=0x1047418a8
ETHEREUM_INCREMENTAL_ROLE0_ALLOCATOR_LIVE ptr=0x6656e1b00 bytes=192 caller=0x1047418a8
ETHEREUM_INCREMENTAL_ROLE0_ALLOCATOR_LIVE ptr=0x6656e1c00 bytes=192 caller=0x1047418a8
ETHEREUM_INCREMENTAL_ROLE0_ALLOCATOR_LIVE ptr=0x6656e1d00 bytes=192 caller=0x1047418a8
ETHEREUM_INCREMENTAL_ROLE0_ALLOCATOR_LIVE ptr=0x6656e1e00 bytes=192 caller=0x1047418a8
ETHEREUM_INCREMENTAL_ROLE0_ALLOCATOR_LIVE ptr=0x6656e1f00 bytes=192 caller=0x1047418a8
ETHEREUM_INCREMENTAL_ROLE0_ALLOCATOR_LIVE ptr=0x6656e2000 bytes=192 caller=0x1047418a8
ETHEREUM_INCREMENTAL_ROLE0_ALLOCATOR_LIVE ptr=0x6656e2100 bytes=192 caller=0x1047418a8
ETHEREUM_INCREMENTAL_ROLE0_ALLOCATOR_LIVE ptr=0x6656e2200 bytes=192 caller=0x1047418a8
ETHEREUM_INCREMENTAL_ROLE0_ALLOCATOR_LIVE ptr=0x6656e2300 bytes=192 caller=0x1047418a8
ETHEREUM_INCREMENTAL_ROLE0_ALLOCATOR_LIVE ptr=0x6656e2400 bytes=192 caller=0x1047418a8
ETHEREUM_INCREMENTAL_ROLE0_ALLOCATOR_LIVE ptr=0x6656e2500 bytes=192 caller=0x1047418a8
ETHEREUM_INCREMENTAL_ROLE0_ALLOCATOR_LIVE ptr=0x6656e2600 bytes=192 caller=0x1047418a8
ETHEREUM_INCREMENTAL_ROLE0_ALLOCATOR_LIVE ptr=0x6656e2700 bytes=192 caller=0x1047418a8
ETHEREUM_INCREMENTAL_ROLE0_ALLOCATOR_LIVE ptr=0x6656e2800 bytes=192 caller=0x1047418a8
ETHEREUM_INCREMENTAL_ROLE0_ALLOCATOR_LIVE ptr=0x6656e2900 bytes=192 caller=0x1047418a8
ETHEREUM_INCREMENTAL_ROLE0_ALLOCATOR_LIVE ptr=0x6656e2a00 bytes=192 caller=0x1047418a8
ETHEREUM_INCREMENTAL_ROLE0_ALLOCATOR_LIVE ptr=0x6656e2b00 bytes=192 caller=0x1047418a8
ETHEREUM_INCREMENTAL_ROLE0_ALLOCATOR_LIVE ptr=0x6656e2c00 bytes=192 caller=0x1047418a8
ETHEREUM_INCREMENTAL_ROLE0_ALLOCATOR_LIVE ptr=0x6656e2d00 bytes=192 caller=0x1047418a8
ETHEREUM_INCREMENTAL_ROLE0_ALLOCATOR_LIVE ptr=0x6656e2e00 bytes=192 caller=0x1047418a8
ETHEREUM_INCREMENTAL_ROLE0_ALLOCATOR_LIVE ptr=0x6656e2f00 bytes=192 caller=0x1047418a8
ETHEREUM_INCREMENTAL_ROLE0_ALLOCATOR_LIVE ptr=0x6656e3000 bytes=192 caller=0x1047418a8
ETHEREUM_INCREMENTAL_ROLE0_ALLOCATOR_LIVE ptr=0x6656e3100 bytes=192 caller=0x1047418a8
ETHEREUM_INCREMENTAL_ROLE0_ALLOCATOR_LIVE ptr=0x6656e3200 bytes=192 caller=0x1047418a8
ETHEREUM_INCREMENTAL_ROLE0_ALLOCATOR_LIVE ptr=0x6656e3300 bytes=192 caller=0x1047418a8
ETHEREUM_INCREMENTAL_ROLE0_ALLOCATOR_LIVE ptr=0x6656e3400 bytes=192 caller=0x1047418a8
ETHEREUM_INCREMENTAL_ROLE0_ALLOCATOR_LIVE ptr=0x6656e3500 bytes=192 caller=0x1047418a8
ETHEREUM_INCREMENTAL_ROLE0_ALLOCATOR_LIVE ptr=0x6656e3600 bytes=192 caller=0x1047418a8
ETHEREUM_INCREMENTAL_ROLE0_ALLOCATOR_LIVE ptr=0x6656e3700 bytes=192 caller=0x1047418a8
ETHEREUM_INCREMENTAL_ROLE0_ALLOCATOR_LIVE ptr=0x6656e3800 bytes=192 caller=0x1047418a8
ETHEREUM_INCREMENTAL_ROLE0_ALLOCATOR_LIVE ptr=0x6656e3900 bytes=192 caller=0x1047418a8
ETHEREUM_INCREMENTAL_ROLE0_ALLOCATOR_LIVE ptr=0x6656e3a00 bytes=192 caller=0x1047418a8
ETHEREUM_INCREMENTAL_ROLE0_ALLOCATOR_LIVE ptr=0x6656e3b00 bytes=192 caller=0x1047418a8
ETHEREUM_INCREMENTAL_ROLE0_ALLOCATOR_LIVE ptr=0x6656e3c00 bytes=192 caller=0x1047418a8
ETHEREUM_INCREMENTAL_ROLE0_ALLOCATOR_LIVE ptr=0x6656e3d00 bytes=192 caller=0x1047418a8
ETHEREUM_INCREMENTAL_ROLE0_ALLOCATOR_LIVE ptr=0x6656e3e00 bytes=192 caller=0x1047418a8
ETHEREUM_INCREMENTAL_ROLE0_ALLOCATOR_LIVE ptr=0x6656e3f00 bytes=192 caller=0x1047418a8
ETHEREUM_INCREMENTAL_ROLE0_ALLOCATOR_LIVE ptr=0x6656e4000 bytes=192 caller=0x1047418a8
ETHEREUM_INCREMENTAL_ROLE0_ALLOCATOR_LIVE ptr=0x6656e4100 bytes=192 caller=0x1047418a8
ETHEREUM_INCREMENTAL_ROLE0_ALLOCATOR_LIVE ptr=0x6656e4200 bytes=192 caller=0x1047418a8
ETHEREUM_INCREMENTAL_ROLE0_ALLOCATOR_LIVE ptr=0x6656e4300 bytes=192 caller=0x1047418a8
ETHEREUM_INCREMENTAL_ROLE0_ALLOCATOR_LIVE ptr=0x6656e4400 bytes=192 caller=0x1047418a8
ETHEREUM_INCREMENTAL_ROLE0_ALLOCATOR_LIVE ptr=0x6656e4500 bytes=192 caller=0x1047418a8
ETHEREUM_INCREMENTAL_ROLE0_ALLOCATOR_LIVE ptr=0x6656e4600 bytes=192 caller=0x1047418a8
ETHEREUM_INCREMENTAL_ROLE0_ALLOCATOR_LIVE ptr=0x6656e4700 bytes=192 caller=0x1047418a8
ETHEREUM_INCREMENTAL_ROLE0_ALLOCATOR_LIVE ptr=0x6656e4800 bytes=192 caller=0x1047418a8
ETHEREUM_INCREMENTAL_ROLE0_ALLOCATOR_LIVE ptr=0x6656e4900 bytes=192 caller=0x1047418a8
ETHEREUM_INCREMENTAL_ROLE0_ALLOCATOR_LIVE ptr=0x6656e4a00 bytes=192 caller=0x1047418a8
ETHEREUM_INCREMENTAL_ROLE0_ALLOCATOR_LIVE ptr=0x6656e4b00 bytes=192 caller=0x1047418a8
ETHEREUM_INCREMENTAL_ROLE0_ALLOCATOR_LIVE ptr=0x6656e4c00 bytes=192 caller=0x1047418a8
ETHEREUM_INCREMENTAL_ROLE0_ALLOCATOR_LIVE ptr=0x6656e4d00 bytes=192 caller=0x1047418a8
ETHEREUM_INCREMENTAL_ROLE0_ALLOCATOR_LIVE ptr=0x6656e4e00 bytes=192 caller=0x1047418a8
ETHEREUM_INCREMENTAL_ROLE0_ALLOCATOR_LIVE ptr=0x6656e4f00 bytes=192 caller=0x1047418a8
ETHEREUM_INCREMENTAL_ROLE0_ALLOCATOR_LIVE ptr=0x6656e5000 bytes=192 caller=0x1047418a8
ETHEREUM_INCREMENTAL_ROLE0_ALLOCATOR_LIVE ptr=0x6656e5100 bytes=192 caller=0x1047418a8
ETHEREUM_INCREMENTAL_ROLE0_ALLOCATOR_LIVE ptr=0x6656e5200 bytes=192 caller=0x1047418a8
ETHEREUM_INCREMENTAL_ROLE0_ALLOCATOR_LIVE ptr=0x6656e5300 bytes=192 caller=0x1047418a8
ETHEREUM_INCREMENTAL_ROLE0_ALLOCATOR_LIVE ptr=0x6656e5400 bytes=192 caller=0x1047418a8
ETHEREUM_INCREMENTAL_ROLE0_ALLOCATOR_LIVE ptr=0x6656e5500 bytes=192 caller=0x1047418a8
ETHEREUM_INCREMENTAL_ROLE0_ALLOCATOR_LIVE ptr=0x6656e5600 bytes=192 caller=0x1047418a8
ETHEREUM_INCREMENTAL_ROLE0_ALLOCATOR_LIVE ptr=0x6656e5700 bytes=192 caller=0x1047418a8
ETHEREUM_INCREMENTAL_ROLE0_ALLOCATOR_LIVE ptr=0x6656e5800 bytes=192 caller=0x1047418a8
ETHEREUM_INCREMENTAL_ROLE0_ALLOCATOR_LIVE ptr=0x6656e5900 bytes=192 caller=0x1047418a8
ETHEREUM_INCREMENTAL_ROLE0_ALLOCATOR_LIVE ptr=0x6656e5a00 bytes=192 caller=0x1047418a8
ETHEREUM_INCREMENTAL_ROLE0_ALLOCATOR_LIVE ptr=0x6656e5b00 bytes=192 caller=0x1047418a8
ETHEREUM_INCREMENTAL_ROLE0_ALLOCATOR_LIVE ptr=0x6656e5c00 bytes=192 caller=0x1047418a8
ETHEREUM_INCREMENTAL_ROLE0_ALLOCATOR_LIVE ptr=0x6656e5d00 bytes=192 caller=0x1047418a8
ETHEREUM_INCREMENTAL_ROLE0_ALLOCATOR_LIVE ptr=0x6656e5e00 bytes=192 caller=0x1047418a8
ETHEREUM_INCREMENTAL_ROLE0_ALLOCATOR_LIVE ptr=0x6656e5f00 bytes=192 caller=0x1047418a8
ETHEREUM_INCREMENTAL_ROLE0_ALLOCATOR_LIVE ptr=0x6656e6000 bytes=192 caller=0x1047418a8
ETHEREUM_INCREMENTAL_ROLE0_ALLOCATOR_LIVE ptr=0x6656e6100 bytes=192 caller=0x1047418a8
ETHEREUM_INCREMENTAL_ROLE0_ALLOCATOR_LIVE ptr=0x6656e6200 bytes=192 caller=0x1047418a8
ETHEREUM_INCREMENTAL_ROLE0_ALLOCATOR_LIVE ptr=0x6656e6300 bytes=192 caller=0x1047418a8
ETHEREUM_INCREMENTAL_ROLE0_ALLOCATOR_LIVE ptr=0x6656e6400 bytes=192 caller=0x1047418a8
ETHEREUM_INCREMENTAL_ROLE0_ALLOCATOR_LIVE ptr=0x6656e6500 bytes=192 caller=0x1047418a8
ETHEREUM_INCREMENTAL_ROLE0_ALLOCATOR_LIVE ptr=0x6656e6600 bytes=192 caller=0x1047418a8
ETHEREUM_INCREMENTAL_ROLE0_ALLOCATOR_LIVE ptr=0x6656e6700 bytes=192 caller=0x1047418a8
ETHEREUM_INCREMENTAL_ROLE0_ALLOCATOR_LIVE ptr=0x6656e6800 bytes=192 caller=0x1047418a8
ETHEREUM_INCREMENTAL_ROLE0_ALLOCATOR_LIVE ptr=0x6656e6900 bytes=192 caller=0x1047418a8
ETHEREUM_INCREMENTAL_ROLE0_ALLOCATOR_LIVE ptr=0x6656e6a00 bytes=192 caller=0x1047418a8
ETHEREUM_INCREMENTAL_ROLE0_ALLOCATOR_LIVE ptr=0x6656e6b00 bytes=192 caller=0x1047418a8
ETHEREUM_INCREMENTAL_ROLE0_ALLOCATOR_LIVE ptr=0x6656e6c00 bytes=192 caller=0x1047418a8
ETHEREUM_INCREMENTAL_ROLE0_ALLOCATOR_LIVE ptr=0x6656e6d00 bytes=192 caller=0x1047418a8
ETHEREUM_INCREMENTAL_ROLE0_ALLOCATOR_LIVE ptr=0x6656e6e00 bytes=192 caller=0x1047418a8
ETHEREUM_INCREMENTAL_ROLE0_ALLOCATOR_LIVE ptr=0x6656e6f00 bytes=192 caller=0x1047418a8
ETHEREUM_INCREMENTAL_ROLE0_ALLOCATOR_LIVE ptr=0x6656e7000 bytes=192 caller=0x1047418a8
ETHEREUM_INCREMENTAL_ROLE0_ALLOCATOR_LIVE ptr=0x6656e7100 bytes=192 caller=0x1047418a8
ETHEREUM_INCREMENTAL_ROLE0_ALLOCATOR_LIVE ptr=0x6656e7200 bytes=192 caller=0x1047418a8
ETHEREUM_INCREMENTAL_ROLE0_ALLOCATOR_LIVE ptr=0x6656e7300 bytes=192 caller=0x1047418a8
ETHEREUM_INCREMENTAL_ROLE0_ALLOCATOR_LIVE ptr=0x6656e7400 bytes=192 caller=0x1047418a8
ETHEREUM_INCREMENTAL_ROLE0_ALLOCATOR_LIVE ptr=0x6656e7500 bytes=192 caller=0x1047418a8
ETHEREUM_INCREMENTAL_ROLE0_ALLOCATOR_LIVE ptr=0x6656e7600 bytes=192 caller=0x1047418a8
ETHEREUM_INCREMENTAL_ROLE0_ALLOCATOR_LIVE ptr=0x6656e7700 bytes=192 caller=0x1047418a8
ETHEREUM_INCREMENTAL_ROLE0_ALLOCATOR_LIVE ptr=0x6656e7800 bytes=192 caller=0x1047418a8
ETHEREUM_INCREMENTAL_ROLE0_ALLOCATOR_LIVE ptr=0x6656e7900 bytes=192 caller=0x1047418a8
ETHEREUM_INCREMENTAL_ROLE0_ALLOCATOR_LIVE ptr=0x6656e7a00 bytes=192 caller=0x1047418a8
ETHEREUM_INCREMENTAL_ROLE0_ALLOCATOR_LIVE ptr=0x6656e7b00 bytes=192 caller=0x1047418a8
ETHEREUM_INCREMENTAL_ROLE0_ALLOCATOR_LIVE ptr=0x6656e7c00 bytes=192 caller=0x1047418a8
ETHEREUM_INCREMENTAL_ROLE0_ALLOCATOR_LIVE ptr=0x6656e7d00 bytes=192 caller=0x1047418a8
ETHEREUM_INCREMENTAL_ROLE0_ALLOCATOR_LIVE ptr=0x6656e7e00 bytes=192 caller=0x1047418a8
ETHEREUM_INCREMENTAL_ROLE0_ALLOCATOR_LIVE ptr=0x6656e7f00 bytes=192 caller=0x1047418a8
ETHEREUM_INCREMENTAL_ROLE0_ALLOCATOR_LIVE ptr=0x6656e8000 bytes=192 caller=0x1047418a8
ETHEREUM_INCREMENTAL_ROLE0_ALLOCATOR_LIVE ptr=0x6656e8100 bytes=192 caller=0x1047418a8
ETHEREUM_INCREMENTAL_ROLE0_ALLOCATOR_LIVE ptr=0x6656e8200 bytes=192 caller=0x1047418a8
ETHEREUM_INCREMENTAL_ROLE0_ALLOCATOR_LIVE ptr=0x6656e8300 bytes=192 caller=0x1047418a8
ETHEREUM_INCREMENTAL_ROLE0_ALLOCATOR_LIVE ptr=0x6656e8400 bytes=192 caller=0x1047418a8
ETHEREUM_INCREMENTAL_ROLE0_ALLOCATOR_LIVE ptr=0x6656e8500 bytes=192 caller=0x1047418a8
ETHEREUM_INCREMENTAL_ROLE0_ALLOCATOR_LIVE ptr=0x6656e8600 bytes=192 caller=0x1047418a8
ETHEREUM_INCREMENTAL_ROLE0_ALLOCATOR_LIVE ptr=0x6656e8700 bytes=192 caller=0x1047418a8
ETHEREUM_INCREMENTAL_ROLE0_ALLOCATOR_LIVE ptr=0x6656e8800 bytes=192 caller=0x1047418a8
ETHEREUM_INCREMENTAL_ROLE0_ALLOCATOR_LIVE ptr=0x6656e8900 bytes=192 caller=0x1047418a8
ETHEREUM_INCREMENTAL_ROLE0_ALLOCATOR_LIVE ptr=0x6656e8a00 bytes=192 caller=0x1047418a8
ETHEREUM_INCREMENTAL_ROLE0_ALLOCATOR_LIVE ptr=0x6656e8b00 bytes=192 caller=0x1047418a8
ETHEREUM_INCREMENTAL_ROLE0_ALLOCATOR_LIVE ptr=0x6656e8c00 bytes=192 caller=0x1047418a8
ETHEREUM_INCREMENTAL_ROLE0_ALLOCATOR_LIVE ptr=0x6656e8d00 bytes=192 caller=0x1047418a8
ETHEREUM_INCREMENTAL_ROLE0_ALLOCATOR_LIVE ptr=0x6656e8e00 bytes=192 caller=0x1047418a8
ETHEREUM_INCREMENTAL_ROLE0_ALLOCATOR_LIVE ptr=0x6656e8f00 bytes=192 caller=0x1047418a8
ETHEREUM_INCREMENTAL_ROLE0_ALLOCATOR_LIVE ptr=0x6656e9000 bytes=192 caller=0x1047418a8
ETHEREUM_INCREMENTAL_ROLE0_ALLOCATOR_LIVE ptr=0x6656e9100 bytes=192 caller=0x1047418a8
ETHEREUM_INCREMENTAL_ROLE0_ALLOCATOR_LIVE ptr=0x6656e9200 bytes=192 caller=0x1047418a8
ETHEREUM_INCREMENTAL_ROLE0_ALLOCATOR_LIVE ptr=0x6656e9300 bytes=192 caller=0x1047418a8
ETHEREUM_INCREMENTAL_ROLE0_ALLOCATOR_LIVE ptr=0x6656e9400 bytes=192 caller=0x1047418a8
ETHEREUM_INCREMENTAL_ROLE0_ALLOCATOR_LIVE ptr=0x6656e9500 bytes=192 caller=0x1047418a8
ETHEREUM_INCREMENTAL_ROLE0_ALLOCATOR_LIVE ptr=0x6656e9600 bytes=192 caller=0x1047418a8
ETHEREUM_INCREMENTAL_ROLE0_ALLOCATOR_LIVE ptr=0x6656e9700 bytes=192 caller=0x1047418a8
ETHEREUM_INCREMENTAL_ROLE0_ALLOCATOR_LIVE ptr=0x6656e9800 bytes=192 caller=0x1047418a8
ETHEREUM_INCREMENTAL_ROLE0_ALLOCATOR_LIVE ptr=0x6656e9900 bytes=192 caller=0x1047418a8
ETHEREUM_INCREMENTAL_ROLE0_ALLOCATOR_LIVE ptr=0x6656e9a00 bytes=192 caller=0x1047418a8
ETHEREUM_INCREMENTAL_ROLE0_ALLOCATOR_LIVE ptr=0x6656e9b00 bytes=192 caller=0x1047418a8
ETHEREUM_INCREMENTAL_ROLE0_ALLOCATOR_LIVE ptr=0x6656e9c00 bytes=192 caller=0x1047418a8
ETHEREUM_INCREMENTAL_ROLE0_ALLOCATOR_LIVE ptr=0x6656e9d00 bytes=192 caller=0x1047418a8
ETHEREUM_INCREMENTAL_ROLE0_ALLOCATOR_LIVE ptr=0x6656e9e00 bytes=192 caller=0x1047418a8
ETHEREUM_INCREMENTAL_ROLE0_ALLOCATOR_LIVE ptr=0x6656e9f00 bytes=192 caller=0x1047418a8
ETHEREUM_INCREMENTAL_ROLE0_ALLOCATOR_LIVE ptr=0x6656ea000 bytes=192 caller=0x1047418a8
ETHEREUM_INCREMENTAL_ROLE0_ALLOCATOR_LIVE ptr=0x6656ea100 bytes=192 caller=0x1047418a8
ETHEREUM_INCREMENTAL_ROLE0_ALLOCATOR_LIVE ptr=0x6656ea200 bytes=192 caller=0x1047418a8
ETHEREUM_INCREMENTAL_ROLE0_ALLOCATOR_LIVE ptr=0x6656ea300 bytes=192 caller=0x1047418a8
ETHEREUM_INCREMENTAL_ROLE0_ALLOCATOR_LIVE ptr=0x6656ea400 bytes=192 caller=0x1047418a8
ETHEREUM_INCREMENTAL_ROLE0_ALLOCATOR_LIVE ptr=0x6656ea500 bytes=192 caller=0x1047418a8
ETHEREUM_INCREMENTAL_ROLE0_ALLOCATOR_LIVE ptr=0x6656ea600 bytes=192 caller=0x1047418a8
ETHEREUM_INCREMENTAL_ROLE0_ALLOCATOR_LIVE ptr=0x6656ea700 bytes=192 caller=0x1047418a8
ETHEREUM_INCREMENTAL_ROLE0_ALLOCATOR_LIVE ptr=0x6656ea800 bytes=192 caller=0x1047418a8
ETHEREUM_INCREMENTAL_ROLE0_ALLOCATOR_LIVE ptr=0x6656ea900 bytes=192 caller=0x1047418a8
ETHEREUM_INCREMENTAL_ROLE0_ALLOCATOR_LIVE ptr=0x6656eaa00 bytes=192 caller=0x1047418a8
ETHEREUM_INCREMENTAL_ROLE0_ALLOCATOR_LIVE ptr=0x6656eab00 bytes=192 caller=0x1047418a8
ETHEREUM_INCREMENTAL_ROLE0_ALLOCATOR_LIVE ptr=0x6656eac00 bytes=192 caller=0x1047418a8
ETHEREUM_INCREMENTAL_ROLE0_ALLOCATOR_LIVE ptr=0x6656ead00 bytes=192 caller=0x1047418a8
ETHEREUM_INCREMENTAL_ROLE0_ALLOCATOR_LIVE ptr=0x6656eae00 bytes=192 caller=0x1047418a8
ETHEREUM_INCREMENTAL_ROLE0_ALLOCATOR_LIVE ptr=0x6656eaf00 bytes=192 caller=0x1047418a8
ETHEREUM_INCREMENTAL_ROLE0_ALLOCATOR_LIVE ptr=0x6656eb000 bytes=192 caller=0x1047418a8
ETHEREUM_INCREMENTAL_ROLE0_ALLOCATOR_LIVE ptr=0x6656eb100 bytes=192 caller=0x1047418a8
ETHEREUM_INCREMENTAL_ROLE0_ALLOCATOR_LIVE ptr=0x6656eb200 bytes=192 caller=0x1047418a8
ETHEREUM_INCREMENTAL_ROLE0_ALLOCATOR_LIVE ptr=0x6656eb300 bytes=192 caller=0x1047418a8
ETHEREUM_INCREMENTAL_ROLE0_ALLOCATOR_LIVE ptr=0x6656eb400 bytes=192 caller=0x1047418a8
ETHEREUM_INCREMENTAL_ROLE0_ALLOCATOR_LIVE ptr=0x6656eb500 bytes=192 caller=0x1047418a8
ETHEREUM_INCREMENTAL_ROLE0_ALLOCATOR_LIVE ptr=0x6656eb600 bytes=192 caller=0x1047418a8
ETHEREUM_INCREMENTAL_ROLE0_ALLOCATOR_LIVE ptr=0x6656eb700 bytes=192 caller=0x1047418a8
ETHEREUM_INCREMENTAL_ROLE0_ALLOCATOR_LIVE ptr=0x6656eb800 bytes=192 caller=0x1047418a8
ETHEREUM_INCREMENTAL_ROLE0_ALLOCATOR_LIVE ptr=0x6656eb900 bytes=192 caller=0x1047418a8
ETHEREUM_INCREMENTAL_ROLE0_ALLOCATOR_LIVE ptr=0x6656eba00 bytes=192 caller=0x1047418a8
ETHEREUM_INCREMENTAL_ROLE0_ALLOCATOR_LIVE ptr=0x6656ebb00 bytes=192 caller=0x1047418a8
ETHEREUM_INCREMENTAL_ROLE0_ALLOCATOR_LIVE ptr=0x6656ebc00 bytes=192 caller=0x1047418a8
ETHEREUM_INCREMENTAL_ROLE0_ALLOCATOR_LIVE ptr=0x6656ebd00 bytes=192 caller=0x1047418a8
ETHEREUM_INCREMENTAL_ROLE0_ALLOCATOR_LIVE ptr=0x6656ebe00 bytes=192 caller=0x1047418a8
ETHEREUM_INCREMENTAL_ROLE0_ALLOCATOR_LIVE ptr=0x6656ebf00 bytes=192 caller=0x1047418a8
ETHEREUM_INCREMENTAL_ROLE0_ALLOCATOR_LIVE ptr=0x6656ec000 bytes=192 caller=0x1047418a8
ETHEREUM_INCREMENTAL_ROLE0_ALLOCATOR_LIVE ptr=0x6656ec100 bytes=192 caller=0x1047418a8
ETHEREUM_INCREMENTAL_ROLE0_ALLOCATOR_LIVE ptr=0x6656ec200 bytes=192 caller=0x1047418a8
ETHEREUM_INCREMENTAL_ROLE0_ALLOCATOR_LIVE ptr=0x6656ec300 bytes=192 caller=0x1047418a8
ETHEREUM_INCREMENTAL_ROLE0_ALLOCATOR_LIVE ptr=0x6656ec400 bytes=192 caller=0x1047418a8
ETHEREUM_INCREMENTAL_ROLE0_ALLOCATOR_LIVE ptr=0x6656ec500 bytes=192 caller=0x1047418a8
ETHEREUM_INCREMENTAL_ROLE0_ALLOCATOR_LIVE ptr=0x6656ec600 bytes=192 caller=0x1047418a8
ETHEREUM_INCREMENTAL_ROLE0_ALLOCATOR_LIVE ptr=0x6656ec700 bytes=192 caller=0x1047418a8
ETHEREUM_INCREMENTAL_ROLE0_ALLOCATOR_LIVE ptr=0x6656ec800 bytes=192 caller=0x1047418a8
ETHEREUM_INCREMENTAL_ROLE0_ALLOCATOR_LIVE ptr=0x6656ec900 bytes=192 caller=0x1047418a8
ETHEREUM_INCREMENTAL_ROLE0_ALLOCATOR_LIVE ptr=0x6656eca00 bytes=192 caller=0x1047418a8
ETHEREUM_INCREMENTAL_ROLE0_ALLOCATOR_LIVE ptr=0x6656ecb00 bytes=192 caller=0x1047418a8
ETHEREUM_INCREMENTAL_ROLE0_ALLOCATOR_LIVE ptr=0x6656ecc00 bytes=192 caller=0x1047418a8
ETHEREUM_INCREMENTAL_ROLE0_ALLOCATOR_LIVE ptr=0x6656ecd00 bytes=192 caller=0x1047418a8
ETHEREUM_INCREMENTAL_ROLE0_ALLOCATOR_LIVE ptr=0x6656ece00 bytes=192 caller=0x1047418a8
ETHEREUM_INCREMENTAL_ROLE0_ALLOCATOR_LIVE ptr=0x6656ecf00 bytes=192 caller=0x1047418a8
ETHEREUM_INCREMENTAL_ROLE0_ALLOCATOR_LIVE ptr=0x6656ed000 bytes=192 caller=0x1047418a8
ETHEREUM_INCREMENTAL_ROLE0_ALLOCATOR_LIVE ptr=0x6656ed100 bytes=192 caller=0x1047418a8
ETHEREUM_INCREMENTAL_ROLE0_ALLOCATOR_LIVE ptr=0x6656ed200 bytes=192 caller=0x1047418a8
ETHEREUM_INCREMENTAL_ROLE0_ALLOCATOR_LIVE ptr=0x6656ed300 bytes=192 caller=0x1047418a8
ETHEREUM_INCREMENTAL_ROLE0_ALLOCATOR_LIVE ptr=0x6656ed400 bytes=192 caller=0x1047418a8
ETHEREUM_INCREMENTAL_ROLE0_ALLOCATOR_LIVE ptr=0x6656ed500 bytes=192 caller=0x1047418a8
ETHEREUM_INCREMENTAL_ROLE0_ALLOCATOR_LIVE ptr=0x6656ed600 bytes=192 caller=0x1047418a8
ETHEREUM_INCREMENTAL_ROLE0_ALLOCATOR_LIVE ptr=0x6656ed700 bytes=192 caller=0x1047418a8
ETHEREUM_INCREMENTAL_ROLE0_ALLOCATOR_LIVE ptr=0x6656ed800 bytes=192 caller=0x1047418a8
ETHEREUM_INCREMENTAL_ROLE0_ALLOCATOR_LIVE ptr=0x6656ed900 bytes=192 caller=0x1047418a8
ETHEREUM_INCREMENTAL_ROLE0_ALLOCATOR_LIVE ptr=0x6656eda00 bytes=192 caller=0x1047418a8
ETHEREUM_INCREMENTAL_ROLE0_ALLOCATOR_LIVE ptr=0x6656edb00 bytes=192 caller=0x1047418a8
ETHEREUM_INCREMENTAL_ROLE0_ALLOCATOR_LIVE ptr=0x6656edc00 bytes=192 caller=0x1047418a8
ETHEREUM_INCREMENTAL_ROLE0_ALLOCATOR_LIVE ptr=0x6656edd00 bytes=192 caller=0x1047418a8
ETHEREUM_INCREMENTAL_ROLE0_ALLOCATOR_LIVE ptr=0x6656ede00 bytes=192 caller=0x1047418a8
ETHEREUM_INCREMENTAL_ROLE0_ALLOCATOR_LIVE ptr=0x6656edf00 bytes=192 caller=0x1047418a8
ETHEREUM_INCREMENTAL_ROLE0_ALLOCATOR_LIVE ptr=0x6656ee000 bytes=192 caller=0x1047418a8
ETHEREUM_INCREMENTAL_ROLE0_ALLOCATOR_LIVE ptr=0x6656ee100 bytes=192 caller=0x1047418a8
ETHEREUM_INCREMENTAL_ROLE0_ALLOCATOR_LIVE ptr=0x6656ee200 bytes=192 caller=0x1047418a8
ETHEREUM_INCREMENTAL_ROLE0_ALLOCATOR_LIVE ptr=0x6656ee300 bytes=192 caller=0x1047418a8
ETHEREUM_INCREMENTAL_ROLE0_ALLOCATOR_LIVE ptr=0x6656ee400 bytes=192 caller=0x1047418a8
ETHEREUM_INCREMENTAL_ROLE0_ALLOCATOR_LIVE ptr=0x6656ee500 bytes=192 caller=0x1047418a8
ETHEREUM_INCREMENTAL_ROLE0_ALLOCATOR_LIVE ptr=0x6656ee600 bytes=192 caller=0x1047418a8
ETHEREUM_INCREMENTAL_ROLE0_ALLOCATOR_LIVE ptr=0x6656ee700 bytes=192 caller=0x1047418a8
ETHEREUM_INCREMENTAL_ROLE0_ALLOCATOR_LIVE ptr=0x6656ee800 bytes=192 caller=0x1047418a8
ETHEREUM_INCREMENTAL_ROLE0_ALLOCATOR_LIVE ptr=0x6656ee900 bytes=192 caller=0x1047418a8
ETHEREUM_INCREMENTAL_ROLE0_ALLOCATOR_LIVE ptr=0x6656eea00 bytes=192 caller=0x1047418a8
ETHEREUM_INCREMENTAL_ROLE0_ALLOCATOR_LIVE ptr=0x6656eeb00 bytes=192 caller=0x1047418a8
ETHEREUM_INCREMENTAL_ROLE0_ALLOCATOR_LIVE ptr=0x6656eec00 bytes=192 caller=0x1047418a8
ETHEREUM_INCREMENTAL_ROLE0_ALLOCATOR_LIVE ptr=0x6656eed00 bytes=192 caller=0x1047418a8
ETHEREUM_INCREMENTAL_ROLE0_ALLOCATOR_LIVE ptr=0x6656eee00 bytes=192 caller=0x1047418a8
ETHEREUM_INCREMENTAL_ROLE0_ALLOCATOR_LIVE ptr=0x6656eef00 bytes=192 caller=0x1047418a8
ETHEREUM_INCREMENTAL_ROLE0_ALLOCATOR_LIVE ptr=0x6656ef000 bytes=192 caller=0x1047418a8
ETHEREUM_INCREMENTAL_ROLE0_ALLOCATOR_LIVE ptr=0x6656ef100 bytes=192 caller=0x1047418a8
ETHEREUM_INCREMENTAL_ROLE0_ALLOCATOR_LIVE ptr=0x6656ef200 bytes=192 caller=0x1047418a8
ETHEREUM_INCREMENTAL_ROLE0_ALLOCATOR_LIVE ptr=0x6656ef300 bytes=192 caller=0x1047418a8
ETHEREUM_INCREMENTAL_ROLE0_ALLOCATOR_LIVE ptr=0x6656ef400 bytes=192 caller=0x1047418a8
ETHEREUM_INCREMENTAL_ROLE0_ALLOCATOR_LIVE ptr=0x6656ef500 bytes=192 caller=0x1047418a8
ETHEREUM_INCREMENTAL_ROLE0_ALLOCATOR_LIVE ptr=0x6656ef600 bytes=192 caller=0x1047418a8
ETHEREUM_INCREMENTAL_ROLE0_ALLOCATOR_LIVE ptr=0x6656ef700 bytes=192 caller=0x1047418a8
ETHEREUM_INCREMENTAL_ROLE0_ALLOCATOR_LIVE ptr=0x6656ef800 bytes=192 caller=0x1047418a8
ETHEREUM_INCREMENTAL_ROLE0_ALLOCATOR_LIVE ptr=0x6656ef900 bytes=192 caller=0x1047418a8
ETHEREUM_INCREMENTAL_ROLE0_ALLOCATOR_LIVE ptr=0x6656efa00 bytes=192 caller=0x1047418a8
ETHEREUM_INCREMENTAL_ROLE0_ALLOCATOR_LIVE ptr=0x6656efb00 bytes=192 caller=0x1047418a8
ETHEREUM_INCREMENTAL_ROLE0_ALLOCATOR_LIVE ptr=0x6656efc00 bytes=192 caller=0x1047418a8
ETHEREUM_INCREMENTAL_ROLE0_ALLOCATOR_LIVE ptr=0x6656efd00 bytes=192 caller=0x1047418a8
ETHEREUM_INCREMENTAL_ROLE0_ALLOCATOR_LIVE ptr=0x6656efe00 bytes=192 caller=0x1047418a8
ETHEREUM_INCREMENTAL_ROLE0_ALLOCATOR_LIVE ptr=0x6656eff00 bytes=192 caller=0x1047418a8
ETHEREUM_INCREMENTAL_ROLE0_ALLOCATOR_LIVE ptr=0x170c20100 bytes=192 caller=0x1047418a8
ETHEREUM_INCREMENTAL_ROLE0_ALLOCATOR_LIVE ptr=0x170c20200 bytes=192 caller=0x1047418a8
ETHEREUM_INCREMENTAL_ROLE0_ALLOCATOR_LIVE ptr=0x170c20300 bytes=192 caller=0x1047418a8
ETHEREUM_INCREMENTAL_ROLE0_ALLOCATOR_LIVE ptr=0x170c20400 bytes=192 caller=0x1047418a8
ETHEREUM_INCREMENTAL_ROLE0_ALLOCATOR_LIVE ptr=0x170c20500 bytes=192 caller=0x1047418a8
ETHEREUM_INCREMENTAL_ROLE0_ALLOCATOR_LIVE ptr=0x170c20600 bytes=192 caller=0x1047418a8
ETHEREUM_INCREMENTAL_ROLE0_ALLOCATOR_LIVE ptr=0x170c20700 bytes=192 caller=0x1047418a8
ETHEREUM_INCREMENTAL_ROLE0_ALLOCATOR_LIVE ptr=0x170c20800 bytes=192 caller=0x1047418a8
ETHEREUM_INCREMENTAL_ROLE0_ALLOCATOR_LIVE ptr=0x170c20900 bytes=192 caller=0x1047418a8
ETHEREUM_INCREMENTAL_ROLE0_ALLOCATOR_LIVE ptr=0x170c20a00 bytes=192 caller=0x1047418a8
ETHEREUM_INCREMENTAL_ROLE0_ALLOCATOR_LIVE ptr=0x170c20b00 bytes=192 caller=0x1047418a8
ETHEREUM_INCREMENTAL_ROLE0_ALLOCATOR_LIVE ptr=0x170c20c00 bytes=192 caller=0x1047418a8
ETHEREUM_INCREMENTAL_ROLE0_ALLOCATOR_LIVE ptr=0x170c20d00 bytes=192 caller=0x1047418a8
ETHEREUM_INCREMENTAL_ROLE0_ALLOCATOR_LIVE ptr=0x170c20e00 bytes=192 caller=0x1047418a8
ETHEREUM_INCREMENTAL_ROLE0_ALLOCATOR_LIVE ptr=0x170c20f00 bytes=192 caller=0x1047418a8
ETHEREUM_INCREMENTAL_ROLE0_ALLOCATOR_LIVE ptr=0x170c21000 bytes=192 caller=0x1047418a8
ETHEREUM_INCREMENTAL_ROLE0_ALLOCATOR_LIVE ptr=0x170c21100 bytes=192 caller=0x1047418a8
ETHEREUM_INCREMENTAL_ROLE0_ALLOCATOR_LIVE ptr=0x170c21200 bytes=192 caller=0x1047418a8
ETHEREUM_INCREMENTAL_ROLE0_ALLOCATOR_LIVE ptr=0x170c21300 bytes=192 caller=0x1047418a8
ETHEREUM_INCREMENTAL_ROLE0_ALLOCATOR_LIVE ptr=0x170c21400 bytes=192 caller=0x1047418a8
ETHEREUM_INCREMENTAL_ROLE0_ALLOCATOR_LIVE ptr=0x170c21500 bytes=192 caller=0x1047418a8
ETHEREUM_INCREMENTAL_ROLE0_ALLOCATOR_LIVE ptr=0x170c21600 bytes=192 caller=0x1047418a8
ETHEREUM_INCREMENTAL_ROLE0_ALLOCATOR_LIVE ptr=0x170c21700 bytes=192 caller=0x1047418a8
ETHEREUM_INCREMENTAL_ROLE0_ALLOCATOR_LIVE ptr=0x170c21800 bytes=192 caller=0x1047418a8
ETHEREUM_INCREMENTAL_ROLE0_ALLOCATOR_LIVE ptr=0x170c21900 bytes=192 caller=0x1047418a8
ETHEREUM_INCREMENTAL_ROLE0_ALLOCATOR_LIVE ptr=0x170c21a00 bytes=192 caller=0x1047418a8
ETHEREUM_INCREMENTAL_ROLE0_ALLOCATOR_LIVE ptr=0x170c21b00 bytes=192 caller=0x1047418a8
ETHEREUM_INCREMENTAL_ROLE0_ALLOCATOR_LIVE ptr=0x170c21c00 bytes=192 caller=0x1047418a8
ETHEREUM_INCREMENTAL_ROLE0_ALLOCATOR_LIVE ptr=0x170c21d00 bytes=192 caller=0x1047418a8
ETHEREUM_INCREMENTAL_ROLE0_ALLOCATOR_LIVE ptr=0x170c21e00 bytes=192 caller=0x1047418a8
ETHEREUM_INCREMENTAL_ROLE0_ALLOCATOR_LIVE ptr=0x170c21f00 bytes=192 caller=0x1047418a8
ETHEREUM_INCREMENTAL_ROLE0_ALLOCATOR_LIVE ptr=0x170c22000 bytes=192 caller=0x1047418a8
ETHEREUM_INCREMENTAL_ROLE0_ALLOCATOR_LIVE ptr=0x170c22100 bytes=192 caller=0x1047418a8
ETHEREUM_INCREMENTAL_ROLE0_ALLOCATOR_LIVE ptr=0x170c22200 bytes=192 caller=0x1047418a8
ETHEREUM_INCREMENTAL_ROLE0_ALLOCATOR_LIVE ptr=0x170c22300 bytes=192 caller=0x1047418a8
ETHEREUM_INCREMENTAL_ROLE0_ALLOCATOR_LIVE ptr=0x170c22400 bytes=192 caller=0x1047418a8
ETHEREUM_INCREMENTAL_ROLE0_ALLOCATOR_LIVE ptr=0x170c22500 bytes=192 caller=0x1047418a8
ETHEREUM_INCREMENTAL_ROLE0_ALLOCATOR_LIVE ptr=0x170c22600 bytes=192 caller=0x1047418a8
ETHEREUM_INCREMENTAL_ROLE0_ALLOCATOR_LIVE ptr=0x170c22700 bytes=192 caller=0x1047418a8
ETHEREUM_INCREMENTAL_ROLE0_ALLOCATOR_LIVE ptr=0x170c22800 bytes=192 caller=0x1047418a8
ETHEREUM_INCREMENTAL_ROLE0_ALLOCATOR_LIVE ptr=0x170c22900 bytes=192 caller=0x1047418a8
ETHEREUM_INCREMENTAL_ROLE0_ALLOCATOR_LIVE ptr=0x170c22a00 bytes=192 caller=0x1047418a8
ETHEREUM_INCREMENTAL_ROLE0_ALLOCATOR_LIVE ptr=0x170c22b00 bytes=192 caller=0x1047418a8
ETHEREUM_INCREMENTAL_ROLE0_ALLOCATOR_LIVE ptr=0x170c22c00 bytes=192 caller=0x1047418a8
ETHEREUM_INCREMENTAL_ROLE0_ALLOCATOR_LIVE ptr=0x170c22d00 bytes=192 caller=0x1047418a8
ETHEREUM_INCREMENTAL_ROLE0_ALLOCATOR_LIVE ptr=0x170c22e00 bytes=192 caller=0x1047418a8
ETHEREUM_INCREMENTAL_ROLE0_ALLOCATOR_LIVE ptr=0x170c22f00 bytes=192 caller=0x1047418a8
ETHEREUM_INCREMENTAL_ROLE0_ALLOCATOR_LIVE ptr=0x170c23000 bytes=192 caller=0x1047418a8
ETHEREUM_INCREMENTAL_ROLE0_ALLOCATOR_LIVE ptr=0x170c23100 bytes=192 caller=0x1047418a8
ETHEREUM_INCREMENTAL_ROLE0_ALLOCATOR_LIVE ptr=0x170c23200 bytes=192 caller=0x1047418a8
ETHEREUM_INCREMENTAL_ROLE0_ALLOCATOR_LIVE ptr=0x170c23300 bytes=192 caller=0x1047418a8
ETHEREUM_INCREMENTAL_ROLE0_ALLOCATOR_LIVE ptr=0x170c23400 bytes=192 caller=0x1047418a8
ETHEREUM_INCREMENTAL_ROLE0_ALLOCATOR_LIVE ptr=0x170c23500 bytes=192 caller=0x1047418a8
ETHEREUM_INCREMENTAL_ROLE0_ALLOCATOR_LIVE ptr=0x170c23600 bytes=192 caller=0x1047418a8
ETHEREUM_INCREMENTAL_ROLE0_ALLOCATOR_LIVE ptr=0x170c23700 bytes=192 caller=0x1047418a8
ETHEREUM_INCREMENTAL_ROLE0_ALLOCATOR_LIVE ptr=0x170c23800 bytes=192 caller=0x1047418a8
ETHEREUM_INCREMENTAL_ROLE0_ALLOCATOR_LIVE ptr=0x170c23900 bytes=192 caller=0x1047418a8
ETHEREUM_INCREMENTAL_ROLE0_ALLOCATOR_LIVE ptr=0x170c23a00 bytes=192 caller=0x1047418a8
ETHEREUM_INCREMENTAL_ROLE0_ALLOCATOR_LIVE ptr=0x170c23b00 bytes=192 caller=0x1047418a8
ETHEREUM_INCREMENTAL_ROLE0_ALLOCATOR_LIVE ptr=0x170c23c00 bytes=192 caller=0x1047418a8
ETHEREUM_INCREMENTAL_ROLE0_ALLOCATOR_LIVE ptr=0x170c23d00 bytes=192 caller=0x1047418a8
ETHEREUM_INCREMENTAL_ROLE0_ALLOCATOR_LIVE ptr=0x170c23e00 bytes=192 caller=0x1047418a8
ETHEREUM_INCREMENTAL_ROLE0_ALLOCATOR_LIVE ptr=0x170c23f00 bytes=192 caller=0x1047418a8
ETHEREUM_INCREMENTAL_ROLE0_ALLOCATOR_LIVE ptr=0x170c24000 bytes=192 caller=0x1047418a8
ETHEREUM_INCREMENTAL_ROLE0_ALLOCATOR_LIVE ptr=0x170c24100 bytes=192 caller=0x1047418a8
ETHEREUM_INCREMENTAL_ROLE0_ALLOCATOR_LIVE ptr=0x170c24200 bytes=192 caller=0x1047418a8
ETHEREUM_INCREMENTAL_ROLE0_ALLOCATOR_LIVE ptr=0x170c24300 bytes=192 caller=0x1047418a8
ETHEREUM_INCREMENTAL_ROLE0_ALLOCATOR_LIVE ptr=0x170c24400 bytes=192 caller=0x1047418a8
ETHEREUM_INCREMENTAL_ROLE0_ALLOCATOR_LIVE ptr=0x170c24500 bytes=192 caller=0x1047418a8
ETHEREUM_INCREMENTAL_ROLE0_ALLOCATOR_LIVE ptr=0x170c24600 bytes=192 caller=0x1047418a8
ETHEREUM_INCREMENTAL_ROLE0_ALLOCATOR_LIVE ptr=0x170c24700 bytes=192 caller=0x1047418a8
ETHEREUM_INCREMENTAL_ROLE0_ALLOCATOR_LIVE ptr=0x170c24800 bytes=192 caller=0x1047418a8
ETHEREUM_INCREMENTAL_ROLE0_ALLOCATOR_LIVE ptr=0x170c24900 bytes=192 caller=0x1047418a8
ETHEREUM_INCREMENTAL_ROLE0_ALLOCATOR_LIVE ptr=0x170c24a00 bytes=192 caller=0x1047418a8
ETHEREUM_INCREMENTAL_ROLE0_ALLOCATOR_LIVE ptr=0x170c24b00 bytes=192 caller=0x1047418a8
ETHEREUM_INCREMENTAL_ROLE0_ALLOCATOR_LIVE ptr=0x170c24c00 bytes=192 caller=0x1047418a8
ETHEREUM_INCREMENTAL_ROLE0_ALLOCATOR_LIVE ptr=0x170c24d00 bytes=192 caller=0x1047418a8
ETHEREUM_INCREMENTAL_ROLE0_ALLOCATOR_LIVE ptr=0x170c24e00 bytes=192 caller=0x1047418a8
ETHEREUM_INCREMENTAL_ROLE0_ALLOCATOR_LIVE ptr=0x170c24f00 bytes=192 caller=0x1047418a8
ETHEREUM_INCREMENTAL_ROLE0_ALLOCATOR_LIVE ptr=0x170c25000 bytes=192 caller=0x1047418a8
ETHEREUM_INCREMENTAL_ROLE0_ALLOCATOR_LIVE ptr=0x170c25100 bytes=192 caller=0x1047418a8
ETHEREUM_INCREMENTAL_ROLE0_ALLOCATOR_LIVE ptr=0x170c25200 bytes=192 caller=0x1047418a8
ETHEREUM_INCREMENTAL_ROLE0_ALLOCATOR_LIVE ptr=0x170c25300 bytes=192 caller=0x1047418a8
ETHEREUM_INCREMENTAL_ROLE0_ALLOCATOR_LIVE ptr=0x170c25400 bytes=192 caller=0x1047418a8
ETHEREUM_INCREMENTAL_ROLE0_ALLOCATOR_LIVE ptr=0x170c25500 bytes=192 caller=0x1047418a8
ETHEREUM_INCREMENTAL_ROLE0_ALLOCATOR_LIVE ptr=0x170c25600 bytes=192 caller=0x1047418a8
ETHEREUM_INCREMENTAL_ROLE0_ALLOCATOR_LIVE ptr=0x170c25700 bytes=192 caller=0x1047418a8
ETHEREUM_INCREMENTAL_ROLE0_ALLOCATOR_LIVE ptr=0x170c25800 bytes=192 caller=0x1047418a8
ETHEREUM_INCREMENTAL_ROLE0_ALLOCATOR_LIVE ptr=0x170c25900 bytes=192 caller=0x1047418a8
ETHEREUM_INCREMENTAL_ROLE0_ALLOCATOR_LIVE ptr=0x170c25a00 bytes=192 caller=0x1047418a8
ETHEREUM_INCREMENTAL_ROLE0_ALLOCATOR_LIVE ptr=0x170c25b00 bytes=192 caller=0x1047418a8
ETHEREUM_INCREMENTAL_ROLE0_ALLOCATOR_LIVE ptr=0x170c25c00 bytes=192 caller=0x1047418a8
ETHEREUM_INCREMENTAL_ROLE0_ALLOCATOR_LIVE ptr=0x170c25d00 bytes=192 caller=0x1047418a8
ETHEREUM_INCREMENTAL_ROLE0_ALLOCATOR_LIVE ptr=0x170c25e00 bytes=192 caller=0x1047418a8
ETHEREUM_INCREMENTAL_ROLE0_ALLOCATOR_LIVE ptr=0x170c25f00 bytes=192 caller=0x1047418a8
ETHEREUM_INCREMENTAL_ROLE0_ALLOCATOR_LIVE ptr=0x170c26000 bytes=192 caller=0x1047418a8
ETHEREUM_INCREMENTAL_ROLE0_ALLOCATOR_LIVE ptr=0x170c26100 bytes=192 caller=0x1047418a8
ETHEREUM_INCREMENTAL_ROLE0_ALLOCATOR_LIVE ptr=0x170c26200 bytes=192 caller=0x1047418a8
ETHEREUM_INCREMENTAL_ROLE0_ALLOCATOR_LIVE ptr=0x170c26300 bytes=192 caller=0x1047418a8
ETHEREUM_INCREMENTAL_ROLE0_ALLOCATOR_LIVE ptr=0x170c26400 bytes=192 caller=0x1047418a8
ETHEREUM_INCREMENTAL_ROLE0_ALLOCATOR_LIVE ptr=0x170c26500 bytes=192 caller=0x1047418a8
ETHEREUM_INCREMENTAL_ROLE0_ALLOCATOR_LIVE ptr=0x170c26600 bytes=192 caller=0x1047418a8
ETHEREUM_INCREMENTAL_ROLE0_ALLOCATOR_LIVE ptr=0x170c26700 bytes=192 caller=0x1047418a8
ETHEREUM_INCREMENTAL_ROLE0_ALLOCATOR_LIVE ptr=0x170c26800 bytes=192 caller=0x1047418a8
ETHEREUM_INCREMENTAL_ROLE0_ALLOCATOR_LIVE ptr=0x170c26900 bytes=192 caller=0x1047418a8
ETHEREUM_INCREMENTAL_ROLE0_ALLOCATOR_LIVE ptr=0x170c26a00 bytes=192 caller=0x1047418a8
ETHEREUM_INCREMENTAL_ROLE0_ALLOCATOR_LIVE ptr=0x170c26b00 bytes=192 caller=0x1047418a8
ETHEREUM_INCREMENTAL_ROLE0_ALLOCATOR_LIVE ptr=0x170c26c00 bytes=192 caller=0x1047418a8
ETHEREUM_INCREMENTAL_ROLE0_ALLOCATOR_LIVE ptr=0x170c26d00 bytes=192 caller=0x1047418a8
ETHEREUM_INCREMENTAL_ROLE0_ALLOCATOR_LIVE ptr=0x170c26e00 bytes=192 caller=0x1047418a8
ETHEREUM_INCREMENTAL_ROLE0_ALLOCATOR_LIVE ptr=0x170c26f00 bytes=192 caller=0x1047418a8
ETHEREUM_INCREMENTAL_ROLE0_ALLOCATOR_LIVE ptr=0x170c27000 bytes=192 caller=0x1047418a8
ETHEREUM_INCREMENTAL_ROLE0_ALLOCATOR_LIVE ptr=0x170c27100 bytes=192 caller=0x1047418a8
ETHEREUM_INCREMENTAL_ROLE0_ALLOCATOR_LIVE ptr=0x170c27200 bytes=192 caller=0x1047418a8
ETHEREUM_INCREMENTAL_ROLE0_ALLOCATOR_LIVE ptr=0x170c27300 bytes=192 caller=0x1047418a8
ETHEREUM_INCREMENTAL_ROLE0_ALLOCATOR_LIVE ptr=0x170c27400 bytes=192 caller=0x1047418a8
ETHEREUM_INCREMENTAL_ROLE0_ALLOCATOR_LIVE ptr=0x170c27500 bytes=192 caller=0x1047418a8
ETHEREUM_INCREMENTAL_ROLE0_ALLOCATOR_LIVE ptr=0x170c27600 bytes=192 caller=0x1047418a8
ETHEREUM_INCREMENTAL_ROLE0_ALLOCATOR_LIVE ptr=0x170c27700 bytes=192 caller=0x1047418a8
ETHEREUM_INCREMENTAL_ROLE0_ALLOCATOR_LIVE ptr=0x170c27800 bytes=192 caller=0x1047418a8
ETHEREUM_INCREMENTAL_ROLE0_ALLOCATOR_LIVE ptr=0x170c27900 bytes=192 caller=0x1047418a8
ETHEREUM_INCREMENTAL_ROLE0_ALLOCATOR_LIVE ptr=0x170c27a00 bytes=192 caller=0x1047418a8
ETHEREUM_INCREMENTAL_ROLE0_ALLOCATOR_LIVE ptr=0x170c27b00 bytes=192 caller=0x1047418a8
ETHEREUM_INCREMENTAL_ROLE0_ALLOCATOR_LIVE ptr=0x170c27c00 bytes=192 caller=0x1047418a8
ETHEREUM_INCREMENTAL_ROLE0_ALLOCATOR_LIVE ptr=0x170c27d00 bytes=192 caller=0x1047418a8
ETHEREUM_INCREMENTAL_ROLE0_ALLOCATOR_LIVE ptr=0x170c27e00 bytes=192 caller=0x1047418a8
ETHEREUM_INCREMENTAL_ROLE0_ALLOCATOR_LIVE ptr=0x170c27f00 bytes=192 caller=0x1047418a8
ETHEREUM_INCREMENTAL_ROLE0_ALLOCATOR_LIVE ptr=0x170c28000 bytes=192 caller=0x1047418a8
ETHEREUM_INCREMENTAL_ROLE0_ALLOCATOR_LIVE ptr=0x170c28100 bytes=192 caller=0x1047418a8
ETHEREUM_INCREMENTAL_ROLE0_ALLOCATOR_LIVE ptr=0x170c28200 bytes=192 caller=0x1047418a8
ETHEREUM_INCREMENTAL_ROLE0_ALLOCATOR_LIVE ptr=0x170c28300 bytes=192 caller=0x1047418a8
ETHEREUM_INCREMENTAL_ROLE0_ALLOCATOR_LIVE ptr=0x170c28400 bytes=192 caller=0x1047418a8
ETHEREUM_INCREMENTAL_ROLE0_ALLOCATOR_LIVE ptr=0x170c28500 bytes=192 caller=0x1047418a8
ETHEREUM_INCREMENTAL_ROLE0_ALLOCATOR_LIVE ptr=0x170c28600 bytes=192 caller=0x1047418a8
ETHEREUM_INCREMENTAL_ROLE0_ALLOCATOR_LIVE ptr=0x170c28700 bytes=192 caller=0x1047418a8
ETHEREUM_INCREMENTAL_ROLE0_ALLOCATOR_LIVE ptr=0x170c28800 bytes=192 caller=0x1047418a8
ETHEREUM_INCREMENTAL_ROLE0_ALLOCATOR_LIVE ptr=0x170c28900 bytes=192 caller=0x1047418a8
ETHEREUM_INCREMENTAL_ROLE0_ALLOCATOR_LIVE ptr=0x170c28a00 bytes=192 caller=0x1047418a8
ETHEREUM_INCREMENTAL_ROLE0_ALLOCATOR_LIVE ptr=0x170c28b00 bytes=192 caller=0x1047418a8
ETHEREUM_INCREMENTAL_ROLE0_ALLOCATOR_LIVE ptr=0x170c28c00 bytes=192 caller=0x1047418a8
ETHEREUM_INCREMENTAL_ROLE0_ALLOCATOR_LIVE ptr=0x170c28d00 bytes=192 caller=0x1047418a8
ETHEREUM_INCREMENTAL_ROLE0_ALLOCATOR_LIVE ptr=0x170c28e00 bytes=192 caller=0x1047418a8
ETHEREUM_INCREMENTAL_ROLE0_ALLOCATOR_LIVE ptr=0x170c28f00 bytes=192 caller=0x1047418a8
ETHEREUM_INCREMENTAL_ROLE0_ALLOCATOR_LIVE ptr=0x170c29000 bytes=192 caller=0x1047418a8
ETHEREUM_INCREMENTAL_ROLE0_ALLOCATOR_LIVE ptr=0x170c29100 bytes=192 caller=0x1047418a8
ETHEREUM_INCREMENTAL_ROLE0_ALLOCATOR_LIVE ptr=0x170c29200 bytes=192 caller=0x1047418a8
ETHEREUM_INCREMENTAL_ROLE0_ALLOCATOR_LIVE ptr=0x170c29300 bytes=192 caller=0x1047418a8
ETHEREUM_INCREMENTAL_ROLE0_ALLOCATOR_LIVE ptr=0x170c29400 bytes=192 caller=0x1047418a8
ETHEREUM_INCREMENTAL_ROLE0_ALLOCATOR_LIVE ptr=0x170c29500 bytes=192 caller=0x1047418a8
ETHEREUM_INCREMENTAL_ROLE0_ALLOCATOR_LIVE ptr=0x170c29600 bytes=192 caller=0x1047418a8
ETHEREUM_INCREMENTAL_ROLE0_ALLOCATOR_LIVE ptr=0x170c29700 bytes=192 caller=0x1047418a8
ETHEREUM_INCREMENTAL_ROLE0_ALLOCATOR_LIVE ptr=0x170c29800 bytes=192 caller=0x1047418a8
ETHEREUM_INCREMENTAL_ROLE0_ALLOCATOR_LIVE ptr=0x170c29900 bytes=192 caller=0x1047418a8
ETHEREUM_INCREMENTAL_ROLE0_ALLOCATOR_LIVE ptr=0x170c29a00 bytes=192 caller=0x1047418a8
ETHEREUM_INCREMENTAL_ROLE0_ALLOCATOR_LIVE ptr=0x170c29b00 bytes=192 caller=0x1047418a8
ETHEREUM_INCREMENTAL_ROLE0_ALLOCATOR_LIVE ptr=0x170c29c00 bytes=192 caller=0x1047418a8
ETHEREUM_INCREMENTAL_ROLE0_ALLOCATOR_LIVE ptr=0x170c29d00 bytes=192 caller=0x1047418a8
ETHEREUM_INCREMENTAL_ROLE0_ALLOCATOR_LIVE ptr=0x170c29e00 bytes=192 caller=0x1047418a8
ETHEREUM_INCREMENTAL_ROLE0_ALLOCATOR_LIVE ptr=0x170c29f00 bytes=192 caller=0x1047418a8
ETHEREUM_INCREMENTAL_ROLE0_ALLOCATOR_LIVE ptr=0x170c2a000 bytes=192 caller=0x1047418a8
ETHEREUM_INCREMENTAL_ROLE0_ALLOCATOR_LIVE ptr=0x170c2a100 bytes=192 caller=0x1047418a8
ETHEREUM_INCREMENTAL_ROLE0_ALLOCATOR_LIVE ptr=0x170c2a200 bytes=192 caller=0x1047418a8
ETHEREUM_INCREMENTAL_ROLE0_ALLOCATOR_LIVE ptr=0x170c2a300 bytes=192 caller=0x1047418a8
ETHEREUM_INCREMENTAL_ROLE0_ALLOCATOR_LIVE ptr=0x170c2a400 bytes=192 caller=0x1047418a8
ETHEREUM_INCREMENTAL_ROLE0_ALLOCATOR_LIVE ptr=0x170c2a500 bytes=192 caller=0x1047418a8
ETHEREUM_INCREMENTAL_ROLE0_ALLOCATOR_LIVE ptr=0x170c2a600 bytes=192 caller=0x1047418a8
ETHEREUM_INCREMENTAL_ROLE0_ALLOCATOR_LIVE ptr=0x170c2a700 bytes=192 caller=0x1047418a8
ETHEREUM_INCREMENTAL_ROLE0_ALLOCATOR_LIVE ptr=0x170c2a800 bytes=192 caller=0x1047418a8
ETHEREUM_INCREMENTAL_ROLE0_ALLOCATOR_LIVE ptr=0x170c2a900 bytes=192 caller=0x1047418a8
ETHEREUM_INCREMENTAL_ROLE0_ALLOCATOR_LIVE ptr=0x170c2aa00 bytes=192 caller=0x1047418a8
ETHEREUM_INCREMENTAL_ROLE0_ALLOCATOR_LIVE ptr=0x170c2ab00 bytes=192 caller=0x1047418a8
ETHEREUM_INCREMENTAL_ROLE0_ALLOCATOR_LIVE ptr=0x170c2ac00 bytes=192 caller=0x1047418a8
ETHEREUM_INCREMENTAL_ROLE0_ALLOCATOR_LIVE ptr=0x170c2ad00 bytes=192 caller=0x1047418a8
ETHEREUM_INCREMENTAL_ROLE0_ALLOCATOR_LIVE ptr=0x170c2ae00 bytes=192 caller=0x1047418a8
ETHEREUM_INCREMENTAL_ROLE0_ALLOCATOR_LIVE ptr=0x170c2af00 bytes=192 caller=0x1047418a8
ETHEREUM_INCREMENTAL_ROLE0_ALLOCATOR_LIVE ptr=0x170c2b000 bytes=192 caller=0x1047418a8
ETHEREUM_INCREMENTAL_ROLE0_ALLOCATOR_LIVE ptr=0x170c2b100 bytes=192 caller=0x1047418a8
ETHEREUM_INCREMENTAL_ROLE0_ALLOCATOR_LIVE ptr=0x170c2b200 bytes=192 caller=0x1047418a8
ETHEREUM_INCREMENTAL_ROLE0_ALLOCATOR_LIVE ptr=0x170c2b300 bytes=192 caller=0x1047418a8
ETHEREUM_INCREMENTAL_ROLE0_ALLOCATOR_LIVE ptr=0x170c2b400 bytes=192 caller=0x1047418a8
ETHEREUM_INCREMENTAL_ROLE0_ALLOCATOR_LIVE ptr=0x170c2b500 bytes=192 caller=0x1047418a8
ETHEREUM_INCREMENTAL_ROLE0_ALLOCATOR_LIVE ptr=0x170c2b600 bytes=192 caller=0x1047418a8
ETHEREUM_INCREMENTAL_ROLE0_ALLOCATOR_LIVE ptr=0x170c2b700 bytes=192 caller=0x1047418a8
ETHEREUM_INCREMENTAL_ROLE0_ALLOCATOR_LIVE ptr=0x170c2b800 bytes=192 caller=0x1047418a8
ETHEREUM_INCREMENTAL_ROLE0_ALLOCATOR_LIVE ptr=0x170c2b900 bytes=192 caller=0x1047418a8
ETHEREUM_INCREMENTAL_ROLE0_ALLOCATOR_LIVE ptr=0x170c2ba00 bytes=192 caller=0x1047418a8
ETHEREUM_INCREMENTAL_ROLE0_ALLOCATOR_LIVE ptr=0x170c2bb00 bytes=192 caller=0x1047418a8
ETHEREUM_INCREMENTAL_ROLE0_ALLOCATOR_LIVE ptr=0x170c2bc00 bytes=192 caller=0x1047418a8
ETHEREUM_INCREMENTAL_ROLE0_ALLOCATOR_LIVE ptr=0x170c2bd00 bytes=192 caller=0x1047418a8
ETHEREUM_INCREMENTAL_ROLE0_ALLOCATOR_LIVE ptr=0x170c2be00 bytes=192 caller=0x1047418a8
ETHEREUM_INCREMENTAL_ROLE0_ALLOCATOR_LIVE ptr=0x170c2bf00 bytes=192 caller=0x1047418a8
ETHEREUM_INCREMENTAL_ROLE0_ALLOCATOR_LIVE ptr=0x170c2c000 bytes=192 caller=0x1047418a8
ETHEREUM_INCREMENTAL_ROLE0_ALLOCATOR_LIVE ptr=0x170c2c100 bytes=192 caller=0x1047418a8
ETHEREUM_INCREMENTAL_ROLE0_ALLOCATOR_LIVE ptr=0x170c2c200 bytes=192 caller=0x1047418a8
ETHEREUM_INCREMENTAL_ROLE0_ALLOCATOR_LIVE ptr=0x170c2c300 bytes=192 caller=0x1047418a8
ETHEREUM_INCREMENTAL_ROLE0_ALLOCATOR_LIVE ptr=0x170c2c400 bytes=192 caller=0x1047418a8
ETHEREUM_INCREMENTAL_ROLE0_ALLOCATOR_LIVE ptr=0x170c2c500 bytes=192 caller=0x1047418a8
ETHEREUM_INCREMENTAL_ROLE0_ALLOCATOR_LIVE ptr=0x170c2c600 bytes=192 caller=0x1047418a8
ETHEREUM_INCREMENTAL_ROLE0_ALLOCATOR_LIVE ptr=0x170c2c700 bytes=192 caller=0x1047418a8
ETHEREUM_INCREMENTAL_ROLE0_ALLOCATOR_LIVE ptr=0x170c2c800 bytes=192 caller=0x1047418a8
ETHEREUM_INCREMENTAL_ROLE0_ALLOCATOR_LIVE ptr=0x170c2c900 bytes=192 caller=0x1047418a8
ETHEREUM_INCREMENTAL_ROLE0_ALLOCATOR_LIVE ptr=0x170c2ca00 bytes=192 caller=0x1047418a8
ETHEREUM_INCREMENTAL_ROLE0_ALLOCATOR_LIVE ptr=0x170c2cb00 bytes=192 caller=0x1047418a8
ETHEREUM_INCREMENTAL_ROLE0_ALLOCATOR_LIVE ptr=0x170c2cc00 bytes=192 caller=0x1047418a8
ETHEREUM_INCREMENTAL_ROLE0_ALLOCATOR_LIVE ptr=0x170c2cd00 bytes=192 caller=0x1047418a8
ETHEREUM_INCREMENTAL_ROLE0_ALLOCATOR_LIVE ptr=0x170c2ce00 bytes=192 caller=0x1047418a8
ETHEREUM_INCREMENTAL_ROLE0_ALLOCATOR_LIVE ptr=0x170c2cf00 bytes=192 caller=0x1047418a8
ETHEREUM_INCREMENTAL_ROLE0_ALLOCATOR_LIVE ptr=0x170c2d000 bytes=192 caller=0x1047418a8
ETHEREUM_INCREMENTAL_ROLE0_ALLOCATOR_LIVE ptr=0x170c2d100 bytes=192 caller=0x1047418a8
ETHEREUM_INCREMENTAL_ROLE0_ALLOCATOR_LIVE ptr=0x170c2d200 bytes=192 caller=0x1047418a8
ETHEREUM_INCREMENTAL_ROLE0_ALLOCATOR_LIVE ptr=0x170c2d300 bytes=192 caller=0x1047418a8
ETHEREUM_INCREMENTAL_ROLE0_ALLOCATOR_LIVE ptr=0x170c2d400 bytes=192 caller=0x1047418a8
ETHEREUM_INCREMENTAL_ROLE0_ALLOCATOR_LIVE ptr=0x170c2d500 bytes=192 caller=0x1047418a8
ETHEREUM_INCREMENTAL_ROLE0_ALLOCATOR_LIVE ptr=0x170c2d600 bytes=192 caller=0x1047418a8
ETHEREUM_INCREMENTAL_ROLE0_ALLOCATOR_LIVE ptr=0x170c2d700 bytes=192 caller=0x1047418a8
ETHEREUM_INCREMENTAL_ROLE0_ALLOCATOR_LIVE ptr=0x170c2d800 bytes=192 caller=0x1047418a8
ETHEREUM_INCREMENTAL_ROLE0_ALLOCATOR_LIVE ptr=0x170c2d900 bytes=192 caller=0x1047418a8
ETHEREUM_INCREMENTAL_ROLE0_ALLOCATOR_LIVE ptr=0x170c2da00 bytes=192 caller=0x1047418a8
ETHEREUM_INCREMENTAL_ROLE0_ALLOCATOR_LIVE ptr=0x170c2db00 bytes=192 caller=0x1047418a8
ETHEREUM_INCREMENTAL_ROLE0_ALLOCATOR_LIVE ptr=0x170c2dc00 bytes=192 caller=0x1047418a8
ETHEREUM_INCREMENTAL_ROLE0_ALLOCATOR_LIVE ptr=0x170c2dd00 bytes=192 caller=0x1047418a8
ETHEREUM_INCREMENTAL_ROLE0_ALLOCATOR_LIVE ptr=0x170c2de00 bytes=192 caller=0x1047418a8
ETHEREUM_INCREMENTAL_ROLE0_ALLOCATOR_LIVE ptr=0x170c2df00 bytes=192 caller=0x1047418a8
ETHEREUM_INCREMENTAL_ROLE0_ALLOCATOR_LIVE ptr=0x170c2e000 bytes=192 caller=0x1047418a8
ETHEREUM_INCREMENTAL_ROLE0_ALLOCATOR_LIVE ptr=0x170c2e100 bytes=192 caller=0x1047418a8
ETHEREUM_INCREMENTAL_ROLE0_ALLOCATOR_LIVE ptr=0x170c2e200 bytes=192 caller=0x1047418a8
ETHEREUM_INCREMENTAL_ROLE0_ALLOCATOR_LIVE ptr=0x170c2e300 bytes=192 caller=0x1047418a8
ETHEREUM_INCREMENTAL_ROLE0_ALLOCATOR_LIVE ptr=0x170c2e400 bytes=192 caller=0x1047418a8
ETHEREUM_INCREMENTAL_ROLE0_ALLOCATOR_LIVE ptr=0x170c2e500 bytes=192 caller=0x1047418a8
ETHEREUM_INCREMENTAL_ROLE0_ALLOCATOR_LIVE ptr=0x170c2e600 bytes=192 caller=0x1047418a8
ETHEREUM_INCREMENTAL_ROLE0_ALLOCATOR_LIVE ptr=0x170c2e700 bytes=192 caller=0x1047418a8
ETHEREUM_INCREMENTAL_ROLE0_ALLOCATOR_LIVE ptr=0x170c2e800 bytes=192 caller=0x1047418a8
ETHEREUM_INCREMENTAL_ROLE0_ALLOCATOR_LIVE ptr=0x170c2e900 bytes=192 caller=0x1047418a8
ETHEREUM_INCREMENTAL_ROLE0_ALLOCATOR_LIVE ptr=0x170c2ea00 bytes=192 caller=0x1047418a8
ETHEREUM_INCREMENTAL_ROLE0_ALLOCATOR_LIVE ptr=0x170c2eb00 bytes=192 caller=0x1047418a8
ETHEREUM_INCREMENTAL_ROLE0_ALLOCATOR_LIVE ptr=0x170c2ec00 bytes=192 caller=0x1047418a8
ETHEREUM_INCREMENTAL_ROLE0_ALLOCATOR_LIVE ptr=0x170c2ed00 bytes=192 caller=0x1047418a8
ETHEREUM_INCREMENTAL_ROLE0_ALLOCATOR_LIVE ptr=0x170c2ee00 bytes=192 caller=0x1047418a8
ETHEREUM_INCREMENTAL_ROLE0_ALLOCATOR_LIVE ptr=0x170c2ef00 bytes=192 caller=0x1047418a8
ETHEREUM_INCREMENTAL_ROLE0_ALLOCATOR_LIVE ptr=0x170c2f000 bytes=192 caller=0x1047418a8
ETHEREUM_INCREMENTAL_ROLE0_ALLOCATOR_LIVE ptr=0x170c2f100 bytes=192 caller=0x1047418a8
ETHEREUM_INCREMENTAL_ROLE0_ALLOCATOR_LIVE ptr=0x170c2f200 bytes=192 caller=0x1047418a8
ETHEREUM_INCREMENTAL_ROLE0_ALLOCATOR_LIVE ptr=0x170c2f300 bytes=192 caller=0x1047418a8
ETHEREUM_INCREMENTAL_ROLE0_ALLOCATOR_LIVE ptr=0x170c2f400 bytes=192 caller=0x1047418a8
ETHEREUM_INCREMENTAL_ROLE0_ALLOCATOR_LIVE ptr=0x170c2f500 bytes=192 caller=0x1047418a8
ETHEREUM_INCREMENTAL_ROLE0_ALLOCATOR_LIVE ptr=0x170c2f600 bytes=192 caller=0x1047418a8
ETHEREUM_INCREMENTAL_ROLE0_ALLOCATOR_LIVE ptr=0x170c2f700 bytes=192 caller=0x1047418a8
ETHEREUM_INCREMENTAL_ROLE0_ALLOCATOR_LIVE ptr=0x170c2f800 bytes=192 caller=0x1047418a8
ETHEREUM_INCREMENTAL_ROLE0_ALLOCATOR_LIVE ptr=0x170c2f900 bytes=192 caller=0x1047418a8
ETHEREUM_INCREMENTAL_ROLE0_ALLOCATOR_LIVE ptr=0x170c2fa00 bytes=192 caller=0x1047418a8
ETHEREUM_INCREMENTAL_ROLE0_ALLOCATOR_LIVE ptr=0x170c2fb00 bytes=192 caller=0x1047418a8
ETHEREUM_INCREMENTAL_ROLE0_ALLOCATOR_LIVE ptr=0x170c2fc00 bytes=192 caller=0x1047418a8
ETHEREUM_INCREMENTAL_ROLE0_ALLOCATOR_LIVE ptr=0x170c2fd00 bytes=192 caller=0x1047418a8
ETHEREUM_INCREMENTAL_ROLE0_ALLOCATOR_LIVE ptr=0x170c2fe00 bytes=192 caller=0x1047418a8
ETHEREUM_INCREMENTAL_ROLE0_ALLOCATOR_LIVE ptr=0x170c2ff00 bytes=192 caller=0x1047418a8
ETHEREUM_INCREMENTAL_ROLE0_ALLOCATOR_LIVE ptr=0x151de0100 bytes=192 caller=0x1047418a8
ETHEREUM_INCREMENTAL_ROLE0_ALLOCATOR_LIVE ptr=0x151de0200 bytes=192 caller=0x1047418a8
ETHEREUM_INCREMENTAL_ROLE0_ALLOCATOR_LIVE ptr=0x151de0300 bytes=192 caller=0x1047418a8
ETHEREUM_INCREMENTAL_ROLE0_ALLOCATOR_LIVE ptr=0x151de0400 bytes=192 caller=0x1047418a8
ETHEREUM_INCREMENTAL_ROLE0_ALLOCATOR_LIVE ptr=0x151de0500 bytes=192 caller=0x1047418a8
ETHEREUM_INCREMENTAL_ROLE0_ALLOCATOR_LIVE ptr=0x151de0600 bytes=192 caller=0x1047418a8
ETHEREUM_INCREMENTAL_ROLE0_ALLOCATOR_LIVE ptr=0x151de0700 bytes=192 caller=0x1047418a8
ETHEREUM_INCREMENTAL_ROLE0_ALLOCATOR_LIVE ptr=0x151de0800 bytes=192 caller=0x1047418a8
ETHEREUM_INCREMENTAL_ROLE0_ALLOCATOR_LIVE ptr=0x151de0900 bytes=192 caller=0x1047418a8
ETHEREUM_INCREMENTAL_ROLE0_ALLOCATOR_LIVE ptr=0x151de0a00 bytes=192 caller=0x1047418a8
ETHEREUM_INCREMENTAL_ROLE0_ALLOCATOR_LIVE ptr=0x151de0b00 bytes=192 caller=0x1047418a8
ETHEREUM_INCREMENTAL_ROLE0_ALLOCATOR_LIVE ptr=0x151de0c00 bytes=192 caller=0x1047418a8
ETHEREUM_INCREMENTAL_ROLE0_ALLOCATOR_LIVE ptr=0x151de0d00 bytes=192 caller=0x1047418a8
ETHEREUM_INCREMENTAL_ROLE0_ALLOCATOR_LIVE ptr=0x151de0e00 bytes=192 caller=0x1047418a8
ETHEREUM_INCREMENTAL_ROLE0_ALLOCATOR_LIVE ptr=0x151de0f00 bytes=192 caller=0x1047418a8
ETHEREUM_INCREMENTAL_ROLE0_ALLOCATOR_LIVE ptr=0x151de1000 bytes=192 caller=0x1047418a8
ETHEREUM_INCREMENTAL_ROLE0_ALLOCATOR_LIVE ptr=0x151de1100 bytes=192 caller=0x1047418a8
ETHEREUM_INCREMENTAL_ROLE0_ALLOCATOR_LIVE ptr=0x151de1200 bytes=192 caller=0x1047418a8
ETHEREUM_INCREMENTAL_ROLE0_ALLOCATOR_LIVE ptr=0x151de1300 bytes=192 caller=0x1047418a8
ETHEREUM_INCREMENTAL_ROLE0_ALLOCATOR_LIVE ptr=0x151de1400 bytes=192 caller=0x1047418a8
ETHEREUM_INCREMENTAL_ROLE0_ALLOCATOR_LIVE ptr=0x151de1500 bytes=192 caller=0x1047418a8
ETHEREUM_INCREMENTAL_ROLE0_ALLOCATOR_LIVE ptr=0x151de1600 bytes=192 caller=0x1047418a8
ETHEREUM_INCREMENTAL_ROLE0_ALLOCATOR_LIVE ptr=0x151de1700 bytes=192 caller=0x1047418a8
ETHEREUM_INCREMENTAL_ROLE0_ALLOCATOR_LIVE ptr=0x151de1800 bytes=192 caller=0x1047418a8
ETHEREUM_INCREMENTAL_ROLE0_ALLOCATOR_LIVE ptr=0x151de1900 bytes=192 caller=0x1047418a8
ETHEREUM_INCREMENTAL_ROLE0_ALLOCATOR_LIVE ptr=0x151de1a00 bytes=192 caller=0x1047418a8
ETHEREUM_INCREMENTAL_ROLE0_ALLOCATOR_LIVE ptr=0x151de1b00 bytes=192 caller=0x1047418a8
ETHEREUM_INCREMENTAL_ROLE0_ALLOCATOR_LIVE ptr=0x151de1c00 bytes=192 caller=0x1047418a8
ETHEREUM_INCREMENTAL_ROLE0_ALLOCATOR_LIVE ptr=0x151de1d00 bytes=192 caller=0x1047418a8
ETHEREUM_INCREMENTAL_ROLE0_ALLOCATOR_LIVE ptr=0x151de1e00 bytes=192 caller=0x1047418a8
ETHEREUM_INCREMENTAL_ROLE0_ALLOCATOR_LIVE ptr=0x151de1f00 bytes=192 caller=0x1047418a8
ETHEREUM_INCREMENTAL_ROLE0_ALLOCATOR_LIVE ptr=0x151de2000 bytes=192 caller=0x1047418a8
ETHEREUM_INCREMENTAL_ROLE0_ALLOCATOR_LIVE ptr=0x151de2100 bytes=192 caller=0x1047418a8
ETHEREUM_INCREMENTAL_ROLE0_ALLOCATOR_LIVE ptr=0x151de2200 bytes=192 caller=0x1047418a8
ETHEREUM_INCREMENTAL_ROLE0_ALLOCATOR_LIVE ptr=0x151de2300 bytes=192 caller=0x1047418a8
ETHEREUM_INCREMENTAL_ROLE0_ALLOCATOR_LIVE ptr=0x151de2400 bytes=192 caller=0x1047418a8
ETHEREUM_INCREMENTAL_ROLE0_ALLOCATOR_LIVE ptr=0x151de2500 bytes=192 caller=0x1047418a8
ETHEREUM_INCREMENTAL_ROLE0_ALLOCATOR_LIVE ptr=0x151de2600 bytes=192 caller=0x1047418a8
ETHEREUM_INCREMENTAL_ROLE0_ALLOCATOR_LIVE ptr=0x151de2700 bytes=192 caller=0x1047418a8
ETHEREUM_INCREMENTAL_ROLE0_ALLOCATOR_LIVE ptr=0x151de2800 bytes=192 caller=0x1047418a8
ETHEREUM_INCREMENTAL_ROLE0_ALLOCATOR_LIVE ptr=0x151de2900 bytes=192 caller=0x1047418a8
ETHEREUM_INCREMENTAL_ROLE0_ALLOCATOR_LIVE ptr=0x151de2a00 bytes=192 caller=0x1047418a8
ETHEREUM_INCREMENTAL_ROLE0_ALLOCATOR_LIVE ptr=0x151de2b00 bytes=192 caller=0x1047418a8
ETHEREUM_INCREMENTAL_ROLE0_ALLOCATOR_LIVE ptr=0x151de2c00 bytes=192 caller=0x1047418a8
ETHEREUM_INCREMENTAL_ROLE0_ALLOCATOR_LIVE ptr=0x151de2d00 bytes=192 caller=0x1047418a8
ETHEREUM_INCREMENTAL_ROLE0_ALLOCATOR_LIVE ptr=0x151de2e00 bytes=192 caller=0x1047418a8
ETHEREUM_INCREMENTAL_ROLE0_ALLOCATOR_LIVE ptr=0x151de2f00 bytes=192 caller=0x1047418a8
ETHEREUM_INCREMENTAL_ROLE0_ALLOCATOR_LIVE ptr=0x151de3000 bytes=192 caller=0x1047418a8
ETHEREUM_INCREMENTAL_ROLE0_ALLOCATOR_LIVE ptr=0x151de3100 bytes=192 caller=0x1047418a8
ETHEREUM_INCREMENTAL_ROLE0_ALLOCATOR_LIVE ptr=0x151de3200 bytes=192 caller=0x1047418a8
ETHEREUM_INCREMENTAL_ROLE0_ALLOCATOR_LIVE ptr=0x151de3300 bytes=192 caller=0x1047418a8
ETHEREUM_INCREMENTAL_ROLE0_ALLOCATOR_LIVE ptr=0x151de3400 bytes=192 caller=0x1047418a8
ETHEREUM_INCREMENTAL_ROLE0_ALLOCATOR_LIVE ptr=0x151de3500 bytes=192 caller=0x1047418a8
ETHEREUM_INCREMENTAL_ROLE0_ALLOCATOR_LIVE ptr=0x151de3600 bytes=192 caller=0x1047418a8
ETHEREUM_INCREMENTAL_ROLE0_ALLOCATOR_LIVE ptr=0x151de3700 bytes=192 caller=0x1047418a8
ETHEREUM_INCREMENTAL_ROLE0_ALLOCATOR_LIVE ptr=0x151de3800 bytes=192 caller=0x1047418a8
ETHEREUM_INCREMENTAL_ROLE0_ALLOCATOR_LIVE ptr=0x151de3900 bytes=192 caller=0x1047418a8
ETHEREUM_INCREMENTAL_ROLE0_ALLOCATOR_LIVE ptr=0x151de3a00 bytes=192 caller=0x1047418a8
ETHEREUM_INCREMENTAL_ROLE0_ALLOCATOR_LIVE ptr=0x151de3b00 bytes=192 caller=0x1047418a8
ETHEREUM_INCREMENTAL_ROLE0_ALLOCATOR_LIVE ptr=0x151de3c00 bytes=192 caller=0x1047418a8
ETHEREUM_INCREMENTAL_ROLE0_ALLOCATOR_LIVE ptr=0x151de3d00 bytes=192 caller=0x1047418a8
ETHEREUM_INCREMENTAL_ROLE0_ALLOCATOR_LIVE ptr=0x151de3e00 bytes=192 caller=0x1047418a8
ETHEREUM_INCREMENTAL_ROLE0_ALLOCATOR_LIVE ptr=0x151de3f00 bytes=192 caller=0x1047418a8
ETHEREUM_INCREMENTAL_ROLE0_ALLOCATOR_LIVE ptr=0x151de4000 bytes=192 caller=0x1047418a8
ETHEREUM_INCREMENTAL_ROLE0_ALLOCATOR_LIVE ptr=0x151de4100 bytes=192 caller=0x1047418a8
ETHEREUM_INCREMENTAL_ROLE0_ALLOCATOR_LIVE ptr=0x151de4200 bytes=192 caller=0x1047418a8
ETHEREUM_INCREMENTAL_ROLE0_ALLOCATOR_LIVE ptr=0x151de4300 bytes=192 caller=0x1047418a8
ETHEREUM_INCREMENTAL_ROLE0_ALLOCATOR_LIVE ptr=0x16c5b0020 bytes=32 caller=0x1047418a8
ETHEREUM_INCREMENTAL_ROLE0_ALLOCATOR_LIVE ptr=0x16c5b0040 bytes=32 caller=0x1047418a8
ETHEREUM_INCREMENTAL_ROLE0_ALLOCATOR_LIVE ptr=0x16c5b0060 bytes=32 caller=0x1047418a8
ETHEREUM_INCREMENTAL_ROLE0_ALLOCATOR_LIVE ptr=0x16c5b0080 bytes=32 caller=0x1047418a8
ETHEREUM_INCREMENTAL_ROLE0_ALLOCATOR_LIVE ptr=0x16c5b00a0 bytes=32 caller=0x1047418a8
ETHEREUM_INCREMENTAL_ROLE0_ALLOCATOR_LIVE ptr=0x16c5b00c0 bytes=32 caller=0x1047418a8
ETHEREUM_INCREMENTAL_ROLE0_ALLOCATOR_LIVE ptr=0x16c5b00e0 bytes=32 caller=0x1047418a8
ETHEREUM_INCREMENTAL_ROLE0_ALLOCATOR_LIVE ptr=0x16c5b0100 bytes=32 caller=0x1047418a8
ETHEREUM_INCREMENTAL_ROLE0_ALLOCATOR_LIVE ptr=0x16c5b0120 bytes=32 caller=0x1047418a8
ETHEREUM_INCREMENTAL_ROLE0_ALLOCATOR_LIVE ptr=0x16c5b0140 bytes=32 caller=0x1047418a8
ETHEREUM_INCREMENTAL_ROLE0_ALLOCATOR_LIVE ptr=0x16c5b0160 bytes=32 caller=0x1047418a8
ETHEREUM_INCREMENTAL_ROLE0_ALLOCATOR_LIVE ptr=0x16c5b0180 bytes=32 caller=0x1047418a8
ETHEREUM_INCREMENTAL_ROLE0_ALLOCATOR_LIVE ptr=0x16c5b01a0 bytes=32 caller=0x1047418a8
ETHEREUM_INCREMENTAL_ROLE0_ALLOCATOR_LIVE ptr=0x16c5b01c0 bytes=32 caller=0x1047418a8
ETHEREUM_INCREMENTAL_ROLE0_ALLOCATOR_LIVE ptr=0x16c5b01e0 bytes=32 caller=0x1047418a8
ETHEREUM_INCREMENTAL_ROLE0_ALLOCATOR_LIVE ptr=0x16c5b0200 bytes=32 caller=0x1047418a8
ETHEREUM_INCREMENTAL_ROLE0_ALLOCATOR_LIVE ptr=0x16c5b0220 bytes=32 caller=0x1047418a8
ETHEREUM_INCREMENTAL_ROLE0_ALLOCATOR_LIVE ptr=0x16c5b0240 bytes=32 caller=0x1047418a8
ETHEREUM_INCREMENTAL_ROLE0_ALLOCATOR_LIVE ptr=0x16c5b0260 bytes=32 caller=0x1047418a8
ETHEREUM_INCREMENTAL_ROLE0_ALLOCATOR_LIVE ptr=0x16c5b0280 bytes=32 caller=0x1047418a8
ETHEREUM_INCREMENTAL_ROLE0_ALLOCATOR_LIVE ptr=0x16c5b02a0 bytes=32 caller=0x1047418a8
ETHEREUM_INCREMENTAL_ROLE0_ALLOCATOR_LIVE ptr=0x16c5b02c0 bytes=32 caller=0x1047418a8
ETHEREUM_INCREMENTAL_ROLE0_ALLOCATOR_LIVE ptr=0x16c5b02e0 bytes=32 caller=0x1047418a8
ETHEREUM_INCREMENTAL_ROLE0_ALLOCATOR_LIVE ptr=0x16c5b0300 bytes=32 caller=0x1047418a8
ETHEREUM_INCREMENTAL_ROLE0_ALLOCATOR_LIVE ptr=0x16c5b0320 bytes=32 caller=0x1047418a8
ETHEREUM_INCREMENTAL_ROLE0_ALLOCATOR_LIVE ptr=0x16c5b0340 bytes=32 caller=0x1047418a8
ETHEREUM_INCREMENTAL_ROLE0_ALLOCATOR_LIVE ptr=0x16c5b0360 bytes=32 caller=0x1047418a8
ETHEREUM_INCREMENTAL_ROLE0_ALLOCATOR_LIVE ptr=0x16c5b0380 bytes=32 caller=0x1047418a8
ETHEREUM_INCREMENTAL_ROLE0_ALLOCATOR_LIVE ptr=0x16c5b03a0 bytes=32 caller=0x1047418a8
ETHEREUM_INCREMENTAL_ROLE0_ALLOCATOR_LIVE ptr=0x16c5b03c0 bytes=32 caller=0x1047418a8
ETHEREUM_INCREMENTAL_ROLE0_ALLOCATOR_LIVE ptr=0x16c5b03e0 bytes=32 caller=0x1047418a8
ETHEREUM_INCREMENTAL_ROLE0_ALLOCATOR_LIVE ptr=0x16c5b0400 bytes=32 caller=0x1047418a8
ETHEREUM_INCREMENTAL_ROLE0_ALLOCATOR_LIVE ptr=0x16c5b0420 bytes=32 caller=0x1047418a8
ETHEREUM_INCREMENTAL_ROLE0_ALLOCATOR_LIVE ptr=0x16c5b0440 bytes=32 caller=0x1047418a8
ETHEREUM_INCREMENTAL_ROLE0_ALLOCATOR_LIVE ptr=0x16c5b0460 bytes=32 caller=0x1047418a8
ETHEREUM_INCREMENTAL_ROLE0_ALLOCATOR_LIVE ptr=0x16c5b0480 bytes=32 caller=0x1047418a8
ETHEREUM_INCREMENTAL_ROLE0_ALLOCATOR_LIVE ptr=0x16c5b04a0 bytes=32 caller=0x1047418a8
ETHEREUM_INCREMENTAL_ROLE0_ALLOCATOR_LIVE ptr=0x16c5b04c0 bytes=32 caller=0x1047418a8
ETHEREUM_INCREMENTAL_ROLE0_ALLOCATOR_LIVE ptr=0x16c5b04e0 bytes=32 caller=0x1047418a8
ETHEREUM_INCREMENTAL_ROLE0_ALLOCATOR_LIVE ptr=0x16c5b0500 bytes=32 caller=0x1047418a8
ETHEREUM_INCREMENTAL_ROLE0_ALLOCATOR_LIVE ptr=0x16c5b0520 bytes=32 caller=0x1047418a8
ETHEREUM_INCREMENTAL_ROLE0_ALLOCATOR_LIVE ptr=0x16c5b0540 bytes=32 caller=0x1047418a8
ETHEREUM_INCREMENTAL_ROLE0_ALLOCATOR_LIVE ptr=0x16c5b0560 bytes=32 caller=0x1047418a8
ETHEREUM_INCREMENTAL_ROLE0_ALLOCATOR_LIVE ptr=0x16c5b0580 bytes=32 caller=0x1047418a8
ETHEREUM_INCREMENTAL_ROLE0_ALLOCATOR_LIVE ptr=0x16c5b05a0 bytes=32 caller=0x1047418a8
ETHEREUM_INCREMENTAL_ROLE0_ALLOCATOR_LIVE ptr=0x16c5b05c0 bytes=32 caller=0x1047418a8
ETHEREUM_INCREMENTAL_ROLE0_ALLOCATOR_LIVE ptr=0x16c5b05e0 bytes=32 caller=0x1047418a8
ETHEREUM_INCREMENTAL_ROLE0_ALLOCATOR_LIVE ptr=0x16c5b0600 bytes=32 caller=0x1047418a8
ETHEREUM_INCREMENTAL_ROLE0_ALLOCATOR_LIVE ptr=0x16c5b0620 bytes=32 caller=0x1047418a8
ETHEREUM_INCREMENTAL_ROLE0_ALLOCATOR_LIVE ptr=0x16c5b0640 bytes=32 caller=0x1047418a8
ETHEREUM_INCREMENTAL_ROLE0_ALLOCATOR_LIVE ptr=0x16c5b0660 bytes=32 caller=0x1047418a8
ETHEREUM_INCREMENTAL_ROLE0_ALLOCATOR_LIVE ptr=0x16c5b0680 bytes=32 caller=0x1047418a8
ETHEREUM_INCREMENTAL_ROLE0_ALLOCATOR_LIVE ptr=0x16c5b06a0 bytes=32 caller=0x1047418a8
ETHEREUM_INCREMENTAL_ROLE0_ALLOCATOR_LIVE ptr=0x16c5b06c0 bytes=32 caller=0x1047418a8
ETHEREUM_INCREMENTAL_ROLE0_ALLOCATOR_LIVE ptr=0x16c5b06e0 bytes=32 caller=0x1047418a8
ETHEREUM_INCREMENTAL_ROLE0_ALLOCATOR_LIVE ptr=0x16c5b0700 bytes=32 caller=0x1047418a8
ETHEREUM_INCREMENTAL_ROLE0_ALLOCATOR_LIVE ptr=0x16c5b0720 bytes=32 caller=0x1047418a8
ETHEREUM_INCREMENTAL_ROLE0_ALLOCATOR_LIVE ptr=0x16c5b0740 bytes=32 caller=0x1047418a8
ETHEREUM_INCREMENTAL_ROLE0_ALLOCATOR_LIVE ptr=0x16c5b0760 bytes=32 caller=0x1047418a8
ETHEREUM_INCREMENTAL_ROLE0_ALLOCATOR_LIVE ptr=0x16c5b0780 bytes=32 caller=0x1047418a8
ETHEREUM_INCREMENTAL_ROLE0_ALLOCATOR_LIVE ptr=0x16c5b07a0 bytes=32 caller=0x1047418a8
ETHEREUM_INCREMENTAL_ROLE0_ALLOCATOR_LIVE ptr=0x16c5b07c0 bytes=32 caller=0x1047418a8
ETHEREUM_INCREMENTAL_ROLE0_ALLOCATOR_LIVE ptr=0x16c5b07e0 bytes=32 caller=0x1047418a8
ETHEREUM_INCREMENTAL_ROLE0_ALLOCATOR_LIVE ptr=0x16c5b0800 bytes=32 caller=0x1047418a8
ETHEREUM_INCREMENTAL_ROLE0_ALLOCATOR_LIVE ptr=0x16c5b0820 bytes=32 caller=0x1047418a8
ETHEREUM_INCREMENTAL_ROLE0_ALLOCATOR_LIVE ptr=0x16c5b0840 bytes=32 caller=0x1047418a8
ETHEREUM_INCREMENTAL_ROLE0_ALLOCATOR_LIVE ptr=0x16c5b0860 bytes=32 caller=0x1047418a8
ETHEREUM_INCREMENTAL_ROLE0_ALLOCATOR_LIVE ptr=0x16c5b0880 bytes=32 caller=0x1047418a8
ETHEREUM_INCREMENTAL_ROLE0_ALLOCATOR_LIVE ptr=0x16c5b08a0 bytes=32 caller=0x1047418a8
ETHEREUM_INCREMENTAL_ROLE0_ALLOCATOR_LIVE ptr=0x16c5b08c0 bytes=32 caller=0x1047418a8
ETHEREUM_INCREMENTAL_ROLE0_ALLOCATOR_LIVE ptr=0x16c5b08e0 bytes=32 caller=0x1047418a8
ETHEREUM_INCREMENTAL_ROLE0_ALLOCATOR_LIVE ptr=0x16c5b0900 bytes=32 caller=0x1047418a8
ETHEREUM_INCREMENTAL_ROLE0_ALLOCATOR_LIVE ptr=0x16c5b0920 bytes=32 caller=0x1047418a8
ETHEREUM_INCREMENTAL_ROLE0_ALLOCATOR_LIVE ptr=0x16c5b0940 bytes=32 caller=0x1047418a8
ETHEREUM_INCREMENTAL_ROLE0_ALLOCATOR_LIVE ptr=0x16c5b0960 bytes=32 caller=0x1047418a8
ETHEREUM_INCREMENTAL_ROLE0_ALLOCATOR_LIVE ptr=0x16c5b0980 bytes=32 caller=0x1047418a8
ETHEREUM_INCREMENTAL_ROLE0_ALLOCATOR_LIVE ptr=0x16c5b09a0 bytes=32 caller=0x1047418a8
ETHEREUM_INCREMENTAL_ROLE0_ALLOCATOR_LIVE ptr=0x16c5b09c0 bytes=32 caller=0x1047418a8
ETHEREUM_INCREMENTAL_ROLE0_ALLOCATOR_LIVE ptr=0x16c5b09e0 bytes=32 caller=0x1047418a8
ETHEREUM_INCREMENTAL_ROLE0_ALLOCATOR_LIVE ptr=0x16c5b0a00 bytes=32 caller=0x1047418a8
ETHEREUM_INCREMENTAL_ROLE0_ALLOCATOR_LIVE ptr=0x16c5b0a20 bytes=32 caller=0x1047418a8
ETHEREUM_INCREMENTAL_ROLE0_ALLOCATOR_LIVE ptr=0x16c5b0a40 bytes=32 caller=0x1047418a8
ETHEREUM_INCREMENTAL_ROLE0_ALLOCATOR_LIVE ptr=0x16c5b0a60 bytes=32 caller=0x1047418a8
ETHEREUM_INCREMENTAL_ROLE0_ALLOCATOR_LIVE ptr=0x16c5b0a80 bytes=32 caller=0x1047418a8
ETHEREUM_INCREMENTAL_ROLE0_ALLOCATOR_LIVE ptr=0x16c5b0aa0 bytes=32 caller=0x1047418a8
ETHEREUM_INCREMENTAL_ROLE0_ALLOCATOR_LIVE ptr=0x16c5b0ac0 bytes=32 caller=0x1047418a8
ETHEREUM_INCREMENTAL_ROLE0_ALLOCATOR_LIVE ptr=0x16c5b0ae0 bytes=32 caller=0x1047418a8
ETHEREUM_INCREMENTAL_ROLE0_ALLOCATOR_LIVE ptr=0x16c5b0b00 bytes=32 caller=0x1047418a8
ETHEREUM_INCREMENTAL_ROLE0_ALLOCATOR_LIVE ptr=0x16c5b0b20 bytes=32 caller=0x1047418a8
ETHEREUM_INCREMENTAL_ROLE0_ALLOCATOR_LIVE ptr=0x16c5b0b40 bytes=32 caller=0x1047418a8
ETHEREUM_INCREMENTAL_ROLE0_ALLOCATOR_LIVE ptr=0x16c5b0b60 bytes=32 caller=0x1047418a8
ETHEREUM_INCREMENTAL_ROLE0_ALLOCATOR_LIVE ptr=0x16c5b0b80 bytes=32 caller=0x1047418a8
ETHEREUM_INCREMENTAL_ROLE0_ALLOCATOR_LIVE ptr=0x16c5b0ba0 bytes=32 caller=0x1047418a8
ETHEREUM_INCREMENTAL_ROLE0_ALLOCATOR_LIVE ptr=0x16c5b0bc0 bytes=32 caller=0x1047418a8
ETHEREUM_INCREMENTAL_ROLE0_ALLOCATOR_LIVE ptr=0x16c5b0be0 bytes=32 caller=0x1047418a8
ETHEREUM_INCREMENTAL_ROLE0_ALLOCATOR_LIVE ptr=0x16c5b0c00 bytes=32 caller=0x1047418a8
ETHEREUM_INCREMENTAL_ROLE0_ALLOCATOR_LIVE ptr=0x16c5b0c20 bytes=32 caller=0x1047418a8
ETHEREUM_INCREMENTAL_ROLE0_ALLOCATOR_LIVE ptr=0x16c5b0c40 bytes=32 caller=0x1047418a8
ETHEREUM_INCREMENTAL_ROLE0_ALLOCATOR_LIVE ptr=0x16c5b0c60 bytes=32 caller=0x1047418a8
ETHEREUM_INCREMENTAL_ROLE0_ALLOCATOR_LIVE ptr=0x16c5b0c80 bytes=32 caller=0x1047418a8
ETHEREUM_INCREMENTAL_ROLE0_ALLOCATOR_LIVE ptr=0x16c5b0ca0 bytes=32 caller=0x1047418a8
ETHEREUM_INCREMENTAL_ROLE0_ALLOCATOR_LIVE ptr=0x16c5b0cc0 bytes=32 caller=0x1047418a8
ETHEREUM_INCREMENTAL_ROLE0_ALLOCATOR_LIVE ptr=0x16c5b0ce0 bytes=32 caller=0x1047418a8
ETHEREUM_INCREMENTAL_ROLE0_ALLOCATOR_LIVE ptr=0x16c5b0d00 bytes=32 caller=0x1047418a8
ETHEREUM_INCREMENTAL_ROLE0_ALLOCATOR_LIVE ptr=0x16c5b0d20 bytes=32 caller=0x1047418a8
ETHEREUM_INCREMENTAL_ROLE0_ALLOCATOR_LIVE ptr=0x16c5b0d40 bytes=32 caller=0x1047418a8
ETHEREUM_INCREMENTAL_ROLE0_ALLOCATOR_LIVE ptr=0x16c5b0d60 bytes=32 caller=0x1047418a8
ETHEREUM_INCREMENTAL_ROLE0_ALLOCATOR_LIVE ptr=0x16c5b0d80 bytes=32 caller=0x1047418a8
ETHEREUM_INCREMENTAL_ROLE0_ALLOCATOR_LIVE ptr=0x16c5b0da0 bytes=32 caller=0x1047418a8
ETHEREUM_INCREMENTAL_ROLE0_ALLOCATOR_LIVE ptr=0x16c5b0dc0 bytes=32 caller=0x1047418a8
ETHEREUM_INCREMENTAL_ROLE0_ALLOCATOR_LIVE ptr=0x16c5b0de0 bytes=32 caller=0x1047418a8
ETHEREUM_INCREMENTAL_ROLE0_ALLOCATOR_LIVE ptr=0x16c5b0e00 bytes=32 caller=0x1047418a8
ETHEREUM_INCREMENTAL_ROLE0_ALLOCATOR_LIVE ptr=0x16c5b0e20 bytes=32 caller=0x1047418a8
ETHEREUM_INCREMENTAL_ROLE0_ALLOCATOR_LIVE ptr=0x16c5b0e40 bytes=32 caller=0x1047418a8
ETHEREUM_INCREMENTAL_ROLE0_ALLOCATOR_LIVE ptr=0x16c5b0e60 bytes=32 caller=0x1047418a8
ETHEREUM_INCREMENTAL_ROLE0_ALLOCATOR_LIVE ptr=0x16c5b0e80 bytes=32 caller=0x1047418a8
ETHEREUM_INCREMENTAL_ROLE0_ALLOCATOR_LIVE ptr=0x16c5b0ea0 bytes=32 caller=0x1047418a8
ETHEREUM_INCREMENTAL_ROLE0_ALLOCATOR_LIVE ptr=0x16c5b0ec0 bytes=32 caller=0x1047418a8
ETHEREUM_INCREMENTAL_ROLE0_ALLOCATOR_LIVE ptr=0x16c5b0ee0 bytes=32 caller=0x1047418a8
ETHEREUM_INCREMENTAL_ROLE0_ALLOCATOR_LIVE ptr=0x16c5b0f00 bytes=32 caller=0x1047418a8
ETHEREUM_INCREMENTAL_ROLE0_ALLOCATOR_LIVE ptr=0x16c5b0f20 bytes=32 caller=0x1047418a8
ETHEREUM_INCREMENTAL_ROLE0_ALLOCATOR_LIVE ptr=0x16c5b0f40 bytes=32 caller=0x1047418a8
ETHEREUM_INCREMENTAL_ROLE0_ALLOCATOR_LIVE ptr=0x16c5b0f60 bytes=32 caller=0x1047418a8
ETHEREUM_INCREMENTAL_ROLE0_ALLOCATOR_LIVE ptr=0x16c5b0f80 bytes=32 caller=0x1047418a8
ETHEREUM_INCREMENTAL_ROLE0_ALLOCATOR_LIVE ptr=0x16c5b0fa0 bytes=32 caller=0x1047418a8
ETHEREUM_INCREMENTAL_ROLE0_ALLOCATOR_LIVE ptr=0x16c5b0fc0 bytes=32 caller=0x1047418a8
ETHEREUM_INCREMENTAL_ROLE0_ALLOCATOR_LIVE ptr=0x16c5b0fe0 bytes=32 caller=0x1047418a8
ETHEREUM_INCREMENTAL_ROLE0_ALLOCATOR_LIVE ptr=0x16c5b1000 bytes=32 caller=0x1047418a8
ETHEREUM_INCREMENTAL_ROLE0_ALLOCATOR_LIVE ptr=0x16c5b1020 bytes=32 caller=0x1047418a8
ETHEREUM_INCREMENTAL_ROLE0_ALLOCATOR_LIVE ptr=0x16c5b1040 bytes=32 caller=0x1047418a8
ETHEREUM_INCREMENTAL_ROLE0_ALLOCATOR_LIVE ptr=0x16c5b1060 bytes=32 caller=0x1047418a8
ETHEREUM_INCREMENTAL_ROLE0_ALLOCATOR_LIVE ptr=0x16c5b1080 bytes=32 caller=0x1047418a8
ETHEREUM_INCREMENTAL_ROLE0_ALLOCATOR_LIVE ptr=0x16c5b10a0 bytes=32 caller=0x1047418a8
ETHEREUM_INCREMENTAL_ROLE0_ALLOCATOR_LIVE ptr=0x16c5b10c0 bytes=32 caller=0x1047418a8
ETHEREUM_INCREMENTAL_ROLE0_ALLOCATOR_LIVE ptr=0x16c5b10e0 bytes=32 caller=0x1047418a8
ETHEREUM_INCREMENTAL_ROLE0_ALLOCATOR_LIVE ptr=0x16c5b1100 bytes=32 caller=0x1047418a8
ETHEREUM_INCREMENTAL_ROLE0_ALLOCATOR_LIVE ptr=0x16c5b1120 bytes=32 caller=0x1047418a8
ETHEREUM_INCREMENTAL_ROLE0_ALLOCATOR_LIVE ptr=0x16c5b1140 bytes=32 caller=0x1047418a8
ETHEREUM_INCREMENTAL_ROLE0_ALLOCATOR_LIVE ptr=0x16c5b1160 bytes=32 caller=0x1047418a8
ETHEREUM_INCREMENTAL_ROLE0_ALLOCATOR_LIVE ptr=0x16c5b1180 bytes=32 caller=0x1047418a8
ETHEREUM_INCREMENTAL_ROLE0_ALLOCATOR_LIVE ptr=0x16c5b11a0 bytes=32 caller=0x1047418a8
ETHEREUM_INCREMENTAL_ROLE0_ALLOCATOR_LIVE ptr=0x16c5b11c0 bytes=32 caller=0x1047418a8
ETHEREUM_INCREMENTAL_ROLE0_ALLOCATOR_LIVE ptr=0x16c5b11e0 bytes=32 caller=0x1047418a8
ETHEREUM_INCREMENTAL_ROLE0_ALLOCATOR_LIVE ptr=0x16c5b1200 bytes=32 caller=0x1047418a8
ETHEREUM_INCREMENTAL_ROLE0_ALLOCATOR_LIVE ptr=0x16c5b1220 bytes=32 caller=0x1047418a8
ETHEREUM_INCREMENTAL_ROLE0_ALLOCATOR_LIVE ptr=0x16c5b1240 bytes=32 caller=0x1047418a8
ETHEREUM_INCREMENTAL_ROLE0_ALLOCATOR_LIVE ptr=0x16c5b1260 bytes=32 caller=0x1047418a8
ETHEREUM_INCREMENTAL_ROLE0_ALLOCATOR_LIVE ptr=0x16c5b1280 bytes=32 caller=0x1047418a8
ETHEREUM_INCREMENTAL_ROLE0_ALLOCATOR_LIVE ptr=0x16c5b12a0 bytes=32 caller=0x1047418a8
ETHEREUM_INCREMENTAL_ROLE0_ALLOCATOR_LIVE ptr=0x16c5b12c0 bytes=32 caller=0x1047418a8
ETHEREUM_INCREMENTAL_ROLE0_ALLOCATOR_LIVE ptr=0x16c5b12e0 bytes=32 caller=0x1047418a8
ETHEREUM_INCREMENTAL_ROLE0_ALLOCATOR_LIVE ptr=0x16c5b1300 bytes=32 caller=0x1047418a8
ETHEREUM_INCREMENTAL_ROLE0_ALLOCATOR_LIVE ptr=0x16c5b1320 bytes=32 caller=0x1047418a8
ETHEREUM_INCREMENTAL_ROLE0_ALLOCATOR_LIVE ptr=0x16c5b1340 bytes=32 caller=0x1047418a8
ETHEREUM_INCREMENTAL_ROLE0_ALLOCATOR_LIVE ptr=0x16c5b1360 bytes=32 caller=0x1047418a8
ETHEREUM_INCREMENTAL_ROLE0_ALLOCATOR_LIVE ptr=0x16c5b1380 bytes=32 caller=0x1047418a8
ETHEREUM_INCREMENTAL_ROLE0_ALLOCATOR_LIVE ptr=0x16c5b13a0 bytes=32 caller=0x1047418a8
ETHEREUM_INCREMENTAL_ROLE0_ALLOCATOR_LIVE ptr=0x16c5b13c0 bytes=32 caller=0x1047418a8
ETHEREUM_INCREMENTAL_ROLE0_ALLOCATOR_LIVE ptr=0x16c5b13e0 bytes=32 caller=0x1047418a8
ETHEREUM_INCREMENTAL_ROLE0_ALLOCATOR_LIVE ptr=0x16c5b1400 bytes=32 caller=0x1047418a8
ETHEREUM_INCREMENTAL_ROLE0_ALLOCATOR_LIVE ptr=0x16c5b1420 bytes=32 caller=0x1047418a8
ETHEREUM_INCREMENTAL_ROLE0_ALLOCATOR_LIVE ptr=0x16c5b1440 bytes=32 caller=0x1047418a8
ETHEREUM_INCREMENTAL_ROLE0_ALLOCATOR_LIVE ptr=0x16c5b1460 bytes=32 caller=0x1047418a8
ETHEREUM_INCREMENTAL_ROLE0_ALLOCATOR_LIVE ptr=0x16c5b1480 bytes=32 caller=0x1047418a8
ETHEREUM_INCREMENTAL_ROLE0_ALLOCATOR_LIVE ptr=0x16c5b14a0 bytes=32 caller=0x1047418a8
ETHEREUM_INCREMENTAL_ROLE0_ALLOCATOR_LIVE ptr=0x16c5b14c0 bytes=32 caller=0x1047418a8
ETHEREUM_INCREMENTAL_ROLE0_ALLOCATOR_LIVE ptr=0x16c5b14e0 bytes=32 caller=0x1047418a8
ETHEREUM_INCREMENTAL_ROLE0_ALLOCATOR_LIVE ptr=0x16c5b1500 bytes=32 caller=0x1047418a8
ETHEREUM_INCREMENTAL_ROLE0_ALLOCATOR_LIVE ptr=0x16c5b1520 bytes=32 caller=0x1047418a8
ETHEREUM_INCREMENTAL_ROLE0_ALLOCATOR_LIVE ptr=0x16c5b1540 bytes=32 caller=0x1047418a8
ETHEREUM_INCREMENTAL_ROLE0_ALLOCATOR_LIVE ptr=0x16c5b1560 bytes=32 caller=0x1047418a8
ETHEREUM_INCREMENTAL_ROLE0_ALLOCATOR_LIVE ptr=0x16c5b1580 bytes=32 caller=0x1047418a8
ETHEREUM_INCREMENTAL_ROLE0_ALLOCATOR_LIVE ptr=0x16c5b15a0 bytes=32 caller=0x1047418a8
ETHEREUM_INCREMENTAL_ROLE0_ALLOCATOR_LIVE ptr=0x16c5b15c0 bytes=32 caller=0x1047418a8
ETHEREUM_INCREMENTAL_ROLE0_ALLOCATOR_LIVE ptr=0x16c5b15e0 bytes=32 caller=0x1047418a8
ETHEREUM_INCREMENTAL_ROLE0_ALLOCATOR_LIVE ptr=0x16c5b1600 bytes=32 caller=0x1047418a8
ETHEREUM_INCREMENTAL_ROLE0_ALLOCATOR_LIVE ptr=0x16c5b1620 bytes=32 caller=0x1047418a8
ETHEREUM_INCREMENTAL_ROLE0_ALLOCATOR_LIVE ptr=0x16c5b1640 bytes=32 caller=0x1047418a8
ETHEREUM_INCREMENTAL_ROLE0_ALLOCATOR_LIVE ptr=0x16c5b1660 bytes=32 caller=0x1047418a8
ETHEREUM_INCREMENTAL_ROLE0_ALLOCATOR_LIVE ptr=0x16c5b1680 bytes=32 caller=0x1047418a8
ETHEREUM_INCREMENTAL_ROLE0_ALLOCATOR_LIVE ptr=0x16c5b16a0 bytes=32 caller=0x1047418a8
ETHEREUM_INCREMENTAL_ROLE0_ALLOCATOR_LIVE ptr=0x16c5b16c0 bytes=32 caller=0x1047418a8
ETHEREUM_INCREMENTAL_ROLE0_ALLOCATOR_LIVE ptr=0x16c5b16e0 bytes=32 caller=0x1047418a8
ETHEREUM_INCREMENTAL_ROLE0_ALLOCATOR_LIVE ptr=0x16c5b1700 bytes=32 caller=0x1047418a8
ETHEREUM_INCREMENTAL_ROLE0_ALLOCATOR_LIVE ptr=0x16c5b1720 bytes=32 caller=0x1047418a8
ETHEREUM_INCREMENTAL_ROLE0_ALLOCATOR_LIVE ptr=0x16c5b1740 bytes=32 caller=0x1047418a8
ETHEREUM_INCREMENTAL_ROLE0_ALLOCATOR_LIVE ptr=0x16c5b1760 bytes=32 caller=0x1047418a8
ETHEREUM_INCREMENTAL_ROLE0_ALLOCATOR_LIVE ptr=0x16c5b1780 bytes=32 caller=0x1047418a8
ETHEREUM_INCREMENTAL_ROLE0_ALLOCATOR_LIVE ptr=0x16c5b17a0 bytes=32 caller=0x1047418a8
ETHEREUM_INCREMENTAL_ROLE0_ALLOCATOR_LIVE ptr=0x16c5b17c0 bytes=32 caller=0x1047418a8
ETHEREUM_INCREMENTAL_ROLE0_ALLOCATOR_LIVE ptr=0x16c5b17e0 bytes=32 caller=0x1047418a8
ETHEREUM_INCREMENTAL_ROLE0_ALLOCATOR_LIVE ptr=0x16c5b1800 bytes=32 caller=0x1047418a8
ETHEREUM_INCREMENTAL_ROLE0_ALLOCATOR_LIVE ptr=0x16c5b1820 bytes=32 caller=0x1047418a8
ETHEREUM_INCREMENTAL_ROLE0_ALLOCATOR_LIVE ptr=0x16c5b1840 bytes=32 caller=0x1047418a8
ETHEREUM_INCREMENTAL_ROLE0_ALLOCATOR_LIVE ptr=0x16c5b1860 bytes=32 caller=0x1047418a8
ETHEREUM_INCREMENTAL_ROLE0_ALLOCATOR_LIVE ptr=0x16c5b1880 bytes=32 caller=0x1047418a8
ETHEREUM_INCREMENTAL_ROLE0_ALLOCATOR_LIVE ptr=0x16c5b18a0 bytes=32 caller=0x1047418a8
ETHEREUM_INCREMENTAL_ROLE0_ALLOCATOR_LIVE ptr=0x16c5b18c0 bytes=32 caller=0x1047418a8
ETHEREUM_INCREMENTAL_ROLE0_ALLOCATOR_LIVE ptr=0x16c5b18e0 bytes=32 caller=0x1047418a8
ETHEREUM_INCREMENTAL_ROLE0_ALLOCATOR_LIVE ptr=0x16c5b1900 bytes=32 caller=0x1047418a8
ETHEREUM_INCREMENTAL_ROLE0_ALLOCATOR_LIVE ptr=0x16c5b1920 bytes=32 caller=0x1047418a8
ETHEREUM_INCREMENTAL_ROLE0_ALLOCATOR_LIVE ptr=0x16c5b1940 bytes=32 caller=0x1047418a8
ETHEREUM_INCREMENTAL_ROLE0_ALLOCATOR_LIVE ptr=0x16c5b1960 bytes=32 caller=0x1047418a8
ETHEREUM_INCREMENTAL_ROLE0_ALLOCATOR_LIVE ptr=0x16c5b1980 bytes=32 caller=0x1047418a8
ETHEREUM_INCREMENTAL_ROLE0_ALLOCATOR_LIVE ptr=0x16c5b19a0 bytes=32 caller=0x1047418a8
ETHEREUM_INCREMENTAL_ROLE0_ALLOCATOR_LIVE ptr=0x16c5b19c0 bytes=32 caller=0x1047418a8
ETHEREUM_INCREMENTAL_ROLE0_ALLOCATOR_LIVE ptr=0x16c5b19e0 bytes=32 caller=0x1047418a8
ETHEREUM_INCREMENTAL_ROLE0_ALLOCATOR_LIVE ptr=0x16c5b1a00 bytes=32 caller=0x1047418a8
ETHEREUM_INCREMENTAL_ROLE0_ALLOCATOR_LIVE ptr=0x16c5b1a20 bytes=32 caller=0x1047418a8
ETHEREUM_INCREMENTAL_ROLE0_ALLOCATOR_LIVE ptr=0x16c5b1a40 bytes=32 caller=0x1047418a8
ETHEREUM_INCREMENTAL_ROLE0_ALLOCATOR_LIVE ptr=0x16c5b1a60 bytes=32 caller=0x1047418a8
ETHEREUM_INCREMENTAL_ROLE0_ALLOCATOR_LIVE ptr=0x16c5b1a80 bytes=32 caller=0x1047418a8
ETHEREUM_INCREMENTAL_ROLE0_ALLOCATOR_LIVE ptr=0x16c5b1aa0 bytes=32 caller=0x1047418a8
ETHEREUM_INCREMENTAL_ROLE0_ALLOCATOR_LIVE ptr=0x16c5b1ac0 bytes=32 caller=0x1047418a8
ETHEREUM_INCREMENTAL_ROLE0_ALLOCATOR_LIVE ptr=0x16c5b1ae0 bytes=32 caller=0x1047418a8
ETHEREUM_INCREMENTAL_ROLE0_ALLOCATOR_LIVE ptr=0x16c5b1b00 bytes=32 caller=0x1047418a8
ETHEREUM_INCREMENTAL_ROLE0_ALLOCATOR_LIVE ptr=0x16c5b1b20 bytes=32 caller=0x1047418a8
ETHEREUM_INCREMENTAL_ROLE0_ALLOCATOR_LIVE ptr=0x16c5b1b40 bytes=32 caller=0x1047418a8
ETHEREUM_INCREMENTAL_ROLE0_ALLOCATOR_LIVE ptr=0x16c5b1b60 bytes=32 caller=0x1047418a8
ETHEREUM_INCREMENTAL_ROLE0_ALLOCATOR_LIVE ptr=0x16c5b1b80 bytes=32 caller=0x1047418a8
ETHEREUM_INCREMENTAL_ROLE0_ALLOCATOR_LIVE ptr=0x16c5b1ba0 bytes=32 caller=0x1047418a8
ETHEREUM_INCREMENTAL_ROLE0_ALLOCATOR_LIVE ptr=0x16c5b1bc0 bytes=32 caller=0x1047418a8
ETHEREUM_INCREMENTAL_ROLE0_ALLOCATOR_LIVE ptr=0x16c5b1be0 bytes=32 caller=0x1047418a8
ETHEREUM_INCREMENTAL_ROLE0_ALLOCATOR_LIVE ptr=0x16c5b1c00 bytes=32 caller=0x1047418a8
ETHEREUM_INCREMENTAL_ROLE0_ALLOCATOR_LIVE ptr=0x16c5b1c20 bytes=32 caller=0x1047418a8
ETHEREUM_INCREMENTAL_ROLE0_ALLOCATOR_LIVE ptr=0x16c5b1c40 bytes=32 caller=0x1047418a8
ETHEREUM_INCREMENTAL_ROLE0_ALLOCATOR_LIVE ptr=0x16c5b1c60 bytes=32 caller=0x1047418a8
ETHEREUM_INCREMENTAL_ROLE0_ALLOCATOR_LIVE ptr=0x16c5b1c80 bytes=32 caller=0x1047418a8
ETHEREUM_INCREMENTAL_ROLE0_ALLOCATOR_LIVE ptr=0x16c5b1ca0 bytes=32 caller=0x1047418a8
ETHEREUM_INCREMENTAL_ROLE0_ALLOCATOR_LIVE ptr=0x16c5b1cc0 bytes=32 caller=0x1047418a8
ETHEREUM_INCREMENTAL_ROLE0_ALLOCATOR_LIVE ptr=0x16c5b1ce0 bytes=32 caller=0x1047418a8
ETHEREUM_INCREMENTAL_ROLE0_ALLOCATOR_LIVE ptr=0x16c5b1d00 bytes=32 caller=0x1047418a8
ETHEREUM_INCREMENTAL_ROLE0_ALLOCATOR_LIVE ptr=0x16c5b1d20 bytes=32 caller=0x1047418a8
ETHEREUM_INCREMENTAL_ROLE0_ALLOCATOR_LIVE ptr=0x16c5b1d40 bytes=32 caller=0x1047418a8
ETHEREUM_INCREMENTAL_ROLE0_ALLOCATOR_LIVE ptr=0x16c5b1d60 bytes=32 caller=0x1047418a8
ETHEREUM_INCREMENTAL_ROLE0_ALLOCATOR_LIVE ptr=0x16c5b1d80 bytes=32 caller=0x1047418a8
ETHEREUM_INCREMENTAL_ROLE0_ALLOCATOR_LIVE ptr=0x16c5b1da0 bytes=32 caller=0x1047418a8
ETHEREUM_INCREMENTAL_ROLE0_ALLOCATOR_LIVE ptr=0x16c5b1dc0 bytes=32 caller=0x1047418a8
ETHEREUM_INCREMENTAL_ROLE0_ALLOCATOR_LIVE ptr=0x16c5b1de0 bytes=32 caller=0x1047418a8
ETHEREUM_INCREMENTAL_ROLE0_ALLOCATOR_LIVE ptr=0x16c5b1e00 bytes=32 caller=0x1047418a8
ETHEREUM_INCREMENTAL_ROLE0_ALLOCATOR_LIVE ptr=0x16c5b1e20 bytes=32 caller=0x1047418a8
ETHEREUM_INCREMENTAL_ROLE0_ALLOCATOR_LIVE ptr=0x16c5b1e40 bytes=32 caller=0x1047418a8
ETHEREUM_INCREMENTAL_ROLE0_ALLOCATOR_LIVE ptr=0x16c5b1e60 bytes=32 caller=0x1047418a8
ETHEREUM_INCREMENTAL_ROLE0_ALLOCATOR_LIVE ptr=0x16c5b1e80 bytes=32 caller=0x1047418a8
ETHEREUM_INCREMENTAL_ROLE0_ALLOCATOR_LIVE ptr=0x16c5b1ea0 bytes=32 caller=0x1047418a8
ETHEREUM_INCREMENTAL_ROLE0_ALLOCATOR_LIVE ptr=0x16c5b1ec0 bytes=32 caller=0x1047418a8
ETHEREUM_INCREMENTAL_ROLE0_ALLOCATOR_LIVE ptr=0x16c5b1ee0 bytes=32 caller=0x1047418a8
ETHEREUM_INCREMENTAL_ROLE0_ALLOCATOR_LIVE ptr=0x16c5b1f00 bytes=32 caller=0x1047418a8
ETHEREUM_INCREMENTAL_ROLE0_ALLOCATOR_LIVE ptr=0x16c5b1f20 bytes=32 caller=0x1047418a8
ETHEREUM_INCREMENTAL_ROLE0_ALLOCATOR_LIVE ptr=0x16c5b1f40 bytes=32 caller=0x1047418a8
ETHEREUM_INCREMENTAL_ROLE0_ALLOCATOR_LIVE ptr=0x16c5b1f60 bytes=32 caller=0x1047418a8
ETHEREUM_INCREMENTAL_ROLE0_ALLOCATOR_LIVE ptr=0x16c5b1f80 bytes=32 caller=0x1047418a8
ETHEREUM_INCREMENTAL_ROLE0_ALLOCATOR_LIVE ptr=0x16c5b1fa0 bytes=32 caller=0x1047418a8
ETHEREUM_INCREMENTAL_ROLE0_ALLOCATOR_LIVE ptr=0x16c5b1fc0 bytes=32 caller=0x1047418a8
ETHEREUM_INCREMENTAL_ROLE0_ALLOCATOR_LIVE ptr=0x16c5b1fe0 bytes=32 caller=0x1047418a8
ETHEREUM_INCREMENTAL_ROLE0_ALLOCATOR_LIVE ptr=0x16c5b2000 bytes=32 caller=0x1047418a8
ETHEREUM_INCREMENTAL_ROLE0_ALLOCATOR_LIVE ptr=0x16c5b2020 bytes=32 caller=0x1047418a8
ETHEREUM_INCREMENTAL_ROLE0_ALLOCATOR_LIVE ptr=0x16c5b2040 bytes=32 caller=0x1047418a8
ETHEREUM_INCREMENTAL_ROLE0_ALLOCATOR_LIVE ptr=0x16c5b2060 bytes=32 caller=0x1047418a8
ETHEREUM_INCREMENTAL_ROLE0_ALLOCATOR_LIVE ptr=0x16c5b2080 bytes=32 caller=0x1047418a8
ETHEREUM_INCREMENTAL_ROLE0_ALLOCATOR_LIVE ptr=0x16c5b20a0 bytes=32 caller=0x1047418a8
ETHEREUM_INCREMENTAL_ROLE0_ALLOCATOR_LIVE ptr=0x16c5b20c0 bytes=32 caller=0x1047418a8
ETHEREUM_INCREMENTAL_ROLE0_ALLOCATOR_LIVE ptr=0x16c5b20e0 bytes=32 caller=0x1047418a8
ETHEREUM_INCREMENTAL_ROLE0_ALLOCATOR_LIVE ptr=0x16c5b2100 bytes=32 caller=0x1047418a8
ETHEREUM_INCREMENTAL_ROLE0_ALLOCATOR_LIVE ptr=0x16c5b2120 bytes=32 caller=0x1047418a8
ETHEREUM_INCREMENTAL_ROLE0_ALLOCATOR_LIVE ptr=0x16c5b2140 bytes=32 caller=0x1047418a8
ETHEREUM_INCREMENTAL_ROLE0_ALLOCATOR_LIVE ptr=0x16c5b2160 bytes=32 caller=0x1047418a8
ETHEREUM_INCREMENTAL_ROLE0_ALLOCATOR_LIVE ptr=0x16c5b2180 bytes=32 caller=0x1047418a8
ETHEREUM_INCREMENTAL_ROLE0_ALLOCATOR_LIVE ptr=0x16c5b21a0 bytes=32 caller=0x1047418a8
ETHEREUM_INCREMENTAL_ROLE0_ALLOCATOR_LIVE ptr=0x16c5b21c0 bytes=32 caller=0x1047418a8
ETHEREUM_INCREMENTAL_ROLE0_ALLOCATOR_LIVE ptr=0x16c5b21e0 bytes=32 caller=0x1047418a8
ETHEREUM_INCREMENTAL_ROLE0_ALLOCATOR_LIVE ptr=0x16c5b2200 bytes=32 caller=0x1047418a8
ETHEREUM_INCREMENTAL_ROLE0_ALLOCATOR_LIVE ptr=0x16c5b2220 bytes=32 caller=0x1047418a8
ETHEREUM_INCREMENTAL_ROLE0_ALLOCATOR_LIVE ptr=0x16c5b2240 bytes=32 caller=0x1047418a8
ETHEREUM_INCREMENTAL_ROLE0_ALLOCATOR_LIVE ptr=0x16c5b2260 bytes=32 caller=0x1047418a8
ETHEREUM_INCREMENTAL_ROLE0_ALLOCATOR_LIVE ptr=0x16c5b2280 bytes=32 caller=0x1047418a8
ETHEREUM_INCREMENTAL_ROLE0_ALLOCATOR_LIVE ptr=0x16c5b22a0 bytes=32 caller=0x1047418a8
ETHEREUM_INCREMENTAL_ROLE0_ALLOCATOR_LIVE ptr=0x16c5b22c0 bytes=32 caller=0x1047418a8
ETHEREUM_INCREMENTAL_ROLE0_ALLOCATOR_LIVE ptr=0x16c5b22e0 bytes=32 caller=0x1047418a8
ETHEREUM_INCREMENTAL_ROLE0_ALLOCATOR_LIVE ptr=0x16c5b2300 bytes=32 caller=0x1047418a8
ETHEREUM_INCREMENTAL_ROLE0_ALLOCATOR_LIVE ptr=0x16c5b2320 bytes=32 caller=0x1047418a8
ETHEREUM_INCREMENTAL_ROLE0_ALLOCATOR_LIVE ptr=0x16c5b2340 bytes=32 caller=0x1047418a8
ETHEREUM_INCREMENTAL_ROLE0_ALLOCATOR_LIVE ptr=0x16c5b2360 bytes=32 caller=0x1047418a8
ETHEREUM_INCREMENTAL_ROLE0_ALLOCATOR_LIVE ptr=0x16c5b2380 bytes=32 caller=0x1047418a8
ETHEREUM_INCREMENTAL_ROLE0_ALLOCATOR_LIVE ptr=0x16c5b23a0 bytes=32 caller=0x1047418a8
ETHEREUM_INCREMENTAL_ROLE0_ALLOCATOR_LIVE ptr=0x16c5b23c0 bytes=32 caller=0x1047418a8
ETHEREUM_INCREMENTAL_ROLE0_ALLOCATOR_LIVE ptr=0x16c5b23e0 bytes=32 caller=0x1047418a8
ETHEREUM_INCREMENTAL_ROLE0_ALLOCATOR_LIVE ptr=0x16c5b2400 bytes=32 caller=0x1047418a8
ETHEREUM_INCREMENTAL_ROLE0_ALLOCATOR_LIVE ptr=0x16c5b2420 bytes=32 caller=0x1047418a8
ETHEREUM_INCREMENTAL_ROLE0_ALLOCATOR_LIVE ptr=0x16c5b2440 bytes=32 caller=0x1047418a8
ETHEREUM_INCREMENTAL_ROLE0_ALLOCATOR_LIVE ptr=0x16c5b2460 bytes=32 caller=0x1047418a8
ETHEREUM_INCREMENTAL_ROLE0_ALLOCATOR_LIVE ptr=0x16c5b2480 bytes=32 caller=0x1047418a8
ETHEREUM_INCREMENTAL_ROLE0_ALLOCATOR_LIVE ptr=0x16c5b24a0 bytes=32 caller=0x1047418a8
ETHEREUM_INCREMENTAL_ROLE0_ALLOCATOR_LIVE ptr=0x16c5b24c0 bytes=32 caller=0x1047418a8
ETHEREUM_INCREMENTAL_ROLE0_ALLOCATOR_LIVE ptr=0x16c5b24e0 bytes=32 caller=0x1047418a8
ETHEREUM_INCREMENTAL_ROLE0_ALLOCATOR_LIVE ptr=0x16c5b2500 bytes=32 caller=0x1047418a8
ETHEREUM_INCREMENTAL_ROLE0_ALLOCATOR_LIVE ptr=0x16c5b2520 bytes=32 caller=0x1047418a8
ETHEREUM_INCREMENTAL_ROLE0_ALLOCATOR_LIVE ptr=0x16c5b2540 bytes=32 caller=0x1047418a8
ETHEREUM_INCREMENTAL_ROLE0_ALLOCATOR_LIVE ptr=0x16c5b2560 bytes=32 caller=0x1047418a8
ETHEREUM_INCREMENTAL_ROLE0_ALLOCATOR_LIVE ptr=0x16c5b2580 bytes=32 caller=0x1047418a8
ETHEREUM_INCREMENTAL_ROLE0_ALLOCATOR_LIVE ptr=0x16c5b25a0 bytes=32 caller=0x1047418a8
ETHEREUM_INCREMENTAL_ROLE0_ALLOCATOR_LIVE ptr=0x16c5b25c0 bytes=32 caller=0x1047418a8
ETHEREUM_INCREMENTAL_ROLE0_ALLOCATOR_LIVE ptr=0x16c5b25e0 bytes=32 caller=0x1047418a8
ETHEREUM_INCREMENTAL_ROLE0_ALLOCATOR_LIVE ptr=0x16c5b2600 bytes=32 caller=0x1047418a8
ETHEREUM_INCREMENTAL_ROLE0_ALLOCATOR_LIVE ptr=0x16c5b2620 bytes=32 caller=0x1047418a8
ETHEREUM_INCREMENTAL_ROLE0_ALLOCATOR_LIVE ptr=0x16c5b2640 bytes=32 caller=0x1047418a8
ETHEREUM_INCREMENTAL_ROLE0_ALLOCATOR_LIVE ptr=0x16c5b2660 bytes=32 caller=0x1047418a8
ETHEREUM_INCREMENTAL_ROLE0_ALLOCATOR_LIVE ptr=0x16c5b2680 bytes=32 caller=0x1047418a8
ETHEREUM_INCREMENTAL_ROLE0_ALLOCATOR_LIVE ptr=0x16c5b26a0 bytes=32 caller=0x1047418a8
ETHEREUM_INCREMENTAL_ROLE0_ALLOCATOR_LIVE ptr=0x16c5b26c0 bytes=32 caller=0x1047418a8
ETHEREUM_INCREMENTAL_ROLE0_ALLOCATOR_LIVE ptr=0x16c5b26e0 bytes=32 caller=0x1047418a8
ETHEREUM_INCREMENTAL_ROLE0_ALLOCATOR_LIVE ptr=0x16c5b2700 bytes=32 caller=0x1047418a8
ETHEREUM_INCREMENTAL_ROLE0_ALLOCATOR_LIVE ptr=0x16c5b2720 bytes=32 caller=0x1047418a8
ETHEREUM_INCREMENTAL_ROLE0_ALLOCATOR_LIVE ptr=0x16c5b2740 bytes=32 caller=0x1047418a8
ETHEREUM_INCREMENTAL_ROLE0_ALLOCATOR_LIVE ptr=0x16c5b2760 bytes=32 caller=0x1047418a8
ETHEREUM_INCREMENTAL_ROLE0_ALLOCATOR_LIVE ptr=0x16c5b2780 bytes=32 caller=0x1047418a8
ETHEREUM_INCREMENTAL_ROLE0_ALLOCATOR_LIVE ptr=0x16c5b27a0 bytes=32 caller=0x1047418a8
ETHEREUM_INCREMENTAL_ROLE0_ALLOCATOR_LIVE ptr=0x16c5b27c0 bytes=32 caller=0x1047418a8
ETHEREUM_INCREMENTAL_ROLE0_ALLOCATOR_LIVE ptr=0x16c5b27e0 bytes=32 caller=0x1047418a8
ETHEREUM_INCREMENTAL_ROLE0_ALLOCATOR_LIVE ptr=0x16c5b2800 bytes=32 caller=0x1047418a8
ETHEREUM_INCREMENTAL_ROLE0_ALLOCATOR_LIVE ptr=0x16c5b2820 bytes=32 caller=0x1047418a8
ETHEREUM_INCREMENTAL_ROLE0_ALLOCATOR_LIVE ptr=0x16c5b2840 bytes=32 caller=0x1047418a8
ETHEREUM_INCREMENTAL_ROLE0_ALLOCATOR_LIVE ptr=0x16c5b2860 bytes=32 caller=0x1047418a8
ETHEREUM_INCREMENTAL_ROLE0_ALLOCATOR_LIVE ptr=0x16c5b2880 bytes=32 caller=0x1047418a8
ETHEREUM_INCREMENTAL_ROLE0_ALLOCATOR_LIVE ptr=0x16c5b28a0 bytes=32 caller=0x1047418a8
ETHEREUM_INCREMENTAL_ROLE0_ALLOCATOR_LIVE ptr=0x16c5b28c0 bytes=32 caller=0x1047418a8
ETHEREUM_INCREMENTAL_ROLE0_ALLOCATOR_LIVE ptr=0x16c5b28e0 bytes=32 caller=0x1047418a8
ETHEREUM_INCREMENTAL_ROLE0_ALLOCATOR_LIVE ptr=0x16c5b2900 bytes=32 caller=0x1047418a8
ETHEREUM_INCREMENTAL_ROLE0_ALLOCATOR_LIVE ptr=0x16c5b2920 bytes=32 caller=0x1047418a8
ETHEREUM_INCREMENTAL_ROLE0_ALLOCATOR_LIVE ptr=0x16c5b2940 bytes=32 caller=0x1047418a8
ETHEREUM_INCREMENTAL_ROLE0_ALLOCATOR_LIVE ptr=0x16c5b2960 bytes=32 caller=0x1047418a8
ETHEREUM_INCREMENTAL_ROLE0_ALLOCATOR_LIVE ptr=0x16c5b2980 bytes=32 caller=0x1047418a8
ETHEREUM_INCREMENTAL_ROLE0_ALLOCATOR_LIVE ptr=0x16c5b29a0 bytes=32 caller=0x1047418a8
ETHEREUM_INCREMENTAL_ROLE0_ALLOCATOR_LIVE ptr=0x16c5b29c0 bytes=32 caller=0x1047418a8
ETHEREUM_INCREMENTAL_ROLE0_ALLOCATOR_LIVE ptr=0x16c5b29e0 bytes=32 caller=0x1047418a8
ETHEREUM_INCREMENTAL_ROLE0_ALLOCATOR_LIVE ptr=0x16c5b2a00 bytes=32 caller=0x1047418a8
ETHEREUM_INCREMENTAL_ROLE0_ALLOCATOR_LIVE ptr=0x16c5b2a20 bytes=32 caller=0x1047418a8
ETHEREUM_INCREMENTAL_ROLE0_ALLOCATOR_LIVE ptr=0x16c5b2a40 bytes=32 caller=0x1047418a8
ETHEREUM_INCREMENTAL_ROLE0_ALLOCATOR_LIVE ptr=0x16c5b2a60 bytes=32 caller=0x1047418a8
ETHEREUM_INCREMENTAL_ROLE0_ALLOCATOR_LIVE ptr=0x16c5b2a80 bytes=32 caller=0x1047418a8
ETHEREUM_INCREMENTAL_ROLE0_ALLOCATOR_LIVE ptr=0x16c5b2aa0 bytes=32 caller=0x1047418a8
ETHEREUM_INCREMENTAL_ROLE0_ALLOCATOR_LIVE ptr=0x16c5b2ac0 bytes=32 caller=0x1047418a8
ETHEREUM_INCREMENTAL_ROLE0_ALLOCATOR_LIVE ptr=0x16c5b2ae0 bytes=32 caller=0x1047418a8
ETHEREUM_INCREMENTAL_ROLE0_ALLOCATOR_LIVE ptr=0x16c5b2b00 bytes=32 caller=0x1047418a8
ETHEREUM_INCREMENTAL_ROLE0_ALLOCATOR_LIVE ptr=0x16c5b2b20 bytes=32 caller=0x1047418a8
ETHEREUM_INCREMENTAL_ROLE0_ALLOCATOR_LIVE ptr=0x16c5b2b40 bytes=32 caller=0x1047418a8
ETHEREUM_INCREMENTAL_ROLE0_ALLOCATOR_LIVE ptr=0x16c5b2b60 bytes=32 caller=0x1047418a8
ETHEREUM_INCREMENTAL_ROLE0_ALLOCATOR_LIVE ptr=0x16c5b2b80 bytes=32 caller=0x1047418a8
ETHEREUM_INCREMENTAL_ROLE0_ALLOCATOR_LIVE ptr=0x16c5b2ba0 bytes=32 caller=0x1047418a8
ETHEREUM_INCREMENTAL_ROLE0_ALLOCATOR_LIVE ptr=0x16c5b2bc0 bytes=32 caller=0x1047418a8
ETHEREUM_INCREMENTAL_ROLE0_ALLOCATOR_LIVE ptr=0x16c5b2be0 bytes=32 caller=0x1047418a8
ETHEREUM_INCREMENTAL_ROLE0_ALLOCATOR_LIVE ptr=0x16c5b2c00 bytes=32 caller=0x1047418a8
ETHEREUM_INCREMENTAL_ROLE0_ALLOCATOR_LIVE ptr=0x16c5b2c20 bytes=32 caller=0x1047418a8
ETHEREUM_INCREMENTAL_ROLE0_ALLOCATOR_LIVE ptr=0x16c5b2c40 bytes=32 caller=0x1047418a8
ETHEREUM_INCREMENTAL_ROLE0_ALLOCATOR_LIVE ptr=0x16c5b2c60 bytes=32 caller=0x1047418a8
ETHEREUM_INCREMENTAL_ROLE0_ALLOCATOR_LIVE ptr=0x16c5b2c80 bytes=32 caller=0x1047418a8
ETHEREUM_INCREMENTAL_ROLE0_ALLOCATOR_LIVE ptr=0x16c5b2ca0 bytes=32 caller=0x1047418a8
ETHEREUM_INCREMENTAL_ROLE0_ALLOCATOR_LIVE ptr=0x16c5b2cc0 bytes=32 caller=0x1047418a8
ETHEREUM_INCREMENTAL_ROLE0_ALLOCATOR_LIVE ptr=0x16c5b2ce0 bytes=32 caller=0x1047418a8
ETHEREUM_INCREMENTAL_ROLE0_ALLOCATOR_LIVE ptr=0x16c5b2d00 bytes=32 caller=0x1047418a8
ETHEREUM_INCREMENTAL_ROLE0_ALLOCATOR_LIVE ptr=0x16c5b2d20 bytes=32 caller=0x1047418a8
ETHEREUM_INCREMENTAL_ROLE0_ALLOCATOR_LIVE ptr=0x16c5b2d40 bytes=32 caller=0x1047418a8
ETHEREUM_INCREMENTAL_ROLE0_ALLOCATOR_LIVE ptr=0x16c5b2d60 bytes=32 caller=0x1047418a8
ETHEREUM_INCREMENTAL_ROLE0_ALLOCATOR_LIVE ptr=0x16c5b2d80 bytes=32 caller=0x1047418a8
ETHEREUM_INCREMENTAL_ROLE0_ALLOCATOR_LIVE ptr=0x16c5b2da0 bytes=32 caller=0x1047418a8
ETHEREUM_INCREMENTAL_ROLE0_ALLOCATOR_LIVE ptr=0x16c5b2dc0 bytes=32 caller=0x1047418a8
ETHEREUM_INCREMENTAL_ROLE0_ALLOCATOR_LIVE ptr=0x16c5b2de0 bytes=32 caller=0x1047418a8
ETHEREUM_INCREMENTAL_ROLE0_ALLOCATOR_LIVE ptr=0x16c5b2e00 bytes=32 caller=0x1047418a8
ETHEREUM_INCREMENTAL_ROLE0_ALLOCATOR_LIVE ptr=0x16c5b2e20 bytes=32 caller=0x1047418a8
ETHEREUM_INCREMENTAL_ROLE0_ALLOCATOR_LIVE ptr=0x16c5b2e40 bytes=32 caller=0x1047418a8
ETHEREUM_INCREMENTAL_ROLE0_ALLOCATOR_LIVE ptr=0x16c5b2e60 bytes=32 caller=0x1047418a8
ETHEREUM_INCREMENTAL_ROLE0_ALLOCATOR_LIVE ptr=0x16c5b2e80 bytes=32 caller=0x1047418a8
ETHEREUM_INCREMENTAL_ROLE0_ALLOCATOR_LIVE ptr=0x16c5b2ea0 bytes=32 caller=0x1047418a8
ETHEREUM_INCREMENTAL_ROLE0_ALLOCATOR_LIVE ptr=0x16c5b2ec0 bytes=32 caller=0x1047418a8
ETHEREUM_INCREMENTAL_ROLE0_ALLOCATOR_LIVE ptr=0x16c5b2ee0 bytes=32 caller=0x1047418a8
ETHEREUM_INCREMENTAL_ROLE0_ALLOCATOR_LIVE ptr=0x16c5b2f00 bytes=32 caller=0x1047418a8
ETHEREUM_INCREMENTAL_ROLE0_ALLOCATOR_LIVE ptr=0x16c5b2f20 bytes=32 caller=0x1047418a8
ETHEREUM_INCREMENTAL_ROLE0_ALLOCATOR_LIVE ptr=0x16c5b2f40 bytes=32 caller=0x1047418a8
ETHEREUM_INCREMENTAL_ROLE0_ALLOCATOR_LIVE ptr=0x16c5b2f60 bytes=32 caller=0x1047418a8
ETHEREUM_INCREMENTAL_ROLE0_ALLOCATOR_LIVE ptr=0x16c5b2f80 bytes=32 caller=0x1047418a8
ETHEREUM_INCREMENTAL_ROLE0_ALLOCATOR_LIVE ptr=0x16c5b2fa0 bytes=32 caller=0x1047418a8
ETHEREUM_INCREMENTAL_ROLE0_ALLOCATOR_LIVE ptr=0x16c5b2fc0 bytes=32 caller=0x1047418a8
ETHEREUM_INCREMENTAL_ROLE0_ALLOCATOR_LIVE ptr=0x16c5b2fe0 bytes=32 caller=0x1047418a8
ETHEREUM_INCREMENTAL_ROLE0_ALLOCATOR_LIVE ptr=0x16c5b3000 bytes=32 caller=0x1047418a8
ETHEREUM_INCREMENTAL_ROLE0_ALLOCATOR_LIVE ptr=0x6656f0000 bytes=66624 caller=0x10473b554
ETHEREUM_INCREMENTAL_ROLE0_ALLOCATOR_LIVE ptr=0x170c40040 bytes=64 caller=0x10473b554
ETHEREUM_INCREMENTAL_ROLE0_ALLOCATOR_LIVE ptr=0x170c40080 bytes=64 caller=0x10473b554
ETHEREUM_INCREMENTAL_ROLE0_ALLOCATOR_LIVE ptr=0x170c400c0 bytes=64 caller=0x10473b554
ETHEREUM_INCREMENTAL_ROLE0_ALLOCATOR_LIVE ptr=0x170c40100 bytes=64 caller=0x10473b554
ETHEREUM_INCREMENTAL_ROLE0_ALLOCATOR_LIVE ptr=0x170c40140 bytes=64 caller=0x10473b554
ETHEREUM_INCREMENTAL_ROLE0_ALLOCATOR_LIVE ptr=0x170c40180 bytes=64 caller=0x10473b554
ETHEREUM_INCREMENTAL_ROLE0_ALLOCATOR_LIVE ptr=0x170c401c0 bytes=64 caller=0x10473b554
ETHEREUM_INCREMENTAL_ROLE0_ALLOCATOR_LIVE ptr=0x170c40200 bytes=64 caller=0x10473b554
ETHEREUM_INCREMENTAL_ROLE0_ALLOCATOR_LIVE ptr=0x170c40240 bytes=64 caller=0x10473b554
ETHEREUM_INCREMENTAL_ROLE0_ALLOCATOR_LIVE ptr=0x170c40280 bytes=64 caller=0x10473b554
ETHEREUM_INCREMENTAL_ROLE0_ALLOCATOR_LIVE ptr=0x170c402c0 bytes=64 caller=0x10473b554
ETHEREUM_INCREMENTAL_ROLE0_ALLOCATOR_LIVE ptr=0x170c40300 bytes=64 caller=0x10473b554
ETHEREUM_INCREMENTAL_ROLE0_ALLOCATOR_LIVE ptr=0x170c40340 bytes=64 caller=0x10473b554
ETHEREUM_INCREMENTAL_ROLE0_ALLOCATOR_LIVE ptr=0x170c40380 bytes=64 caller=0x10473b554
ETHEREUM_INCREMENTAL_ROLE0_ALLOCATOR_LIVE ptr=0x170c403c0 bytes=64 caller=0x10473b554
ETHEREUM_INCREMENTAL_ROLE0_ALLOCATOR_LIVE ptr=0x170c40400 bytes=64 caller=0x10473b554
ETHEREUM_INCREMENTAL_ROLE0_ALLOCATOR_LIVE ptr=0x170c40440 bytes=64 caller=0x10473b554
ETHEREUM_INCREMENTAL_ROLE0_ALLOCATOR_LIVE ptr=0x170c40480 bytes=64 caller=0x10473b554
ETHEREUM_INCREMENTAL_ROLE0_ALLOCATOR_LIVE ptr=0x170c404c0 bytes=64 caller=0x10473b554
ETHEREUM_INCREMENTAL_ROLE0_ALLOCATOR_LIVE ptr=0x170c40500 bytes=64 caller=0x10473b554
ETHEREUM_INCREMENTAL_ROLE0_ALLOCATOR_LIVE ptr=0x170c40540 bytes=64 caller=0x10473b554
ETHEREUM_INCREMENTAL_ROLE0_ALLOCATOR_LIVE ptr=0x170c40580 bytes=64 caller=0x10473b554
ETHEREUM_INCREMENTAL_ROLE0_ALLOCATOR_LIVE ptr=0x170c405c0 bytes=64 caller=0x10473b554
ETHEREUM_INCREMENTAL_ROLE0_ALLOCATOR_LIVE ptr=0x170c40600 bytes=64 caller=0x10473b554
ETHEREUM_INCREMENTAL_ROLE0_ALLOCATOR_LIVE ptr=0x170c40640 bytes=64 caller=0x10473b554
ETHEREUM_INCREMENTAL_ROLE0_ALLOCATOR_LIVE ptr=0x170c40680 bytes=64 caller=0x10473b554
ETHEREUM_INCREMENTAL_ROLE0_ALLOCATOR_LIVE ptr=0x170c406c0 bytes=64 caller=0x10473b554
ETHEREUM_INCREMENTAL_ROLE0_ALLOCATOR_LIVE ptr=0x170c40700 bytes=64 caller=0x10473b554
ETHEREUM_INCREMENTAL_ROLE0_ALLOCATOR_LIVE ptr=0x170c40740 bytes=64 caller=0x10473b554
ETHEREUM_INCREMENTAL_ROLE0_ALLOCATOR_LIVE ptr=0x170c40780 bytes=64 caller=0x10473b554
ETHEREUM_INCREMENTAL_ROLE0_ALLOCATOR_LIVE ptr=0x170c407c0 bytes=64 caller=0x10473b554
ETHEREUM_INCREMENTAL_ROLE0_ALLOCATOR_LIVE ptr=0x170c40800 bytes=64 caller=0x10473b554
ETHEREUM_INCREMENTAL_ROLE0_ALLOCATOR_LIVE ptr=0x170c40840 bytes=64 caller=0x10473b554
ETHEREUM_INCREMENTAL_ROLE0_ALLOCATOR_LIVE ptr=0x170c40880 bytes=64 caller=0x10473b554
ETHEREUM_INCREMENTAL_ROLE0_ALLOCATOR_LIVE ptr=0x170c408c0 bytes=64 caller=0x10473b554
ETHEREUM_INCREMENTAL_ROLE0_ALLOCATOR_LIVE ptr=0x170c40900 bytes=64 caller=0x10473b554
ETHEREUM_INCREMENTAL_ROLE0_ALLOCATOR_LIVE ptr=0x170c40940 bytes=64 caller=0x10473b554
ETHEREUM_INCREMENTAL_ROLE0_ALLOCATOR_LIVE ptr=0x170c40980 bytes=64 caller=0x10473b554
ETHEREUM_INCREMENTAL_ROLE0_ALLOCATOR_LIVE ptr=0x170c409c0 bytes=64 caller=0x10473b554
ETHEREUM_INCREMENTAL_ROLE0_ALLOCATOR_LIVE ptr=0x170c40a00 bytes=64 caller=0x10473b554
ETHEREUM_INCREMENTAL_ROLE0_ALLOCATOR_LIVE ptr=0x170c40a40 bytes=64 caller=0x10473b554
ETHEREUM_INCREMENTAL_ROLE0_ALLOCATOR_LIVE ptr=0x170c40a80 bytes=64 caller=0x10473b554
ETHEREUM_INCREMENTAL_ROLE0_ALLOCATOR_LIVE ptr=0x170c40ac0 bytes=64 caller=0x10473b554
ETHEREUM_INCREMENTAL_ROLE0_ALLOCATOR_LIVE ptr=0x170c40b00 bytes=64 caller=0x10473b554
ETHEREUM_INCREMENTAL_ROLE0_ALLOCATOR_LIVE ptr=0x170c40b40 bytes=64 caller=0x10473b554
ETHEREUM_INCREMENTAL_ROLE0_ALLOCATOR_LIVE ptr=0x170c40b80 bytes=64 caller=0x10473b554
ETHEREUM_INCREMENTAL_ROLE0_ALLOCATOR_LIVE ptr=0x170c40bc0 bytes=64 caller=0x10473b554
ETHEREUM_INCREMENTAL_ROLE0_ALLOCATOR_LIVE ptr=0x170c40c00 bytes=64 caller=0x10473b554
ETHEREUM_INCREMENTAL_ROLE0_ALLOCATOR_LIVE ptr=0x170c40c40 bytes=64 caller=0x10473b554
ETHEREUM_INCREMENTAL_ROLE0_ALLOCATOR_LIVE ptr=0x170c40c80 bytes=64 caller=0x10473b554
ETHEREUM_INCREMENTAL_ROLE0_ALLOCATOR_LIVE ptr=0x170c40cc0 bytes=64 caller=0x10473b554
ETHEREUM_INCREMENTAL_ROLE0_ALLOCATOR_LIVE ptr=0x170c40d00 bytes=64 caller=0x10473b554
ETHEREUM_INCREMENTAL_ROLE0_ALLOCATOR_LIVE ptr=0x170c40d40 bytes=64 caller=0x10473b554
ETHEREUM_INCREMENTAL_ROLE0_ALLOCATOR_LIVE ptr=0x170c40d80 bytes=64 caller=0x10473b554
ETHEREUM_INCREMENTAL_ROLE0_ALLOCATOR_LIVE ptr=0x170c40dc0 bytes=64 caller=0x10473b554
ETHEREUM_INCREMENTAL_ROLE0_ALLOCATOR_LIVE ptr=0x170c40e00 bytes=64 caller=0x10473b554
ETHEREUM_INCREMENTAL_ROLE0_ALLOCATOR_LIVE ptr=0x170c40e40 bytes=64 caller=0x10473b554
ETHEREUM_INCREMENTAL_ROLE0_ALLOCATOR_LIVE ptr=0x170c40e80 bytes=64 caller=0x10473b554
ETHEREUM_INCREMENTAL_ROLE0_ALLOCATOR_LIVE ptr=0x170c40ec0 bytes=64 caller=0x10473b554
ETHEREUM_INCREMENTAL_ROLE0_ALLOCATOR_LIVE ptr=0x170c40f00 bytes=64 caller=0x10473b554
ETHEREUM_INCREMENTAL_ROLE0_ALLOCATOR_LIVE ptr=0x170c40f40 bytes=64 caller=0x10473b554
ETHEREUM_INCREMENTAL_ROLE0_ALLOCATOR_LIVE ptr=0x170c40f80 bytes=64 caller=0x10473b554
ETHEREUM_INCREMENTAL_ROLE0_ALLOCATOR_LIVE ptr=0x170c40fc0 bytes=64 caller=0x10473b554
ETHEREUM_INCREMENTAL_ROLE0_ALLOCATOR_LIVE ptr=0x170c41000 bytes=64 caller=0x10473b554
ETHEREUM_INCREMENTAL_ROLE0_ALLOCATOR_LIVE ptr=0x170c41040 bytes=64 caller=0x10473b554
ETHEREUM_INCREMENTAL_ROLE0_ALLOCATOR_LIVE ptr=0x170c41080 bytes=64 caller=0x10473b554
ETHEREUM_INCREMENTAL_ROLE0_ALLOCATOR_LIVE ptr=0x170c410c0 bytes=64 caller=0x10473b554
ETHEREUM_INCREMENTAL_ROLE0_ALLOCATOR_LIVE ptr=0x170c41100 bytes=64 caller=0x10473b554
ETHEREUM_INCREMENTAL_ROLE0_ALLOCATOR_LIVE ptr=0x170c41140 bytes=64 caller=0x10473b554
ETHEREUM_INCREMENTAL_ROLE0_ALLOCATOR_LIVE ptr=0x170c41180 bytes=64 caller=0x10473b554
ETHEREUM_INCREMENTAL_ROLE0_ALLOCATOR_LIVE ptr=0x170c411c0 bytes=64 caller=0x10473b554
ETHEREUM_INCREMENTAL_ROLE0_ALLOCATOR_LIVE ptr=0x170c41200 bytes=64 caller=0x10473b554
ETHEREUM_INCREMENTAL_ROLE0_ALLOCATOR_LIVE ptr=0x170c41240 bytes=64 caller=0x10473b554
ETHEREUM_INCREMENTAL_ROLE0_ALLOCATOR_LIVE ptr=0x170c41280 bytes=64 caller=0x10473b554
ETHEREUM_INCREMENTAL_ROLE0_ALLOCATOR_LIVE ptr=0x170c412c0 bytes=64 caller=0x10473b554
ETHEREUM_INCREMENTAL_ROLE0_ALLOCATOR_LIVE ptr=0x170c41300 bytes=64 caller=0x10473b554
ETHEREUM_INCREMENTAL_ROLE0_ALLOCATOR_LIVE ptr=0x170c41340 bytes=64 caller=0x10473b554
ETHEREUM_INCREMENTAL_ROLE0_ALLOCATOR_LIVE ptr=0x170c41380 bytes=64 caller=0x10473b554
ETHEREUM_INCREMENTAL_ROLE0_ALLOCATOR_LIVE ptr=0x170c413c0 bytes=64 caller=0x10473b554
ETHEREUM_INCREMENTAL_ROLE0_ALLOCATOR_LIVE ptr=0x170c41400 bytes=64 caller=0x10473b554
ETHEREUM_INCREMENTAL_ROLE0_ALLOCATOR_LIVE ptr=0x170c41440 bytes=64 caller=0x10473b554
ETHEREUM_INCREMENTAL_ROLE0_ALLOCATOR_LIVE ptr=0x170c41480 bytes=64 caller=0x10473b554
ETHEREUM_INCREMENTAL_ROLE0_ALLOCATOR_LIVE ptr=0x170c414c0 bytes=64 caller=0x10473b554
ETHEREUM_INCREMENTAL_ROLE0_ALLOCATOR_LIVE ptr=0x170c41500 bytes=64 caller=0x10473b554
ETHEREUM_INCREMENTAL_ROLE0_ALLOCATOR_LIVE ptr=0x170c41540 bytes=64 caller=0x10473b554
ETHEREUM_INCREMENTAL_ROLE0_ALLOCATOR_LIVE ptr=0x170c41580 bytes=64 caller=0x10473b554
ETHEREUM_INCREMENTAL_ROLE0_ALLOCATOR_LIVE ptr=0x170c415c0 bytes=64 caller=0x10473b554
ETHEREUM_INCREMENTAL_ROLE0_ALLOCATOR_LIVE ptr=0x170c41600 bytes=64 caller=0x10473b554
ETHEREUM_INCREMENTAL_ROLE0_ALLOCATOR_LIVE ptr=0x170c41640 bytes=64 caller=0x10473b554
ETHEREUM_INCREMENTAL_ROLE0_ALLOCATOR_LIVE ptr=0x170c41680 bytes=64 caller=0x10473b554
ETHEREUM_INCREMENTAL_ROLE0_ALLOCATOR_LIVE ptr=0x170c416c0 bytes=64 caller=0x10473b554
ETHEREUM_INCREMENTAL_ROLE0_ALLOCATOR_LIVE ptr=0x170c41700 bytes=64 caller=0x10473b554
ETHEREUM_INCREMENTAL_ROLE0_ALLOCATOR_LIVE ptr=0x170c41740 bytes=64 caller=0x10473b554
ETHEREUM_INCREMENTAL_ROLE0_ALLOCATOR_LIVE ptr=0x170c41780 bytes=64 caller=0x10473b554
ETHEREUM_INCREMENTAL_ROLE0_ALLOCATOR_LIVE ptr=0x170c417c0 bytes=64 caller=0x10473b554
ETHEREUM_INCREMENTAL_ROLE0_ALLOCATOR_LIVE ptr=0x170c41800 bytes=64 caller=0x10473b554
ETHEREUM_INCREMENTAL_ROLE0_ALLOCATOR_LIVE ptr=0x170c41840 bytes=64 caller=0x10473b554
ETHEREUM_INCREMENTAL_ROLE0_ALLOCATOR_LIVE ptr=0x170c41880 bytes=64 caller=0x10473b554
ETHEREUM_INCREMENTAL_ROLE0_ALLOCATOR_LIVE ptr=0x170c418c0 bytes=64 caller=0x10473b554
ETHEREUM_INCREMENTAL_ROLE0_ALLOCATOR_LIVE ptr=0x170c41900 bytes=64 caller=0x10473b554
ETHEREUM_INCREMENTAL_ROLE0_ALLOCATOR_LIVE ptr=0x170c41940 bytes=64 caller=0x10473b554
ETHEREUM_INCREMENTAL_ROLE0_ALLOCATOR_LIVE ptr=0x170c41980 bytes=64 caller=0x10473b554
ETHEREUM_INCREMENTAL_ROLE0_ALLOCATOR_LIVE ptr=0x170c419c0 bytes=64 caller=0x10473b554
ETHEREUM_INCREMENTAL_ROLE0_ALLOCATOR_LIVE ptr=0x170c41a00 bytes=64 caller=0x10473b554
ETHEREUM_INCREMENTAL_ROLE0_ALLOCATOR_LIVE ptr=0x170c41a40 bytes=64 caller=0x10473b554
ETHEREUM_INCREMENTAL_ROLE0_ALLOCATOR_LIVE ptr=0x170c41a80 bytes=64 caller=0x10473b554
ETHEREUM_INCREMENTAL_ROLE0_ALLOCATOR_LIVE ptr=0x170c41ac0 bytes=64 caller=0x10473b554
ETHEREUM_INCREMENTAL_ROLE0_ALLOCATOR_LIVE ptr=0x170c41b00 bytes=64 caller=0x10473b554
ETHEREUM_INCREMENTAL_ROLE0_ALLOCATOR_LIVE ptr=0x170c41b40 bytes=64 caller=0x10473b554
ETHEREUM_INCREMENTAL_ROLE0_ALLOCATOR_LIVE ptr=0x170c41b80 bytes=64 caller=0x10473b554
ETHEREUM_INCREMENTAL_ROLE0_ALLOCATOR_LIVE ptr=0x170c41bc0 bytes=64 caller=0x10473b554
ETHEREUM_INCREMENTAL_ROLE0_ALLOCATOR_LIVE ptr=0x170c41c00 bytes=64 caller=0x10473b554
ETHEREUM_INCREMENTAL_ROLE0_ALLOCATOR_LIVE ptr=0x170c41c40 bytes=64 caller=0x10473b554
ETHEREUM_INCREMENTAL_ROLE0_ALLOCATOR_LIVE ptr=0x170c41c80 bytes=64 caller=0x10473b554
ETHEREUM_INCREMENTAL_ROLE0_ALLOCATOR_LIVE ptr=0x170c41cc0 bytes=64 caller=0x10473b554
ETHEREUM_INCREMENTAL_ROLE0_ALLOCATOR_LIVE ptr=0x170c41d00 bytes=64 caller=0x10473b554
ETHEREUM_INCREMENTAL_ROLE0_ALLOCATOR_LIVE ptr=0x170c41d40 bytes=64 caller=0x10473b554
ETHEREUM_INCREMENTAL_ROLE0_ALLOCATOR_LIVE ptr=0x170c41d80 bytes=64 caller=0x10473b554
ETHEREUM_INCREMENTAL_ROLE0_ALLOCATOR_LIVE ptr=0x170c41dc0 bytes=64 caller=0x10473b554
ETHEREUM_INCREMENTAL_ROLE0_ALLOCATOR_LIVE ptr=0x170c41e00 bytes=64 caller=0x10473b554
ETHEREUM_INCREMENTAL_ROLE0_ALLOCATOR_LIVE ptr=0x170c41e40 bytes=64 caller=0x10473b554
ETHEREUM_INCREMENTAL_ROLE0_ALLOCATOR_LIVE ptr=0x170c41e80 bytes=64 caller=0x10473b554
ETHEREUM_INCREMENTAL_ROLE0_ALLOCATOR_LIVE ptr=0x170c41ec0 bytes=64 caller=0x10473b554
ETHEREUM_INCREMENTAL_ROLE0_ALLOCATOR_LIVE ptr=0x170c41f00 bytes=64 caller=0x10473b554
ETHEREUM_INCREMENTAL_ROLE0_ALLOCATOR_LIVE ptr=0x170c41f40 bytes=64 caller=0x10473b554
ETHEREUM_INCREMENTAL_ROLE0_ALLOCATOR_LIVE ptr=0x170c41f80 bytes=64 caller=0x10473b554
ETHEREUM_INCREMENTAL_ROLE0_ALLOCATOR_LIVE ptr=0x170c41fc0 bytes=64 caller=0x10473b554
ETHEREUM_INCREMENTAL_ROLE0_ALLOCATOR_LIVE ptr=0x170c42000 bytes=64 caller=0x10473b554
ETHEREUM_INCREMENTAL_ROLE0_ALLOCATOR_LIVE ptr=0x170c42040 bytes=64 caller=0x10473b554
ETHEREUM_INCREMENTAL_ROLE0_ALLOCATOR_LIVE ptr=0x170c42080 bytes=64 caller=0x10473b554
ETHEREUM_INCREMENTAL_ROLE0_ALLOCATOR_LIVE ptr=0x170c420c0 bytes=64 caller=0x10473b554
ETHEREUM_INCREMENTAL_ROLE0_ALLOCATOR_LIVE ptr=0x170c42100 bytes=64 caller=0x10473b554
ETHEREUM_INCREMENTAL_ROLE0_ALLOCATOR_LIVE ptr=0x170c42140 bytes=64 caller=0x10473b554
ETHEREUM_INCREMENTAL_ROLE0_ALLOCATOR_LIVE ptr=0x170c42180 bytes=64 caller=0x10473b554
ETHEREUM_INCREMENTAL_ROLE0_ALLOCATOR_LIVE ptr=0x170c421c0 bytes=64 caller=0x10473b554
ETHEREUM_INCREMENTAL_ROLE0_ALLOCATOR_LIVE ptr=0x170c42200 bytes=64 caller=0x10473b554
ETHEREUM_INCREMENTAL_ROLE0_ALLOCATOR_LIVE ptr=0x170c42240 bytes=64 caller=0x10473b554
ETHEREUM_INCREMENTAL_ROLE0_ALLOCATOR_LIVE ptr=0x170c42280 bytes=64 caller=0x10473b554
ETHEREUM_INCREMENTAL_ROLE0_ALLOCATOR_LIVE ptr=0x170c422c0 bytes=64 caller=0x10473b554
ETHEREUM_INCREMENTAL_ROLE0_ALLOCATOR_LIVE ptr=0x170c42300 bytes=64 caller=0x10473b554
ETHEREUM_INCREMENTAL_ROLE0_ALLOCATOR_LIVE ptr=0x170c42340 bytes=64 caller=0x10473b554
ETHEREUM_INCREMENTAL_ROLE0_ALLOCATOR_LIVE ptr=0x170c42380 bytes=64 caller=0x10473b554
ETHEREUM_INCREMENTAL_ROLE0_ALLOCATOR_LIVE ptr=0x170c423c0 bytes=64 caller=0x10473b554
ETHEREUM_INCREMENTAL_ROLE0_ALLOCATOR_LIVE ptr=0x170c42400 bytes=64 caller=0x10473b554
ETHEREUM_INCREMENTAL_ROLE0_ALLOCATOR_LIVE ptr=0x170c42440 bytes=64 caller=0x10473b554
ETHEREUM_INCREMENTAL_ROLE0_ALLOCATOR_LIVE ptr=0x170c42480 bytes=64 caller=0x10473b554
ETHEREUM_INCREMENTAL_ROLE0_ALLOCATOR_LIVE ptr=0x170c424c0 bytes=64 caller=0x10473b554
ETHEREUM_INCREMENTAL_ROLE0_ALLOCATOR_LIVE ptr=0x170c42500 bytes=64 caller=0x10473b554
ETHEREUM_INCREMENTAL_ROLE0_ALLOCATOR_LIVE ptr=0x170c42540 bytes=64 caller=0x10473b554
ETHEREUM_INCREMENTAL_ROLE0_ALLOCATOR_LIVE ptr=0x170c42580 bytes=64 caller=0x10473b554
ETHEREUM_INCREMENTAL_ROLE0_ALLOCATOR_LIVE ptr=0x170c425c0 bytes=64 caller=0x10473b554
ETHEREUM_INCREMENTAL_ROLE0_ALLOCATOR_LIVE ptr=0x170c42600 bytes=64 caller=0x10473b554
ETHEREUM_INCREMENTAL_ROLE0_ALLOCATOR_LIVE ptr=0x170c42640 bytes=64 caller=0x10473b554
ETHEREUM_INCREMENTAL_ROLE0_ALLOCATOR_LIVE ptr=0x170c42680 bytes=64 caller=0x10473b554
ETHEREUM_INCREMENTAL_ROLE0_ALLOCATOR_LIVE ptr=0x170c426c0 bytes=64 caller=0x10473b554
ETHEREUM_INCREMENTAL_ROLE0_ALLOCATOR_LIVE ptr=0x170c42700 bytes=64 caller=0x10473b554
ETHEREUM_INCREMENTAL_ROLE0_ALLOCATOR_LIVE ptr=0x170c42740 bytes=64 caller=0x10473b554
ETHEREUM_INCREMENTAL_ROLE0_ALLOCATOR_LIVE ptr=0x170c42780 bytes=64 caller=0x10473b554
ETHEREUM_INCREMENTAL_ROLE0_ALLOCATOR_LIVE ptr=0x170c427c0 bytes=64 caller=0x10473b554
ETHEREUM_INCREMENTAL_ROLE0_ALLOCATOR_LIVE ptr=0x170c42800 bytes=64 caller=0x10473b554
ETHEREUM_INCREMENTAL_ROLE0_ALLOCATOR_LIVE ptr=0x170c42840 bytes=64 caller=0x10473b554
ETHEREUM_INCREMENTAL_ROLE0_ALLOCATOR_LIVE ptr=0x170c42880 bytes=64 caller=0x10473b554
ETHEREUM_INCREMENTAL_ROLE0_ALLOCATOR_LIVE ptr=0x170c428c0 bytes=64 caller=0x10473b554
ETHEREUM_INCREMENTAL_ROLE0_ALLOCATOR_LIVE ptr=0x170c42900 bytes=64 caller=0x10473b554
ETHEREUM_INCREMENTAL_ROLE0_ALLOCATOR_LIVE ptr=0x170c42940 bytes=64 caller=0x10473b554
ETHEREUM_INCREMENTAL_ROLE0_ALLOCATOR_LIVE ptr=0x170c42980 bytes=64 caller=0x10473b554
ETHEREUM_INCREMENTAL_ROLE0_ALLOCATOR_LIVE ptr=0x170c429c0 bytes=64 caller=0x10473b554
ETHEREUM_INCREMENTAL_ROLE0_ALLOCATOR_LIVE ptr=0x170c42a00 bytes=64 caller=0x10473b554
ETHEREUM_INCREMENTAL_ROLE0_ALLOCATOR_LIVE ptr=0x170c42a40 bytes=64 caller=0x10473b554
ETHEREUM_INCREMENTAL_ROLE0_ALLOCATOR_LIVE ptr=0x170c42a80 bytes=64 caller=0x10473b554
ETHEREUM_INCREMENTAL_ROLE0_ALLOCATOR_LIVE ptr=0x170c42ac0 bytes=64 caller=0x10473b554
ETHEREUM_INCREMENTAL_ROLE0_ALLOCATOR_LIVE ptr=0x170c42b00 bytes=64 caller=0x10473b554
ETHEREUM_INCREMENTAL_ROLE0_ALLOCATOR_LIVE ptr=0x170c42b40 bytes=64 caller=0x10473b554
ETHEREUM_INCREMENTAL_ROLE0_ALLOCATOR_LIVE ptr=0x170c42b80 bytes=64 caller=0x10473b554
ETHEREUM_INCREMENTAL_ROLE0_ALLOCATOR_LIVE ptr=0x170c42bc0 bytes=64 caller=0x10473b554
ETHEREUM_INCREMENTAL_ROLE0_ALLOCATOR_LIVE ptr=0x170c42c00 bytes=64 caller=0x10473b554
ETHEREUM_INCREMENTAL_ROLE0_ALLOCATOR_LIVE ptr=0x170c42c40 bytes=64 caller=0x10473b554
ETHEREUM_INCREMENTAL_ROLE0_ALLOCATOR_LIVE ptr=0x170c42c80 bytes=64 caller=0x10473b554
ETHEREUM_INCREMENTAL_ROLE0_ALLOCATOR_LIVE ptr=0x170c42cc0 bytes=64 caller=0x10473b554
ETHEREUM_INCREMENTAL_ROLE0_ALLOCATOR_LIVE ptr=0x170c42d00 bytes=64 caller=0x10473b554
ETHEREUM_INCREMENTAL_ROLE0_ALLOCATOR_LIVE ptr=0x170c42d40 bytes=64 caller=0x10473b554
ETHEREUM_INCREMENTAL_ROLE0_ALLOCATOR_LIVE ptr=0x170c42d80 bytes=64 caller=0x10473b554
ETHEREUM_INCREMENTAL_ROLE0_ALLOCATOR_LIVE ptr=0x170c42dc0 bytes=64 caller=0x10473b554
ETHEREUM_INCREMENTAL_ROLE0_ALLOCATOR_LIVE ptr=0x170c42e00 bytes=64 caller=0x10473b554
ETHEREUM_INCREMENTAL_ROLE0_ALLOCATOR_LIVE ptr=0x170c42e40 bytes=64 caller=0x10473b554
ETHEREUM_INCREMENTAL_ROLE0_ALLOCATOR_LIVE ptr=0x170c42e80 bytes=64 caller=0x10473b554
ETHEREUM_INCREMENTAL_ROLE0_ALLOCATOR_LIVE ptr=0x170c42ec0 bytes=64 caller=0x10473b554
ETHEREUM_INCREMENTAL_ROLE0_ALLOCATOR_LIVE ptr=0x170c42f00 bytes=64 caller=0x10473b554
ETHEREUM_INCREMENTAL_ROLE0_ALLOCATOR_LIVE ptr=0x170c42f40 bytes=64 caller=0x10473b554
ETHEREUM_INCREMENTAL_ROLE0_ALLOCATOR_LIVE ptr=0x170c42f80 bytes=64 caller=0x10473b554
ETHEREUM_INCREMENTAL_ROLE0_ALLOCATOR_LIVE ptr=0x170c42fc0 bytes=64 caller=0x10473b554
ETHEREUM_INCREMENTAL_ROLE0_ALLOCATOR_LIVE ptr=0x170c43000 bytes=64 caller=0x10473b554
ETHEREUM_INCREMENTAL_ROLE0_ALLOCATOR_LIVE ptr=0x170c43040 bytes=64 caller=0x10473b554
ETHEREUM_INCREMENTAL_ROLE0_ALLOCATOR_LIVE ptr=0x170c43080 bytes=64 caller=0x10473b554
ETHEREUM_INCREMENTAL_ROLE0_ALLOCATOR_LIVE ptr=0x170c430c0 bytes=64 caller=0x10473b554
ETHEREUM_INCREMENTAL_ROLE0_ALLOCATOR_LIVE ptr=0x170c43100 bytes=64 caller=0x10473b554
ETHEREUM_INCREMENTAL_ROLE0_ALLOCATOR_LIVE ptr=0x170c43140 bytes=64 caller=0x10473b554
ETHEREUM_INCREMENTAL_ROLE0_ALLOCATOR_LIVE ptr=0x170c43180 bytes=64 caller=0x10473b554
ETHEREUM_INCREMENTAL_ROLE0_ALLOCATOR_LIVE ptr=0x170c431c0 bytes=64 caller=0x10473b554
ETHEREUM_INCREMENTAL_ROLE0_ALLOCATOR_LIVE ptr=0x170c43200 bytes=64 caller=0x10473b554
ETHEREUM_INCREMENTAL_ROLE0_ALLOCATOR_LIVE ptr=0x170c43240 bytes=64 caller=0x10473b554
ETHEREUM_INCREMENTAL_ROLE0_ALLOCATOR_LIVE ptr=0x170c43280 bytes=64 caller=0x10473b554
ETHEREUM_INCREMENTAL_ROLE0_ALLOCATOR_LIVE ptr=0x170c432c0 bytes=64 caller=0x10473b554
ETHEREUM_INCREMENTAL_ROLE0_ALLOCATOR_LIVE ptr=0x170c43300 bytes=64 caller=0x10473b554
ETHEREUM_INCREMENTAL_ROLE0_ALLOCATOR_LIVE ptr=0x170c43340 bytes=64 caller=0x10473b554
ETHEREUM_INCREMENTAL_ROLE0_ALLOCATOR_LIVE ptr=0x170c43380 bytes=64 caller=0x10473b554
ETHEREUM_INCREMENTAL_ROLE0_ALLOCATOR_LIVE ptr=0x170c433c0 bytes=64 caller=0x10473b554
ETHEREUM_INCREMENTAL_ROLE0_ALLOCATOR_LIVE ptr=0x170c43400 bytes=64 caller=0x10473b554
ETHEREUM_INCREMENTAL_ROLE0_ALLOCATOR_LIVE ptr=0x170c43440 bytes=64 caller=0x10473b554
ETHEREUM_INCREMENTAL_ROLE0_ALLOCATOR_LIVE ptr=0x170c43480 bytes=64 caller=0x10473b554
ETHEREUM_INCREMENTAL_ROLE0_ALLOCATOR_LIVE ptr=0x170c434c0 bytes=64 caller=0x10473b554
ETHEREUM_INCREMENTAL_ROLE0_ALLOCATOR_LIVE ptr=0x170c43500 bytes=64 caller=0x10473b554
ETHEREUM_INCREMENTAL_ROLE0_ALLOCATOR_LIVE ptr=0x170c43540 bytes=64 caller=0x10473b554
ETHEREUM_INCREMENTAL_ROLE0_ALLOCATOR_LIVE ptr=0x170c43580 bytes=64 caller=0x10473b554
ETHEREUM_INCREMENTAL_ROLE0_ALLOCATOR_LIVE ptr=0x170c435c0 bytes=64 caller=0x10473b554
ETHEREUM_INCREMENTAL_ROLE0_ALLOCATOR_LIVE ptr=0x170c43600 bytes=64 caller=0x10473b554
ETHEREUM_INCREMENTAL_ROLE0_ALLOCATOR_LIVE ptr=0x170c43640 bytes=64 caller=0x10473b554
ETHEREUM_INCREMENTAL_ROLE0_ALLOCATOR_LIVE ptr=0x170c43680 bytes=64 caller=0x10473b554
ETHEREUM_INCREMENTAL_ROLE0_ALLOCATOR_LIVE ptr=0x170c436c0 bytes=64 caller=0x10473b554
ETHEREUM_INCREMENTAL_ROLE0_ALLOCATOR_LIVE ptr=0x170c43700 bytes=64 caller=0x10473b554
ETHEREUM_INCREMENTAL_ROLE0_ALLOCATOR_LIVE ptr=0x170c43740 bytes=64 caller=0x10473b554
ETHEREUM_INCREMENTAL_ROLE0_ALLOCATOR_LIVE ptr=0x170c43780 bytes=64 caller=0x10473b554
ETHEREUM_INCREMENTAL_ROLE0_ALLOCATOR_LIVE ptr=0x170c437c0 bytes=64 caller=0x10473b554
ETHEREUM_INCREMENTAL_ROLE0_ALLOCATOR_LIVE ptr=0x170c43800 bytes=64 caller=0x10473b554
ETHEREUM_INCREMENTAL_ROLE0_ALLOCATOR_LIVE ptr=0x170c43840 bytes=64 caller=0x10473b554
ETHEREUM_INCREMENTAL_ROLE0_ALLOCATOR_LIVE ptr=0x170c43880 bytes=64 caller=0x10473b554
ETHEREUM_INCREMENTAL_ROLE0_ALLOCATOR_LIVE ptr=0x170c438c0 bytes=64 caller=0x10473b554
ETHEREUM_INCREMENTAL_ROLE0_ALLOCATOR_LIVE ptr=0x170c43900 bytes=64 caller=0x10473b554
ETHEREUM_INCREMENTAL_ROLE0_ALLOCATOR_LIVE ptr=0x170c43940 bytes=64 caller=0x10473b554
ETHEREUM_INCREMENTAL_ROLE0_ALLOCATOR_LIVE ptr=0x170c43980 bytes=64 caller=0x10473b554
ETHEREUM_INCREMENTAL_ROLE0_ALLOCATOR_LIVE ptr=0x170c439c0 bytes=64 caller=0x10473b554
ETHEREUM_INCREMENTAL_ROLE0_ALLOCATOR_LIVE ptr=0x170c43a00 bytes=64 caller=0x10473b554
ETHEREUM_INCREMENTAL_ROLE0_ALLOCATOR_LIVE ptr=0x170c43a40 bytes=64 caller=0x10473b554
ETHEREUM_INCREMENTAL_ROLE0_ALLOCATOR_LIVE ptr=0x170c43a80 bytes=64 caller=0x10473b554
ETHEREUM_INCREMENTAL_ROLE0_ALLOCATOR_LIVE ptr=0x170c43ac0 bytes=64 caller=0x10473b554
ETHEREUM_INCREMENTAL_ROLE0_ALLOCATOR_LIVE ptr=0x170c43b00 bytes=64 caller=0x10473b554
ETHEREUM_INCREMENTAL_ROLE0_ALLOCATOR_LIVE ptr=0x170c43b40 bytes=64 caller=0x10473b554
ETHEREUM_INCREMENTAL_ROLE0_ALLOCATOR_LIVE ptr=0x170c43b80 bytes=64 caller=0x10473b554
ETHEREUM_INCREMENTAL_ROLE0_ALLOCATOR_LIVE ptr=0x170c43bc0 bytes=64 caller=0x10473b554
ETHEREUM_INCREMENTAL_ROLE0_ALLOCATOR_LIVE ptr=0x170c43c00 bytes=64 caller=0x10473b554
ETHEREUM_INCREMENTAL_ROLE0_ALLOCATOR_LIVE ptr=0x170c43c40 bytes=64 caller=0x10473b554
ETHEREUM_INCREMENTAL_ROLE0_ALLOCATOR_LIVE ptr=0x170c43c80 bytes=64 caller=0x10473b554
ETHEREUM_INCREMENTAL_ROLE0_ALLOCATOR_LIVE ptr=0x170c43cc0 bytes=64 caller=0x10473b554
ETHEREUM_INCREMENTAL_ROLE0_ALLOCATOR_LIVE ptr=0x170c43d00 bytes=64 caller=0x10473b554
ETHEREUM_INCREMENTAL_ROLE0_ALLOCATOR_LIVE ptr=0x170c43d40 bytes=64 caller=0x10473b554
ETHEREUM_INCREMENTAL_ROLE0_ALLOCATOR_LIVE ptr=0x170c43d80 bytes=64 caller=0x10473b554
ETHEREUM_INCREMENTAL_ROLE0_ALLOCATOR_LIVE ptr=0x170c43dc0 bytes=64 caller=0x10473b554
ETHEREUM_INCREMENTAL_ROLE0_ALLOCATOR_LIVE ptr=0x170c43e00 bytes=64 caller=0x10473b554
ETHEREUM_INCREMENTAL_ROLE0_ALLOCATOR_LIVE ptr=0x170c43e40 bytes=64 caller=0x10473b554
ETHEREUM_INCREMENTAL_ROLE0_ALLOCATOR_LIVE ptr=0x170c43e80 bytes=64 caller=0x10473b554
ETHEREUM_INCREMENTAL_ROLE0_ALLOCATOR_LIVE ptr=0x170c43ec0 bytes=64 caller=0x10473b554
ETHEREUM_INCREMENTAL_ROLE0_ALLOCATOR_LIVE ptr=0x170c43f00 bytes=64 caller=0x10473b554
ETHEREUM_INCREMENTAL_ROLE0_ALLOCATOR_LIVE ptr=0x170c43f40 bytes=64 caller=0x10473b554
ETHEREUM_INCREMENTAL_ROLE0_ALLOCATOR_LIVE ptr=0x170c43f80 bytes=64 caller=0x10473b554
ETHEREUM_INCREMENTAL_ROLE0_ALLOCATOR_LIVE ptr=0x170c43fc0 bytes=64 caller=0x10473b554
ETHEREUM_INCREMENTAL_ROLE0_ALLOCATOR_LIVE ptr=0x170c44000 bytes=64 caller=0x10473b554
ETHEREUM_INCREMENTAL_ROLE0_ALLOCATOR_LIVE ptr=0x170c44040 bytes=64 caller=0x10473b554
ETHEREUM_INCREMENTAL_ROLE0_ALLOCATOR_LIVE ptr=0x170c44080 bytes=64 caller=0x10473b554
ETHEREUM_INCREMENTAL_ROLE0_ALLOCATOR_LIVE ptr=0x170c440c0 bytes=64 caller=0x10473b554
ETHEREUM_INCREMENTAL_ROLE0_ALLOCATOR_LIVE ptr=0x170c44100 bytes=64 caller=0x10473b554
ETHEREUM_INCREMENTAL_ROLE0_ALLOCATOR_LIVE ptr=0x170c44140 bytes=64 caller=0x10473b554
ETHEREUM_INCREMENTAL_ROLE0_ALLOCATOR_LIVE ptr=0x170c44180 bytes=64 caller=0x10473b554
ETHEREUM_INCREMENTAL_ROLE0_ALLOCATOR_LIVE ptr=0x170c441c0 bytes=64 caller=0x10473b554
ETHEREUM_INCREMENTAL_ROLE0_ALLOCATOR_LIVE ptr=0x170c44200 bytes=64 caller=0x10473b554
ETHEREUM_INCREMENTAL_ROLE0_ALLOCATOR_LIVE ptr=0x170c44240 bytes=64 caller=0x10473b554
ETHEREUM_INCREMENTAL_ROLE0_ALLOCATOR_LIVE ptr=0x170c44280 bytes=64 caller=0x10473b554
ETHEREUM_INCREMENTAL_ROLE0_ALLOCATOR_LIVE ptr=0x170c442c0 bytes=64 caller=0x10473b554
ETHEREUM_INCREMENTAL_ROLE0_ALLOCATOR_LIVE ptr=0x170c44300 bytes=64 caller=0x10473b554
ETHEREUM_INCREMENTAL_ROLE0_ALLOCATOR_LIVE ptr=0x170c44340 bytes=64 caller=0x10473b554
ETHEREUM_INCREMENTAL_ROLE0_ALLOCATOR_LIVE ptr=0x170c44380 bytes=64 caller=0x10473b554
ETHEREUM_INCREMENTAL_ROLE0_ALLOCATOR_LIVE ptr=0x170c443c0 bytes=64 caller=0x10473b554
ETHEREUM_INCREMENTAL_ROLE0_ALLOCATOR_LIVE ptr=0x170c44400 bytes=64 caller=0x10473b554
ETHEREUM_INCREMENTAL_ROLE0_ALLOCATOR_LIVE ptr=0x170c44440 bytes=64 caller=0x10473b554
ETHEREUM_INCREMENTAL_ROLE0_ALLOCATOR_LIVE ptr=0x170c44480 bytes=64 caller=0x10473b554
ETHEREUM_INCREMENTAL_ROLE0_ALLOCATOR_LIVE ptr=0x170c444c0 bytes=64 caller=0x10473b554
ETHEREUM_INCREMENTAL_ROLE0_ALLOCATOR_LIVE ptr=0x170c44500 bytes=64 caller=0x10473b554
ETHEREUM_INCREMENTAL_ROLE0_ALLOCATOR_LIVE ptr=0x170c44540 bytes=64 caller=0x10473b554
ETHEREUM_INCREMENTAL_ROLE0_ALLOCATOR_LIVE ptr=0x170c44580 bytes=64 caller=0x10473b554
ETHEREUM_INCREMENTAL_ROLE0_ALLOCATOR_LIVE ptr=0x170c445c0 bytes=64 caller=0x10473b554
ETHEREUM_INCREMENTAL_ROLE0_ALLOCATOR_LIVE ptr=0x170c44600 bytes=64 caller=0x10473b554
ETHEREUM_INCREMENTAL_ROLE0_ALLOCATOR_LIVE ptr=0x170c44640 bytes=64 caller=0x10473b554
ETHEREUM_INCREMENTAL_ROLE0_ALLOCATOR_LIVE ptr=0x170c44680 bytes=64 caller=0x10473b554
ETHEREUM_INCREMENTAL_ROLE0_ALLOCATOR_LIVE ptr=0x170c446c0 bytes=64 caller=0x10473b554
ETHEREUM_INCREMENTAL_ROLE0_ALLOCATOR_LIVE ptr=0x170c44700 bytes=64 caller=0x10473b554
ETHEREUM_INCREMENTAL_ROLE0_ALLOCATOR_LIVE ptr=0x170c44740 bytes=64 caller=0x10473b554
ETHEREUM_INCREMENTAL_ROLE0_ALLOCATOR_LIVE ptr=0x170c44780 bytes=64 caller=0x10473b554
ETHEREUM_INCREMENTAL_ROLE0_ALLOCATOR_LIVE ptr=0x170c447c0 bytes=64 caller=0x10473b554
ETHEREUM_INCREMENTAL_ROLE0_ALLOCATOR_LIVE ptr=0x170c44800 bytes=64 caller=0x10473b554
ETHEREUM_INCREMENTAL_ROLE0_ALLOCATOR_LIVE ptr=0x170c44840 bytes=64 caller=0x10473b554
ETHEREUM_INCREMENTAL_ROLE0_ALLOCATOR_LIVE ptr=0x170c44880 bytes=64 caller=0x10473b554
ETHEREUM_INCREMENTAL_ROLE0_ALLOCATOR_LIVE ptr=0x170c448c0 bytes=64 caller=0x10473b554
ETHEREUM_INCREMENTAL_ROLE0_ALLOCATOR_LIVE ptr=0x170c44900 bytes=64 caller=0x10473b554
ETHEREUM_INCREMENTAL_ROLE0_ALLOCATOR_LIVE ptr=0x170c44940 bytes=64 caller=0x10473b554
ETHEREUM_INCREMENTAL_ROLE0_ALLOCATOR_LIVE ptr=0x170c44980 bytes=64 caller=0x10473b554
ETHEREUM_INCREMENTAL_ROLE0_ALLOCATOR_LIVE ptr=0x170c449c0 bytes=64 caller=0x10473b554
ETHEREUM_INCREMENTAL_ROLE0_ALLOCATOR_LIVE ptr=0x170c44a00 bytes=64 caller=0x10473b554
ETHEREUM_INCREMENTAL_ROLE0_ALLOCATOR_LIVE ptr=0x170c44a40 bytes=64 caller=0x10473b554
ETHEREUM_INCREMENTAL_ROLE0_ALLOCATOR_LIVE ptr=0x170c44a80 bytes=64 caller=0x10473b554
ETHEREUM_INCREMENTAL_ROLE0_ALLOCATOR_LIVE ptr=0x170c44ac0 bytes=64 caller=0x10473b554
ETHEREUM_INCREMENTAL_ROLE0_ALLOCATOR_LIVE ptr=0x170c44b00 bytes=64 caller=0x10473b554
ETHEREUM_INCREMENTAL_ROLE0_ALLOCATOR_LIVE ptr=0x170c44b40 bytes=64 caller=0x10473b554
ETHEREUM_INCREMENTAL_ROLE0_ALLOCATOR_LIVE ptr=0x170c44b80 bytes=64 caller=0x10473b554
ETHEREUM_INCREMENTAL_ROLE0_ALLOCATOR_LIVE ptr=0x170c44bc0 bytes=64 caller=0x10473b554
ETHEREUM_INCREMENTAL_ROLE0_ALLOCATOR_LIVE ptr=0x170c44c00 bytes=64 caller=0x10473b554
ETHEREUM_INCREMENTAL_ROLE0_ALLOCATOR_LIVE ptr=0x170c44c40 bytes=64 caller=0x10473b554
ETHEREUM_INCREMENTAL_ROLE0_ALLOCATOR_LIVE ptr=0x170c44c80 bytes=64 caller=0x10473b554
ETHEREUM_INCREMENTAL_ROLE0_ALLOCATOR_LIVE ptr=0x170c44cc0 bytes=64 caller=0x10473b554
ETHEREUM_INCREMENTAL_ROLE0_ALLOCATOR_LIVE ptr=0x170c44d00 bytes=64 caller=0x10473b554
ETHEREUM_INCREMENTAL_ROLE0_ALLOCATOR_LIVE ptr=0x170c44d40 bytes=64 caller=0x10473b554
ETHEREUM_INCREMENTAL_ROLE0_ALLOCATOR_LIVE ptr=0x170c44d80 bytes=64 caller=0x10473b554
ETHEREUM_INCREMENTAL_ROLE0_ALLOCATOR_LIVE ptr=0x170c44dc0 bytes=64 caller=0x10473b554
ETHEREUM_INCREMENTAL_ROLE0_ALLOCATOR_LIVE ptr=0x170c44e00 bytes=64 caller=0x10473b554
ETHEREUM_INCREMENTAL_ROLE0_ALLOCATOR_LIVE ptr=0x170c44e40 bytes=64 caller=0x10473b554
ETHEREUM_INCREMENTAL_ROLE0_ALLOCATOR_LIVE ptr=0x170c44e80 bytes=64 caller=0x10473b554
ETHEREUM_INCREMENTAL_ROLE0_ALLOCATOR_LIVE ptr=0x170c44ec0 bytes=64 caller=0x10473b554
ETHEREUM_INCREMENTAL_ROLE0_ALLOCATOR_LIVE ptr=0x170c44f00 bytes=64 caller=0x10473b554
ETHEREUM_INCREMENTAL_ROLE0_ALLOCATOR_LIVE ptr=0x170c44f40 bytes=64 caller=0x10473b554
ETHEREUM_INCREMENTAL_ROLE0_ALLOCATOR_LIVE ptr=0x170c44f80 bytes=64 caller=0x10473b554
ETHEREUM_INCREMENTAL_ROLE0_ALLOCATOR_LIVE ptr=0x170c44fc0 bytes=64 caller=0x10473b554
ETHEREUM_INCREMENTAL_ROLE0_ALLOCATOR_LIVE ptr=0x170c45000 bytes=64 caller=0x10473b554
ETHEREUM_INCREMENTAL_ROLE0_ALLOCATOR_LIVE ptr=0x170c45040 bytes=64 caller=0x10473b554
ETHEREUM_INCREMENTAL_ROLE0_ALLOCATOR_LIVE ptr=0x170c45080 bytes=64 caller=0x10473b554
ETHEREUM_INCREMENTAL_ROLE0_ALLOCATOR_LIVE ptr=0x170c450c0 bytes=64 caller=0x10473b554
ETHEREUM_INCREMENTAL_ROLE0_ALLOCATOR_LIVE ptr=0x170c45100 bytes=64 caller=0x10473b554
ETHEREUM_INCREMENTAL_ROLE0_ALLOCATOR_LIVE ptr=0x170c45140 bytes=64 caller=0x10473b554
ETHEREUM_INCREMENTAL_ROLE0_ALLOCATOR_LIVE ptr=0x170c45180 bytes=64 caller=0x10473b554
ETHEREUM_INCREMENTAL_ROLE0_ALLOCATOR_LIVE ptr=0x170c451c0 bytes=64 caller=0x10473b554
ETHEREUM_INCREMENTAL_ROLE0_ALLOCATOR_LIVE ptr=0x170c45200 bytes=64 caller=0x10473b554
ETHEREUM_INCREMENTAL_ROLE0_ALLOCATOR_LIVE ptr=0x170c45240 bytes=64 caller=0x10473b554
ETHEREUM_INCREMENTAL_ROLE0_ALLOCATOR_LIVE ptr=0x170c45280 bytes=64 caller=0x10473b554
ETHEREUM_INCREMENTAL_ROLE0_ALLOCATOR_LIVE ptr=0x170c452c0 bytes=64 caller=0x10473b554
ETHEREUM_INCREMENTAL_ROLE0_ALLOCATOR_LIVE ptr=0x170c45300 bytes=64 caller=0x10473b554
ETHEREUM_INCREMENTAL_ROLE0_ALLOCATOR_LIVE ptr=0x170c45340 bytes=64 caller=0x10473b554
ETHEREUM_INCREMENTAL_ROLE0_ALLOCATOR_LIVE ptr=0x170c45380 bytes=64 caller=0x10473b554
ETHEREUM_INCREMENTAL_ROLE0_ALLOCATOR_LIVE ptr=0x170c453c0 bytes=64 caller=0x10473b554
ETHEREUM_INCREMENTAL_ROLE0_ALLOCATOR_LIVE ptr=0x170c45400 bytes=64 caller=0x10473b554
ETHEREUM_INCREMENTAL_ROLE0_ALLOCATOR_LIVE ptr=0x170c45440 bytes=64 caller=0x10473b554
ETHEREUM_INCREMENTAL_ROLE0_ALLOCATOR_LIVE ptr=0x170c45480 bytes=64 caller=0x10473b554
ETHEREUM_INCREMENTAL_ROLE0_ALLOCATOR_LIVE ptr=0x170c454c0 bytes=64 caller=0x10473b554
ETHEREUM_INCREMENTAL_ROLE0_ALLOCATOR_LIVE ptr=0x170c45500 bytes=64 caller=0x10473b554
ETHEREUM_INCREMENTAL_ROLE0_ALLOCATOR_LIVE ptr=0x170c45540 bytes=64 caller=0x10473b554
ETHEREUM_INCREMENTAL_ROLE0_ALLOCATOR_LIVE ptr=0x170c45580 bytes=64 caller=0x10473b554
ETHEREUM_INCREMENTAL_ROLE0_ALLOCATOR_LIVE ptr=0x170c455c0 bytes=64 caller=0x10473b554
ETHEREUM_INCREMENTAL_ROLE0_ALLOCATOR_LIVE ptr=0x170c45600 bytes=64 caller=0x10473b554
ETHEREUM_INCREMENTAL_ROLE0_ALLOCATOR_LIVE ptr=0x170c45640 bytes=64 caller=0x10473b554
ETHEREUM_INCREMENTAL_ROLE0_ALLOCATOR_LIVE ptr=0x170c45680 bytes=64 caller=0x10473b554
ETHEREUM_INCREMENTAL_ROLE0_ALLOCATOR_LIVE ptr=0x170c456c0 bytes=64 caller=0x10473b554
ETHEREUM_INCREMENTAL_ROLE0_ALLOCATOR_LIVE ptr=0x170c45700 bytes=64 caller=0x10473b554
ETHEREUM_INCREMENTAL_ROLE0_ALLOCATOR_LIVE ptr=0x170c45740 bytes=64 caller=0x10473b554
ETHEREUM_INCREMENTAL_ROLE0_ALLOCATOR_LIVE ptr=0x170c45780 bytes=64 caller=0x10473b554
ETHEREUM_INCREMENTAL_ROLE0_ALLOCATOR_LIVE ptr=0x170c457c0 bytes=64 caller=0x10473b554
ETHEREUM_INCREMENTAL_ROLE0_ALLOCATOR_LIVE ptr=0x170c45800 bytes=64 caller=0x10473b554
ETHEREUM_INCREMENTAL_ROLE0_ALLOCATOR_LIVE ptr=0x170c45840 bytes=64 caller=0x10473b554
ETHEREUM_INCREMENTAL_ROLE0_ALLOCATOR_LIVE ptr=0x170c45880 bytes=64 caller=0x10473b554
ETHEREUM_INCREMENTAL_ROLE0_ALLOCATOR_LIVE ptr=0x170c458c0 bytes=64 caller=0x10473b554
ETHEREUM_INCREMENTAL_ROLE0_ALLOCATOR_LIVE ptr=0x170c45900 bytes=64 caller=0x10473b554
ETHEREUM_INCREMENTAL_ROLE0_ALLOCATOR_LIVE ptr=0x170c45940 bytes=64 caller=0x10473b554
ETHEREUM_INCREMENTAL_ROLE0_ALLOCATOR_LIVE ptr=0x170c45980 bytes=64 caller=0x10473b554
ETHEREUM_INCREMENTAL_ROLE0_ALLOCATOR_LIVE ptr=0x170c459c0 bytes=64 caller=0x10473b554
ETHEREUM_INCREMENTAL_ROLE0_ALLOCATOR_LIVE ptr=0x170c45a00 bytes=64 caller=0x10473b554
ETHEREUM_INCREMENTAL_ROLE0_ALLOCATOR_LIVE ptr=0x170c45a40 bytes=64 caller=0x10473b554
ETHEREUM_INCREMENTAL_ROLE0_ALLOCATOR_LIVE ptr=0x170c45a80 bytes=64 caller=0x10473b554
ETHEREUM_INCREMENTAL_ROLE0_ALLOCATOR_LIVE ptr=0x170c45ac0 bytes=64 caller=0x10473b554
ETHEREUM_INCREMENTAL_ROLE0_ALLOCATOR_LIVE ptr=0x170c45b00 bytes=64 caller=0x10473b554
ETHEREUM_INCREMENTAL_ROLE0_ALLOCATOR_LIVE ptr=0x170c45b40 bytes=64 caller=0x10473b554
ETHEREUM_INCREMENTAL_ROLE0_ALLOCATOR_LIVE ptr=0x170c45b80 bytes=64 caller=0x10473b554
ETHEREUM_INCREMENTAL_ROLE0_ALLOCATOR_LIVE ptr=0x170c45bc0 bytes=64 caller=0x10473b554
ETHEREUM_INCREMENTAL_ROLE0_ALLOCATOR_LIVE ptr=0x170c45c00 bytes=64 caller=0x10473b554
ETHEREUM_INCREMENTAL_ROLE0_ALLOCATOR_LIVE ptr=0x170c45c40 bytes=64 caller=0x10473b554
ETHEREUM_INCREMENTAL_ROLE0_ALLOCATOR_LIVE ptr=0x170c45c80 bytes=64 caller=0x10473b554
ETHEREUM_INCREMENTAL_ROLE0_ALLOCATOR_LIVE ptr=0x170c45cc0 bytes=64 caller=0x10473b554
ETHEREUM_INCREMENTAL_ROLE0_ALLOCATOR_LIVE ptr=0x170c45d00 bytes=64 caller=0x10473b554
ETHEREUM_INCREMENTAL_ROLE0_ALLOCATOR_LIVE ptr=0x170c45d40 bytes=64 caller=0x10473b554
ETHEREUM_INCREMENTAL_ROLE0_ALLOCATOR_LIVE ptr=0x170c45d80 bytes=64 caller=0x10473b554
ETHEREUM_INCREMENTAL_ROLE0_ALLOCATOR_LIVE ptr=0x170c45dc0 bytes=64 caller=0x10473b554
ETHEREUM_INCREMENTAL_ROLE0_ALLOCATOR_LIVE ptr=0x170c45e00 bytes=64 caller=0x10473b554
ETHEREUM_INCREMENTAL_ROLE0_ALLOCATOR_LIVE ptr=0x170c45e40 bytes=64 caller=0x10473b554
ETHEREUM_INCREMENTAL_ROLE0_ALLOCATOR_LIVE ptr=0x170c45e80 bytes=64 caller=0x10473b554
ETHEREUM_INCREMENTAL_ROLE0_ALLOCATOR_LIVE ptr=0x170c45ec0 bytes=64 caller=0x10473b554
ETHEREUM_INCREMENTAL_ROLE0_ALLOCATOR_LIVE ptr=0x170c45f00 bytes=64 caller=0x10473b554
ETHEREUM_INCREMENTAL_ROLE0_ALLOCATOR_LIVE ptr=0x170c45f40 bytes=64 caller=0x10473b554
ETHEREUM_INCREMENTAL_ROLE0_ALLOCATOR_LIVE ptr=0x170c45f80 bytes=64 caller=0x10473b554
ETHEREUM_INCREMENTAL_ROLE0_ALLOCATOR_LIVE ptr=0x170c45fc0 bytes=64 caller=0x10473b554
ETHEREUM_INCREMENTAL_ROLE0_ALLOCATOR_LIVE ptr=0x170c46000 bytes=64 caller=0x10473b554
ETHEREUM_INCREMENTAL_ROLE0_ALLOCATOR_LIVE ptr=0x170c46040 bytes=64 caller=0x10473b554
ETHEREUM_INCREMENTAL_ROLE0_ALLOCATOR_LIVE ptr=0x170c46080 bytes=64 caller=0x10473b554
ETHEREUM_INCREMENTAL_ROLE0_ALLOCATOR_LIVE ptr=0x170c460c0 bytes=64 caller=0x10473b554
ETHEREUM_INCREMENTAL_ROLE0_ALLOCATOR_LIVE ptr=0x170c46100 bytes=64 caller=0x10473b554
ETHEREUM_INCREMENTAL_ROLE0_ALLOCATOR_LIVE ptr=0x170c46140 bytes=64 caller=0x10473b554
ETHEREUM_INCREMENTAL_ROLE0_ALLOCATOR_LIVE ptr=0x170c46180 bytes=64 caller=0x10473b554
ETHEREUM_INCREMENTAL_ROLE0_ALLOCATOR_LIVE ptr=0x170c461c0 bytes=64 caller=0x10473b554
ETHEREUM_INCREMENTAL_ROLE0_ALLOCATOR_LIVE ptr=0x170c46200 bytes=64 caller=0x10473b554
ETHEREUM_INCREMENTAL_ROLE0_ALLOCATOR_LIVE ptr=0x170c46240 bytes=64 caller=0x10473b554
ETHEREUM_INCREMENTAL_ROLE0_ALLOCATOR_LIVE ptr=0x170c46280 bytes=64 caller=0x10473b554
ETHEREUM_INCREMENTAL_ROLE0_ALLOCATOR_LIVE ptr=0x170c462c0 bytes=64 caller=0x10473b554
ETHEREUM_INCREMENTAL_ROLE0_ALLOCATOR_LIVE ptr=0x170c46300 bytes=64 caller=0x10473b554
ETHEREUM_INCREMENTAL_ROLE0_ALLOCATOR_LIVE ptr=0x170c46340 bytes=64 caller=0x10473b554
ETHEREUM_INCREMENTAL_ROLE0_ALLOCATOR_LIVE ptr=0x170c46380 bytes=64 caller=0x10473b554
ETHEREUM_INCREMENTAL_ROLE0_ALLOCATOR_LIVE ptr=0x170c463c0 bytes=64 caller=0x10473b554
ETHEREUM_INCREMENTAL_ROLE0_ALLOCATOR_LIVE ptr=0x170c46400 bytes=64 caller=0x10473b554
ETHEREUM_INCREMENTAL_ROLE0_ALLOCATOR_LIVE ptr=0x170c46440 bytes=64 caller=0x10473b554
ETHEREUM_INCREMENTAL_ROLE0_ALLOCATOR_LIVE ptr=0x170c46480 bytes=64 caller=0x10473b554
ETHEREUM_INCREMENTAL_ROLE0_ALLOCATOR_LIVE ptr=0x170c464c0 bytes=64 caller=0x10473b554
ETHEREUM_INCREMENTAL_ROLE0_ALLOCATOR_LIVE ptr=0x170c46500 bytes=64 caller=0x10473b554
ETHEREUM_INCREMENTAL_ROLE0_ALLOCATOR_LIVE ptr=0x170c46540 bytes=64 caller=0x10473b554
ETHEREUM_INCREMENTAL_ROLE0_ALLOCATOR_LIVE ptr=0x170c46580 bytes=64 caller=0x10473b554
ETHEREUM_INCREMENTAL_ROLE0_ALLOCATOR_LIVE ptr=0x170c465c0 bytes=64 caller=0x10473b554
ETHEREUM_INCREMENTAL_ROLE0_ALLOCATOR_LIVE ptr=0x170c46600 bytes=64 caller=0x10473b554
ETHEREUM_INCREMENTAL_ROLE0_ALLOCATOR_LIVE ptr=0x170c46640 bytes=64 caller=0x10473b554
ETHEREUM_INCREMENTAL_ROLE0_ALLOCATOR_LIVE ptr=0x170c46680 bytes=64 caller=0x10473b554
ETHEREUM_INCREMENTAL_ROLE0_ALLOCATOR_LIVE ptr=0x170c466c0 bytes=64 caller=0x10473b554
ETHEREUM_INCREMENTAL_ROLE0_ALLOCATOR_LIVE ptr=0x170c46700 bytes=64 caller=0x10473b554
ETHEREUM_INCREMENTAL_ROLE0_ALLOCATOR_LIVE ptr=0x170c46740 bytes=64 caller=0x10473b554
ETHEREUM_INCREMENTAL_ROLE0_ALLOCATOR_LIVE ptr=0x170c46780 bytes=64 caller=0x10473b554
ETHEREUM_INCREMENTAL_ROLE0_ALLOCATOR_LIVE ptr=0x170c467c0 bytes=64 caller=0x10473b554
ETHEREUM_INCREMENTAL_ROLE0_ALLOCATOR_LIVE ptr=0x170c46800 bytes=64 caller=0x10473b554
ETHEREUM_INCREMENTAL_ROLE0_ALLOCATOR_LIVE ptr=0x170c46840 bytes=64 caller=0x10473b554
ETHEREUM_INCREMENTAL_ROLE0_ALLOCATOR_LIVE ptr=0x170c46880 bytes=64 caller=0x10473b554
ETHEREUM_INCREMENTAL_ROLE0_ALLOCATOR_LIVE ptr=0x170c468c0 bytes=64 caller=0x10473b554
ETHEREUM_INCREMENTAL_ROLE0_ALLOCATOR_LIVE ptr=0x170c46900 bytes=64 caller=0x10473b554
ETHEREUM_INCREMENTAL_ROLE0_ALLOCATOR_LIVE ptr=0x170c46940 bytes=64 caller=0x10473b554
ETHEREUM_INCREMENTAL_ROLE0_ALLOCATOR_LIVE ptr=0x170c46980 bytes=64 caller=0x10473b554
ETHEREUM_INCREMENTAL_ROLE0_ALLOCATOR_LIVE ptr=0x170c469c0 bytes=64 caller=0x10473b554
ETHEREUM_INCREMENTAL_ROLE0_ALLOCATOR_LIVE ptr=0x170c46a00 bytes=64 caller=0x10473b554
ETHEREUM_INCREMENTAL_ROLE0_ALLOCATOR_LIVE ptr=0x170c46a40 bytes=64 caller=0x10473b554
ETHEREUM_INCREMENTAL_ROLE0_ALLOCATOR_LIVE ptr=0x170c46a80 bytes=64 caller=0x10473b554
ETHEREUM_INCREMENTAL_ROLE0_ALLOCATOR_LIVE ptr=0x170c46ac0 bytes=64 caller=0x10473b554
ETHEREUM_INCREMENTAL_ROLE0_ALLOCATOR_LIVE ptr=0x170c46b00 bytes=64 caller=0x10473b554
ETHEREUM_INCREMENTAL_ROLE0_ALLOCATOR_LIVE ptr=0x170c46b40 bytes=64 caller=0x10473b554
ETHEREUM_INCREMENTAL_ROLE0_ALLOCATOR_LIVE ptr=0x170c46b80 bytes=64 caller=0x10473b554
ETHEREUM_INCREMENTAL_ROLE0_ALLOCATOR_LIVE ptr=0x170c46bc0 bytes=64 caller=0x10473b554
ETHEREUM_INCREMENTAL_ROLE0_ALLOCATOR_LIVE ptr=0x170c46c00 bytes=64 caller=0x10473b554
ETHEREUM_INCREMENTAL_ROLE0_ALLOCATOR_LIVE ptr=0x170c46c40 bytes=64 caller=0x10473b554
ETHEREUM_INCREMENTAL_ROLE0_ALLOCATOR_LIVE ptr=0x170c46c80 bytes=64 caller=0x10473b554
ETHEREUM_INCREMENTAL_ROLE0_ALLOCATOR_LIVE ptr=0x170c46cc0 bytes=64 caller=0x10473b554
ETHEREUM_INCREMENTAL_ROLE0_ALLOCATOR_LIVE ptr=0x170c46d00 bytes=64 caller=0x10473b554
ETHEREUM_INCREMENTAL_ROLE0_ALLOCATOR_LIVE ptr=0x170c46d40 bytes=64 caller=0x10473b554
ETHEREUM_INCREMENTAL_ROLE0_ALLOCATOR_LIVE ptr=0x170c46d80 bytes=64 caller=0x10473b554
ETHEREUM_INCREMENTAL_ROLE0_ALLOCATOR_LIVE ptr=0x170c46dc0 bytes=64 caller=0x10473b554
ETHEREUM_INCREMENTAL_ROLE0_ALLOCATOR_LIVE ptr=0x170c46e00 bytes=64 caller=0x10473b554
ETHEREUM_INCREMENTAL_ROLE0_ALLOCATOR_LIVE ptr=0x170c46e40 bytes=64 caller=0x10473b554
ETHEREUM_INCREMENTAL_ROLE0_ALLOCATOR_LIVE ptr=0x170c46e80 bytes=64 caller=0x10473b554
ETHEREUM_INCREMENTAL_ROLE0_ALLOCATOR_LIVE ptr=0x170c46ec0 bytes=64 caller=0x10473b554
ETHEREUM_INCREMENTAL_ROLE0_ALLOCATOR_LIVE ptr=0x170c46f00 bytes=64 caller=0x10473b554
ETHEREUM_INCREMENTAL_ROLE0_ALLOCATOR_LIVE ptr=0x170c46f40 bytes=64 caller=0x10473b554
ETHEREUM_INCREMENTAL_ROLE0_ALLOCATOR_LIVE ptr=0x170c46f80 bytes=64 caller=0x10473b554
ETHEREUM_INCREMENTAL_ROLE0_ALLOCATOR_LIVE ptr=0x170c46fc0 bytes=64 caller=0x10473b554
ETHEREUM_INCREMENTAL_ROLE0_ALLOCATOR_LIVE ptr=0x170c47000 bytes=64 caller=0x10473b554
ETHEREUM_INCREMENTAL_ROLE0_ALLOCATOR_LIVE ptr=0x170c47040 bytes=64 caller=0x10473b554
ETHEREUM_INCREMENTAL_ROLE0_ALLOCATOR_LIVE ptr=0x170c47080 bytes=64 caller=0x10473b554
ETHEREUM_INCREMENTAL_ROLE0_ALLOCATOR_LIVE ptr=0x170c470c0 bytes=64 caller=0x10473b554
ETHEREUM_INCREMENTAL_ROLE0_ALLOCATOR_LIVE ptr=0x170c47100 bytes=64 caller=0x10473b554
ETHEREUM_INCREMENTAL_ROLE0_ALLOCATOR_LIVE ptr=0x170c47140 bytes=64 caller=0x10473b554
ETHEREUM_INCREMENTAL_ROLE0_ALLOCATOR_LIVE ptr=0x170c47180 bytes=64 caller=0x10473b554
ETHEREUM_INCREMENTAL_ROLE0_ALLOCATOR_LIVE ptr=0x170c471c0 bytes=64 caller=0x10473b554
ETHEREUM_INCREMENTAL_ROLE0_ALLOCATOR_LIVE ptr=0x170c47200 bytes=64 caller=0x10473b554
ETHEREUM_INCREMENTAL_ROLE0_ALLOCATOR_LIVE ptr=0x170c47240 bytes=64 caller=0x10473b554
ETHEREUM_INCREMENTAL_ROLE0_ALLOCATOR_LIVE ptr=0x170c47280 bytes=64 caller=0x10473b554
ETHEREUM_INCREMENTAL_ROLE0_ALLOCATOR_LIVE ptr=0x170c472c0 bytes=64 caller=0x10473b554
ETHEREUM_INCREMENTAL_ROLE0_ALLOCATOR_LIVE ptr=0x170c47300 bytes=64 caller=0x10473b554
ETHEREUM_INCREMENTAL_ROLE0_ALLOCATOR_LIVE ptr=0x170c47340 bytes=64 caller=0x10473b554
ETHEREUM_INCREMENTAL_ROLE0_ALLOCATOR_LIVE ptr=0x170c47380 bytes=64 caller=0x10473b554
ETHEREUM_INCREMENTAL_ROLE0_ALLOCATOR_LIVE ptr=0x170c473c0 bytes=64 caller=0x10473b554
ETHEREUM_INCREMENTAL_ROLE0_ALLOCATOR_LIVE ptr=0x170c47400 bytes=64 caller=0x10473b554
ETHEREUM_INCREMENTAL_ROLE0_ALLOCATOR_LIVE ptr=0x170c47440 bytes=64 caller=0x10473b554
ETHEREUM_INCREMENTAL_ROLE0_ALLOCATOR_LIVE ptr=0x170c47480 bytes=64 caller=0x10473b554
ETHEREUM_INCREMENTAL_ROLE0_ALLOCATOR_LIVE ptr=0x170c474c0 bytes=64 caller=0x10473b554
ETHEREUM_INCREMENTAL_ROLE0_ALLOCATOR_LIVE ptr=0x170c47500 bytes=64 caller=0x10473b554
ETHEREUM_INCREMENTAL_ROLE0_ALLOCATOR_LIVE ptr=0x170c47540 bytes=64 caller=0x10473b554
ETHEREUM_INCREMENTAL_ROLE0_ALLOCATOR_LIVE ptr=0x170c47580 bytes=64 caller=0x10473b554
ETHEREUM_INCREMENTAL_ROLE0_ALLOCATOR_LIVE ptr=0x170c475c0 bytes=64 caller=0x10473b554
ETHEREUM_INCREMENTAL_ROLE0_ALLOCATOR_LIVE ptr=0x170c47600 bytes=64 caller=0x10473b554
ETHEREUM_INCREMENTAL_ROLE0_ALLOCATOR_LIVE ptr=0x170c47640 bytes=64 caller=0x10473b554
ETHEREUM_INCREMENTAL_ROLE0_ALLOCATOR_LIVE ptr=0x170c47680 bytes=64 caller=0x10473b554
ETHEREUM_INCREMENTAL_ROLE0_ALLOCATOR_LIVE ptr=0x170c476c0 bytes=64 caller=0x10473b554
ETHEREUM_INCREMENTAL_ROLE0_ALLOCATOR_LIVE ptr=0x170c47700 bytes=64 caller=0x10473b554
ETHEREUM_INCREMENTAL_ROLE0_ALLOCATOR_LIVE ptr=0x170c47740 bytes=64 caller=0x10473b554
ETHEREUM_INCREMENTAL_ROLE0_ALLOCATOR_LIVE ptr=0x170c47780 bytes=64 caller=0x10473b554
ETHEREUM_INCREMENTAL_ROLE0_ALLOCATOR_LIVE ptr=0x170c477c0 bytes=64 caller=0x10473b554
ETHEREUM_INCREMENTAL_ROLE0_ALLOCATOR_LIVE ptr=0x170c47800 bytes=64 caller=0x10473b554
ETHEREUM_INCREMENTAL_ROLE0_ALLOCATOR_LIVE ptr=0x170c47840 bytes=64 caller=0x10473b554
ETHEREUM_INCREMENTAL_ROLE0_ALLOCATOR_LIVE ptr=0x170c47880 bytes=64 caller=0x10473b554
ETHEREUM_INCREMENTAL_ROLE0_ALLOCATOR_LIVE ptr=0x170c478c0 bytes=64 caller=0x10473b554
ETHEREUM_INCREMENTAL_ROLE0_ALLOCATOR_LIVE ptr=0x170c47900 bytes=64 caller=0x10473b554
ETHEREUM_INCREMENTAL_ROLE0_ALLOCATOR_LIVE ptr=0x170c47940 bytes=64 caller=0x10473b554
ETHEREUM_INCREMENTAL_ROLE0_ALLOCATOR_LIVE ptr=0x170c47980 bytes=64 caller=0x10473b554
ETHEREUM_INCREMENTAL_ROLE0_ALLOCATOR_LIVE ptr=0x170c479c0 bytes=64 caller=0x10473b554
ETHEREUM_INCREMENTAL_ROLE0_ALLOCATOR_LIVE ptr=0x170c47a00 bytes=64 caller=0x10473b554
ETHEREUM_INCREMENTAL_ROLE0_ALLOCATOR_LIVE ptr=0x170c47a40 bytes=64 caller=0x10473b554
ETHEREUM_INCREMENTAL_ROLE0_ALLOCATOR_LIVE ptr=0x170c47a80 bytes=64 caller=0x10473b554
ETHEREUM_INCREMENTAL_ROLE0_ALLOCATOR_LIVE ptr=0x170c47ac0 bytes=64 caller=0x10473b554
ETHEREUM_INCREMENTAL_ROLE0_ALLOCATOR_LIVE ptr=0x170c47b00 bytes=64 caller=0x10473b554
ETHEREUM_INCREMENTAL_ROLE0_ALLOCATOR_LIVE ptr=0x170c47b40 bytes=64 caller=0x10473b554
ETHEREUM_INCREMENTAL_ROLE0_ALLOCATOR_LIVE ptr=0x170c47b80 bytes=64 caller=0x10473b554
ETHEREUM_INCREMENTAL_ROLE0_ALLOCATOR_LIVE ptr=0x170c47bc0 bytes=64 caller=0x10473b554
ETHEREUM_INCREMENTAL_ROLE0_ALLOCATOR_LIVE ptr=0x170c47c00 bytes=64 caller=0x10473b554
ETHEREUM_INCREMENTAL_ROLE0_ALLOCATOR_LIVE ptr=0x170c47c40 bytes=64 caller=0x10473b554
ETHEREUM_INCREMENTAL_ROLE0_ALLOCATOR_LIVE ptr=0x170c47c80 bytes=64 caller=0x10473b554
ETHEREUM_INCREMENTAL_ROLE0_ALLOCATOR_LIVE ptr=0x170c47cc0 bytes=64 caller=0x10473b554
ETHEREUM_INCREMENTAL_ROLE0_ALLOCATOR_LIVE ptr=0x170c47d00 bytes=64 caller=0x10473b554
ETHEREUM_INCREMENTAL_ROLE0_ALLOCATOR_LIVE ptr=0x170c47d40 bytes=64 caller=0x10473b554
ETHEREUM_INCREMENTAL_ROLE0_ALLOCATOR_LIVE ptr=0x170c47d80 bytes=64 caller=0x10473b554
ETHEREUM_INCREMENTAL_ROLE0_ALLOCATOR_LIVE ptr=0x170c47dc0 bytes=64 caller=0x10473b554
ETHEREUM_INCREMENTAL_ROLE0_ALLOCATOR_LIVE ptr=0x170c47e00 bytes=64 caller=0x10473b554
ETHEREUM_INCREMENTAL_ROLE0_ALLOCATOR_LIVE ptr=0x170c47e40 bytes=64 caller=0x10473b554
ETHEREUM_INCREMENTAL_ROLE0_ALLOCATOR_LIVE ptr=0x170c47e80 bytes=64 caller=0x10473b554
ETHEREUM_INCREMENTAL_ROLE0_ALLOCATOR_LIVE ptr=0x170c47ec0 bytes=64 caller=0x10473b554
ETHEREUM_INCREMENTAL_ROLE0_ALLOCATOR_LIVE ptr=0x170c47f00 bytes=64 caller=0x10473b554
ETHEREUM_INCREMENTAL_ROLE0_ALLOCATOR_LIVE ptr=0x170c47f40 bytes=64 caller=0x10473b554
ETHEREUM_INCREMENTAL_ROLE0_ALLOCATOR_LIVE ptr=0x170c47f80 bytes=64 caller=0x10473b554
ETHEREUM_INCREMENTAL_ROLE0_ALLOCATOR_LIVE ptr=0x170c47fc0 bytes=64 caller=0x10473b554
ETHEREUM_INCREMENTAL_ROLE0_ALLOCATOR_LIVE ptr=0x170c48000 bytes=64 caller=0x10473b554
ETHEREUM_INCREMENTAL_ROLE0_ALLOCATOR_LIVE ptr=0x170c48040 bytes=64 caller=0x10473b554
ETHEREUM_INCREMENTAL_ROLE0_ALLOCATOR_LIVE ptr=0x170c48080 bytes=64 caller=0x10473b554
ETHEREUM_INCREMENTAL_ROLE0_ALLOCATOR_LIVE ptr=0x170c480c0 bytes=64 caller=0x10473b554
ETHEREUM_INCREMENTAL_ROLE0_ALLOCATOR_LIVE ptr=0x170c48100 bytes=64 caller=0x10473b554
ETHEREUM_INCREMENTAL_ROLE0_ALLOCATOR_LIVE ptr=0x170c48140 bytes=64 caller=0x10473b554
ETHEREUM_INCREMENTAL_ROLE0_ALLOCATOR_LIVE ptr=0x170c48180 bytes=64 caller=0x10473b554
ETHEREUM_INCREMENTAL_ROLE0_ALLOCATOR_LIVE ptr=0x170c481c0 bytes=64 caller=0x10473b554
ETHEREUM_INCREMENTAL_ROLE0_ALLOCATOR_LIVE ptr=0x170c48200 bytes=64 caller=0x10473b554
ETHEREUM_INCREMENTAL_ROLE0_ALLOCATOR_LIVE ptr=0x170c48240 bytes=64 caller=0x10473b554
ETHEREUM_INCREMENTAL_ROLE0_ALLOCATOR_LIVE ptr=0x170c48280 bytes=64 caller=0x10473b554
ETHEREUM_INCREMENTAL_ROLE0_ALLOCATOR_LIVE ptr=0x170c482c0 bytes=64 caller=0x10473b554
ETHEREUM_INCREMENTAL_ROLE0_ALLOCATOR_LIVE ptr=0x170c48300 bytes=64 caller=0x10473b554
ETHEREUM_INCREMENTAL_ROLE0_ALLOCATOR_LIVE ptr=0x170c48340 bytes=64 caller=0x10473b554
ETHEREUM_INCREMENTAL_ROLE0_ALLOCATOR_LIVE ptr=0x170c48380 bytes=64 caller=0x10473b554
ETHEREUM_INCREMENTAL_ROLE0_ALLOCATOR_LIVE ptr=0x170c483c0 bytes=64 caller=0x10473b554
ETHEREUM_INCREMENTAL_ROLE0_ALLOCATOR_LIVE ptr=0x170c48400 bytes=64 caller=0x10473b554
ETHEREUM_INCREMENTAL_ROLE0_ALLOCATOR_LIVE ptr=0x170c48440 bytes=64 caller=0x10473b554
ETHEREUM_INCREMENTAL_ROLE0_ALLOCATOR_LIVE ptr=0x170c48480 bytes=64 caller=0x10473b554
ETHEREUM_INCREMENTAL_ROLE0_ALLOCATOR_LIVE ptr=0x170c484c0 bytes=64 caller=0x10473b554
ETHEREUM_INCREMENTAL_ROLE0_ALLOCATOR_LIVE ptr=0x170c48500 bytes=64 caller=0x10473b554
ETHEREUM_INCREMENTAL_ROLE0_ALLOCATOR_LIVE ptr=0x170c48540 bytes=64 caller=0x10473b554
ETHEREUM_INCREMENTAL_ROLE0_ALLOCATOR_LIVE ptr=0x170c48580 bytes=64 caller=0x10473b554
ETHEREUM_INCREMENTAL_ROLE0_ALLOCATOR_LIVE ptr=0x170c485c0 bytes=64 caller=0x10473b554
ETHEREUM_INCREMENTAL_ROLE0_ALLOCATOR_LIVE ptr=0x170c48600 bytes=64 caller=0x10473b554
ETHEREUM_INCREMENTAL_ROLE0_ALLOCATOR_LIVE ptr=0x170c48640 bytes=64 caller=0x10473b554
ETHEREUM_INCREMENTAL_ROLE0_ALLOCATOR_LIVE ptr=0x170c48680 bytes=64 caller=0x10473b554
ETHEREUM_INCREMENTAL_ROLE0_ALLOCATOR_LIVE ptr=0x170c486c0 bytes=64 caller=0x10473b554
ETHEREUM_INCREMENTAL_ROLE0_ALLOCATOR_LIVE ptr=0x170c48700 bytes=64 caller=0x10473b554
ETHEREUM_INCREMENTAL_ROLE0_ALLOCATOR_LIVE ptr=0x170c48740 bytes=64 caller=0x10473b554
ETHEREUM_INCREMENTAL_ROLE0_ALLOCATOR_LIVE ptr=0x170c48780 bytes=64 caller=0x10473b554
ETHEREUM_INCREMENTAL_ROLE0_ALLOCATOR_LIVE ptr=0x170c487c0 bytes=64 caller=0x10473b554
ETHEREUM_INCREMENTAL_ROLE0_ALLOCATOR_LIVE ptr=0x170c48800 bytes=64 caller=0x10473b554
ETHEREUM_INCREMENTAL_ROLE0_ALLOCATOR_LIVE ptr=0x170c48840 bytes=64 caller=0x10473b554
ETHEREUM_INCREMENTAL_ROLE0_ALLOCATOR_LIVE ptr=0x170c48880 bytes=64 caller=0x10473b554
ETHEREUM_INCREMENTAL_ROLE0_ALLOCATOR_LIVE ptr=0x170c488c0 bytes=64 caller=0x10473b554
ETHEREUM_INCREMENTAL_ROLE0_ALLOCATOR_LIVE ptr=0x170c48900 bytes=64 caller=0x10473b554
ETHEREUM_INCREMENTAL_ROLE0_ALLOCATOR_LIVE ptr=0x170c48940 bytes=64 caller=0x10473b554
ETHEREUM_INCREMENTAL_ROLE0_ALLOCATOR_LIVE ptr=0x170c48980 bytes=64 caller=0x10473b554
ETHEREUM_INCREMENTAL_ROLE0_ALLOCATOR_LIVE ptr=0x170c489c0 bytes=64 caller=0x10473b554
ETHEREUM_INCREMENTAL_ROLE0_ALLOCATOR_LIVE ptr=0x170c48a00 bytes=64 caller=0x10473b554
ETHEREUM_INCREMENTAL_ROLE0_ALLOCATOR_LIVE ptr=0x170c48a40 bytes=64 caller=0x10473b554
ETHEREUM_INCREMENTAL_ROLE0_ALLOCATOR_LIVE ptr=0x170c48a80 bytes=64 caller=0x10473b554
ETHEREUM_INCREMENTAL_ROLE0_ALLOCATOR_LIVE ptr=0x170c48ac0 bytes=64 caller=0x10473b554
ETHEREUM_INCREMENTAL_ROLE0_ALLOCATOR_LIVE ptr=0x170c48b00 bytes=64 caller=0x10473b554
ETHEREUM_INCREMENTAL_ROLE0_ALLOCATOR_LIVE ptr=0x170c48b40 bytes=64 caller=0x10473b554
ETHEREUM_INCREMENTAL_ROLE0_ALLOCATOR_LIVE ptr=0x170c48b80 bytes=64 caller=0x10473b554
ETHEREUM_INCREMENTAL_ROLE0_ALLOCATOR_LIVE ptr=0x170c48bc0 bytes=64 caller=0x10473b554
ETHEREUM_INCREMENTAL_ROLE0_ALLOCATOR_LIVE ptr=0x170c48c00 bytes=64 caller=0x10473b554
ETHEREUM_INCREMENTAL_ROLE0_ALLOCATOR_LIVE ptr=0x170c48c40 bytes=64 caller=0x10473b554
ETHEREUM_INCREMENTAL_ROLE0_ALLOCATOR_LIVE ptr=0x170c48c80 bytes=64 caller=0x10473b554
ETHEREUM_INCREMENTAL_ROLE0_ALLOCATOR_LIVE ptr=0x170c48cc0 bytes=64 caller=0x10473b554
ETHEREUM_INCREMENTAL_ROLE0_ALLOCATOR_LIVE ptr=0x170c48d00 bytes=64 caller=0x10473b554
ETHEREUM_INCREMENTAL_ROLE0_ALLOCATOR_LIVE ptr=0x170c48d40 bytes=64 caller=0x10473b554
ETHEREUM_INCREMENTAL_ROLE0_ALLOCATOR_LIVE ptr=0x170c48d80 bytes=64 caller=0x10473b554
ETHEREUM_INCREMENTAL_ROLE0_ALLOCATOR_LIVE ptr=0x170c48dc0 bytes=64 caller=0x10473b554
ETHEREUM_INCREMENTAL_ROLE0_ALLOCATOR_LIVE ptr=0x170c48e00 bytes=64 caller=0x10473b554
ETHEREUM_INCREMENTAL_ROLE0_ALLOCATOR_LIVE ptr=0x170c48e40 bytes=64 caller=0x10473b554
ETHEREUM_INCREMENTAL_ROLE0_ALLOCATOR_LIVE ptr=0x170c48e80 bytes=64 caller=0x10473b554
ETHEREUM_INCREMENTAL_ROLE0_ALLOCATOR_LIVE ptr=0x170c48ec0 bytes=64 caller=0x10473b554
ETHEREUM_INCREMENTAL_ROLE0_ALLOCATOR_LIVE ptr=0x170c48f00 bytes=64 caller=0x10473b554
ETHEREUM_INCREMENTAL_ROLE0_ALLOCATOR_LIVE ptr=0x170c48f40 bytes=64 caller=0x10473b554
ETHEREUM_INCREMENTAL_ROLE0_ALLOCATOR_LIVE ptr=0x170c48f80 bytes=64 caller=0x10473b554
ETHEREUM_INCREMENTAL_ROLE0_ALLOCATOR_LIVE ptr=0x170c48fc0 bytes=64 caller=0x10473b554
ETHEREUM_INCREMENTAL_ROLE0_ALLOCATOR_LIVE ptr=0x170c49000 bytes=64 caller=0x10473b554
ETHEREUM_INCREMENTAL_ROLE0_ALLOCATOR_LIVE ptr=0x170c49040 bytes=64 caller=0x10473b554
ETHEREUM_INCREMENTAL_ROLE0_ALLOCATOR_LIVE ptr=0x170c49080 bytes=64 caller=0x10473b554
ETHEREUM_INCREMENTAL_ROLE0_ALLOCATOR_LIVE ptr=0x170c490c0 bytes=64 caller=0x10473b554
ETHEREUM_INCREMENTAL_ROLE0_ALLOCATOR_LIVE ptr=0x170c49100 bytes=64 caller=0x10473b554
ETHEREUM_INCREMENTAL_ROLE0_ALLOCATOR_LIVE ptr=0x170c49140 bytes=64 caller=0x10473b554
ETHEREUM_INCREMENTAL_ROLE0_ALLOCATOR_LIVE ptr=0x170c49180 bytes=64 caller=0x10473b554
ETHEREUM_INCREMENTAL_ROLE0_ALLOCATOR_LIVE ptr=0x170c491c0 bytes=64 caller=0x10473b554
ETHEREUM_INCREMENTAL_ROLE0_ALLOCATOR_LIVE ptr=0x170c49200 bytes=64 caller=0x10473b554
ETHEREUM_INCREMENTAL_ROLE0_ALLOCATOR_LIVE ptr=0x170c49240 bytes=64 caller=0x10473b554
ETHEREUM_INCREMENTAL_ROLE0_ALLOCATOR_LIVE ptr=0x170c49280 bytes=64 caller=0x10473b554
ETHEREUM_INCREMENTAL_ROLE0_ALLOCATOR_LIVE ptr=0x170c492c0 bytes=64 caller=0x10473b554
ETHEREUM_INCREMENTAL_ROLE0_ALLOCATOR_LIVE ptr=0x170c49300 bytes=64 caller=0x10473b554
ETHEREUM_INCREMENTAL_ROLE0_ALLOCATOR_LIVE ptr=0x170c49340 bytes=64 caller=0x10473b554
ETHEREUM_INCREMENTAL_ROLE0_ALLOCATOR_LIVE ptr=0x170c49380 bytes=64 caller=0x10473b554
ETHEREUM_INCREMENTAL_ROLE0_ALLOCATOR_LIVE ptr=0x170c493c0 bytes=64 caller=0x10473b554
ETHEREUM_INCREMENTAL_ROLE0_ALLOCATOR_LIVE ptr=0x170c49400 bytes=64 caller=0x10473b554
ETHEREUM_INCREMENTAL_ROLE0_ALLOCATOR_LIVE ptr=0x170c49440 bytes=64 caller=0x10473b554
ETHEREUM_INCREMENTAL_ROLE0_ALLOCATOR_LIVE ptr=0x170c49480 bytes=64 caller=0x10473b554
ETHEREUM_INCREMENTAL_ROLE0_ALLOCATOR_LIVE ptr=0x170c494c0 bytes=64 caller=0x10473b554
ETHEREUM_INCREMENTAL_ROLE0_ALLOCATOR_LIVE ptr=0x170c49500 bytes=64 caller=0x10473b554
ETHEREUM_INCREMENTAL_ROLE0_ALLOCATOR_LIVE ptr=0x170c49540 bytes=64 caller=0x10473b554
ETHEREUM_INCREMENTAL_ROLE0_ALLOCATOR_LIVE ptr=0x170c49580 bytes=64 caller=0x10473b554
ETHEREUM_INCREMENTAL_ROLE0_ALLOCATOR_LIVE ptr=0x170c495c0 bytes=64 caller=0x10473b554
ETHEREUM_INCREMENTAL_ROLE0_ALLOCATOR_LIVE ptr=0x170c49600 bytes=64 caller=0x10473b554
ETHEREUM_INCREMENTAL_ROLE0_ALLOCATOR_LIVE ptr=0x170c49640 bytes=64 caller=0x10473b554
ETHEREUM_INCREMENTAL_ROLE0_ALLOCATOR_LIVE ptr=0x170c49680 bytes=64 caller=0x10473b554
ETHEREUM_INCREMENTAL_ROLE0_ALLOCATOR_LIVE ptr=0x170c496c0 bytes=64 caller=0x10473b554
ETHEREUM_INCREMENTAL_ROLE0_ALLOCATOR_LIVE ptr=0x170c49700 bytes=64 caller=0x10473b554
ETHEREUM_INCREMENTAL_ROLE0_ALLOCATOR_LIVE ptr=0x170c49740 bytes=64 caller=0x10473b554
ETHEREUM_INCREMENTAL_ROLE0_ALLOCATOR_LIVE ptr=0x170c49780 bytes=64 caller=0x10473b554
ETHEREUM_INCREMENTAL_ROLE0_ALLOCATOR_LIVE ptr=0x170c497c0 bytes=64 caller=0x10473b554
ETHEREUM_INCREMENTAL_ROLE0_ALLOCATOR_LIVE ptr=0x170c49800 bytes=64 caller=0x10473b554
ETHEREUM_INCREMENTAL_ROLE0_ALLOCATOR_LIVE ptr=0x170c49840 bytes=64 caller=0x10473b554
ETHEREUM_INCREMENTAL_ROLE0_ALLOCATOR_LIVE ptr=0x170c49880 bytes=64 caller=0x10473b554
ETHEREUM_INCREMENTAL_ROLE0_ALLOCATOR_LIVE ptr=0x170c498c0 bytes=64 caller=0x10473b554
ETHEREUM_INCREMENTAL_ROLE0_ALLOCATOR_LIVE ptr=0x170c49900 bytes=64 caller=0x10473b554
ETHEREUM_INCREMENTAL_ROLE0_ALLOCATOR_LIVE ptr=0x170c49940 bytes=64 caller=0x10473b554
ETHEREUM_INCREMENTAL_ROLE0_ALLOCATOR_LIVE ptr=0x170c49980 bytes=64 caller=0x10473b554
ETHEREUM_INCREMENTAL_ROLE0_ALLOCATOR_LIVE ptr=0x170c499c0 bytes=64 caller=0x10473b554
ETHEREUM_INCREMENTAL_ROLE0_ALLOCATOR_LIVE ptr=0x170c49a00 bytes=64 caller=0x10473b554
ETHEREUM_INCREMENTAL_ROLE0_ALLOCATOR_LIVE ptr=0x170c49a40 bytes=64 caller=0x10473b554
ETHEREUM_INCREMENTAL_ROLE0_ALLOCATOR_LIVE ptr=0x170c49a80 bytes=64 caller=0x10473b554
ETHEREUM_INCREMENTAL_ROLE0_ALLOCATOR_LIVE ptr=0x170c49ac0 bytes=64 caller=0x10473b554
ETHEREUM_INCREMENTAL_ROLE0_ALLOCATOR_LIVE ptr=0x170c49b00 bytes=64 caller=0x10473b554
ETHEREUM_INCREMENTAL_ROLE0_ALLOCATOR_LIVE ptr=0x170c49b40 bytes=64 caller=0x10473b554
ETHEREUM_INCREMENTAL_ROLE0_ALLOCATOR_LIVE ptr=0x170c49b80 bytes=64 caller=0x10473b554
ETHEREUM_INCREMENTAL_ROLE0_ALLOCATOR_LIVE ptr=0x170c49bc0 bytes=64 caller=0x10473b554
ETHEREUM_INCREMENTAL_ROLE0_ALLOCATOR_LIVE ptr=0x170c49c00 bytes=64 caller=0x10473b554
ETHEREUM_INCREMENTAL_ROLE0_ALLOCATOR_LIVE ptr=0x170c49c40 bytes=64 caller=0x10473b554
ETHEREUM_INCREMENTAL_ROLE0_ALLOCATOR_LIVE ptr=0x170c49c80 bytes=64 caller=0x10473b554
ETHEREUM_INCREMENTAL_ROLE0_ALLOCATOR_LIVE ptr=0x170c49cc0 bytes=64 caller=0x10473b554
ETHEREUM_INCREMENTAL_ROLE0_ALLOCATOR_LIVE ptr=0x170c49d00 bytes=64 caller=0x10473b554
ETHEREUM_INCREMENTAL_ROLE0_ALLOCATOR_LIVE ptr=0x170c49d40 bytes=64 caller=0x10473b554
ETHEREUM_INCREMENTAL_ROLE0_ALLOCATOR_LIVE ptr=0x170c49d80 bytes=64 caller=0x10473b554
ETHEREUM_INCREMENTAL_ROLE0_ALLOCATOR_LIVE ptr=0x170c49dc0 bytes=64 caller=0x10473b554
ETHEREUM_INCREMENTAL_ROLE0_ALLOCATOR_LIVE ptr=0x170c49e00 bytes=64 caller=0x10473b554
ETHEREUM_INCREMENTAL_ROLE0_ALLOCATOR_LIVE ptr=0x170c49e40 bytes=64 caller=0x10473b554
ETHEREUM_INCREMENTAL_ROLE0_ALLOCATOR_LIVE ptr=0x170c49e80 bytes=64 caller=0x10473b554
ETHEREUM_INCREMENTAL_ROLE0_ALLOCATOR_LIVE ptr=0x170c49ec0 bytes=64 caller=0x10473b554
ETHEREUM_INCREMENTAL_ROLE0_ALLOCATOR_LIVE ptr=0x170c49f00 bytes=64 caller=0x10473b554
ETHEREUM_INCREMENTAL_ROLE0_ALLOCATOR_LIVE ptr=0x170c49f40 bytes=64 caller=0x10473b554
ETHEREUM_INCREMENTAL_ROLE0_ALLOCATOR_LIVE ptr=0x170c49f80 bytes=64 caller=0x10473b554
ETHEREUM_INCREMENTAL_ROLE0_ALLOCATOR_LIVE ptr=0x170c49fc0 bytes=64 caller=0x10473b554
ETHEREUM_INCREMENTAL_ROLE0_ALLOCATOR_LIVE ptr=0x170c4a000 bytes=64 caller=0x10473b554
ETHEREUM_INCREMENTAL_ROLE0_ALLOCATOR_LIVE ptr=0x170c4a040 bytes=64 caller=0x10473b554
ETHEREUM_INCREMENTAL_ROLE0_ALLOCATOR_LIVE ptr=0x170c4a080 bytes=64 caller=0x10473b554
ETHEREUM_INCREMENTAL_ROLE0_ALLOCATOR_LIVE ptr=0x170c4a0c0 bytes=64 caller=0x10473b554
ETHEREUM_INCREMENTAL_ROLE0_ALLOCATOR_LIVE ptr=0x170c4a100 bytes=64 caller=0x10473b554
ETHEREUM_INCREMENTAL_ROLE0_ALLOCATOR_LIVE ptr=0x170c4a140 bytes=64 caller=0x10473b554
ETHEREUM_INCREMENTAL_ROLE0_ALLOCATOR_LIVE ptr=0x170c4a180 bytes=64 caller=0x10473b554
ETHEREUM_INCREMENTAL_ROLE0_ALLOCATOR_LIVE ptr=0x170c4a1c0 bytes=64 caller=0x10473b554
ETHEREUM_INCREMENTAL_ROLE0_ALLOCATOR_LIVE ptr=0x170c4a200 bytes=64 caller=0x10473b554
ETHEREUM_INCREMENTAL_ROLE0_ALLOCATOR_LIVE ptr=0x170c4a240 bytes=64 caller=0x10473b554
ETHEREUM_INCREMENTAL_ROLE0_ALLOCATOR_LIVE ptr=0x170c4a280 bytes=64 caller=0x10473b554
ETHEREUM_INCREMENTAL_ROLE0_ALLOCATOR_LIVE ptr=0x170c4a2c0 bytes=64 caller=0x10473b554
ETHEREUM_INCREMENTAL_ROLE0_ALLOCATOR_LIVE ptr=0x170c4a300 bytes=64 caller=0x10473b554
ETHEREUM_INCREMENTAL_ROLE0_ALLOCATOR_LIVE ptr=0x170c4a340 bytes=64 caller=0x10473b554
ETHEREUM_INCREMENTAL_ROLE0_ALLOCATOR_LIVE ptr=0x170c4a380 bytes=64 caller=0x10473b554
ETHEREUM_INCREMENTAL_ROLE0_ALLOCATOR_LIVE ptr=0x170c4a3c0 bytes=64 caller=0x10473b554
ETHEREUM_INCREMENTAL_ROLE0_ALLOCATOR_LIVE ptr=0x170c4a400 bytes=64 caller=0x10473b554
ETHEREUM_INCREMENTAL_ROLE0_ALLOCATOR_LIVE ptr=0x170c4a440 bytes=64 caller=0x10473b554
ETHEREUM_INCREMENTAL_ROLE0_ALLOCATOR_LIVE ptr=0x170c4a480 bytes=64 caller=0x10473b554
ETHEREUM_INCREMENTAL_ROLE0_ALLOCATOR_LIVE ptr=0x170c4a4c0 bytes=64 caller=0x10473b554
ETHEREUM_INCREMENTAL_ROLE0_ALLOCATOR_LIVE ptr=0x170c4a500 bytes=64 caller=0x10473b554
ETHEREUM_INCREMENTAL_ROLE0_ALLOCATOR_LIVE ptr=0x170c4a540 bytes=64 caller=0x10473b554
ETHEREUM_INCREMENTAL_ROLE0_ALLOCATOR_LIVE ptr=0x170c4a580 bytes=64 caller=0x10473b554
ETHEREUM_INCREMENTAL_ROLE0_ALLOCATOR_LIVE ptr=0x170c4a5c0 bytes=64 caller=0x10473b554
ETHEREUM_INCREMENTAL_ROLE0_ALLOCATOR_LIVE ptr=0x170c4a600 bytes=64 caller=0x10473b554
ETHEREUM_INCREMENTAL_ROLE0_ALLOCATOR_LIVE ptr=0x170c4a640 bytes=64 caller=0x10473b554
ETHEREUM_INCREMENTAL_ROLE0_ALLOCATOR_LIVE ptr=0x170c4a680 bytes=64 caller=0x10473b554
ETHEREUM_INCREMENTAL_ROLE0_ALLOCATOR_LIVE ptr=0x170c4a6c0 bytes=64 caller=0x10473b554
ETHEREUM_INCREMENTAL_ROLE0_ALLOCATOR_LIVE ptr=0x170c4a700 bytes=64 caller=0x10473b554
ETHEREUM_INCREMENTAL_ROLE0_ALLOCATOR_LIVE ptr=0x170c4a740 bytes=64 caller=0x10473b554
ETHEREUM_INCREMENTAL_ROLE0_ALLOCATOR_LIVE ptr=0x170c4a780 bytes=64 caller=0x10473b554
ETHEREUM_INCREMENTAL_ROLE0_ALLOCATOR_LIVE ptr=0x170c4a7c0 bytes=64 caller=0x10473b554
ETHEREUM_INCREMENTAL_ROLE0_ALLOCATOR_LIVE ptr=0x170c4a800 bytes=64 caller=0x10473b554
ETHEREUM_INCREMENTAL_ROLE0_ALLOCATOR_LIVE ptr=0x170c4a840 bytes=64 caller=0x10473b554
ETHEREUM_INCREMENTAL_ROLE0_ALLOCATOR_LIVE ptr=0x170c4a880 bytes=64 caller=0x10473b554
ETHEREUM_INCREMENTAL_ROLE0_ALLOCATOR_LIVE ptr=0x170c4a8c0 bytes=64 caller=0x10473b554
ETHEREUM_INCREMENTAL_ROLE0_ALLOCATOR_LIVE ptr=0x170c4a900 bytes=64 caller=0x10473b554
ETHEREUM_INCREMENTAL_ROLE0_ALLOCATOR_LIVE ptr=0x170c4a940 bytes=64 caller=0x10473b554
ETHEREUM_INCREMENTAL_ROLE0_ALLOCATOR_LIVE ptr=0x170c4a980 bytes=64 caller=0x10473b554
ETHEREUM_INCREMENTAL_ROLE0_ALLOCATOR_LIVE ptr=0x170c4a9c0 bytes=64 caller=0x10473b554
ETHEREUM_INCREMENTAL_ROLE0_ALLOCATOR_LIVE ptr=0x170c4aa00 bytes=64 caller=0x10473b554
ETHEREUM_INCREMENTAL_ROLE0_ALLOCATOR_LIVE ptr=0x170c4aa40 bytes=64 caller=0x10473b554
ETHEREUM_INCREMENTAL_ROLE0_ALLOCATOR_LIVE ptr=0x170c4aa80 bytes=64 caller=0x10473b554
ETHEREUM_INCREMENTAL_ROLE0_ALLOCATOR_LIVE ptr=0x170c4aac0 bytes=64 caller=0x10473b554
ETHEREUM_INCREMENTAL_ROLE0_ALLOCATOR_LIVE ptr=0x170c4ab00 bytes=64 caller=0x10473b554
ETHEREUM_INCREMENTAL_ROLE0_ALLOCATOR_LIVE ptr=0x170c4ab40 bytes=64 caller=0x10473b554
ETHEREUM_INCREMENTAL_ROLE0_ALLOCATOR_LIVE ptr=0x170c4ab80 bytes=64 caller=0x10473b554
ETHEREUM_INCREMENTAL_ROLE0_ALLOCATOR_LIVE ptr=0x170c4abc0 bytes=64 caller=0x10473b554
ETHEREUM_INCREMENTAL_ROLE0_ALLOCATOR_LIVE ptr=0x170c4ac00 bytes=64 caller=0x10473b554
ETHEREUM_INCREMENTAL_ROLE0_ALLOCATOR_LIVE ptr=0x170c4ac40 bytes=64 caller=0x10473b554
ETHEREUM_INCREMENTAL_ROLE0_ALLOCATOR_LIVE ptr=0x170c4ac80 bytes=64 caller=0x10473b554
ETHEREUM_INCREMENTAL_ROLE0_ALLOCATOR_LIVE ptr=0x170c4acc0 bytes=64 caller=0x10473b554
ETHEREUM_INCREMENTAL_ROLE0_ALLOCATOR_LIVE ptr=0x170c4ad00 bytes=64 caller=0x10473b554
ETHEREUM_INCREMENTAL_ROLE0_ALLOCATOR_LIVE ptr=0x170c4ad40 bytes=64 caller=0x10473b554
ETHEREUM_INCREMENTAL_ROLE0_ALLOCATOR_LIVE ptr=0x170c4ad80 bytes=64 caller=0x10473b554
ETHEREUM_INCREMENTAL_ROLE0_ALLOCATOR_LIVE ptr=0x170c4adc0 bytes=64 caller=0x10473b554
ETHEREUM_INCREMENTAL_ROLE0_ALLOCATOR_LIVE ptr=0x170c4ae00 bytes=64 caller=0x10473b554
ETHEREUM_INCREMENTAL_ROLE0_ALLOCATOR_LIVE ptr=0x170c4ae40 bytes=64 caller=0x10473b554
ETHEREUM_INCREMENTAL_ROLE0_ALLOCATOR_LIVE ptr=0x170c4ae80 bytes=64 caller=0x10473b554
ETHEREUM_INCREMENTAL_ROLE0_ALLOCATOR_LIVE ptr=0x170c4aec0 bytes=64 caller=0x10473b554
ETHEREUM_INCREMENTAL_ROLE0_ALLOCATOR_LIVE ptr=0x170c4af00 bytes=64 caller=0x10473b554
ETHEREUM_INCREMENTAL_ROLE0_ALLOCATOR_LIVE ptr=0x170c4af40 bytes=64 caller=0x10473b554
ETHEREUM_INCREMENTAL_ROLE0_ALLOCATOR_LIVE ptr=0x170c4af80 bytes=64 caller=0x10473b554
ETHEREUM_INCREMENTAL_ROLE0_ALLOCATOR_LIVE ptr=0x170c4afc0 bytes=64 caller=0x10473b554
ETHEREUM_INCREMENTAL_ROLE0_ALLOCATOR_LIVE ptr=0x170c4b000 bytes=64 caller=0x10473b554
ETHEREUM_INCREMENTAL_ROLE0_ALLOCATOR_LIVE ptr=0x170c4b040 bytes=64 caller=0x10473b554
ETHEREUM_INCREMENTAL_ROLE0_ALLOCATOR_LIVE ptr=0x170c4b080 bytes=64 caller=0x10473b554
ETHEREUM_INCREMENTAL_ROLE0_ALLOCATOR_LIVE ptr=0x170c4b0c0 bytes=64 caller=0x10473b554
ETHEREUM_INCREMENTAL_ROLE0_ALLOCATOR_LIVE ptr=0x170c4b100 bytes=64 caller=0x10473b554
ETHEREUM_INCREMENTAL_ROLE0_ALLOCATOR_LIVE ptr=0x170c4b140 bytes=64 caller=0x10473b554
ETHEREUM_INCREMENTAL_ROLE0_ALLOCATOR_LIVE ptr=0x170c4b180 bytes=64 caller=0x10473b554
ETHEREUM_INCREMENTAL_ROLE0_ALLOCATOR_LIVE ptr=0x170c4b1c0 bytes=64 caller=0x10473b554
ETHEREUM_INCREMENTAL_ROLE0_ALLOCATOR_LIVE ptr=0x170c4b200 bytes=64 caller=0x10473b554
ETHEREUM_INCREMENTAL_ROLE0_ALLOCATOR_LIVE ptr=0x170c4b240 bytes=64 caller=0x10473b554
ETHEREUM_INCREMENTAL_ROLE0_ALLOCATOR_LIVE ptr=0x170c4b280 bytes=64 caller=0x10473b554
ETHEREUM_INCREMENTAL_ROLE0_ALLOCATOR_LIVE ptr=0x170c4b2c0 bytes=64 caller=0x10473b554
ETHEREUM_INCREMENTAL_ROLE0_ALLOCATOR_LIVE ptr=0x170c4b300 bytes=64 caller=0x10473b554
ETHEREUM_INCREMENTAL_ROLE0_ALLOCATOR_LIVE ptr=0x170c4b340 bytes=64 caller=0x10473b554
ETHEREUM_INCREMENTAL_ROLE0_ALLOCATOR_LIVE ptr=0x170c4b380 bytes=64 caller=0x10473b554
ETHEREUM_INCREMENTAL_ROLE0_ALLOCATOR_LIVE ptr=0x170c4b3c0 bytes=64 caller=0x10473b554
ETHEREUM_INCREMENTAL_ROLE0_ALLOCATOR_LIVE ptr=0x170c4b400 bytes=64 caller=0x10473b554
ETHEREUM_INCREMENTAL_ROLE0_ALLOCATOR_LIVE ptr=0x170c4b440 bytes=64 caller=0x10473b554
ETHEREUM_INCREMENTAL_ROLE0_ALLOCATOR_LIVE ptr=0x170c4b480 bytes=64 caller=0x10473b554
ETHEREUM_INCREMENTAL_ROLE0_ALLOCATOR_LIVE ptr=0x170c4b4c0 bytes=64 caller=0x10473b554
ETHEREUM_INCREMENTAL_ROLE0_ALLOCATOR_LIVE ptr=0x170c4b500 bytes=64 caller=0x10473b554
ETHEREUM_INCREMENTAL_ROLE0_ALLOCATOR_LIVE ptr=0x170c4b540 bytes=64 caller=0x10473b554
ETHEREUM_INCREMENTAL_ROLE0_ALLOCATOR_LIVE ptr=0x170c4b580 bytes=64 caller=0x10473b554
ETHEREUM_INCREMENTAL_ROLE0_ALLOCATOR_LIVE ptr=0x170c4b5c0 bytes=64 caller=0x10473b554
ETHEREUM_INCREMENTAL_ROLE0_ALLOCATOR_LIVE ptr=0x170c4b600 bytes=64 caller=0x10473b554
ETHEREUM_INCREMENTAL_ROLE0_ALLOCATOR_LIVE ptr=0x170c4b640 bytes=64 caller=0x10473b554
ETHEREUM_INCREMENTAL_ROLE0_ALLOCATOR_LIVE ptr=0x170c4b680 bytes=64 caller=0x10473b554
ETHEREUM_INCREMENTAL_ROLE0_ALLOCATOR_LIVE ptr=0x170c4b6c0 bytes=64 caller=0x10473b554
ETHEREUM_INCREMENTAL_ROLE0_ALLOCATOR_LIVE ptr=0x170c4b700 bytes=64 caller=0x10473b554
ETHEREUM_INCREMENTAL_ROLE0_ALLOCATOR_LIVE ptr=0x170c4b740 bytes=64 caller=0x10473b554
ETHEREUM_INCREMENTAL_ROLE0_ALLOCATOR_LIVE ptr=0x170c4b780 bytes=64 caller=0x10473b554
ETHEREUM_INCREMENTAL_ROLE0_ALLOCATOR_LIVE ptr=0x170c4b7c0 bytes=64 caller=0x10473b554
ETHEREUM_INCREMENTAL_ROLE0_ALLOCATOR_LIVE ptr=0x170c4b800 bytes=64 caller=0x10473b554
ETHEREUM_INCREMENTAL_ROLE0_ALLOCATOR_LIVE ptr=0x170c4b840 bytes=64 caller=0x10473b554
ETHEREUM_INCREMENTAL_ROLE0_ALLOCATOR_LIVE ptr=0x170c4b880 bytes=64 caller=0x10473b554
ETHEREUM_INCREMENTAL_ROLE0_ALLOCATOR_LIVE ptr=0x170c4b8c0 bytes=64 caller=0x10473b554
ETHEREUM_INCREMENTAL_ROLE0_ALLOCATOR_LIVE ptr=0x170c4b900 bytes=64 caller=0x10473b554
ETHEREUM_INCREMENTAL_ROLE0_ALLOCATOR_LIVE ptr=0x170c4b940 bytes=64 caller=0x10473b554
ETHEREUM_INCREMENTAL_ROLE0_ALLOCATOR_LIVE ptr=0x170c4b980 bytes=64 caller=0x10473b554
ETHEREUM_INCREMENTAL_ROLE0_ALLOCATOR_LIVE ptr=0x170c4b9c0 bytes=64 caller=0x10473b554
ETHEREUM_INCREMENTAL_ROLE0_ALLOCATOR_LIVE ptr=0x170c4ba00 bytes=64 caller=0x10473b554
ETHEREUM_INCREMENTAL_ROLE0_ALLOCATOR_LIVE ptr=0x170c4ba40 bytes=64 caller=0x10473b554
ETHEREUM_INCREMENTAL_ROLE0_ALLOCATOR_LIVE ptr=0x170c4ba80 bytes=64 caller=0x10473b554
ETHEREUM_INCREMENTAL_ROLE0_ALLOCATOR_LIVE ptr=0x170c4bac0 bytes=64 caller=0x10473b554
ETHEREUM_INCREMENTAL_ROLE0_ALLOCATOR_LIVE ptr=0x170c4bb00 bytes=64 caller=0x10473b554
ETHEREUM_INCREMENTAL_ROLE0_ALLOCATOR_LIVE ptr=0x170c4bb40 bytes=64 caller=0x10473b554
ETHEREUM_INCREMENTAL_ROLE0_ALLOCATOR_LIVE ptr=0x170c4bb80 bytes=64 caller=0x10473b554
ETHEREUM_INCREMENTAL_ROLE0_ALLOCATOR_LIVE ptr=0x170c4bbc0 bytes=64 caller=0x10473b554
ETHEREUM_INCREMENTAL_ROLE0_ALLOCATOR_LIVE ptr=0x170c4bc00 bytes=64 caller=0x10473b554
ETHEREUM_INCREMENTAL_ROLE0_ALLOCATOR_LIVE ptr=0x170c4bc40 bytes=64 caller=0x10473b554
ETHEREUM_INCREMENTAL_ROLE0_ALLOCATOR_LIVE ptr=0x170c4bc80 bytes=64 caller=0x10473b554
ETHEREUM_INCREMENTAL_ROLE0_ALLOCATOR_LIVE ptr=0x170c4bcc0 bytes=64 caller=0x10473b554
ETHEREUM_INCREMENTAL_ROLE0_ALLOCATOR_LIVE ptr=0x170c4bd00 bytes=64 caller=0x10473b554
ETHEREUM_INCREMENTAL_ROLE0_ALLOCATOR_LIVE ptr=0x170c4bd40 bytes=64 caller=0x10473b554
ETHEREUM_INCREMENTAL_ROLE0_ALLOCATOR_LIVE ptr=0x170c4bd80 bytes=64 caller=0x10473b554
ETHEREUM_INCREMENTAL_ROLE0_ALLOCATOR_LIVE ptr=0x170c4bdc0 bytes=64 caller=0x10473b554
ETHEREUM_INCREMENTAL_ROLE0_ALLOCATOR_LIVE ptr=0x170c4be00 bytes=64 caller=0x10473b554
ETHEREUM_INCREMENTAL_ROLE0_ALLOCATOR_LIVE ptr=0x170c4be40 bytes=64 caller=0x10473b554
ETHEREUM_INCREMENTAL_ROLE0_ALLOCATOR_LIVE ptr=0x170c4be80 bytes=64 caller=0x10473b554
ETHEREUM_INCREMENTAL_ROLE0_ALLOCATOR_LIVE ptr=0x170c4bec0 bytes=64 caller=0x10473b554
ETHEREUM_INCREMENTAL_ROLE0_ALLOCATOR_LIVE ptr=0x170c4bf00 bytes=64 caller=0x10473b554
ETHEREUM_INCREMENTAL_ROLE0_ALLOCATOR_LIVE ptr=0x170c4bf40 bytes=64 caller=0x10473b554
ETHEREUM_INCREMENTAL_ROLE0_ALLOCATOR_LIVE ptr=0x170c4bf80 bytes=64 caller=0x10473b554
ETHEREUM_INCREMENTAL_ROLE0_ALLOCATOR_LIVE ptr=0x170c4bfc0 bytes=64 caller=0x10473b554
ETHEREUM_INCREMENTAL_ROLE0_ALLOCATOR_LIVE ptr=0x170c4c000 bytes=64 caller=0x10473b554
ETHEREUM_INCREMENTAL_ROLE0_ALLOCATOR_LIVE ptr=0x170c4c040 bytes=64 caller=0x10473b554
ETHEREUM_INCREMENTAL_ROLE0_ALLOCATOR_LIVE ptr=0x170c4c080 bytes=64 caller=0x10473b554
ETHEREUM_INCREMENTAL_ROLE0_ALLOCATOR_LIVE ptr=0x170c4c0c0 bytes=64 caller=0x10473b554
ETHEREUM_INCREMENTAL_ROLE0_ALLOCATOR_LIVE ptr=0x170c4c100 bytes=64 caller=0x10473b554
ETHEREUM_INCREMENTAL_ROLE0_ALLOCATOR_LIVE ptr=0x170c4c140 bytes=64 caller=0x10473b554
ETHEREUM_INCREMENTAL_ROLE0_ALLOCATOR_LIVE ptr=0x170c4c180 bytes=64 caller=0x10473b554
ETHEREUM_INCREMENTAL_ROLE0_ALLOCATOR_LIVE ptr=0x170c4c1c0 bytes=64 caller=0x10473b554
ETHEREUM_INCREMENTAL_ROLE0_ALLOCATOR_LIVE ptr=0x170c4c200 bytes=64 caller=0x10473b554
ETHEREUM_INCREMENTAL_ROLE0_ALLOCATOR_LIVE ptr=0x170c4c240 bytes=64 caller=0x10473b554
ETHEREUM_INCREMENTAL_ROLE0_ALLOCATOR_LIVE ptr=0x170c4c280 bytes=64 caller=0x10473b554
ETHEREUM_INCREMENTAL_ROLE0_ALLOCATOR_LIVE ptr=0x170c4c2c0 bytes=64 caller=0x10473b554
ETHEREUM_INCREMENTAL_ROLE0_ALLOCATOR_LIVE ptr=0x170c4c300 bytes=64 caller=0x10473b554
ETHEREUM_INCREMENTAL_ROLE0_ALLOCATOR_LIVE ptr=0x170c4c340 bytes=64 caller=0x10473b554
ETHEREUM_INCREMENTAL_ROLE0_ALLOCATOR_LIVE ptr=0x170c4c380 bytes=64 caller=0x10473b554
ETHEREUM_INCREMENTAL_ROLE0_ALLOCATOR_LIVE ptr=0x170c4c3c0 bytes=64 caller=0x10473b554
ETHEREUM_INCREMENTAL_ROLE0_ALLOCATOR_LIVE ptr=0x170c4c400 bytes=64 caller=0x10473b554
ETHEREUM_INCREMENTAL_ROLE0_ALLOCATOR_LIVE ptr=0x170c4c440 bytes=64 caller=0x10473b554
ETHEREUM_INCREMENTAL_ROLE0_ALLOCATOR_LIVE ptr=0x170c4c480 bytes=64 caller=0x10473b554
ETHEREUM_INCREMENTAL_ROLE0_ALLOCATOR_LIVE ptr=0x170c4c4c0 bytes=64 caller=0x10473b554
ETHEREUM_INCREMENTAL_ROLE0_ALLOCATOR_LIVE ptr=0x170c4c500 bytes=64 caller=0x10473b554
ETHEREUM_INCREMENTAL_ROLE0_ALLOCATOR_LIVE ptr=0x170c4c540 bytes=64 caller=0x10473b554
ETHEREUM_INCREMENTAL_ROLE0_ALLOCATOR_LIVE ptr=0x170c4c580 bytes=64 caller=0x10473b554
ETHEREUM_INCREMENTAL_ROLE0_ALLOCATOR_LIVE ptr=0x170c4c5c0 bytes=64 caller=0x10473b554
ETHEREUM_INCREMENTAL_ROLE0_ALLOCATOR_LIVE ptr=0x170c4c600 bytes=64 caller=0x10473b554
ETHEREUM_INCREMENTAL_ROLE0_ALLOCATOR_LIVE ptr=0x170c4c640 bytes=64 caller=0x10473b554
ETHEREUM_INCREMENTAL_ROLE0_ALLOCATOR_LIVE ptr=0x170c4c680 bytes=64 caller=0x10473b554
ETHEREUM_INCREMENTAL_ROLE0_ALLOCATOR_LIVE ptr=0x170c4c6c0 bytes=64 caller=0x10473b554
ETHEREUM_INCREMENTAL_ROLE0_ALLOCATOR_LIVE ptr=0x170c4c700 bytes=64 caller=0x10473b554
ETHEREUM_INCREMENTAL_ROLE0_ALLOCATOR_LIVE ptr=0x170c4c740 bytes=64 caller=0x10473b554
ETHEREUM_INCREMENTAL_ROLE0_ALLOCATOR_LIVE ptr=0x170c4c780 bytes=64 caller=0x10473b554
ETHEREUM_INCREMENTAL_ROLE0_ALLOCATOR_LIVE ptr=0x170c4c7c0 bytes=64 caller=0x10473b554
ETHEREUM_INCREMENTAL_ROLE0_ALLOCATOR_LIVE ptr=0x170c4c800 bytes=64 caller=0x10473b554
ETHEREUM_INCREMENTAL_ROLE0_ALLOCATOR_LIVE ptr=0x170c4c840 bytes=64 caller=0x10473b554
ETHEREUM_INCREMENTAL_ROLE0_ALLOCATOR_LIVE ptr=0x170c4c880 bytes=64 caller=0x10473b554
ETHEREUM_INCREMENTAL_ROLE0_ALLOCATOR_LIVE ptr=0x170c4c8c0 bytes=64 caller=0x10473b554
ETHEREUM_INCREMENTAL_ROLE0_ALLOCATOR_LIVE ptr=0x170c4c900 bytes=64 caller=0x10473b554
ETHEREUM_INCREMENTAL_ROLE0_ALLOCATOR_LIVE ptr=0x170c4c940 bytes=64 caller=0x10473b554
ETHEREUM_INCREMENTAL_ROLE0_ALLOCATOR_LIVE ptr=0x170c4c980 bytes=64 caller=0x10473b554
ETHEREUM_INCREMENTAL_ROLE0_ALLOCATOR_LIVE ptr=0x170c4c9c0 bytes=64 caller=0x10473b554
ETHEREUM_INCREMENTAL_ROLE0_ALLOCATOR_LIVE ptr=0x170c4ca00 bytes=64 caller=0x10473b554
ETHEREUM_INCREMENTAL_ROLE0_ALLOCATOR_LIVE ptr=0x170c4ca40 bytes=64 caller=0x10473b554
ETHEREUM_INCREMENTAL_ROLE0_ALLOCATOR_LIVE ptr=0x170c4ca80 bytes=64 caller=0x10473b554
ETHEREUM_INCREMENTAL_ROLE0_ALLOCATOR_LIVE ptr=0x170c4cac0 bytes=64 caller=0x10473b554
ETHEREUM_INCREMENTAL_ROLE0_ALLOCATOR_LIVE ptr=0x170c4cb00 bytes=64 caller=0x10473b554
ETHEREUM_INCREMENTAL_ROLE0_ALLOCATOR_LIVE ptr=0x170c4cb40 bytes=64 caller=0x10473b554
ETHEREUM_INCREMENTAL_ROLE0_ALLOCATOR_LIVE ptr=0x170c4cb80 bytes=64 caller=0x10473b554
ETHEREUM_INCREMENTAL_ROLE0_ALLOCATOR_LIVE ptr=0x170c4cbc0 bytes=64 caller=0x10473b554
ETHEREUM_INCREMENTAL_ROLE0_ALLOCATOR_LIVE ptr=0x170c4cc00 bytes=64 caller=0x10473b554
ETHEREUM_INCREMENTAL_ROLE0_ALLOCATOR_LIVE ptr=0x170c4cc40 bytes=64 caller=0x10473b554
ETHEREUM_INCREMENTAL_ROLE0_ALLOCATOR_LIVE ptr=0x170c4cc80 bytes=64 caller=0x10473b554
ETHEREUM_INCREMENTAL_ROLE0_ALLOCATOR_LIVE ptr=0x170c4ccc0 bytes=64 caller=0x10473b554
ETHEREUM_INCREMENTAL_ROLE0_ALLOCATOR_LIVE ptr=0x170c4cd00 bytes=64 caller=0x10473b554
ETHEREUM_INCREMENTAL_ROLE0_ALLOCATOR_LIVE ptr=0x170c4cd40 bytes=64 caller=0x10473b554
ETHEREUM_INCREMENTAL_ROLE0_ALLOCATOR_LIVE ptr=0x170c4cd80 bytes=64 caller=0x10473b554
ETHEREUM_INCREMENTAL_ROLE0_ALLOCATOR_LIVE ptr=0x170c4cdc0 bytes=64 caller=0x10473b554
ETHEREUM_INCREMENTAL_ROLE0_ALLOCATOR_LIVE ptr=0x170c4ce00 bytes=64 caller=0x10473b554
ETHEREUM_INCREMENTAL_ROLE0_ALLOCATOR_LIVE ptr=0x170c4ce40 bytes=64 caller=0x10473b554
ETHEREUM_INCREMENTAL_ROLE0_ALLOCATOR_LIVE ptr=0x170c4ce80 bytes=64 caller=0x10473b554
ETHEREUM_INCREMENTAL_ROLE0_ALLOCATOR_LIVE ptr=0x170c4cec0 bytes=64 caller=0x10473b554
ETHEREUM_INCREMENTAL_ROLE0_ALLOCATOR_LIVE ptr=0x170c4cf00 bytes=64 caller=0x10473b554
ETHEREUM_INCREMENTAL_ROLE0_ALLOCATOR_LIVE ptr=0x170c4cf40 bytes=64 caller=0x10473b554
ETHEREUM_INCREMENTAL_ROLE0_ALLOCATOR_LIVE ptr=0x170c4cf80 bytes=64 caller=0x10473b554
ETHEREUM_INCREMENTAL_ROLE0_ALLOCATOR_LIVE ptr=0x170c4cfc0 bytes=64 caller=0x10473b554
ETHEREUM_INCREMENTAL_ROLE0_ALLOCATOR_LIVE ptr=0x170c4d000 bytes=64 caller=0x10473b554
ETHEREUM_INCREMENTAL_ROLE0_ALLOCATOR_LIVE ptr=0x170c4d040 bytes=64 caller=0x10473b554
ETHEREUM_INCREMENTAL_ROLE0_ALLOCATOR_LIVE ptr=0x170c4d080 bytes=64 caller=0x10473b554
ETHEREUM_INCREMENTAL_ROLE0_ALLOCATOR_LIVE ptr=0x170c4d0c0 bytes=64 caller=0x10473b554
ETHEREUM_INCREMENTAL_ROLE0_ALLOCATOR_LIVE ptr=0x170c4d100 bytes=64 caller=0x10473b554
ETHEREUM_INCREMENTAL_ROLE0_ALLOCATOR_LIVE ptr=0x170c4d140 bytes=64 caller=0x10473b554
ETHEREUM_INCREMENTAL_ROLE0_ALLOCATOR_LIVE ptr=0x170c4d180 bytes=64 caller=0x10473b554
ETHEREUM_INCREMENTAL_ROLE0_ALLOCATOR_LIVE ptr=0x170c4d1c0 bytes=64 caller=0x10473b554
ETHEREUM_INCREMENTAL_ROLE0_ALLOCATOR_LIVE ptr=0x170c4d200 bytes=64 caller=0x10473b554
ETHEREUM_INCREMENTAL_ROLE0_ALLOCATOR_LIVE ptr=0x170c4d240 bytes=64 caller=0x10473b554
ETHEREUM_INCREMENTAL_ROLE0_ALLOCATOR_LIVE ptr=0x170c4d280 bytes=64 caller=0x10473b554
ETHEREUM_INCREMENTAL_ROLE0_ALLOCATOR_LIVE ptr=0x170c4d2c0 bytes=64 caller=0x10473b554
ETHEREUM_INCREMENTAL_ROLE0_ALLOCATOR_LIVE ptr=0x170c4d300 bytes=64 caller=0x10473b554
ETHEREUM_INCREMENTAL_ROLE0_ALLOCATOR_LIVE ptr=0x170c4d340 bytes=64 caller=0x10473b554
ETHEREUM_INCREMENTAL_ROLE0_ALLOCATOR_LIVE ptr=0x170c4d380 bytes=64 caller=0x10473b554
ETHEREUM_INCREMENTAL_ROLE0_ALLOCATOR_LIVE ptr=0x170c4d3c0 bytes=64 caller=0x10473b554
ETHEREUM_INCREMENTAL_ROLE0_ALLOCATOR_LIVE ptr=0x170c4d400 bytes=64 caller=0x10473b554
ETHEREUM_INCREMENTAL_ROLE0_ALLOCATOR_LIVE ptr=0x170c4d440 bytes=64 caller=0x10473b554
ETHEREUM_INCREMENTAL_ROLE0_ALLOCATOR_LIVE ptr=0x170c4d480 bytes=64 caller=0x10473b554
ETHEREUM_INCREMENTAL_ROLE0_ALLOCATOR_LIVE ptr=0x170c4d4c0 bytes=64 caller=0x10473b554
ETHEREUM_INCREMENTAL_ROLE0_ALLOCATOR_LIVE ptr=0x170c4d500 bytes=64 caller=0x10473b554
ETHEREUM_INCREMENTAL_ROLE0_ALLOCATOR_LIVE ptr=0x170c4d540 bytes=64 caller=0x10473b554
ETHEREUM_INCREMENTAL_ROLE0_ALLOCATOR_LIVE ptr=0x170c4d580 bytes=64 caller=0x10473b554
ETHEREUM_INCREMENTAL_ROLE0_ALLOCATOR_LIVE ptr=0x170c4d5c0 bytes=64 caller=0x10473b554
ETHEREUM_INCREMENTAL_ROLE0_ALLOCATOR_LIVE ptr=0x170c4d600 bytes=64 caller=0x10473b554
ETHEREUM_INCREMENTAL_ROLE0_ALLOCATOR_LIVE ptr=0x170c4d640 bytes=64 caller=0x10473b554
ETHEREUM_INCREMENTAL_ROLE0_ALLOCATOR_LIVE ptr=0x170c4d680 bytes=64 caller=0x10473b554
ETHEREUM_INCREMENTAL_ROLE0_ALLOCATOR_LIVE ptr=0x170c4d6c0 bytes=64 caller=0x10473b554
ETHEREUM_INCREMENTAL_ROLE0_ALLOCATOR_LIVE ptr=0x170c4d700 bytes=64 caller=0x10473b554
ETHEREUM_INCREMENTAL_ROLE0_ALLOCATOR_LIVE ptr=0x170c4d740 bytes=64 caller=0x10473b554
ETHEREUM_INCREMENTAL_ROLE0_ALLOCATOR_LIVE ptr=0x170c4d780 bytes=64 caller=0x10473b554
ETHEREUM_INCREMENTAL_ROLE0_ALLOCATOR_LIVE ptr=0x170c4d7c0 bytes=64 caller=0x10473b554
ETHEREUM_INCREMENTAL_ROLE0_ALLOCATOR_LIVE ptr=0x170c4d800 bytes=64 caller=0x10473b554
ETHEREUM_INCREMENTAL_ROLE0_ALLOCATOR_LIVE ptr=0x170c4d840 bytes=64 caller=0x10473b554
ETHEREUM_INCREMENTAL_ROLE0_ALLOCATOR_LIVE ptr=0x170c4d880 bytes=64 caller=0x10473b554
ETHEREUM_INCREMENTAL_ROLE0_ALLOCATOR_LIVE ptr=0x170c4d8c0 bytes=64 caller=0x10473b554
ETHEREUM_INCREMENTAL_ROLE0_ALLOCATOR_LIVE ptr=0x170c4d900 bytes=64 caller=0x10473b554
ETHEREUM_INCREMENTAL_ROLE0_ALLOCATOR_LIVE ptr=0x170c4d940 bytes=64 caller=0x10473b554
ETHEREUM_INCREMENTAL_ROLE0_ALLOCATOR_LIVE ptr=0x170c4d980 bytes=64 caller=0x10473b554
ETHEREUM_INCREMENTAL_ROLE0_ALLOCATOR_LIVE ptr=0x170c4d9c0 bytes=64 caller=0x10473b554
ETHEREUM_INCREMENTAL_ROLE0_ALLOCATOR_LIVE ptr=0x170c4da00 bytes=64 caller=0x10473b554
ETHEREUM_INCREMENTAL_ROLE0_ALLOCATOR_LIVE ptr=0x170c4da40 bytes=64 caller=0x10473b554
ETHEREUM_INCREMENTAL_ROLE0_ALLOCATOR_LIVE ptr=0x170c4da80 bytes=64 caller=0x10473b554
ETHEREUM_INCREMENTAL_ROLE0_ALLOCATOR_LIVE ptr=0x170c4dac0 bytes=64 caller=0x10473b554
ETHEREUM_INCREMENTAL_ROLE0_ALLOCATOR_LIVE ptr=0x170c4db00 bytes=64 caller=0x10473b554
ETHEREUM_INCREMENTAL_ROLE0_ALLOCATOR_LIVE ptr=0x170c4db40 bytes=64 caller=0x10473b554
ETHEREUM_INCREMENTAL_ROLE0_ALLOCATOR_LIVE ptr=0x170c4db80 bytes=64 caller=0x10473b554
ETHEREUM_INCREMENTAL_ROLE0_ALLOCATOR_LIVE ptr=0x170c4dbc0 bytes=64 caller=0x10473b554
ETHEREUM_INCREMENTAL_ROLE0_ALLOCATOR_LIVE ptr=0x170c4dc00 bytes=64 caller=0x10473b554
ETHEREUM_INCREMENTAL_ROLE0_ALLOCATOR_LIVE ptr=0x170c4dc40 bytes=64 caller=0x10473b554
ETHEREUM_INCREMENTAL_ROLE0_ALLOCATOR_LIVE ptr=0x170c4dc80 bytes=64 caller=0x10473b554
ETHEREUM_INCREMENTAL_ROLE0_ALLOCATOR_LIVE ptr=0x170c4dcc0 bytes=64 caller=0x10473b554
ETHEREUM_INCREMENTAL_ROLE0_ALLOCATOR_LIVE ptr=0x170c4dd00 bytes=64 caller=0x10473b554
ETHEREUM_INCREMENTAL_ROLE0_ALLOCATOR_LIVE ptr=0x170c4dd40 bytes=64 caller=0x10473b554
ETHEREUM_INCREMENTAL_ROLE0_ALLOCATOR_LIVE ptr=0x170c4dd80 bytes=64 caller=0x10473b554
ETHEREUM_INCREMENTAL_ROLE0_ALLOCATOR_LIVE ptr=0x170c4ddc0 bytes=64 caller=0x10473b554
ETHEREUM_INCREMENTAL_ROLE0_ALLOCATOR_LIVE ptr=0x170c4de00 bytes=64 caller=0x10473b554
ETHEREUM_INCREMENTAL_ROLE0_ALLOCATOR_LIVE ptr=0x170c4de40 bytes=64 caller=0x10473b554
ETHEREUM_INCREMENTAL_ROLE0_ALLOCATOR_LIVE ptr=0x170c4de80 bytes=64 caller=0x10473b554
ETHEREUM_INCREMENTAL_ROLE0_ALLOCATOR_LIVE ptr=0x170c4dec0 bytes=64 caller=0x10473b554
ETHEREUM_INCREMENTAL_ROLE0_ALLOCATOR_LIVE ptr=0x170c4df00 bytes=64 caller=0x10473b554
ETHEREUM_INCREMENTAL_ROLE0_ALLOCATOR_LIVE ptr=0x170c4df40 bytes=64 caller=0x10473b554
ETHEREUM_INCREMENTAL_ROLE0_ALLOCATOR_LIVE ptr=0x170c4df80 bytes=64 caller=0x10473b554
ETHEREUM_INCREMENTAL_ROLE0_ALLOCATOR_LIVE ptr=0x170c4dfc0 bytes=64 caller=0x10473b554
ETHEREUM_INCREMENTAL_ROLE0_ALLOCATOR_LIVE ptr=0x170c4e000 bytes=64 caller=0x10473b554
ETHEREUM_INCREMENTAL_ROLE0_ALLOCATOR_LIVE ptr=0x170c4e040 bytes=64 caller=0x10473b554
ETHEREUM_INCREMENTAL_ROLE0_ALLOCATOR_LIVE ptr=0x170c4e080 bytes=64 caller=0x10473b554
ETHEREUM_INCREMENTAL_ROLE0_ALLOCATOR_LIVE ptr=0x170c4e0c0 bytes=64 caller=0x10473b554
ETHEREUM_INCREMENTAL_ROLE0_ALLOCATOR_LIVE ptr=0x170c4e100 bytes=64 caller=0x10473b554
ETHEREUM_INCREMENTAL_ROLE0_ALLOCATOR_LIVE ptr=0x170c4e140 bytes=64 caller=0x10473b554
ETHEREUM_INCREMENTAL_ROLE0_ALLOCATOR_LIVE ptr=0x170c4e180 bytes=64 caller=0x10473b554
ETHEREUM_INCREMENTAL_ROLE0_ALLOCATOR_LIVE ptr=0x170c4e1c0 bytes=64 caller=0x10473b554
ETHEREUM_INCREMENTAL_ROLE0_ALLOCATOR_LIVE ptr=0x170c4e200 bytes=64 caller=0x10473b554
ETHEREUM_INCREMENTAL_ROLE0_ALLOCATOR_LIVE ptr=0x170c4e240 bytes=64 caller=0x10473b554
ETHEREUM_INCREMENTAL_ROLE0_ALLOCATOR_LIVE ptr=0x170c4e280 bytes=64 caller=0x10473b554
ETHEREUM_INCREMENTAL_ROLE0_ALLOCATOR_LIVE ptr=0x170c4e2c0 bytes=64 caller=0x10473b554
ETHEREUM_INCREMENTAL_ROLE0_ALLOCATOR_LIVE ptr=0x170c4e300 bytes=64 caller=0x10473b554
ETHEREUM_INCREMENTAL_ROLE0_ALLOCATOR_LIVE ptr=0x170c4e340 bytes=64 caller=0x10473b554
ETHEREUM_INCREMENTAL_ROLE0_ALLOCATOR_LIVE ptr=0x170c4e380 bytes=64 caller=0x10473b554
ETHEREUM_INCREMENTAL_ROLE0_ALLOCATOR_LIVE ptr=0x170c4e3c0 bytes=64 caller=0x10473b554
ETHEREUM_INCREMENTAL_ROLE0_ALLOCATOR_LIVE ptr=0x170c4e400 bytes=64 caller=0x10473b554
ETHEREUM_INCREMENTAL_ROLE0_ALLOCATOR_LIVE ptr=0x170c4e440 bytes=64 caller=0x10473b554
ETHEREUM_INCREMENTAL_ROLE0_ALLOCATOR_LIVE ptr=0x170c4e480 bytes=64 caller=0x10473b554
ETHEREUM_INCREMENTAL_ROLE0_ALLOCATOR_LIVE ptr=0x170c4e4c0 bytes=64 caller=0x10473b554
ETHEREUM_INCREMENTAL_ROLE0_ALLOCATOR_LIVE ptr=0x170c4e500 bytes=64 caller=0x10473b554
ETHEREUM_INCREMENTAL_ROLE0_ALLOCATOR_LIVE ptr=0x170c4e540 bytes=64 caller=0x10473b554
ETHEREUM_INCREMENTAL_ROLE0_ALLOCATOR_LIVE ptr=0x170c4e580 bytes=64 caller=0x10473b554
ETHEREUM_INCREMENTAL_ROLE0_ALLOCATOR_LIVE ptr=0x170c4e5c0 bytes=64 caller=0x10473b554
ETHEREUM_INCREMENTAL_ROLE0_ALLOCATOR_LIVE ptr=0x170c4e600 bytes=64 caller=0x10473b554
ETHEREUM_INCREMENTAL_ROLE0_ALLOCATOR_LIVE ptr=0x170c4e640 bytes=64 caller=0x10473b554
ETHEREUM_INCREMENTAL_ROLE0_ALLOCATOR_LIVE ptr=0x170c4e680 bytes=64 caller=0x10473b554
ETHEREUM_INCREMENTAL_ROLE0_ALLOCATOR_LIVE ptr=0x170c4e6c0 bytes=64 caller=0x10473b554
ETHEREUM_INCREMENTAL_ROLE0_ALLOCATOR_LIVE ptr=0x170c4e700 bytes=64 caller=0x10473b554
ETHEREUM_INCREMENTAL_ROLE0_ALLOCATOR_LIVE ptr=0x170c4e740 bytes=64 caller=0x10473b554
ETHEREUM_INCREMENTAL_ROLE0_ALLOCATOR_LIVE ptr=0x170c4e780 bytes=64 caller=0x10473b554
ETHEREUM_INCREMENTAL_ROLE0_ALLOCATOR_LIVE ptr=0x170c4e7c0 bytes=64 caller=0x10473b554
ETHEREUM_INCREMENTAL_ROLE0_ALLOCATOR_LIVE ptr=0x170c4e800 bytes=64 caller=0x10473b554
ETHEREUM_INCREMENTAL_ROLE0_ALLOCATOR_LIVE ptr=0x170c4e840 bytes=64 caller=0x10473b554
ETHEREUM_INCREMENTAL_ROLE0_ALLOCATOR_LIVE ptr=0x170c4e880 bytes=64 caller=0x10473b554
ETHEREUM_INCREMENTAL_ROLE0_ALLOCATOR_LIVE ptr=0x170c4e8c0 bytes=64 caller=0x10473b554
ETHEREUM_INCREMENTAL_ROLE0_ALLOCATOR_LIVE ptr=0x170c4e900 bytes=64 caller=0x10473b554
ETHEREUM_INCREMENTAL_ROLE0_ALLOCATOR_LIVE ptr=0x170c4e940 bytes=64 caller=0x10473b554
ETHEREUM_INCREMENTAL_ROLE0_ALLOCATOR_LIVE ptr=0x170c4e980 bytes=64 caller=0x10473b554
ETHEREUM_INCREMENTAL_ROLE0_ALLOCATOR_LIVE ptr=0x170c4e9c0 bytes=64 caller=0x10473b554
ETHEREUM_INCREMENTAL_ROLE0_ALLOCATOR_LIVE ptr=0x170c4ea00 bytes=64 caller=0x10473b554
ETHEREUM_INCREMENTAL_ROLE0_ALLOCATOR_LIVE ptr=0x170c4ea40 bytes=64 caller=0x10473b554
ETHEREUM_INCREMENTAL_ROLE0_ALLOCATOR_LIVE ptr=0x170c4ea80 bytes=64 caller=0x10473b554
ETHEREUM_INCREMENTAL_ROLE0_ALLOCATOR_LIVE ptr=0x170c4eac0 bytes=64 caller=0x10473b554
ETHEREUM_INCREMENTAL_ROLE0_ALLOCATOR_LIVE ptr=0x170c4eb00 bytes=64 caller=0x10473b554
ETHEREUM_INCREMENTAL_ROLE0_ALLOCATOR_LIVE ptr=0x170c4eb40 bytes=64 caller=0x10473b554
ETHEREUM_INCREMENTAL_ROLE0_ALLOCATOR_LIVE ptr=0x170c4eb80 bytes=64 caller=0x10473b554
ETHEREUM_INCREMENTAL_ROLE0_ALLOCATOR_LIVE ptr=0x170c4ebc0 bytes=64 caller=0x10473b554
ETHEREUM_INCREMENTAL_ROLE0_ALLOCATOR_LIVE ptr=0x170c4ec00 bytes=64 caller=0x10473b554
ETHEREUM_INCREMENTAL_ROLE0_ALLOCATOR_LIVE ptr=0x170c4ec40 bytes=64 caller=0x10473b554
ETHEREUM_INCREMENTAL_ROLE0_ALLOCATOR_LIVE ptr=0x170c4ec80 bytes=64 caller=0x10473b554
ETHEREUM_INCREMENTAL_ROLE0_ALLOCATOR_LIVE ptr=0x170c4ecc0 bytes=64 caller=0x10473b554
ETHEREUM_INCREMENTAL_ROLE0_ALLOCATOR_LIVE ptr=0x170c4ed00 bytes=64 caller=0x10473b554
ETHEREUM_INCREMENTAL_ROLE0_ALLOCATOR_LIVE ptr=0x170c4ed40 bytes=64 caller=0x10473b554
ETHEREUM_INCREMENTAL_ROLE0_ALLOCATOR_LIVE ptr=0x170c4ed80 bytes=64 caller=0x10473b554
ETHEREUM_INCREMENTAL_ROLE0_ALLOCATOR_LIVE ptr=0x170c4edc0 bytes=64 caller=0x10473b554
ETHEREUM_INCREMENTAL_ROLE0_ALLOCATOR_LIVE ptr=0x170c4ee00 bytes=64 caller=0x10473b554
ETHEREUM_INCREMENTAL_ROLE0_ALLOCATOR_LIVE ptr=0x170c4ee40 bytes=64 caller=0x10473b554
ETHEREUM_INCREMENTAL_ROLE0_ALLOCATOR_LIVE ptr=0x170c4ee80 bytes=64 caller=0x10473b554
ETHEREUM_INCREMENTAL_ROLE0_ALLOCATOR_LIVE ptr=0x170c4eec0 bytes=64 caller=0x10473b554
ETHEREUM_INCREMENTAL_ROLE0_ALLOCATOR_LIVE ptr=0x170c4ef00 bytes=64 caller=0x10473b554
ETHEREUM_INCREMENTAL_ROLE0_ALLOCATOR_LIVE ptr=0x170c4ef40 bytes=64 caller=0x10473b554
ETHEREUM_INCREMENTAL_ROLE0_ALLOCATOR_LIVE ptr=0x170c4ef80 bytes=64 caller=0x10473b554
ETHEREUM_INCREMENTAL_ROLE0_ALLOCATOR_LIVE ptr=0x170c4efc0 bytes=64 caller=0x10473b554
ETHEREUM_INCREMENTAL_ROLE0_ALLOCATOR_LIVE ptr=0x170c4f000 bytes=64 caller=0x10473b554
ETHEREUM_INCREMENTAL_ROLE0_ALLOCATOR_LIVE ptr=0x170c4f040 bytes=64 caller=0x10473b554
ETHEREUM_INCREMENTAL_ROLE0_ALLOCATOR_LIVE ptr=0x170c4f080 bytes=64 caller=0x10473b554
ETHEREUM_INCREMENTAL_ROLE0_ALLOCATOR_LIVE ptr=0x170c4f0c0 bytes=64 caller=0x10473b554
ETHEREUM_INCREMENTAL_ROLE0_ALLOCATOR_LIVE ptr=0x170c4f100 bytes=64 caller=0x10473b554
ETHEREUM_INCREMENTAL_ROLE0_ALLOCATOR_LIVE ptr=0x170c4f140 bytes=64 caller=0x10473b554
ETHEREUM_INCREMENTAL_ROLE0_ALLOCATOR_LIVE ptr=0x170c4f180 bytes=64 caller=0x10473b554
ETHEREUM_INCREMENTAL_ROLE0_ALLOCATOR_LIVE ptr=0x170c4f1c0 bytes=64 caller=0x10473b554
ETHEREUM_INCREMENTAL_ROLE0_ALLOCATOR_LIVE ptr=0x170c4f200 bytes=64 caller=0x10473b554
ETHEREUM_INCREMENTAL_ROLE0_ALLOCATOR_LIVE ptr=0x170c4f240 bytes=64 caller=0x10473b554
ETHEREUM_INCREMENTAL_ROLE0_ALLOCATOR_LIVE ptr=0x170c4f280 bytes=64 caller=0x10473b554
ETHEREUM_INCREMENTAL_ROLE0_ALLOCATOR_LIVE ptr=0x170c4f2c0 bytes=64 caller=0x10473b554
ETHEREUM_INCREMENTAL_ROLE0_ALLOCATOR_LIVE ptr=0x170c4f300 bytes=64 caller=0x10473b554
ETHEREUM_INCREMENTAL_ROLE0_ALLOCATOR_LIVE ptr=0x170c4f340 bytes=64 caller=0x10473b554
ETHEREUM_INCREMENTAL_ROLE0_ALLOCATOR_LIVE ptr=0x170c4f380 bytes=64 caller=0x10473b554
ETHEREUM_INCREMENTAL_ROLE0_ALLOCATOR_LIVE ptr=0x170c4f3c0 bytes=64 caller=0x10473b554
ETHEREUM_INCREMENTAL_ROLE0_ALLOCATOR_LIVE ptr=0x170c4f400 bytes=64 caller=0x10473b554
ETHEREUM_INCREMENTAL_ROLE0_ALLOCATOR_LIVE ptr=0x170c4f440 bytes=64 caller=0x10473b554
ETHEREUM_INCREMENTAL_ROLE0_ALLOCATOR_LIVE ptr=0x170c4f480 bytes=64 caller=0x10473b554
ETHEREUM_INCREMENTAL_ROLE0_ALLOCATOR_LIVE ptr=0x170c4f4c0 bytes=64 caller=0x10473b554
ETHEREUM_INCREMENTAL_ROLE0_ALLOCATOR_LIVE ptr=0x170c4f500 bytes=64 caller=0x10473b554
ETHEREUM_INCREMENTAL_ROLE0_ALLOCATOR_LIVE ptr=0x170c4f540 bytes=64 caller=0x10473b554
ETHEREUM_INCREMENTAL_ROLE0_ALLOCATOR_LIVE ptr=0x170c4f580 bytes=64 caller=0x10473b554
ETHEREUM_INCREMENTAL_ROLE0_ALLOCATOR_LIVE ptr=0x170c4f5c0 bytes=64 caller=0x10473b554
ETHEREUM_INCREMENTAL_ROLE0_ALLOCATOR_LIVE ptr=0x170c4f600 bytes=64 caller=0x10473b554
ETHEREUM_INCREMENTAL_ROLE0_ALLOCATOR_LIVE ptr=0x170c4f640 bytes=64 caller=0x10473b554
ETHEREUM_INCREMENTAL_ROLE0_ALLOCATOR_LIVE ptr=0x170c4f680 bytes=64 caller=0x10473b554
ETHEREUM_INCREMENTAL_ROLE0_ALLOCATOR_LIVE ptr=0x170c4f6c0 bytes=64 caller=0x10473b554
ETHEREUM_INCREMENTAL_ROLE0_ALLOCATOR_LIVE ptr=0x170c4f700 bytes=64 caller=0x10473b554
ETHEREUM_INCREMENTAL_ROLE0_ALLOCATOR_LIVE ptr=0x170c4f740 bytes=64 caller=0x10473b554
ETHEREUM_INCREMENTAL_ROLE0_ALLOCATOR_LIVE ptr=0x170c4f780 bytes=64 caller=0x10473b554
ETHEREUM_INCREMENTAL_ROLE0_ALLOCATOR_LIVE ptr=0x170c4f7c0 bytes=64 caller=0x10473b554
ETHEREUM_INCREMENTAL_ROLE0_ALLOCATOR_LIVE ptr=0x170c4f800 bytes=64 caller=0x10473b554
ETHEREUM_INCREMENTAL_ROLE0_ALLOCATOR_LIVE ptr=0x170c4f840 bytes=64 caller=0x10473b554
ETHEREUM_INCREMENTAL_ROLE0_ALLOCATOR_LIVE ptr=0x170c4f880 bytes=64 caller=0x10473b554
ETHEREUM_INCREMENTAL_ROLE0_ALLOCATOR_LIVE ptr=0x170c4f8c0 bytes=64 caller=0x10473b554
ETHEREUM_INCREMENTAL_ROLE0_ALLOCATOR_LIVE ptr=0x170c4f900 bytes=64 caller=0x10473b554
ETHEREUM_INCREMENTAL_ROLE0_ALLOCATOR_LIVE ptr=0x170c4f940 bytes=64 caller=0x10473b554
ETHEREUM_INCREMENTAL_ROLE0_ALLOCATOR_LIVE ptr=0x170c4f980 bytes=64 caller=0x10473b554
ETHEREUM_INCREMENTAL_ROLE0_ALLOCATOR_LIVE ptr=0x170c4f9c0 bytes=64 caller=0x10473b554
ETHEREUM_INCREMENTAL_ROLE0_ALLOCATOR_LIVE ptr=0x170c4fa00 bytes=64 caller=0x10473b554
ETHEREUM_INCREMENTAL_ROLE0_ALLOCATOR_LIVE ptr=0x170c4fa40 bytes=64 caller=0x10473b554
ETHEREUM_INCREMENTAL_ROLE0_ALLOCATOR_LIVE ptr=0x170c4fa80 bytes=64 caller=0x10473b554
ETHEREUM_INCREMENTAL_ROLE0_ALLOCATOR_LIVE ptr=0x170c4fac0 bytes=64 caller=0x10473b554
ETHEREUM_INCREMENTAL_ROLE0_ALLOCATOR_LIVE ptr=0x170c4fb00 bytes=64 caller=0x10473b554
ETHEREUM_INCREMENTAL_ROLE0_ALLOCATOR_LIVE ptr=0x170c4fb40 bytes=64 caller=0x10473b554
ETHEREUM_INCREMENTAL_ROLE0_ALLOCATOR_LIVE ptr=0x170c4fb80 bytes=64 caller=0x10473b554
ETHEREUM_INCREMENTAL_ROLE0_ALLOCATOR_LIVE ptr=0x170c4fbc0 bytes=64 caller=0x10473b554
ETHEREUM_INCREMENTAL_ROLE0_ALLOCATOR_LIVE ptr=0x170c4fc00 bytes=64 caller=0x10473b554
ETHEREUM_INCREMENTAL_ROLE0_ALLOCATOR_LIVE ptr=0x170c4fc40 bytes=64 caller=0x10473b554
ETHEREUM_INCREMENTAL_ROLE0_ALLOCATOR_LIVE ptr=0x170c4fc80 bytes=64 caller=0x10473b554
ETHEREUM_INCREMENTAL_ROLE0_ALLOCATOR_LIVE ptr=0x170c4fcc0 bytes=64 caller=0x10473b554
ETHEREUM_INCREMENTAL_ROLE0_ALLOCATOR_LIVE ptr=0x170c4fd00 bytes=64 caller=0x10473b554
ETHEREUM_INCREMENTAL_ROLE0_ALLOCATOR_LIVE ptr=0x170c4fd40 bytes=64 caller=0x10473b554
ETHEREUM_INCREMENTAL_ROLE0_ALLOCATOR_LIVE ptr=0x170c4fd80 bytes=64 caller=0x10473b554
ETHEREUM_INCREMENTAL_ROLE0_ALLOCATOR_LIVE ptr=0x170c4fdc0 bytes=64 caller=0x10473b554
ETHEREUM_INCREMENTAL_ROLE0_ALLOCATOR_LIVE ptr=0x170c4fe00 bytes=64 caller=0x10473b554
ETHEREUM_INCREMENTAL_ROLE0_ALLOCATOR_LIVE ptr=0x170c4fe40 bytes=64 caller=0x10473b554
ETHEREUM_INCREMENTAL_ROLE0_ALLOCATOR_LIVE ptr=0x170c4fe80 bytes=64 caller=0x10473b554
ETHEREUM_INCREMENTAL_ROLE0_ALLOCATOR_LIVE ptr=0x170c4fec0 bytes=64 caller=0x10473b554
ETHEREUM_INCREMENTAL_ROLE0_ALLOCATOR_LIVE ptr=0x170c4ff00 bytes=64 caller=0x10473b554
ETHEREUM_INCREMENTAL_ROLE0_ALLOCATOR_LIVE ptr=0x170c4ff40 bytes=64 caller=0x10473b554
ETHEREUM_INCREMENTAL_ROLE0_ALLOCATOR_LIVE ptr=0x170c4ff80 bytes=64 caller=0x10473b554
ETHEREUM_INCREMENTAL_ROLE0_ALLOCATOR_LIVE ptr=0x170c4ffc0 bytes=64 caller=0x10473b554
ETHEREUM_INCREMENTAL_ROLE0_ALLOCATOR_LIVE ptr=0x151e00040 bytes=64 caller=0x10473b554
ETHEREUM_INCREMENTAL_ROLE0_ALLOCATOR_LIVE ptr=0x151e00080 bytes=64 caller=0x10473b554
ETHEREUM_INCREMENTAL_ROLE0_ALLOCATOR_LIVE ptr=0x151e000c0 bytes=64 caller=0x10473b554
ETHEREUM_INCREMENTAL_ROLE0_ALLOCATOR_LIVE ptr=0x151e00100 bytes=64 caller=0x10473b554
ETHEREUM_INCREMENTAL_ROLE0_ALLOCATOR_LIVE ptr=0x151e00140 bytes=64 caller=0x10473b554
ETHEREUM_INCREMENTAL_ROLE0_ALLOCATOR_LIVE ptr=0x151e00180 bytes=64 caller=0x10473b554
ETHEREUM_INCREMENTAL_ROLE0_ALLOCATOR_LIVE ptr=0x151e001c0 bytes=64 caller=0x10473b554
ETHEREUM_INCREMENTAL_ROLE0_ALLOCATOR_LIVE ptr=0x151e00200 bytes=64 caller=0x10473b554
ETHEREUM_INCREMENTAL_ROLE0_ALLOCATOR_LIVE ptr=0x151e00240 bytes=64 caller=0x10473b554
ETHEREUM_INCREMENTAL_ROLE0_ALLOCATOR_LIVE ptr=0x151e00280 bytes=64 caller=0x10473b554
ETHEREUM_INCREMENTAL_ROLE0_ALLOCATOR_LIVE ptr=0x151e002c0 bytes=64 caller=0x10473b554
ETHEREUM_INCREMENTAL_ROLE0_ALLOCATOR_LIVE ptr=0x151e00300 bytes=64 caller=0x10473b554
ETHEREUM_INCREMENTAL_ROLE0_ALLOCATOR_LIVE ptr=0x151e00340 bytes=64 caller=0x10473b554
ETHEREUM_INCREMENTAL_ROLE0_ALLOCATOR_LIVE ptr=0x151e00380 bytes=64 caller=0x10473b554
ETHEREUM_INCREMENTAL_ROLE0_ALLOCATOR_LIVE ptr=0x151e003c0 bytes=64 caller=0x10473b554
ETHEREUM_INCREMENTAL_ROLE0_ALLOCATOR_LIVE ptr=0x151e00400 bytes=64 caller=0x10473b554
ETHEREUM_INCREMENTAL_ROLE0_ALLOCATOR_LIVE ptr=0x151e00440 bytes=64 caller=0x10473b554
ETHEREUM_INCREMENTAL_ROLE0_ALLOCATOR_LIVE ptr=0x151e00480 bytes=64 caller=0x10473b554
ETHEREUM_INCREMENTAL_ROLE0_ALLOCATOR_LIVE ptr=0x151e004c0 bytes=64 caller=0x10473b554
ETHEREUM_INCREMENTAL_ROLE0_ALLOCATOR_LIVE ptr=0x151e00500 bytes=64 caller=0x10473b554
ETHEREUM_INCREMENTAL_ROLE0_ALLOCATOR_LIVE ptr=0x151e00540 bytes=64 caller=0x10473b554
ETHEREUM_INCREMENTAL_ROLE0_ALLOCATOR_LIVE ptr=0x151e00580 bytes=64 caller=0x10473b554
ETHEREUM_INCREMENTAL_ROLE0_ALLOCATOR_LIVE ptr=0x151e005c0 bytes=64 caller=0x10473b554
ETHEREUM_INCREMENTAL_ROLE0_ALLOCATOR_LIVE ptr=0x151e00600 bytes=64 caller=0x10473b554
ETHEREUM_INCREMENTAL_ROLE0_ALLOCATOR_LIVE ptr=0x151e00640 bytes=64 caller=0x10473b554
ETHEREUM_INCREMENTAL_ROLE0_ALLOCATOR_LIVE ptr=0x151e00680 bytes=64 caller=0x10473b554
ETHEREUM_INCREMENTAL_ROLE0_ALLOCATOR_LIVE ptr=0x151e006c0 bytes=64 caller=0x10473b554
ETHEREUM_INCREMENTAL_ROLE0_ALLOCATOR_LIVE ptr=0x151e00700 bytes=64 caller=0x10473b554
ETHEREUM_INCREMENTAL_ROLE0_ALLOCATOR_LIVE ptr=0x151e00740 bytes=64 caller=0x10473b554
ETHEREUM_INCREMENTAL_ROLE0_ALLOCATOR_LIVE ptr=0x151e00780 bytes=64 caller=0x10473b554
ETHEREUM_INCREMENTAL_ROLE0_ALLOCATOR_LIVE ptr=0x151e007c0 bytes=64 caller=0x10473b554
ETHEREUM_INCREMENTAL_ROLE0_ALLOCATOR_LIVE ptr=0x151e00800 bytes=64 caller=0x10473b554
ETHEREUM_INCREMENTAL_ROLE0_ALLOCATOR_LIVE ptr=0x151e00840 bytes=64 caller=0x10473b554
ETHEREUM_INCREMENTAL_ROLE0_ALLOCATOR_LIVE ptr=0x151e00880 bytes=64 caller=0x10473b554
ETHEREUM_INCREMENTAL_ROLE0_ALLOCATOR_LIVE ptr=0x151e008c0 bytes=64 caller=0x10473b554
ETHEREUM_INCREMENTAL_ROLE0_ALLOCATOR_LIVE ptr=0x151e00900 bytes=64 caller=0x10473b554
ETHEREUM_INCREMENTAL_ROLE0_ALLOCATOR_LIVE ptr=0x151e00940 bytes=64 caller=0x10473b554
ETHEREUM_INCREMENTAL_ROLE0_ALLOCATOR_LIVE ptr=0x151e00980 bytes=64 caller=0x10473b554
ETHEREUM_INCREMENTAL_ROLE0_ALLOCATOR_LIVE ptr=0x151e009c0 bytes=64 caller=0x10473b554
ETHEREUM_INCREMENTAL_ROLE0_ALLOCATOR_LIVE ptr=0x151e00a00 bytes=64 caller=0x10473b554
ETHEREUM_INCREMENTAL_ROLE0_ALLOCATOR_LIVE ptr=0x151e00a40 bytes=64 caller=0x10473b554
ETHEREUM_INCREMENTAL_ROLE0_ALLOCATOR_LIVE ptr=0x151e00a80 bytes=64 caller=0x10473b554
ETHEREUM_INCREMENTAL_ROLE0_ALLOCATOR_LIVE ptr=0x151e00ac0 bytes=64 caller=0x10473b554
ETHEREUM_INCREMENTAL_ROLE0_ALLOCATOR_LIVE ptr=0x151e00b00 bytes=64 caller=0x10473b554
ETHEREUM_INCREMENTAL_ROLE0_ALLOCATOR_LIVE ptr=0x151e00b40 bytes=64 caller=0x10473b554
ETHEREUM_INCREMENTAL_ROLE0_ALLOCATOR_LIVE ptr=0x151e00b80 bytes=64 caller=0x10473b554
ETHEREUM_INCREMENTAL_ROLE0_ALLOCATOR_LIVE ptr=0x151e00bc0 bytes=64 caller=0x10473b554
ETHEREUM_INCREMENTAL_ROLE0_ALLOCATOR_LIVE ptr=0x151e00c00 bytes=64 caller=0x10473b554
ETHEREUM_INCREMENTAL_ROLE0_ALLOCATOR_LIVE ptr=0x151e00c40 bytes=64 caller=0x10473b554
ETHEREUM_INCREMENTAL_ROLE0_ALLOCATOR_LIVE ptr=0x151e00c80 bytes=64 caller=0x10473b554
ETHEREUM_INCREMENTAL_ROLE0_ALLOCATOR_LIVE ptr=0x151e00cc0 bytes=64 caller=0x10473b554
ETHEREUM_INCREMENTAL_ROLE0_ALLOCATOR_LIVE ptr=0x151e00d00 bytes=64 caller=0x10473b554
ETHEREUM_INCREMENTAL_ROLE0_ALLOCATOR_LIVE ptr=0x151e00d40 bytes=64 caller=0x10473b554
ETHEREUM_INCREMENTAL_ROLE0_ALLOCATOR_LIVE ptr=0x151e00d80 bytes=64 caller=0x10473b554
ETHEREUM_INCREMENTAL_ROLE0_ALLOCATOR_LIVE ptr=0x151e00dc0 bytes=64 caller=0x10473b554
ETHEREUM_INCREMENTAL_ROLE0_ALLOCATOR_LIVE ptr=0x151e00e00 bytes=64 caller=0x10473b554
ETHEREUM_INCREMENTAL_ROLE0_ALLOCATOR_LIVE ptr=0x151e00e40 bytes=64 caller=0x10473b554
ETHEREUM_INCREMENTAL_ROLE0_ALLOCATOR_LIVE ptr=0x151e00e80 bytes=64 caller=0x10473b554
ETHEREUM_INCREMENTAL_ROLE0_ALLOCATOR_LIVE ptr=0x151e00ec0 bytes=64 caller=0x10473b554
ETHEREUM_INCREMENTAL_ROLE0_ALLOCATOR_LIVE ptr=0x151e00f00 bytes=64 caller=0x10473b554
ETHEREUM_INCREMENTAL_ROLE0_ALLOCATOR_LIVE ptr=0x151e00f40 bytes=64 caller=0x10473b554
ETHEREUM_INCREMENTAL_ROLE0_ALLOCATOR_LIVE ptr=0x151e00f80 bytes=64 caller=0x10473b554
ETHEREUM_INCREMENTAL_ROLE0_ALLOCATOR_LIVE ptr=0x151e00fc0 bytes=64 caller=0x10473b554
ETHEREUM_INCREMENTAL_ROLE0_ALLOCATOR_LIVE ptr=0x151e01000 bytes=64 caller=0x10473b554
ETHEREUM_INCREMENTAL_ROLE0_ALLOCATOR_LIVE ptr=0x151e01040 bytes=64 caller=0x10473b554
ETHEREUM_INCREMENTAL_ROLE0_ALLOCATOR_LIVE ptr=0x151e01080 bytes=64 caller=0x10473b554
ETHEREUM_INCREMENTAL_ROLE0_ALLOCATOR_LIVE ptr=0x151e010c0 bytes=64 caller=0x10473b554
ETHEREUM_INCREMENTAL_ROLE0_ALLOCATOR_LIVE ptr=0x151e01100 bytes=64 caller=0x10473b554
ETHEREUM_INCREMENTAL_ROLE0_ALLOCATOR_LIVE ptr=0x151e01140 bytes=64 caller=0x10473b554
ETHEREUM_INCREMENTAL_ROLE0_ALLOCATOR_LIVE ptr=0x151e01180 bytes=64 caller=0x10473b554
ETHEREUM_INCREMENTAL_ROLE0_ALLOCATOR_LIVE ptr=0x151e011c0 bytes=64 caller=0x10473b554
ETHEREUM_INCREMENTAL_ROLE0_ALLOCATOR_LIVE ptr=0x151e01200 bytes=64 caller=0x10473b554
ETHEREUM_INCREMENTAL_ROLE0_ALLOCATOR_LIVE ptr=0x151e01240 bytes=64 caller=0x10473b554
ETHEREUM_INCREMENTAL_ROLE0_ALLOCATOR_LIVE ptr=0x151e01280 bytes=64 caller=0x10473b554
ETHEREUM_INCREMENTAL_ROLE0_ALLOCATOR_LIVE ptr=0x151e012c0 bytes=64 caller=0x10473b554
ETHEREUM_INCREMENTAL_ROLE0_ALLOCATOR_LIVE ptr=0x151e01300 bytes=64 caller=0x10473b554
ETHEREUM_INCREMENTAL_ROLE0_ALLOCATOR_LIVE ptr=0x151e01340 bytes=64 caller=0x10473b554
ETHEREUM_INCREMENTAL_ROLE0_ALLOCATOR_LIVE ptr=0x151e01380 bytes=64 caller=0x10473b554
ETHEREUM_INCREMENTAL_ROLE0_ALLOCATOR_LIVE ptr=0x151e013c0 bytes=64 caller=0x10473b554
ETHEREUM_INCREMENTAL_ROLE0_ALLOCATOR_LIVE ptr=0x151e01400 bytes=64 caller=0x10473b554
ETHEREUM_INCREMENTAL_ROLE0_ALLOCATOR_LIVE ptr=0x151e01440 bytes=64 caller=0x10473b554
ETHEREUM_INCREMENTAL_ROLE0_ALLOCATOR_LIVE ptr=0x151e01480 bytes=64 caller=0x10473b554
ETHEREUM_INCREMENTAL_ROLE0_ALLOCATOR_LIVE ptr=0x151e014c0 bytes=64 caller=0x10473b554
ETHEREUM_INCREMENTAL_ROLE0_ALLOCATOR_LIVE ptr=0x151e01500 bytes=64 caller=0x10473b554
ETHEREUM_INCREMENTAL_ROLE0_ALLOCATOR_LIVE ptr=0x151e01540 bytes=64 caller=0x10473b554
ETHEREUM_INCREMENTAL_ROLE0_ALLOCATOR_LIVE ptr=0x151e01580 bytes=64 caller=0x10473b554
ETHEREUM_INCREMENTAL_ROLE0_ALLOCATOR_LIVE ptr=0x151e015c0 bytes=64 caller=0x10473b554
ETHEREUM_INCREMENTAL_ROLE0_ALLOCATOR_LIVE ptr=0x151e01600 bytes=64 caller=0x10473b554
ETHEREUM_INCREMENTAL_ROLE0_ALLOCATOR_LIVE ptr=0x151e01640 bytes=64 caller=0x10473b554
ETHEREUM_INCREMENTAL_ROLE0_ALLOCATOR_LIVE ptr=0x151e01680 bytes=64 caller=0x10473b554
ETHEREUM_INCREMENTAL_ROLE0_ALLOCATOR_LIVE ptr=0x151e016c0 bytes=64 caller=0x10473b554
ETHEREUM_INCREMENTAL_ROLE0_ALLOCATOR_LIVE ptr=0x151e01700 bytes=64 caller=0x10473b554
ETHEREUM_INCREMENTAL_ROLE0_ALLOCATOR_LIVE ptr=0x151e01740 bytes=64 caller=0x10473b554
ETHEREUM_INCREMENTAL_ROLE0_ALLOCATOR_LIVE ptr=0x151e01780 bytes=64 caller=0x10473b554
ETHEREUM_INCREMENTAL_ROLE0_ALLOCATOR_LIVE ptr=0x151e017c0 bytes=64 caller=0x10473b554
ETHEREUM_INCREMENTAL_ROLE0_ALLOCATOR_LIVE ptr=0x151e01800 bytes=64 caller=0x10473b554
ETHEREUM_INCREMENTAL_ROLE0_ALLOCATOR_LIVE ptr=0x151e01840 bytes=64 caller=0x10473b554
ETHEREUM_INCREMENTAL_ROLE0_ALLOCATOR_LIVE ptr=0x151e01880 bytes=64 caller=0x10473b554
ETHEREUM_INCREMENTAL_ROLE0_ALLOCATOR_LIVE ptr=0x151e018c0 bytes=64 caller=0x10473b554
ETHEREUM_INCREMENTAL_ROLE0_ALLOCATOR_LIVE ptr=0x151e01900 bytes=64 caller=0x10473b554
ETHEREUM_INCREMENTAL_ROLE0_ALLOCATOR_LIVE ptr=0x151e01940 bytes=64 caller=0x10473b554
ETHEREUM_INCREMENTAL_ROLE0_ALLOCATOR_LIVE ptr=0x151e01980 bytes=64 caller=0x10473b554
ETHEREUM_INCREMENTAL_ROLE0_ALLOCATOR_LIVE ptr=0x151e019c0 bytes=64 caller=0x10473b554
ETHEREUM_INCREMENTAL_ROLE0_ALLOCATOR_LIVE ptr=0x151e01a00 bytes=64 caller=0x10473b554
ETHEREUM_INCREMENTAL_ROLE0_ALLOCATOR_LIVE ptr=0x151e01a40 bytes=64 caller=0x10473b554
ETHEREUM_INCREMENTAL_ROLE0_ALLOCATOR_LIVE ptr=0x151e01a80 bytes=64 caller=0x10473b554
ETHEREUM_INCREMENTAL_ROLE0_ALLOCATOR_LIVE ptr=0x151e01ac0 bytes=64 caller=0x10473b554
ETHEREUM_INCREMENTAL_ROLE0_ALLOCATOR_LIVE ptr=0x151e01b00 bytes=64 caller=0x10473b554
ETHEREUM_INCREMENTAL_ROLE0_ALLOCATOR_LIVE ptr=0x151e01b40 bytes=64 caller=0x10473b554
ETHEREUM_INCREMENTAL_ROLE0_ALLOCATOR_LIVE ptr=0x151e01b80 bytes=64 caller=0x10473b554
ETHEREUM_INCREMENTAL_ROLE0_ALLOCATOR_LIVE ptr=0x151e01bc0 bytes=64 caller=0x10473b554
ETHEREUM_INCREMENTAL_ROLE0_ALLOCATOR_LIVE ptr=0x151e01c00 bytes=64 caller=0x10473b554
ETHEREUM_INCREMENTAL_ROLE0_ALLOCATOR_LIVE ptr=0x151e01c40 bytes=64 caller=0x10473b554
ETHEREUM_INCREMENTAL_ROLE0_ALLOCATOR_LIVE ptr=0x151e01c80 bytes=64 caller=0x10473b554
ETHEREUM_INCREMENTAL_ROLE0_ALLOCATOR_LIVE ptr=0x151e01cc0 bytes=64 caller=0x10473b554
ETHEREUM_INCREMENTAL_ROLE0_ALLOCATOR_LIVE ptr=0x151e01d00 bytes=64 caller=0x10473b554
ETHEREUM_INCREMENTAL_ROLE0_ALLOCATOR_LIVE ptr=0x151e01d40 bytes=64 caller=0x10473b554
ETHEREUM_INCREMENTAL_ROLE0_ALLOCATOR_LIVE ptr=0x151e01d80 bytes=64 caller=0x10473b554
ETHEREUM_INCREMENTAL_ROLE0_ALLOCATOR_LIVE ptr=0x151e01dc0 bytes=64 caller=0x10473b554
ETHEREUM_INCREMENTAL_ROLE0_ALLOCATOR_LIVE ptr=0x151e01e00 bytes=64 caller=0x10473b554
ETHEREUM_INCREMENTAL_ROLE0_ALLOCATOR_LIVE ptr=0x151e01e40 bytes=64 caller=0x10473b554
ETHEREUM_INCREMENTAL_ROLE0_ALLOCATOR_LIVE ptr=0x151e01e80 bytes=64 caller=0x10473b554
ETHEREUM_INCREMENTAL_ROLE0_ALLOCATOR_LIVE ptr=0x151e01ec0 bytes=64 caller=0x10473b554
ETHEREUM_INCREMENTAL_ROLE0_ALLOCATOR_LIVE ptr=0x151e01f00 bytes=64 caller=0x10473b554
ETHEREUM_INCREMENTAL_ROLE0_ALLOCATOR_LIVE ptr=0x151e01f40 bytes=64 caller=0x10473b554
ETHEREUM_INCREMENTAL_ROLE0_ALLOCATOR_LIVE ptr=0x151e01f80 bytes=64 caller=0x10473b554
ETHEREUM_INCREMENTAL_ROLE0_ALLOCATOR_LIVE ptr=0x151e01fc0 bytes=64 caller=0x10473b554
ETHEREUM_INCREMENTAL_ROLE0_ALLOCATOR_LIVE ptr=0x151e02000 bytes=64 caller=0x10473b554
ETHEREUM_INCREMENTAL_ROLE0_ALLOCATOR_LIVE ptr=0x151e02040 bytes=64 caller=0x10473b554
ETHEREUM_INCREMENTAL_ROLE0_ALLOCATOR_LIVE ptr=0x151e02080 bytes=64 caller=0x10473b554
ETHEREUM_INCREMENTAL_ROLE0_ALLOCATOR_LIVE ptr=0x151e020c0 bytes=64 caller=0x10473b554
ETHEREUM_INCREMENTAL_ROLE0_ALLOCATOR_LIVE ptr=0x151e02100 bytes=64 caller=0x10473b554
ETHEREUM_INCREMENTAL_ROLE0_ALLOCATOR_LIVE ptr=0x151e02140 bytes=64 caller=0x10473b554
ETHEREUM_INCREMENTAL_ROLE0_ALLOCATOR_LIVE ptr=0x151e02180 bytes=64 caller=0x10473b554
ETHEREUM_INCREMENTAL_ROLE0_ALLOCATOR_LIVE ptr=0x151e021c0 bytes=64 caller=0x10473b554
ETHEREUM_INCREMENTAL_ROLE0_ALLOCATOR_LIVE ptr=0x151e02200 bytes=64 caller=0x10473b554
ETHEREUM_INCREMENTAL_ROLE0_ALLOCATOR_LIVE ptr=0x151e02240 bytes=64 caller=0x10473b554
ETHEREUM_INCREMENTAL_ROLE0_ALLOCATOR_LIVE ptr=0x151e02280 bytes=64 caller=0x10473b554
ETHEREUM_INCREMENTAL_ROLE0_ALLOCATOR_LIVE ptr=0x151e022c0 bytes=64 caller=0x10473b554
ETHEREUM_INCREMENTAL_ROLE0_ALLOCATOR_LIVE ptr=0x151e02300 bytes=64 caller=0x10473b554
ETHEREUM_INCREMENTAL_ROLE0_ALLOCATOR_LIVE ptr=0x151e02340 bytes=64 caller=0x10473b554
ETHEREUM_INCREMENTAL_ROLE0_ALLOCATOR_LIVE ptr=0x151e02380 bytes=64 caller=0x10473b554
ETHEREUM_INCREMENTAL_ROLE0_ALLOCATOR_LIVE ptr=0x151e023c0 bytes=64 caller=0x10473b554
ETHEREUM_INCREMENTAL_ROLE0_ALLOCATOR_LIVE ptr=0x151e02400 bytes=64 caller=0x10473b554
ETHEREUM_INCREMENTAL_ROLE0_ALLOCATOR_LIVE ptr=0x151e02440 bytes=64 caller=0x10473b554
ETHEREUM_INCREMENTAL_ROLE0_ALLOCATOR_LIVE ptr=0x151e02480 bytes=64 caller=0x10473b554
ETHEREUM_INCREMENTAL_ROLE0_ALLOCATOR_LIVE ptr=0x151e024c0 bytes=64 caller=0x10473b554
ETHEREUM_INCREMENTAL_ROLE0_ALLOCATOR_LIVE ptr=0x151e02500 bytes=64 caller=0x10473b554
ETHEREUM_INCREMENTAL_ROLE0_ALLOCATOR_LIVE ptr=0x151e02540 bytes=64 caller=0x10473b554
ETHEREUM_INCREMENTAL_ROLE0_ALLOCATOR_LIVE ptr=0x151e02580 bytes=64 caller=0x10473b554
ETHEREUM_INCREMENTAL_ROLE0_ALLOCATOR_LIVE ptr=0x151e025c0 bytes=64 caller=0x10473b554
ETHEREUM_INCREMENTAL_ROLE0_ALLOCATOR_LIVE ptr=0x151e02600 bytes=64 caller=0x10473b554
ETHEREUM_INCREMENTAL_ROLE0_ALLOCATOR_LIVE ptr=0x151e02640 bytes=64 caller=0x10473b554
ETHEREUM_INCREMENTAL_ROLE0_ALLOCATOR_LIVE ptr=0x151e02680 bytes=64 caller=0x10473b554
ETHEREUM_INCREMENTAL_ROLE0_ALLOCATOR_LIVE ptr=0x151e026c0 bytes=64 caller=0x10473b554
ETHEREUM_INCREMENTAL_ROLE0_ALLOCATOR_LIVE ptr=0x151e02700 bytes=64 caller=0x10473b554
ETHEREUM_INCREMENTAL_ROLE0_ALLOCATOR_LIVE ptr=0x151e02740 bytes=64 caller=0x10473b554
ETHEREUM_INCREMENTAL_ROLE0_ALLOCATOR_LIVE ptr=0x151e02780 bytes=64 caller=0x10473b554
ETHEREUM_INCREMENTAL_ROLE0_ALLOCATOR_LIVE ptr=0x151e027c0 bytes=64 caller=0x10473b554
ETHEREUM_INCREMENTAL_ROLE0_ALLOCATOR_LIVE ptr=0x151e02800 bytes=64 caller=0x10473b554
ETHEREUM_INCREMENTAL_ROLE0_ALLOCATOR_LIVE ptr=0x151e02840 bytes=64 caller=0x10473b554
ETHEREUM_INCREMENTAL_ROLE0_ALLOCATOR_LIVE ptr=0x151e02880 bytes=64 caller=0x10473b554
ETHEREUM_INCREMENTAL_ROLE0_ALLOCATOR_LIVE ptr=0x151e028c0 bytes=64 caller=0x10473b554
ETHEREUM_INCREMENTAL_ROLE0_ALLOCATOR_LIVE ptr=0x151e02900 bytes=64 caller=0x10473b554
ETHEREUM_INCREMENTAL_ROLE0_ALLOCATOR_LIVE ptr=0x151e02940 bytes=64 caller=0x10473b554
ETHEREUM_INCREMENTAL_ROLE0_ALLOCATOR_LIVE ptr=0x151e02980 bytes=64 caller=0x10473b554
ETHEREUM_INCREMENTAL_ROLE0_ALLOCATOR_LIVE ptr=0x151e029c0 bytes=64 caller=0x10473b554
ETHEREUM_INCREMENTAL_ROLE0_ALLOCATOR_LIVE ptr=0x151e02a00 bytes=64 caller=0x10473b554
ETHEREUM_INCREMENTAL_ROLE0_ALLOCATOR_LIVE ptr=0x151e02a40 bytes=64 caller=0x10473b554
ETHEREUM_INCREMENTAL_ROLE0_ALLOCATOR_LIVE ptr=0x151e02a80 bytes=64 caller=0x10473b554
ETHEREUM_INCREMENTAL_ROLE0_ALLOCATOR_LIVE ptr=0x151e02ac0 bytes=64 caller=0x10473b554
ETHEREUM_INCREMENTAL_ROLE0_ALLOCATOR_LIVE ptr=0x151e02b00 bytes=64 caller=0x10473b554
ETHEREUM_INCREMENTAL_ROLE0_ALLOCATOR_LIVE ptr=0x151e02b40 bytes=64 caller=0x10473b554
ETHEREUM_INCREMENTAL_ROLE0_ALLOCATOR_LIVE ptr=0x151e02b80 bytes=64 caller=0x10473b554
ETHEREUM_INCREMENTAL_ROLE0_ALLOCATOR_LIVE ptr=0x151e02bc0 bytes=64 caller=0x10473b554
ETHEREUM_INCREMENTAL_ROLE0_ALLOCATOR_LIVE ptr=0x151e02c00 bytes=64 caller=0x10473b554
ETHEREUM_INCREMENTAL_ROLE0_ALLOCATOR_LIVE ptr=0x151e02c40 bytes=64 caller=0x10473b554
ETHEREUM_INCREMENTAL_ROLE0_ALLOCATOR_LIVE ptr=0x151e02c80 bytes=64 caller=0x10473b554
ETHEREUM_INCREMENTAL_ROLE0_ALLOCATOR_LIVE ptr=0x151e02cc0 bytes=64 caller=0x10473b554
ETHEREUM_INCREMENTAL_ROLE0_ALLOCATOR_LIVE ptr=0x151e02d00 bytes=64 caller=0x10473b554
ETHEREUM_INCREMENTAL_ROLE0_ALLOCATOR_LIVE ptr=0x151e02d40 bytes=64 caller=0x10473b554
ETHEREUM_INCREMENTAL_ROLE0_ALLOCATOR_LIVE ptr=0x151e02d80 bytes=64 caller=0x10473b554
ETHEREUM_INCREMENTAL_ROLE0_ALLOCATOR_LIVE ptr=0x151e02dc0 bytes=64 caller=0x10473b554
ETHEREUM_INCREMENTAL_ROLE0_ALLOCATOR_LIVE ptr=0x151e02e00 bytes=64 caller=0x10473b554
ETHEREUM_INCREMENTAL_ROLE0_ALLOCATOR_LIVE ptr=0x151e02e40 bytes=64 caller=0x10473b554
ETHEREUM_INCREMENTAL_ROLE0_ALLOCATOR_LIVE ptr=0x151e02e80 bytes=64 caller=0x10473b554
ETHEREUM_INCREMENTAL_ROLE0_ALLOCATOR_LIVE ptr=0x151e02ec0 bytes=64 caller=0x10473b554
ETHEREUM_INCREMENTAL_ROLE0_ALLOCATOR_LIVE ptr=0x151e02f00 bytes=64 caller=0x10473b554
ETHEREUM_INCREMENTAL_ROLE0_ALLOCATOR_LIVE ptr=0x151e02f40 bytes=64 caller=0x10473b554
ETHEREUM_INCREMENTAL_ROLE0_ALLOCATOR_LIVE ptr=0x151e02f80 bytes=64 caller=0x10473b554
ETHEREUM_INCREMENTAL_ROLE0_ALLOCATOR_LIVE ptr=0x151e02fc0 bytes=64 caller=0x10473b554
ETHEREUM_INCREMENTAL_ROLE0_ALLOCATOR_LIVE ptr=0x151e03000 bytes=64 caller=0x10473b554
ETHEREUM_INCREMENTAL_ROLE0_ALLOCATOR_LIVE ptr=0x151e03040 bytes=64 caller=0x10473b554
ETHEREUM_INCREMENTAL_ROLE0_ALLOCATOR_LIVE ptr=0x151e03080 bytes=64 caller=0x10473b554
ETHEREUM_INCREMENTAL_ROLE0_ALLOCATOR_LIVE ptr=0x151e030c0 bytes=64 caller=0x10473b554
ETHEREUM_INCREMENTAL_ROLE0_ALLOCATOR_LIVE ptr=0x151e03100 bytes=64 caller=0x10473b554
ETHEREUM_INCREMENTAL_ROLE0_ALLOCATOR_LIVE ptr=0x151e03140 bytes=64 caller=0x10473b554
ETHEREUM_INCREMENTAL_ROLE0_ALLOCATOR_LIVE ptr=0x151e03180 bytes=64 caller=0x10473b554
ETHEREUM_INCREMENTAL_ROLE0_ALLOCATOR_LIVE ptr=0x151e031c0 bytes=64 caller=0x10473b554
ETHEREUM_INCREMENTAL_ROLE0_ALLOCATOR_LIVE ptr=0x151e03200 bytes=64 caller=0x10473b554
ETHEREUM_INCREMENTAL_ROLE0_ALLOCATOR_LIVE ptr=0x151e03240 bytes=64 caller=0x10473b554
ETHEREUM_INCREMENTAL_ROLE0_ALLOCATOR_LIVE ptr=0x151e03280 bytes=64 caller=0x10473b554
ETHEREUM_INCREMENTAL_ROLE0_ALLOCATOR_LIVE ptr=0x151e032c0 bytes=64 caller=0x10473b554
ETHEREUM_INCREMENTAL_ROLE0_ALLOCATOR_LIVE ptr=0x151e03300 bytes=64 caller=0x10473b554
ETHEREUM_INCREMENTAL_ROLE0_ALLOCATOR_LIVE ptr=0x151e03340 bytes=64 caller=0x10473b554
ETHEREUM_INCREMENTAL_ROLE0_ALLOCATOR_LIVE ptr=0x151e03380 bytes=64 caller=0x10473b554
ETHEREUM_INCREMENTAL_ROLE0_ALLOCATOR_LIVE ptr=0x151e033c0 bytes=64 caller=0x10473b554
ETHEREUM_INCREMENTAL_ROLE0_ALLOCATOR_LIVE ptr=0x151e03400 bytes=64 caller=0x10473b554
ETHEREUM_INCREMENTAL_ROLE0_ALLOCATOR_LIVE ptr=0x151e03440 bytes=64 caller=0x10473b554
ETHEREUM_INCREMENTAL_ROLE0_ALLOCATOR_LIVE ptr=0x151e03480 bytes=64 caller=0x10473b554
ETHEREUM_INCREMENTAL_ROLE0_ALLOCATOR_LIVE ptr=0x151e034c0 bytes=64 caller=0x10473b554
ETHEREUM_INCREMENTAL_ROLE0_ALLOCATOR_LIVE ptr=0x151e03500 bytes=64 caller=0x10473b554
ETHEREUM_INCREMENTAL_ROLE0_ALLOCATOR_LIVE ptr=0x151e03540 bytes=64 caller=0x10473b554
ETHEREUM_INCREMENTAL_ROLE0_ALLOCATOR_LIVE ptr=0x151e03580 bytes=64 caller=0x10473b554
ETHEREUM_INCREMENTAL_ROLE0_ALLOCATOR_LIVE ptr=0x151e035c0 bytes=64 caller=0x10473b554
ETHEREUM_INCREMENTAL_ROLE0_ALLOCATOR_LIVE ptr=0x151e03600 bytes=64 caller=0x10473b554
ETHEREUM_INCREMENTAL_ROLE0_ALLOCATOR_LIVE ptr=0x151e03640 bytes=64 caller=0x10473b554
ETHEREUM_INCREMENTAL_ROLE0_ALLOCATOR_LIVE ptr=0x151e03680 bytes=64 caller=0x10473b554
ETHEREUM_INCREMENTAL_ROLE0_ALLOCATOR_LIVE ptr=0x151e036c0 bytes=64 caller=0x10473b554
ETHEREUM_INCREMENTAL_ROLE0_ALLOCATOR_LIVE ptr=0x151e03700 bytes=64 caller=0x10473b554
ETHEREUM_INCREMENTAL_ROLE0_ALLOCATOR_LIVE ptr=0x151e03740 bytes=64 caller=0x10473b554
ETHEREUM_INCREMENTAL_ROLE0_ALLOCATOR_LIVE ptr=0x151e03780 bytes=64 caller=0x10473b554
ETHEREUM_INCREMENTAL_ROLE0_ALLOCATOR_LIVE ptr=0x151e037c0 bytes=64 caller=0x10473b554
ETHEREUM_INCREMENTAL_ROLE0_ALLOCATOR_LIVE ptr=0x151e03800 bytes=64 caller=0x10473b554
ETHEREUM_INCREMENTAL_ROLE0_ALLOCATOR_LIVE ptr=0x151e03840 bytes=64 caller=0x10473b554
ETHEREUM_INCREMENTAL_ROLE0_ALLOCATOR_LIVE ptr=0x151e03880 bytes=64 caller=0x10473b554
ETHEREUM_INCREMENTAL_ROLE0_ALLOCATOR_LIVE ptr=0x151e038c0 bytes=64 caller=0x10473b554
ETHEREUM_INCREMENTAL_ROLE0_ALLOCATOR_LIVE ptr=0x151e03900 bytes=64 caller=0x10473b554
ETHEREUM_INCREMENTAL_ROLE0_ALLOCATOR_LIVE ptr=0x151e03940 bytes=64 caller=0x10473b554
ETHEREUM_INCREMENTAL_ROLE0_ALLOCATOR_LIVE ptr=0x151e03980 bytes=64 caller=0x10473b554
ETHEREUM_INCREMENTAL_ROLE0_ALLOCATOR_LIVE ptr=0x151e039c0 bytes=64 caller=0x10473b554
ETHEREUM_INCREMENTAL_ROLE0_ALLOCATOR_LIVE ptr=0x151e03a00 bytes=64 caller=0x10473b554
ETHEREUM_INCREMENTAL_ROLE0_ALLOCATOR_LIVE ptr=0x151e03a40 bytes=64 caller=0x10473b554
ETHEREUM_INCREMENTAL_ROLE0_ALLOCATOR_LIVE ptr=0x151e03a80 bytes=64 caller=0x10473b554
ETHEREUM_INCREMENTAL_ROLE0_ALLOCATOR_LIVE ptr=0x151e03ac0 bytes=64 caller=0x10473b554
ETHEREUM_INCREMENTAL_ROLE0_ALLOCATOR_LIVE ptr=0x151e03b00 bytes=64 caller=0x10473b554
ETHEREUM_INCREMENTAL_ROLE0_ALLOCATOR_LIVE ptr=0x151e03b40 bytes=64 caller=0x10473b554
ETHEREUM_INCREMENTAL_ROLE0_ALLOCATOR_LIVE ptr=0x151e03b80 bytes=64 caller=0x10473b554
ETHEREUM_INCREMENTAL_ROLE0_ALLOCATOR_LIVE ptr=0x151e03bc0 bytes=64 caller=0x10473b554
ETHEREUM_INCREMENTAL_ROLE0_ALLOCATOR_LIVE ptr=0x151e03c00 bytes=64 caller=0x10473b554
ETHEREUM_INCREMENTAL_ROLE0_ALLOCATOR_LIVE ptr=0x151e03c40 bytes=64 caller=0x10473b554
ETHEREUM_INCREMENTAL_ROLE0_ALLOCATOR_LIVE ptr=0x151e03c80 bytes=64 caller=0x10473b554
ETHEREUM_INCREMENTAL_ROLE0_ALLOCATOR_LIVE ptr=0x151e03cc0 bytes=64 caller=0x10473b554
ETHEREUM_INCREMENTAL_ROLE0_ALLOCATOR_LIVE ptr=0x151e03d00 bytes=64 caller=0x10473b554
ETHEREUM_INCREMENTAL_ROLE0_ALLOCATOR_LIVE ptr=0x151e03d40 bytes=64 caller=0x10473b554
ETHEREUM_INCREMENTAL_ROLE0_ALLOCATOR_LIVE ptr=0x151e03d80 bytes=64 caller=0x10473b554
ETHEREUM_INCREMENTAL_ROLE0_ALLOCATOR_LIVE ptr=0x151e03dc0 bytes=64 caller=0x10473b554
ETHEREUM_INCREMENTAL_ROLE0_ALLOCATOR_LIVE ptr=0x151e03e00 bytes=64 caller=0x10473b554
ETHEREUM_INCREMENTAL_ROLE0_ALLOCATOR_LIVE ptr=0x151e03e40 bytes=64 caller=0x10473b554
ETHEREUM_INCREMENTAL_ROLE0_ALLOCATOR_LIVE ptr=0x151e03e80 bytes=64 caller=0x10473b554
ETHEREUM_INCREMENTAL_ROLE0_ALLOCATOR_LIVE ptr=0x151e03ec0 bytes=64 caller=0x10473b554
ETHEREUM_INCREMENTAL_ROLE0_ALLOCATOR_LIVE ptr=0x151e03f00 bytes=64 caller=0x10473b554
ETHEREUM_INCREMENTAL_ROLE0_ALLOCATOR_LIVE ptr=0x151e03f40 bytes=64 caller=0x10473b554
ETHEREUM_INCREMENTAL_ROLE0_ALLOCATOR_LIVE ptr=0x151e03f80 bytes=64 caller=0x10473b554
ETHEREUM_INCREMENTAL_ROLE0_ALLOCATOR_LIVE ptr=0x151e03fc0 bytes=64 caller=0x10473b554
ETHEREUM_INCREMENTAL_ROLE0_ALLOCATOR_LIVE ptr=0x151e04000 bytes=64 caller=0x10473b554
ETHEREUM_INCREMENTAL_ROLE0_ALLOCATOR_LIVE ptr=0x151e04040 bytes=64 caller=0x10473b554
ETHEREUM_INCREMENTAL_ROLE0_ALLOCATOR_LIVE ptr=0x151e04080 bytes=64 caller=0x10473b554
ETHEREUM_INCREMENTAL_ROLE0_ALLOCATOR_LIVE ptr=0x151e040c0 bytes=64 caller=0x10473b554
ETHEREUM_INCREMENTAL_ROLE0_ALLOCATOR_LIVE ptr=0x151e04100 bytes=64 caller=0x10473b554
ETHEREUM_INCREMENTAL_ROLE0_ALLOCATOR_LIVE ptr=0x151e04140 bytes=64 caller=0x10473b554
ETHEREUM_INCREMENTAL_ROLE0_ALLOCATOR_LIVE ptr=0x151e04180 bytes=64 caller=0x10473b554
ETHEREUM_INCREMENTAL_ROLE0_ALLOCATOR_LIVE ptr=0x151e041c0 bytes=64 caller=0x10473b554
ETHEREUM_INCREMENTAL_ROLE0_ALLOCATOR_LIVE ptr=0x151e04200 bytes=64 caller=0x10473b554
ETHEREUM_INCREMENTAL_ROLE0_ALLOCATOR_LIVE ptr=0x151e04240 bytes=64 caller=0x10473b554
ETHEREUM_INCREMENTAL_ROLE0_ALLOCATOR_LIVE ptr=0x151e04280 bytes=64 caller=0x10473b554
ETHEREUM_INCREMENTAL_ROLE0_ALLOCATOR_LIVE ptr=0x151e042c0 bytes=64 caller=0x10473b554
ETHEREUM_INCREMENTAL_ROLE0_ALLOCATOR_LIVE ptr=0x151e04300 bytes=64 caller=0x10473b554
ETHEREUM_INCREMENTAL_ROLE0_ALLOCATOR_LIVE ptr=0x151e04340 bytes=64 caller=0x10473b554
ETHEREUM_INCREMENTAL_ROLE0_ALLOCATOR_LIVE ptr=0x151e04380 bytes=64 caller=0x10473b554
ETHEREUM_INCREMENTAL_ROLE0_ALLOCATOR_LIVE ptr=0x151e043c0 bytes=64 caller=0x10473b554
ETHEREUM_INCREMENTAL_ROLE0_ALLOCATOR_LIVE ptr=0x151e04400 bytes=64 caller=0x10473b554
ETHEREUM_INCREMENTAL_ROLE0_ALLOCATOR_LIVE ptr=0x151e04440 bytes=64 caller=0x10473b554
ETHEREUM_INCREMENTAL_ROLE0_ALLOCATOR_LIVE ptr=0x151e04480 bytes=64 caller=0x10473b554
ETHEREUM_INCREMENTAL_ROLE0_ALLOCATOR_LIVE ptr=0x151e044c0 bytes=64 caller=0x10473b554
ETHEREUM_INCREMENTAL_ROLE0_ALLOCATOR_LIVE ptr=0x151e04500 bytes=64 caller=0x10473b554
ETHEREUM_INCREMENTAL_ROLE0_ALLOCATOR_LIVE ptr=0x151e04540 bytes=64 caller=0x10473b554
ETHEREUM_INCREMENTAL_ROLE0_ALLOCATOR_LIVE ptr=0x151e04580 bytes=64 caller=0x10473b554
ETHEREUM_INCREMENTAL_ROLE0_ALLOCATOR_LIVE ptr=0x151e045c0 bytes=64 caller=0x10473b554
ETHEREUM_INCREMENTAL_ROLE0_ALLOCATOR_LIVE ptr=0x151e04600 bytes=64 caller=0x10473b554
ETHEREUM_INCREMENTAL_ROLE0_ALLOCATOR_LIVE ptr=0x151e04640 bytes=64 caller=0x10473b554
ETHEREUM_INCREMENTAL_ROLE0_ALLOCATOR_LIVE ptr=0x151e04680 bytes=64 caller=0x10473b554
ETHEREUM_INCREMENTAL_ROLE0_ALLOCATOR_LIVE ptr=0x151e046c0 bytes=64 caller=0x10473b554
ETHEREUM_INCREMENTAL_ROLE0_ALLOCATOR_LIVE ptr=0x151e04700 bytes=64 caller=0x10473b554
ETHEREUM_INCREMENTAL_ROLE0_ALLOCATOR_LIVE ptr=0x151e04740 bytes=64 caller=0x10473b554
ETHEREUM_INCREMENTAL_ROLE0_ALLOCATOR_LIVE ptr=0x151e04780 bytes=64 caller=0x10473b554
ETHEREUM_INCREMENTAL_ROLE0_ALLOCATOR_LIVE ptr=0x151e047c0 bytes=64 caller=0x10473b554
ETHEREUM_INCREMENTAL_ROLE0_ALLOCATOR_LIVE ptr=0x151e04800 bytes=64 caller=0x10473b554
ETHEREUM_INCREMENTAL_ROLE0_ALLOCATOR_LIVE ptr=0x151e04840 bytes=64 caller=0x10473b554
ETHEREUM_INCREMENTAL_ROLE0_ALLOCATOR_LIVE ptr=0x151e04880 bytes=64 caller=0x10473b554
ETHEREUM_INCREMENTAL_ROLE0_ALLOCATOR_LIVE ptr=0x151e048c0 bytes=64 caller=0x10473b554
ETHEREUM_INCREMENTAL_ROLE0_ALLOCATOR_LIVE ptr=0x151e04900 bytes=64 caller=0x10473b554
ETHEREUM_INCREMENTAL_ROLE0_ALLOCATOR_LIVE ptr=0x151e04940 bytes=64 caller=0x10473b554
ETHEREUM_INCREMENTAL_ROLE0_ALLOCATOR_LIVE ptr=0x151e04980 bytes=64 caller=0x10473b554
ETHEREUM_INCREMENTAL_ROLE0_ALLOCATOR_LIVE ptr=0x151e049c0 bytes=64 caller=0x10473b554
ETHEREUM_INCREMENTAL_ROLE0_ALLOCATOR_LIVE ptr=0x151e04a00 bytes=64 caller=0x10473b554
ETHEREUM_INCREMENTAL_ROLE0_ALLOCATOR_LIVE ptr=0x151e04a40 bytes=64 caller=0x10473b554
ETHEREUM_INCREMENTAL_ROLE0_ALLOCATOR_LIVE ptr=0x151e04a80 bytes=64 caller=0x10473b554
ETHEREUM_INCREMENTAL_ROLE0_ALLOCATOR_LIVE ptr=0x151e04ac0 bytes=64 caller=0x10473b554
ETHEREUM_INCREMENTAL_ROLE0_ALLOCATOR_LIVE ptr=0x151e04b00 bytes=64 caller=0x10473b554
ETHEREUM_INCREMENTAL_ROLE0_ALLOCATOR_LIVE ptr=0x151e04b40 bytes=64 caller=0x10473b554
ETHEREUM_INCREMENTAL_ROLE0_ALLOCATOR_LIVE ptr=0x151e04b80 bytes=64 caller=0x10473b554
ETHEREUM_INCREMENTAL_ROLE0_ALLOCATOR_LIVE ptr=0x151e04bc0 bytes=64 caller=0x10473b554
ETHEREUM_INCREMENTAL_ROLE0_ALLOCATOR_LIVE ptr=0x151e04c00 bytes=64 caller=0x10473b554
ETHEREUM_INCREMENTAL_ROLE0_ALLOCATOR_LIVE ptr=0x151e04c40 bytes=64 caller=0x10473b554
ETHEREUM_INCREMENTAL_ROLE0_ALLOCATOR_LIVE ptr=0x151e04c80 bytes=64 caller=0x10473b554
ETHEREUM_INCREMENTAL_ROLE0_ALLOCATOR_LIVE ptr=0x151e04cc0 bytes=64 caller=0x10473b554
ETHEREUM_INCREMENTAL_ROLE0_ALLOCATOR_LIVE ptr=0x151e04d00 bytes=64 caller=0x10473b554
ETHEREUM_INCREMENTAL_ROLE0_ALLOCATOR_LIVE ptr=0x151e04d40 bytes=64 caller=0x10473b554
ETHEREUM_INCREMENTAL_ROLE0_ALLOCATOR_LIVE ptr=0x151e04d80 bytes=64 caller=0x10473b554
ETHEREUM_INCREMENTAL_ROLE0_ALLOCATOR_LIVE ptr=0x151e04dc0 bytes=64 caller=0x10473b554
ETHEREUM_INCREMENTAL_ROLE0_ALLOCATOR_LIVE ptr=0x151e04e00 bytes=64 caller=0x10473b554
ETHEREUM_INCREMENTAL_ROLE0_ALLOCATOR_LIVE ptr=0x151e04e40 bytes=64 caller=0x10473b554
ETHEREUM_INCREMENTAL_ROLE0_ALLOCATOR_LIVE ptr=0x151e04e80 bytes=64 caller=0x10473b554
ETHEREUM_INCREMENTAL_ROLE0_ALLOCATOR_LIVE ptr=0x151e04ec0 bytes=64 caller=0x10473b554
ETHEREUM_INCREMENTAL_ROLE0_ALLOCATOR_LIVE ptr=0x151e04f00 bytes=64 caller=0x10473b554
ETHEREUM_INCREMENTAL_ROLE0_ALLOCATOR_LIVE ptr=0x151e04f40 bytes=64 caller=0x10473b554
ETHEREUM_INCREMENTAL_ROLE0_ALLOCATOR_LIVE ptr=0x151e04f80 bytes=64 caller=0x10473b554
ETHEREUM_INCREMENTAL_ROLE0_ALLOCATOR_LIVE ptr=0x151e04fc0 bytes=64 caller=0x10473b554
ETHEREUM_INCREMENTAL_ROLE0_ALLOCATOR_LIVE ptr=0x151e05000 bytes=64 caller=0x10473b554
ETHEREUM_INCREMENTAL_ROLE0_ALLOCATOR_LIVE ptr=0x151e05040 bytes=64 caller=0x10473b554
ETHEREUM_INCREMENTAL_ROLE0_ALLOCATOR_LIVE ptr=0x151e05080 bytes=64 caller=0x10473b554
ETHEREUM_INCREMENTAL_ROLE0_ALLOCATOR_LIVE ptr=0x151e050c0 bytes=64 caller=0x10473b554
ETHEREUM_INCREMENTAL_ROLE0_ALLOCATOR_LIVE ptr=0x151e05100 bytes=64 caller=0x10473b554
ETHEREUM_INCREMENTAL_ROLE0_ALLOCATOR_LIVE ptr=0x151e05140 bytes=64 caller=0x10473b554
ETHEREUM_INCREMENTAL_ROLE0_ALLOCATOR_LIVE ptr=0x151e05180 bytes=64 caller=0x10473b554
ETHEREUM_INCREMENTAL_ROLE0_ALLOCATOR_LIVE ptr=0x151e051c0 bytes=64 caller=0x10473b554
ETHEREUM_INCREMENTAL_ROLE0_ALLOCATOR_LIVE ptr=0x151e05200 bytes=64 caller=0x10473b554
ETHEREUM_INCREMENTAL_ROLE0_ALLOCATOR_LIVE ptr=0x151e05240 bytes=64 caller=0x10473b554
ETHEREUM_INCREMENTAL_ROLE0_ALLOCATOR_LIVE ptr=0x151e05280 bytes=64 caller=0x10473b554
ETHEREUM_INCREMENTAL_ROLE0_ALLOCATOR_LIVE ptr=0x151e052c0 bytes=64 caller=0x10473b554
ETHEREUM_INCREMENTAL_ROLE0_ALLOCATOR_LIVE ptr=0x151e05300 bytes=64 caller=0x10473b554
ETHEREUM_INCREMENTAL_ROLE0_ALLOCATOR_LIVE ptr=0x151e05340 bytes=64 caller=0x10473b554
ETHEREUM_INCREMENTAL_ROLE0_ALLOCATOR_LIVE ptr=0x151e05380 bytes=64 caller=0x10473b554
ETHEREUM_INCREMENTAL_ROLE0_ALLOCATOR_LIVE ptr=0x151e053c0 bytes=64 caller=0x10473b554
ETHEREUM_INCREMENTAL_ROLE0_ALLOCATOR_LIVE ptr=0x151e05400 bytes=64 caller=0x10473b554
ETHEREUM_INCREMENTAL_ROLE0_ALLOCATOR_LIVE ptr=0x151e05440 bytes=64 caller=0x10473b554
ETHEREUM_INCREMENTAL_ROLE0_ALLOCATOR_LIVE ptr=0x151e05480 bytes=64 caller=0x10473b554
ETHEREUM_INCREMENTAL_ROLE0_ALLOCATOR_LIVE ptr=0x151e054c0 bytes=64 caller=0x10473b554
ETHEREUM_INCREMENTAL_ROLE0_ALLOCATOR_LIVE ptr=0x151e05500 bytes=64 caller=0x10473b554
ETHEREUM_INCREMENTAL_ROLE0_ALLOCATOR_LIVE ptr=0x151e05540 bytes=64 caller=0x10473b554
ETHEREUM_INCREMENTAL_ROLE0_ALLOCATOR_LIVE ptr=0x151e05580 bytes=64 caller=0x10473b554
ETHEREUM_INCREMENTAL_ROLE0_ALLOCATOR_LIVE ptr=0x151e055c0 bytes=64 caller=0x10473b554
ETHEREUM_INCREMENTAL_ROLE0_ALLOCATOR_LIVE ptr=0x151e05600 bytes=64 caller=0x10473b554
ETHEREUM_INCREMENTAL_ROLE0_ALLOCATOR_LIVE ptr=0x151e05640 bytes=64 caller=0x10473b554
ETHEREUM_INCREMENTAL_ROLE0_ALLOCATOR_LIVE ptr=0x151e05680 bytes=64 caller=0x10473b554
ETHEREUM_INCREMENTAL_ROLE0_ALLOCATOR_LIVE ptr=0x151e056c0 bytes=64 caller=0x10473b554
ETHEREUM_INCREMENTAL_ROLE0_ALLOCATOR_LIVE ptr=0x151e05700 bytes=64 caller=0x10473b554
ETHEREUM_INCREMENTAL_ROLE0_ALLOCATOR_LIVE ptr=0x151e05740 bytes=64 caller=0x10473b554
ETHEREUM_INCREMENTAL_ROLE0_ALLOCATOR_LIVE ptr=0x151e05780 bytes=64 caller=0x10473b554
ETHEREUM_INCREMENTAL_ROLE0_ALLOCATOR_LIVE ptr=0x151e057c0 bytes=64 caller=0x10473b554
ETHEREUM_INCREMENTAL_ROLE0_ALLOCATOR_LIVE ptr=0x151e05800 bytes=64 caller=0x10473b554
ETHEREUM_INCREMENTAL_ROLE0_ALLOCATOR_LIVE ptr=0x151e05840 bytes=64 caller=0x10473b554
ETHEREUM_INCREMENTAL_ROLE0_ALLOCATOR_LIVE ptr=0x151e05880 bytes=64 caller=0x10473b554
ETHEREUM_INCREMENTAL_ROLE0_ALLOCATOR_LIVE ptr=0x151e058c0 bytes=64 caller=0x10473b554
ETHEREUM_INCREMENTAL_ROLE0_ALLOCATOR_LIVE ptr=0x151e05900 bytes=64 caller=0x10473b554
ETHEREUM_INCREMENTAL_ROLE0_ALLOCATOR_LIVE ptr=0x151e05940 bytes=64 caller=0x10473b554
ETHEREUM_INCREMENTAL_ROLE0_ALLOCATOR_LIVE ptr=0x151e05980 bytes=64 caller=0x10473b554
ETHEREUM_INCREMENTAL_ROLE0_ALLOCATOR_LIVE ptr=0x151e059c0 bytes=64 caller=0x10473b554
ETHEREUM_INCREMENTAL_ROLE0_ALLOCATOR_LIVE ptr=0x151e05a00 bytes=64 caller=0x10473b554
ETHEREUM_INCREMENTAL_ROLE0_ALLOCATOR_LIVE ptr=0x151e05a40 bytes=64 caller=0x10473b554
ETHEREUM_INCREMENTAL_ROLE0_ALLOCATOR_LIVE ptr=0x151e05a80 bytes=64 caller=0x10473b554
ETHEREUM_INCREMENTAL_ROLE0_ALLOCATOR_LIVE ptr=0x151e05ac0 bytes=64 caller=0x10473b554
ETHEREUM_INCREMENTAL_ROLE0_ALLOCATOR_LIVE ptr=0x151e05b00 bytes=64 caller=0x10473b554
ETHEREUM_INCREMENTAL_ROLE0_ALLOCATOR_LIVE ptr=0x151e05b40 bytes=64 caller=0x10473b554
ETHEREUM_INCREMENTAL_ROLE0_ALLOCATOR_LIVE ptr=0x151e05b80 bytes=64 caller=0x10473b554
ETHEREUM_INCREMENTAL_ROLE0_ALLOCATOR_LIVE ptr=0x151e05bc0 bytes=64 caller=0x10473b554
ETHEREUM_INCREMENTAL_ROLE0_ALLOCATOR_LIVE ptr=0x151e05c00 bytes=64 caller=0x10473b554
ETHEREUM_INCREMENTAL_ROLE0_ALLOCATOR_LIVE ptr=0x151e05c40 bytes=64 caller=0x10473b554
ETHEREUM_INCREMENTAL_ROLE0_ALLOCATOR_LIVE ptr=0x151e05c80 bytes=64 caller=0x10473b554
ETHEREUM_INCREMENTAL_ROLE0_ALLOCATOR_LIVE ptr=0x151e05cc0 bytes=64 caller=0x10473b554
ETHEREUM_INCREMENTAL_ROLE0_ALLOCATOR_LIVE ptr=0x151e05d00 bytes=64 caller=0x10473b554
ETHEREUM_INCREMENTAL_ROLE0_ALLOCATOR_LIVE ptr=0x151e05d40 bytes=64 caller=0x10473b554
ETHEREUM_INCREMENTAL_ROLE0_ALLOCATOR_LIVE ptr=0x151e05d80 bytes=64 caller=0x10473b554
ETHEREUM_INCREMENTAL_ROLE0_ALLOCATOR_LIVE ptr=0x151e05dc0 bytes=64 caller=0x10473b554
ETHEREUM_INCREMENTAL_ROLE0_ALLOCATOR_LIVE ptr=0x151e05e00 bytes=64 caller=0x10473b554
ETHEREUM_INCREMENTAL_ROLE0_ALLOCATOR_LIVE ptr=0x151e05e40 bytes=64 caller=0x10473b554
ETHEREUM_INCREMENTAL_ROLE0_ALLOCATOR_LIVE ptr=0x151e05e80 bytes=64 caller=0x10473b554
ETHEREUM_INCREMENTAL_ROLE0_ALLOCATOR_LIVE ptr=0x151e05ec0 bytes=64 caller=0x10473b554
ETHEREUM_INCREMENTAL_ROLE0_ALLOCATOR_LIVE ptr=0x151e05f00 bytes=64 caller=0x10473b554
ETHEREUM_INCREMENTAL_ROLE0_ALLOCATOR_LIVE ptr=0x151e05f40 bytes=64 caller=0x10473b554
ETHEREUM_INCREMENTAL_ROLE0_ALLOCATOR_LIVE ptr=0x151e05f80 bytes=64 caller=0x10473b554
ETHEREUM_INCREMENTAL_ROLE0_ALLOCATOR_LIVE ptr=0x151e05fc0 bytes=64 caller=0x10473b554
ETHEREUM_INCREMENTAL_ROLE0_ALLOCATOR_LIVE ptr=0x151e06000 bytes=64 caller=0x10473b554
ETHEREUM_INCREMENTAL_ROLE0_ALLOCATOR_LIVE ptr=0x151e06040 bytes=64 caller=0x10473b554
ETHEREUM_INCREMENTAL_ROLE0_ALLOCATOR_LIVE ptr=0x151e06080 bytes=64 caller=0x10473b554
ETHEREUM_INCREMENTAL_ROLE0_ALLOCATOR_LIVE ptr=0x151e060c0 bytes=64 caller=0x10473b554
ETHEREUM_INCREMENTAL_ROLE0_ALLOCATOR_LIVE ptr=0x151e06100 bytes=64 caller=0x10473b554
ETHEREUM_INCREMENTAL_ROLE0_ALLOCATOR_LIVE ptr=0x151e06140 bytes=64 caller=0x10473b554
ETHEREUM_INCREMENTAL_ROLE0_ALLOCATOR_LIVE ptr=0x151e06180 bytes=64 caller=0x10473b554
ETHEREUM_INCREMENTAL_ROLE0_ALLOCATOR_LIVE ptr=0x151e061c0 bytes=64 caller=0x10473b554
ETHEREUM_INCREMENTAL_ROLE0_ALLOCATOR_LIVE ptr=0x151e06200 bytes=64 caller=0x10473b554
ETHEREUM_INCREMENTAL_ROLE0_ALLOCATOR_LIVE ptr=0x151e06240 bytes=64 caller=0x10473b554
ETHEREUM_INCREMENTAL_ROLE0_ALLOCATOR_LIVE ptr=0x151e06280 bytes=64 caller=0x10473b554
ETHEREUM_INCREMENTAL_ROLE0_ALLOCATOR_LIVE ptr=0x151e062c0 bytes=64 caller=0x10473b554
ETHEREUM_INCREMENTAL_ROLE0_ALLOCATOR_LIVE ptr=0x151e06300 bytes=64 caller=0x10473b554
ETHEREUM_INCREMENTAL_ROLE0_ALLOCATOR_LIVE ptr=0x151e06340 bytes=64 caller=0x10473b554
ETHEREUM_INCREMENTAL_ROLE0_ALLOCATOR_LIVE ptr=0x151e06380 bytes=64 caller=0x10473b554
ETHEREUM_INCREMENTAL_ROLE0_ALLOCATOR_LIVE ptr=0x151e063c0 bytes=64 caller=0x10473b554
ETHEREUM_INCREMENTAL_ROLE0_ALLOCATOR_LIVE ptr=0x151e06400 bytes=64 caller=0x10473b554
ETHEREUM_INCREMENTAL_ROLE0_ALLOCATOR_LIVE ptr=0x151e06440 bytes=64 caller=0x10473b554
ETHEREUM_INCREMENTAL_ROLE0_ALLOCATOR_LIVE ptr=0x151e06480 bytes=64 caller=0x10473b554
ETHEREUM_INCREMENTAL_ROLE0_ALLOCATOR_LIVE ptr=0x151e064c0 bytes=64 caller=0x10473b554
ETHEREUM_INCREMENTAL_ROLE0_ALLOCATOR_LIVE ptr=0x151e06500 bytes=64 caller=0x10473b554
ETHEREUM_INCREMENTAL_ROLE0_ALLOCATOR_LIVE ptr=0x151e06540 bytes=64 caller=0x10473b554
ETHEREUM_INCREMENTAL_ROLE0_ALLOCATOR_LIVE ptr=0x151e06580 bytes=64 caller=0x10473b554
ETHEREUM_INCREMENTAL_ROLE0_ALLOCATOR_LIVE ptr=0x151e065c0 bytes=64 caller=0x10473b554
ETHEREUM_INCREMENTAL_ROLE0_ALLOCATOR_LIVE ptr=0x151e06600 bytes=64 caller=0x10473b554
ETHEREUM_INCREMENTAL_ROLE0_ALLOCATOR_LIVE ptr=0x151e06640 bytes=64 caller=0x10473b554
ETHEREUM_INCREMENTAL_ROLE0_ALLOCATOR_LIVE ptr=0x151e06680 bytes=64 caller=0x10473b554
ETHEREUM_INCREMENTAL_ROLE0_ALLOCATOR_LIVE ptr=0x151e066c0 bytes=64 caller=0x10473b554
ETHEREUM_INCREMENTAL_ROLE0_ALLOCATOR_LIVE ptr=0x151e06700 bytes=64 caller=0x10473b554
ETHEREUM_INCREMENTAL_ROLE0_ALLOCATOR_LIVE ptr=0x151e06740 bytes=64 caller=0x10473b554
ETHEREUM_INCREMENTAL_ROLE0_ALLOCATOR_LIVE ptr=0x151e06780 bytes=64 caller=0x10473b554
ETHEREUM_INCREMENTAL_ROLE0_ALLOCATOR_LIVE ptr=0x151e067c0 bytes=64 caller=0x10473b554
ETHEREUM_INCREMENTAL_ROLE0_ALLOCATOR_LIVE ptr=0x151e06800 bytes=64 caller=0x10473b554
ETHEREUM_INCREMENTAL_ROLE0_ALLOCATOR_LIVE ptr=0x151e06840 bytes=64 caller=0x10473b554
ETHEREUM_INCREMENTAL_ROLE0_ALLOCATOR_LIVE ptr=0x151e06880 bytes=64 caller=0x10473b554
ETHEREUM_INCREMENTAL_ROLE0_ALLOCATOR_LIVE ptr=0x151e068c0 bytes=64 caller=0x10473b554
ETHEREUM_INCREMENTAL_ROLE0_ALLOCATOR_LIVE ptr=0x151e06900 bytes=64 caller=0x10473b554
ETHEREUM_INCREMENTAL_ROLE0_ALLOCATOR_LIVE ptr=0x151e06940 bytes=64 caller=0x10473b554
ETHEREUM_INCREMENTAL_ROLE0_ALLOCATOR_LIVE ptr=0x151e06980 bytes=64 caller=0x10473b554
ETHEREUM_INCREMENTAL_ROLE0_ALLOCATOR_LIVE ptr=0x151e069c0 bytes=64 caller=0x10473b554
ETHEREUM_INCREMENTAL_ROLE0_ALLOCATOR_LIVE ptr=0x151e06a00 bytes=64 caller=0x10473b554
ETHEREUM_INCREMENTAL_ROLE0_ALLOCATOR_LIVE ptr=0x151e06a40 bytes=64 caller=0x10473b554
ETHEREUM_INCREMENTAL_ROLE0_ALLOCATOR_LIVE ptr=0x151e06a80 bytes=64 caller=0x10473b554
ETHEREUM_INCREMENTAL_ROLE0_ALLOCATOR_LIVE ptr=0x151e06ac0 bytes=64 caller=0x10473b554
ETHEREUM_INCREMENTAL_ROLE0_ALLOCATOR_LIVE ptr=0x151e06b00 bytes=64 caller=0x10473b554
ETHEREUM_INCREMENTAL_ROLE0_ALLOCATOR_LIVE ptr=0x151e06b40 bytes=64 caller=0x10473b554
ETHEREUM_INCREMENTAL_ROLE0_ALLOCATOR_LIVE ptr=0x151e06b80 bytes=64 caller=0x10473b554
ETHEREUM_INCREMENTAL_ROLE0_ALLOCATOR_LIVE ptr=0x151e06bc0 bytes=64 caller=0x10473b554
ETHEREUM_INCREMENTAL_ROLE0_ALLOCATOR_LIVE ptr=0x151e06c00 bytes=64 caller=0x10473b554
ETHEREUM_INCREMENTAL_ROLE0_ALLOCATOR_LIVE ptr=0x151e06c40 bytes=64 caller=0x10473b554
ETHEREUM_INCREMENTAL_ROLE0_ALLOCATOR_LIVE ptr=0x151e06c80 bytes=64 caller=0x10473b554
ETHEREUM_INCREMENTAL_ROLE0_ALLOCATOR_LIVE ptr=0x151e06cc0 bytes=64 caller=0x10473b554
ETHEREUM_INCREMENTAL_ROLE0_ALLOCATOR_LIVE ptr=0x151e06d00 bytes=64 caller=0x10473b554
ETHEREUM_INCREMENTAL_ROLE0_ALLOCATOR_LIVE ptr=0x151e06d40 bytes=64 caller=0x10473b554
ETHEREUM_INCREMENTAL_ROLE0_ALLOCATOR_LIVE ptr=0x151e06d80 bytes=64 caller=0x10473b554
ETHEREUM_INCREMENTAL_ROLE0_ALLOCATOR_LIVE ptr=0x151e06dc0 bytes=64 caller=0x10473b554
ETHEREUM_INCREMENTAL_ROLE0_ALLOCATOR_LIVE ptr=0x151e06e00 bytes=64 caller=0x10473b554
ETHEREUM_INCREMENTAL_ROLE0_ALLOCATOR_LIVE ptr=0x151e06e40 bytes=64 caller=0x10473b554
ETHEREUM_INCREMENTAL_ROLE0_ALLOCATOR_LIVE ptr=0x151e06e80 bytes=64 caller=0x10473b554
ETHEREUM_INCREMENTAL_ROLE0_ALLOCATOR_LIVE ptr=0x151e06ec0 bytes=64 caller=0x10473b554
ETHEREUM_INCREMENTAL_ROLE0_ALLOCATOR_LIVE ptr=0x151e06f00 bytes=64 caller=0x10473b554
ETHEREUM_INCREMENTAL_ROLE0_ALLOCATOR_LIVE ptr=0x151e06f40 bytes=64 caller=0x10473b554
ETHEREUM_INCREMENTAL_ROLE0_ALLOCATOR_LIVE ptr=0x151e06f80 bytes=64 caller=0x10473b554
ETHEREUM_INCREMENTAL_ROLE0_ALLOCATOR_LIVE ptr=0x151e06fc0 bytes=64 caller=0x10473b554
ETHEREUM_INCREMENTAL_ROLE0_ALLOCATOR_LIVE ptr=0x151e07000 bytes=64 caller=0x10473b554
ETHEREUM_INCREMENTAL_ROLE0_ALLOCATOR_LIVE ptr=0x151e07040 bytes=64 caller=0x10473b554
ETHEREUM_INCREMENTAL_ROLE0_ALLOCATOR_LIVE ptr=0x151e07080 bytes=64 caller=0x10473b554
ETHEREUM_INCREMENTAL_ROLE0_ALLOCATOR_LIVE ptr=0x151e070c0 bytes=64 caller=0x10473b554
ETHEREUM_INCREMENTAL_ROLE0_ALLOCATOR_LIVE ptr=0x151e07100 bytes=64 caller=0x10473b554
ETHEREUM_INCREMENTAL_ROLE0_ALLOCATOR_LIVE ptr=0x151e07140 bytes=64 caller=0x10473b554
ETHEREUM_INCREMENTAL_ROLE0_ALLOCATOR_LIVE ptr=0x151e07180 bytes=64 caller=0x10473b554
ETHEREUM_INCREMENTAL_ROLE0_ALLOCATOR_LIVE ptr=0x151e071c0 bytes=64 caller=0x10473b554
ETHEREUM_INCREMENTAL_ROLE0_ALLOCATOR_LIVE ptr=0x151e07200 bytes=64 caller=0x10473b554
ETHEREUM_INCREMENTAL_ROLE0_ALLOCATOR_LIVE ptr=0x151e07240 bytes=64 caller=0x10473b554
ETHEREUM_INCREMENTAL_ROLE0_ALLOCATOR_LIVE ptr=0x151e07280 bytes=64 caller=0x10473b554
ETHEREUM_INCREMENTAL_ROLE0_ALLOCATOR_LIVE ptr=0x151e072c0 bytes=64 caller=0x10473b554
ETHEREUM_INCREMENTAL_ROLE0_ALLOCATOR_LIVE ptr=0x151e07300 bytes=64 caller=0x10473b554
ETHEREUM_INCREMENTAL_ROLE0_ALLOCATOR_LIVE ptr=0x151e07340 bytes=64 caller=0x10473b554
ETHEREUM_INCREMENTAL_ROLE0_ALLOCATOR_LIVE ptr=0x151e07380 bytes=64 caller=0x10473b554
ETHEREUM_INCREMENTAL_ROLE0_ALLOCATOR_LIVE ptr=0x151e073c0 bytes=64 caller=0x10473b554
ETHEREUM_INCREMENTAL_ROLE0_ALLOCATOR_LIVE ptr=0x151e07400 bytes=64 caller=0x10473b554
ETHEREUM_INCREMENTAL_ROLE0_ALLOCATOR_LIVE ptr=0x151e07440 bytes=64 caller=0x10473b554
ETHEREUM_INCREMENTAL_ROLE0_ALLOCATOR_LIVE ptr=0x151e07480 bytes=64 caller=0x10473b554
ETHEREUM_INCREMENTAL_ROLE0_ALLOCATOR_LIVE ptr=0x151e074c0 bytes=64 caller=0x10473b554
ETHEREUM_INCREMENTAL_ROLE0_ALLOCATOR_LIVE ptr=0x151e07500 bytes=64 caller=0x10473b554
ETHEREUM_INCREMENTAL_ROLE0_ALLOCATOR_LIVE ptr=0x151e07540 bytes=64 caller=0x10473b554
ETHEREUM_INCREMENTAL_ROLE0_ALLOCATOR_LIVE ptr=0x151e07580 bytes=64 caller=0x10473b554
ETHEREUM_INCREMENTAL_ROLE0_ALLOCATOR_LIVE ptr=0x151e075c0 bytes=64 caller=0x10473b554
ETHEREUM_INCREMENTAL_ROLE0_ALLOCATOR_LIVE ptr=0x151e07600 bytes=64 caller=0x10473b554
ETHEREUM_INCREMENTAL_ROLE0_ALLOCATOR_LIVE ptr=0x151e07640 bytes=64 caller=0x10473b554
ETHEREUM_INCREMENTAL_ROLE0_ALLOCATOR_LIVE ptr=0x151e07680 bytes=64 caller=0x10473b554
ETHEREUM_INCREMENTAL_ROLE0_ALLOCATOR_LIVE ptr=0x151e076c0 bytes=64 caller=0x10473b554
ETHEREUM_INCREMENTAL_ROLE0_ALLOCATOR_LIVE ptr=0x151e07700 bytes=64 caller=0x10473b554
ETHEREUM_INCREMENTAL_ROLE0_ALLOCATOR_LIVE ptr=0x151e07740 bytes=64 caller=0x10473b554
ETHEREUM_INCREMENTAL_ROLE0_ALLOCATOR_LIVE ptr=0x151e07780 bytes=64 caller=0x10473b554
ETHEREUM_INCREMENTAL_ROLE0_ALLOCATOR_LIVE ptr=0x151e077c0 bytes=64 caller=0x10473b554
ETHEREUM_INCREMENTAL_ROLE0_ALLOCATOR_LIVE ptr=0x151e07800 bytes=64 caller=0x10473b554
ETHEREUM_INCREMENTAL_ROLE0_ALLOCATOR_LIVE ptr=0x151e07840 bytes=64 caller=0x10473b554
ETHEREUM_INCREMENTAL_ROLE0_ALLOCATOR_LIVE ptr=0x151e07880 bytes=64 caller=0x10473b554
ETHEREUM_INCREMENTAL_ROLE0_ALLOCATOR_LIVE ptr=0x151e078c0 bytes=64 caller=0x10473b554
ETHEREUM_INCREMENTAL_ROLE0_ALLOCATOR_LIVE ptr=0x151e07900 bytes=64 caller=0x10473b554
ETHEREUM_INCREMENTAL_ROLE0_ALLOCATOR_LIVE ptr=0x151e07940 bytes=64 caller=0x10473b554
ETHEREUM_INCREMENTAL_ROLE0_ALLOCATOR_LIVE ptr=0x151e07980 bytes=64 caller=0x10473b554
ETHEREUM_INCREMENTAL_ROLE0_ALLOCATOR_LIVE ptr=0x151e079c0 bytes=64 caller=0x10473b554
ETHEREUM_INCREMENTAL_ROLE0_ALLOCATOR_LIVE ptr=0x151e07a00 bytes=64 caller=0x10473b554
ETHEREUM_INCREMENTAL_ROLE0_ALLOCATOR_LIVE ptr=0x151e07a40 bytes=64 caller=0x10473b554
ETHEREUM_INCREMENTAL_ROLE0_ALLOCATOR_LIVE ptr=0x151e07a80 bytes=64 caller=0x10473b554
ETHEREUM_INCREMENTAL_ROLE0_ALLOCATOR_LIVE ptr=0x151e07ac0 bytes=64 caller=0x10473b554
ETHEREUM_INCREMENTAL_ROLE0_ALLOCATOR_LIVE ptr=0x151e07b00 bytes=64 caller=0x10473b554
ETHEREUM_INCREMENTAL_ROLE0_ALLOCATOR_LIVE ptr=0x151e07b40 bytes=64 caller=0x10473b554
ETHEREUM_INCREMENTAL_ROLE0_ALLOCATOR_LIVE ptr=0x151e07b80 bytes=64 caller=0x10473b554
ETHEREUM_INCREMENTAL_ROLE0_ALLOCATOR_LIVE ptr=0x151e07bc0 bytes=64 caller=0x10473b554
ETHEREUM_INCREMENTAL_ROLE0_ALLOCATOR_LIVE ptr=0x151e07c00 bytes=64 caller=0x10473b554
ETHEREUM_INCREMENTAL_ROLE0_ALLOCATOR_LIVE ptr=0x151e07c40 bytes=64 caller=0x10473b554
ETHEREUM_INCREMENTAL_ROLE0_ALLOCATOR_LIVE ptr=0x151e07c80 bytes=64 caller=0x10473b554
ETHEREUM_INCREMENTAL_ROLE0_ALLOCATOR_LIVE ptr=0x151e07cc0 bytes=64 caller=0x10473b554
ETHEREUM_INCREMENTAL_ROLE0_ALLOCATOR_LIVE ptr=0x151e07d00 bytes=64 caller=0x10473b554
ETHEREUM_INCREMENTAL_ROLE0_ALLOCATOR_LIVE ptr=0x151e07d40 bytes=64 caller=0x10473b554
ETHEREUM_INCREMENTAL_ROLE0_ALLOCATOR_LIVE ptr=0x151e07d80 bytes=64 caller=0x10473b554
ETHEREUM_INCREMENTAL_ROLE0_ALLOCATOR_LIVE ptr=0x151e07dc0 bytes=64 caller=0x10473b554
ETHEREUM_INCREMENTAL_ROLE0_ALLOCATOR_LIVE ptr=0x151e07e00 bytes=64 caller=0x10473b554
ETHEREUM_INCREMENTAL_ROLE0_ALLOCATOR_LIVE ptr=0x151e07e40 bytes=64 caller=0x10473b554
ETHEREUM_INCREMENTAL_ROLE0_ALLOCATOR_LIVE ptr=0x151e07e80 bytes=64 caller=0x10473b554
ETHEREUM_INCREMENTAL_ROLE0_ALLOCATOR_LIVE ptr=0x151e07ec0 bytes=64 caller=0x10473b554
ETHEREUM_INCREMENTAL_ROLE0_ALLOCATOR_LIVE ptr=0x151e07f00 bytes=64 caller=0x10473b554
ETHEREUM_INCREMENTAL_ROLE0_ALLOCATOR_LIVE ptr=0x151e07f40 bytes=64 caller=0x10473b554
ETHEREUM_INCREMENTAL_ROLE0_ALLOCATOR_LIVE ptr=0x151e07f80 bytes=64 caller=0x10473b554
ETHEREUM_INCREMENTAL_ROLE0_ALLOCATOR_LIVE ptr=0x151e07fc0 bytes=64 caller=0x10473b554
ETHEREUM_INCREMENTAL_ROLE0_ALLOCATOR_LIVE ptr=0x151e08000 bytes=64 caller=0x10473b554
ETHEREUM_INCREMENTAL_ROLE0_ALLOCATOR_LIVE ptr=0x151e08040 bytes=64 caller=0x10473b554
ETHEREUM_INCREMENTAL_ROLE0_ALLOCATOR_LIVE ptr=0x151e08080 bytes=64 caller=0x10473b554
ETHEREUM_INCREMENTAL_ROLE0_ALLOCATOR_LIVE ptr=0x151e080c0 bytes=64 caller=0x10473b554
ETHEREUM_INCREMENTAL_ROLE0_ALLOCATOR_LIVE ptr=0x151e08100 bytes=64 caller=0x10473b554
ETHEREUM_INCREMENTAL_ROLE0_ALLOCATOR_LIVE ptr=0x151e08140 bytes=64 caller=0x10473b554
ETHEREUM_INCREMENTAL_ROLE0_ALLOCATOR_LIVE ptr=0x151e08180 bytes=64 caller=0x10473b554
ETHEREUM_INCREMENTAL_ROLE0_ALLOCATOR_LIVE ptr=0x151e081c0 bytes=64 caller=0x10473b554
ETHEREUM_INCREMENTAL_ROLE0_ALLOCATOR_LIVE ptr=0x151e08200 bytes=64 caller=0x10473b554
ETHEREUM_INCREMENTAL_ROLE0_ALLOCATOR_LIVE ptr=0x151e08240 bytes=64 caller=0x10473b554
ETHEREUM_INCREMENTAL_ROLE0_ALLOCATOR_LIVE ptr=0x151e08280 bytes=64 caller=0x10473b554
ETHEREUM_INCREMENTAL_ROLE0_ALLOCATOR_LIVE ptr=0x151e082c0 bytes=64 caller=0x10473b554
ETHEREUM_INCREMENTAL_ROLE0_ALLOCATOR_LIVE ptr=0x151e08300 bytes=64 caller=0x10473b554
ETHEREUM_INCREMENTAL_ROLE0_ALLOCATOR_LIVE ptr=0x151e08340 bytes=64 caller=0x10473b554
ETHEREUM_INCREMENTAL_ROLE0_ALLOCATOR_LIVE ptr=0x151e08380 bytes=64 caller=0x10473b554
ETHEREUM_INCREMENTAL_ROLE0_ALLOCATOR_LIVE ptr=0x151e083c0 bytes=64 caller=0x10473b554
ETHEREUM_INCREMENTAL_ROLE0_ALLOCATOR_LIVE ptr=0x151e08400 bytes=64 caller=0x10473b554
ETHEREUM_INCREMENTAL_ROLE0_ALLOCATOR_LIVE ptr=0x151e08440 bytes=64 caller=0x10473b554
ETHEREUM_INCREMENTAL_ROLE0_ALLOCATOR_LIVE ptr=0x151e08480 bytes=64 caller=0x10473b554
ETHEREUM_INCREMENTAL_ROLE0_ALLOCATOR_LIVE ptr=0x151e084c0 bytes=64 caller=0x10473b554
ETHEREUM_INCREMENTAL_ROLE0_ALLOCATOR_LIVE ptr=0x151e08500 bytes=64 caller=0x10473b554
ETHEREUM_INCREMENTAL_ROLE0_ALLOCATOR_LIVE ptr=0x151e08540 bytes=64 caller=0x10473b554
ETHEREUM_INCREMENTAL_ROLE0_ALLOCATOR_LIVE ptr=0x151e08580 bytes=64 caller=0x10473b554
ETHEREUM_INCREMENTAL_ROLE0_ALLOCATOR_LIVE ptr=0x151e085c0 bytes=64 caller=0x10473b554
ETHEREUM_INCREMENTAL_ROLE0_ALLOCATOR_LIVE ptr=0x151e08600 bytes=64 caller=0x10473b554
ETHEREUM_INCREMENTAL_ROLE0_ALLOCATOR_LIVE ptr=0x151e08640 bytes=64 caller=0x10473b554
ETHEREUM_INCREMENTAL_ROLE0_ALLOCATOR_LIVE ptr=0x151e08680 bytes=64 caller=0x10473b554
ETHEREUM_INCREMENTAL_ROLE0_ALLOCATOR_LIVE ptr=0x151e086c0 bytes=64 caller=0x10473b554
ETHEREUM_INCREMENTAL_ROLE0_ALLOCATOR_LIVE ptr=0x151e08700 bytes=64 caller=0x10473b554
ETHEREUM_INCREMENTAL_ROLE0_ALLOCATOR_LIVE ptr=0x151e08740 bytes=64 caller=0x10473b554
ETHEREUM_INCREMENTAL_ROLE0_ALLOCATOR_LIVE ptr=0x151e08780 bytes=64 caller=0x10473b554
ETHEREUM_INCREMENTAL_ROLE0_ALLOCATOR_LIVE ptr=0x151e087c0 bytes=64 caller=0x10473b554
ETHEREUM_INCREMENTAL_ROLE0_ALLOCATOR_LIVE ptr=0x151e08800 bytes=64 caller=0x10473b554
ETHEREUM_INCREMENTAL_ROLE0_ALLOCATOR_LIVE ptr=0x151e08840 bytes=64 caller=0x10473b554
ETHEREUM_INCREMENTAL_ROLE0_ALLOCATOR_LIVE ptr=0x151e08880 bytes=64 caller=0x10473b554
ETHEREUM_INCREMENTAL_ROLE0_ALLOCATOR_LIVE ptr=0x151e088c0 bytes=64 caller=0x10473b554
ETHEREUM_INCREMENTAL_ROLE0_ALLOCATOR_LIVE ptr=0x151e08900 bytes=64 caller=0x10473b554
ETHEREUM_INCREMENTAL_ROLE0_ALLOCATOR_LIVE ptr=0x151e08940 bytes=64 caller=0x10473b554
ETHEREUM_INCREMENTAL_ROLE0_ALLOCATOR_LIVE ptr=0x151e08980 bytes=64 caller=0x10473b554
ETHEREUM_INCREMENTAL_ROLE0_ALLOCATOR_LIVE ptr=0x151e089c0 bytes=64 caller=0x10473b554
ETHEREUM_INCREMENTAL_ROLE0_ALLOCATOR_LIVE ptr=0x151e08a00 bytes=64 caller=0x10473b554
ETHEREUM_INCREMENTAL_ROLE0_ALLOCATOR_LIVE ptr=0x151e08a40 bytes=64 caller=0x10473b554
ETHEREUM_INCREMENTAL_ROLE0_ALLOCATOR_LIVE ptr=0x151e08a80 bytes=64 caller=0x10473b554
ETHEREUM_INCREMENTAL_ROLE0_ALLOCATOR_LIVE ptr=0x151e08ac0 bytes=64 caller=0x10473b554
ETHEREUM_INCREMENTAL_ROLE0_ALLOCATOR_LIVE ptr=0x151e08b00 bytes=64 caller=0x10473b554
ETHEREUM_INCREMENTAL_ROLE0_ALLOCATOR_LIVE ptr=0x151e08b40 bytes=64 caller=0x10473b554
ETHEREUM_INCREMENTAL_ROLE0_ALLOCATOR_LIVE ptr=0x151e08b80 bytes=64 caller=0x10473b554
ETHEREUM_INCREMENTAL_ROLE0_ALLOCATOR_LIVE ptr=0x151e08bc0 bytes=64 caller=0x10473b554
ETHEREUM_INCREMENTAL_ROLE0_ALLOCATOR_LIVE ptr=0x151e08c00 bytes=64 caller=0x10473b554
ETHEREUM_INCREMENTAL_ROLE0_ALLOCATOR_LIVE ptr=0x151e08c40 bytes=64 caller=0x10473b554
ETHEREUM_INCREMENTAL_ROLE0_ALLOCATOR_LIVE ptr=0x151e08c80 bytes=64 caller=0x10473b554
ETHEREUM_INCREMENTAL_ROLE0_ALLOCATOR_LIVE ptr=0x151e08cc0 bytes=64 caller=0x10473b554
ETHEREUM_INCREMENTAL_ROLE0_ALLOCATOR_LIVE ptr=0x151e08d00 bytes=64 caller=0x10473b554
ETHEREUM_INCREMENTAL_ROLE0_ALLOCATOR_LIVE ptr=0x151e08d40 bytes=64 caller=0x10473b554
ETHEREUM_INCREMENTAL_ROLE0_ALLOCATOR_LIVE ptr=0x151e08d80 bytes=64 caller=0x10473b554
ETHEREUM_INCREMENTAL_ROLE0_ALLOCATOR_LIVE ptr=0x151e08dc0 bytes=64 caller=0x10473b554
ETHEREUM_INCREMENTAL_ROLE0_ALLOCATOR_LIVE ptr=0x151e08e00 bytes=64 caller=0x10473b554
ETHEREUM_INCREMENTAL_ROLE0_ALLOCATOR_LIVE ptr=0x151e08e40 bytes=64 caller=0x10473b554
ETHEREUM_INCREMENTAL_ROLE0_ALLOCATOR_LIVE ptr=0x151e08e80 bytes=64 caller=0x10473b554
ETHEREUM_INCREMENTAL_ROLE0_ALLOCATOR_LIVE ptr=0x151e08ec0 bytes=64 caller=0x10473b554
ETHEREUM_INCREMENTAL_ROLE0_ALLOCATOR_LIVE ptr=0x151e08f00 bytes=64 caller=0x10473b554
ETHEREUM_INCREMENTAL_ROLE0_ALLOCATOR_LIVE ptr=0x151e08f40 bytes=64 caller=0x10473b554
ETHEREUM_INCREMENTAL_ROLE0_ALLOCATOR_LIVE ptr=0x151e08f80 bytes=64 caller=0x10473b554
ETHEREUM_INCREMENTAL_ROLE0_ALLOCATOR_LIVE ptr=0x151e08fc0 bytes=64 caller=0x10473b554
ETHEREUM_INCREMENTAL_ROLE0_ALLOCATOR_LIVE ptr=0x151e09000 bytes=64 caller=0x10473b554
ETHEREUM_INCREMENTAL_ROLE0_ALLOCATOR_LIVE ptr=0x151e09040 bytes=64 caller=0x10473b554
ETHEREUM_INCREMENTAL_ROLE0_ALLOCATOR_LIVE ptr=0x151e09080 bytes=64 caller=0x10473b554
ETHEREUM_INCREMENTAL_ROLE0_ALLOCATOR_LIVE ptr=0x151e090c0 bytes=64 caller=0x10473b554
ETHEREUM_INCREMENTAL_ROLE0_ALLOCATOR_LIVE ptr=0x151e09100 bytes=64 caller=0x10473b554
ETHEREUM_INCREMENTAL_ROLE0_ALLOCATOR_LIVE ptr=0x151e09140 bytes=64 caller=0x10473b554
ETHEREUM_INCREMENTAL_ROLE0_ALLOCATOR_LIVE ptr=0x151e09180 bytes=64 caller=0x10473b554
ETHEREUM_INCREMENTAL_ROLE0_ALLOCATOR_LIVE ptr=0x151e091c0 bytes=64 caller=0x10473b554
ETHEREUM_INCREMENTAL_ROLE0_ALLOCATOR_LIVE ptr=0x151e09200 bytes=64 caller=0x10473b554
ETHEREUM_INCREMENTAL_ROLE0_ALLOCATOR_LIVE ptr=0x151e09240 bytes=64 caller=0x10473b554
ETHEREUM_INCREMENTAL_ROLE0_ALLOCATOR_LIVE ptr=0x151e09280 bytes=64 caller=0x10473b554
ETHEREUM_INCREMENTAL_ROLE0_ALLOCATOR_LIVE ptr=0x151e092c0 bytes=64 caller=0x10473b554
ETHEREUM_INCREMENTAL_ROLE0_ALLOCATOR_LIVE ptr=0x151e09300 bytes=64 caller=0x10473b554
ETHEREUM_INCREMENTAL_ROLE0_ALLOCATOR_LIVE ptr=0x151e09340 bytes=64 caller=0x10473b554
ETHEREUM_INCREMENTAL_ROLE0_ALLOCATOR_LIVE ptr=0x151e09380 bytes=64 caller=0x10473b554
ETHEREUM_INCREMENTAL_ROLE0_ALLOCATOR_LIVE ptr=0x151e093c0 bytes=64 caller=0x10473b554
ETHEREUM_INCREMENTAL_ROLE0_ALLOCATOR_LIVE ptr=0x151e09400 bytes=64 caller=0x10473b554
ETHEREUM_INCREMENTAL_ROLE0_ALLOCATOR_LIVE ptr=0x151e09440 bytes=64 caller=0x10473b554
ETHEREUM_INCREMENTAL_ROLE0_ALLOCATOR_LIVE ptr=0x151e09480 bytes=64 caller=0x10473b554
ETHEREUM_INCREMENTAL_ROLE0_ALLOCATOR_LIVE ptr=0x151e094c0 bytes=64 caller=0x10473b554
ETHEREUM_INCREMENTAL_ROLE0_ALLOCATOR_LIVE ptr=0x151e09500 bytes=64 caller=0x10473b554
ETHEREUM_INCREMENTAL_ROLE0_ALLOCATOR_LIVE ptr=0x151e09540 bytes=64 caller=0x10473b554
ETHEREUM_INCREMENTAL_ROLE0_ALLOCATOR_LIVE ptr=0x151e09580 bytes=64 caller=0x10473b554
ETHEREUM_INCREMENTAL_ROLE0_ALLOCATOR_LIVE ptr=0x151e095c0 bytes=64 caller=0x10473b554
ETHEREUM_INCREMENTAL_ROLE0_ALLOCATOR_LIVE ptr=0x151e09600 bytes=64 caller=0x10473b554
ETHEREUM_INCREMENTAL_ROLE0_ALLOCATOR_LIVE ptr=0x151e09640 bytes=64 caller=0x10473b554
ETHEREUM_INCREMENTAL_ROLE0_ALLOCATOR_LIVE ptr=0x151e09680 bytes=64 caller=0x10473b554
ETHEREUM_INCREMENTAL_ROLE0_ALLOCATOR_LIVE ptr=0x151e096c0 bytes=64 caller=0x10473b554
ETHEREUM_INCREMENTAL_ROLE0_ALLOCATOR_LIVE ptr=0x151e09700 bytes=64 caller=0x10473b554
ETHEREUM_INCREMENTAL_ROLE0_ALLOCATOR_LIVE ptr=0x151e09740 bytes=64 caller=0x10473b554
ETHEREUM_INCREMENTAL_ROLE0_ALLOCATOR_LIVE ptr=0x151e09780 bytes=64 caller=0x10473b554
ETHEREUM_INCREMENTAL_ROLE0_ALLOCATOR_LIVE ptr=0x151e097c0 bytes=64 caller=0x10473b554
ETHEREUM_INCREMENTAL_ROLE0_ALLOCATOR_LIVE ptr=0x151e09800 bytes=64 caller=0x10473b554
ETHEREUM_INCREMENTAL_ROLE0_ALLOCATOR_LIVE ptr=0x151e09840 bytes=64 caller=0x10473b554
ETHEREUM_INCREMENTAL_ROLE0_ALLOCATOR_LIVE ptr=0x151e09880 bytes=64 caller=0x10473b554
ETHEREUM_INCREMENTAL_ROLE0_ALLOCATOR_LIVE ptr=0x151e098c0 bytes=64 caller=0x10473b554
ETHEREUM_INCREMENTAL_ROLE0_ALLOCATOR_LIVE ptr=0x151e09900 bytes=64 caller=0x10473b554
ETHEREUM_INCREMENTAL_ROLE0_ALLOCATOR_LIVE ptr=0x151e09940 bytes=64 caller=0x10473b554
ETHEREUM_INCREMENTAL_ROLE0_ALLOCATOR_LIVE ptr=0x151e09980 bytes=64 caller=0x10473b554
ETHEREUM_INCREMENTAL_ROLE0_ALLOCATOR_LIVE ptr=0x151e099c0 bytes=64 caller=0x10473b554
ETHEREUM_INCREMENTAL_ROLE0_ALLOCATOR_LIVE ptr=0x151e09a00 bytes=64 caller=0x10473b554
ETHEREUM_INCREMENTAL_ROLE0_ALLOCATOR_LIVE ptr=0x151e09a40 bytes=64 caller=0x10473b554
ETHEREUM_INCREMENTAL_ROLE0_ALLOCATOR_LIVE ptr=0x151e09a80 bytes=64 caller=0x10473b554
ETHEREUM_INCREMENTAL_ROLE0_ALLOCATOR_LIVE ptr=0x151e09ac0 bytes=64 caller=0x10473b554
ETHEREUM_INCREMENTAL_ROLE0_ALLOCATOR_LIVE ptr=0x151e09b00 bytes=64 caller=0x10473b554
ETHEREUM_INCREMENTAL_ROLE0_ALLOCATOR_LIVE ptr=0x151e09b40 bytes=64 caller=0x10473b554
ETHEREUM_INCREMENTAL_ROLE0_ALLOCATOR_LIVE ptr=0x151e09b80 bytes=64 caller=0x10473b554
ETHEREUM_INCREMENTAL_ROLE0_ALLOCATOR_LIVE ptr=0x151e09bc0 bytes=64 caller=0x10473b554
ETHEREUM_INCREMENTAL_ROLE0_ALLOCATOR_LIVE ptr=0x151e09c00 bytes=64 caller=0x10473b554
ETHEREUM_INCREMENTAL_ROLE0_ALLOCATOR_LIVE ptr=0x151e09c40 bytes=64 caller=0x10473b554
ETHEREUM_INCREMENTAL_ROLE0_ALLOCATOR_LIVE ptr=0x151e09c80 bytes=64 caller=0x10473b554
ETHEREUM_INCREMENTAL_ROLE0_ALLOCATOR_LIVE ptr=0x151e09cc0 bytes=64 caller=0x10473b554
ETHEREUM_INCREMENTAL_ROLE0_ALLOCATOR_LIVE ptr=0x151e09d00 bytes=64 caller=0x10473b554
ETHEREUM_INCREMENTAL_ROLE0_ALLOCATOR_LIVE ptr=0x151e09d40 bytes=64 caller=0x10473b554
ETHEREUM_INCREMENTAL_ROLE0_ALLOCATOR_LIVE ptr=0x151e09d80 bytes=64 caller=0x10473b554
ETHEREUM_INCREMENTAL_ROLE0_ALLOCATOR_LIVE ptr=0x151e09dc0 bytes=64 caller=0x10473b554
ETHEREUM_INCREMENTAL_ROLE0_ALLOCATOR_LIVE ptr=0x151e09e00 bytes=64 caller=0x10473b554
ETHEREUM_INCREMENTAL_ROLE0_ALLOCATOR_LIVE ptr=0x151e09e40 bytes=64 caller=0x10473b554
ETHEREUM_INCREMENTAL_ROLE0_ALLOCATOR_LIVE ptr=0x151e09e80 bytes=64 caller=0x10473b554
ETHEREUM_INCREMENTAL_ROLE0_ALLOCATOR_LIVE ptr=0x151e09ec0 bytes=64 caller=0x10473b554
ETHEREUM_INCREMENTAL_ROLE0_ALLOCATOR_LIVE ptr=0x151e09f00 bytes=64 caller=0x10473b554
ETHEREUM_INCREMENTAL_ROLE0_ALLOCATOR_LIVE ptr=0x151e09f40 bytes=64 caller=0x10473b554
ETHEREUM_INCREMENTAL_ROLE0_ALLOCATOR_LIVE ptr=0x151e09f80 bytes=64 caller=0x10473b554
ETHEREUM_INCREMENTAL_ROLE0_ALLOCATOR_LIVE ptr=0x151e09fc0 bytes=64 caller=0x10473b554
ETHEREUM_INCREMENTAL_ROLE0_ALLOCATOR_LIVE ptr=0x151e0a000 bytes=64 caller=0x10473b554
ETHEREUM_INCREMENTAL_ROLE0_ALLOCATOR_LIVE ptr=0x151e0a040 bytes=64 caller=0x10473b554
ETHEREUM_INCREMENTAL_ROLE0_ALLOCATOR_LIVE ptr=0x151e0a080 bytes=64 caller=0x10473b554
ETHEREUM_INCREMENTAL_ROLE0_ALLOCATOR_LIVE ptr=0x151e0a0c0 bytes=64 caller=0x10473b554
ETHEREUM_INCREMENTAL_ROLE0_ALLOCATOR_LIVE ptr=0x151e0a100 bytes=64 caller=0x10473b554
ETHEREUM_INCREMENTAL_ROLE0_ALLOCATOR_LIVE ptr=0x151e0a140 bytes=64 caller=0x10473b554
ETHEREUM_INCREMENTAL_ROLE0_ALLOCATOR_LIVE ptr=0x151e0a180 bytes=64 caller=0x10473b554
ETHEREUM_INCREMENTAL_ROLE0_ALLOCATOR_LIVE ptr=0x151e0a1c0 bytes=64 caller=0x10473b554
ETHEREUM_INCREMENTAL_ROLE0_ALLOCATOR_LIVE ptr=0x151e0a200 bytes=64 caller=0x10473b554
ETHEREUM_INCREMENTAL_ROLE0_ALLOCATOR_LIVE ptr=0x151e0a240 bytes=64 caller=0x10473b554
ETHEREUM_INCREMENTAL_ROLE0_ALLOCATOR_LIVE ptr=0x151e0a280 bytes=64 caller=0x10473b554
ETHEREUM_INCREMENTAL_ROLE0_ALLOCATOR_LIVE ptr=0x151e0a2c0 bytes=64 caller=0x10473b554
ETHEREUM_INCREMENTAL_ROLE0_ALLOCATOR_LIVE ptr=0x151e0a300 bytes=64 caller=0x10473b554
ETHEREUM_INCREMENTAL_ROLE0_ALLOCATOR_LIVE ptr=0x151e0a340 bytes=64 caller=0x10473b554
ETHEREUM_INCREMENTAL_ROLE0_ALLOCATOR_LIVE ptr=0x151e0a380 bytes=64 caller=0x10473b554
ETHEREUM_INCREMENTAL_ROLE0_ALLOCATOR_LIVE ptr=0x151e0a3c0 bytes=64 caller=0x10473b554
ETHEREUM_INCREMENTAL_ROLE0_ALLOCATOR_LIVE ptr=0x151e0a400 bytes=64 caller=0x10473b554
ETHEREUM_INCREMENTAL_ROLE0_ALLOCATOR_LIVE ptr=0x151e0a440 bytes=64 caller=0x10473b554
ETHEREUM_INCREMENTAL_ROLE0_ALLOCATOR_LIVE ptr=0x151e0a480 bytes=64 caller=0x10473b554
ETHEREUM_INCREMENTAL_ROLE0_ALLOCATOR_LIVE ptr=0x151e0a4c0 bytes=64 caller=0x10473b554
ETHEREUM_INCREMENTAL_ROLE0_ALLOCATOR_LIVE ptr=0x151e0a500 bytes=64 caller=0x10473b554
ETHEREUM_INCREMENTAL_ROLE0_ALLOCATOR_LIVE ptr=0x151e0a540 bytes=64 caller=0x10473b554
ETHEREUM_INCREMENTAL_ROLE0_ALLOCATOR_LIVE ptr=0x151e0a580 bytes=64 caller=0x10473b554
ETHEREUM_INCREMENTAL_ROLE0_ALLOCATOR_LIVE ptr=0x151e0a5c0 bytes=64 caller=0x10473b554
ETHEREUM_INCREMENTAL_ROLE0_ALLOCATOR_LIVE ptr=0x151e0a600 bytes=64 caller=0x10473b554
ETHEREUM_INCREMENTAL_ROLE0_ALLOCATOR_LIVE ptr=0x151e0a640 bytes=64 caller=0x10473b554
ETHEREUM_INCREMENTAL_ROLE0_ALLOCATOR_LIVE ptr=0x151e0a680 bytes=64 caller=0x10473b554
ETHEREUM_INCREMENTAL_ROLE0_ALLOCATOR_LIVE ptr=0x151e0a6c0 bytes=64 caller=0x10473b554
ETHEREUM_INCREMENTAL_ROLE0_ALLOCATOR_LIVE ptr=0x151e0a700 bytes=64 caller=0x10473b554
ETHEREUM_INCREMENTAL_ROLE0_ALLOCATOR_LIVE ptr=0x151e0a740 bytes=64 caller=0x10473b554
ETHEREUM_INCREMENTAL_ROLE0_ALLOCATOR_LIVE ptr=0x151e0a780 bytes=64 caller=0x10473b554
ETHEREUM_INCREMENTAL_ROLE0_ALLOCATOR_LIVE ptr=0x151e0a7c0 bytes=64 caller=0x10473b554
ETHEREUM_INCREMENTAL_ROLE0_ALLOCATOR_LIVE ptr=0x151e0a800 bytes=64 caller=0x10473b554
ETHEREUM_INCREMENTAL_ROLE0_ALLOCATOR_LIVE ptr=0x151e0a840 bytes=64 caller=0x10473b554
ETHEREUM_INCREMENTAL_ROLE0_ALLOCATOR_LIVE ptr=0x151e0a880 bytes=64 caller=0x10473b554
ETHEREUM_INCREMENTAL_ROLE0_ALLOCATOR_LIVE ptr=0x151e0a8c0 bytes=64 caller=0x10473b554
ETHEREUM_INCREMENTAL_ROLE0_ALLOCATOR_LIVE ptr=0x151e0a900 bytes=64 caller=0x10473b554
ETHEREUM_INCREMENTAL_ROLE0_ALLOCATOR_LIVE ptr=0x151e0a940 bytes=64 caller=0x10473b554
ETHEREUM_INCREMENTAL_ROLE0_ALLOCATOR_LIVE ptr=0x151e0a980 bytes=64 caller=0x10473b554
ETHEREUM_INCREMENTAL_ROLE0_ALLOCATOR_LIVE ptr=0x151e0a9c0 bytes=64 caller=0x10473b554
ETHEREUM_INCREMENTAL_ROLE0_ALLOCATOR_LIVE ptr=0x151e0aa00 bytes=64 caller=0x10473b554
ETHEREUM_INCREMENTAL_ROLE0_ALLOCATOR_LIVE ptr=0x151e0aa40 bytes=64 caller=0x10473b554
ETHEREUM_INCREMENTAL_ROLE0_ALLOCATOR_LIVE ptr=0x151e0aa80 bytes=64 caller=0x10473b554
ETHEREUM_INCREMENTAL_ROLE0_ALLOCATOR_LIVE ptr=0x151e0aac0 bytes=64 caller=0x10473b554
ETHEREUM_INCREMENTAL_ROLE0_ALLOCATOR_LIVE ptr=0x151e0ab00 bytes=64 caller=0x10473b554
ETHEREUM_INCREMENTAL_ROLE0_ALLOCATOR_LIVE ptr=0x151e0ab40 bytes=64 caller=0x10473b554
ETHEREUM_INCREMENTAL_ROLE0_ALLOCATOR_LIVE ptr=0x151e0ab80 bytes=64 caller=0x10473b554
ETHEREUM_INCREMENTAL_ROLE0_ALLOCATOR_LIVE ptr=0x151e0abc0 bytes=64 caller=0x10473b554
ETHEREUM_INCREMENTAL_ROLE0_ALLOCATOR_LIVE ptr=0x151e0ac00 bytes=64 caller=0x10473b554
ETHEREUM_INCREMENTAL_ROLE0_ALLOCATOR_LIVE ptr=0x151e0ac40 bytes=64 caller=0x10473b554
ETHEREUM_INCREMENTAL_ROLE0_ALLOCATOR_LIVE ptr=0x151e0ac80 bytes=64 caller=0x10473b554
ETHEREUM_INCREMENTAL_ROLE0_ALLOCATOR_LIVE ptr=0x151e0acc0 bytes=64 caller=0x10473b554
ETHEREUM_INCREMENTAL_ROLE0_ALLOCATOR_LIVE ptr=0x151e0ad00 bytes=64 caller=0x10473b554
ETHEREUM_INCREMENTAL_ROLE0_ALLOCATOR_LIVE ptr=0x151e0ad40 bytes=64 caller=0x10473b554
ETHEREUM_INCREMENTAL_ROLE0_ALLOCATOR_LIVE ptr=0x151e0ad80 bytes=64 caller=0x10473b554
ETHEREUM_INCREMENTAL_ROLE0_ALLOCATOR_LIVE ptr=0x151e0adc0 bytes=64 caller=0x10473b554
ETHEREUM_INCREMENTAL_ROLE0_ALLOCATOR_LIVE ptr=0x151e0ae00 bytes=64 caller=0x10473b554
ETHEREUM_INCREMENTAL_ROLE0_ALLOCATOR_LIVE ptr=0x151e0ae40 bytes=64 caller=0x10473b554
ETHEREUM_INCREMENTAL_ROLE0_ALLOCATOR_LIVE ptr=0x151e0ae80 bytes=64 caller=0x10473b554
ETHEREUM_INCREMENTAL_ROLE0_ALLOCATOR_LIVE ptr=0x151e0aec0 bytes=64 caller=0x10473b554
ETHEREUM_INCREMENTAL_ROLE0_ALLOCATOR_LIVE ptr=0x151e0af00 bytes=64 caller=0x10473b554
ETHEREUM_INCREMENTAL_ROLE0_ALLOCATOR_LIVE ptr=0x151e0af40 bytes=64 caller=0x10473b554
ETHEREUM_INCREMENTAL_ROLE0_ALLOCATOR_LIVE ptr=0x151e0af80 bytes=64 caller=0x10473b554
ETHEREUM_INCREMENTAL_ROLE0_ALLOCATOR_LIVE ptr=0x151e0afc0 bytes=64 caller=0x10473b554
ETHEREUM_INCREMENTAL_ROLE0_ALLOCATOR_LIVE ptr=0x151e0b000 bytes=64 caller=0x10473b554
ETHEREUM_INCREMENTAL_ROLE0_ALLOCATOR_LIVE ptr=0x151e0b040 bytes=64 caller=0x10473b554
ETHEREUM_INCREMENTAL_ROLE0_ALLOCATOR_LIVE ptr=0x151e0b080 bytes=64 caller=0x10473b554
ETHEREUM_INCREMENTAL_ROLE0_ALLOCATOR_LIVE ptr=0x151e0b0c0 bytes=64 caller=0x10473b554
ETHEREUM_INCREMENTAL_ROLE0_ALLOCATOR_LIVE ptr=0x151e0b100 bytes=64 caller=0x10473b554
ETHEREUM_INCREMENTAL_ROLE0_ALLOCATOR_LIVE ptr=0x151e0b140 bytes=64 caller=0x10473b554
ETHEREUM_INCREMENTAL_ROLE0_ALLOCATOR_LIVE ptr=0x151e0b180 bytes=64 caller=0x10473b554
ETHEREUM_INCREMENTAL_ROLE0_ALLOCATOR_LIVE ptr=0x151e0b1c0 bytes=64 caller=0x10473b554
ETHEREUM_INCREMENTAL_ROLE0_ALLOCATOR_LIVE ptr=0x151e0b200 bytes=64 caller=0x10473b554
ETHEREUM_INCREMENTAL_ROLE0_ALLOCATOR_LIVE ptr=0x151e0b240 bytes=64 caller=0x10473b554
ETHEREUM_INCREMENTAL_ROLE0_ALLOCATOR_LIVE ptr=0x151e0b280 bytes=64 caller=0x10473b554
ETHEREUM_INCREMENTAL_ROLE0_ALLOCATOR_LIVE ptr=0x151e0b2c0 bytes=64 caller=0x10473b554
ETHEREUM_INCREMENTAL_ROLE0_ALLOCATOR_LIVE ptr=0x151e0b300 bytes=64 caller=0x10473b554
ETHEREUM_INCREMENTAL_ROLE0_ALLOCATOR_LIVE ptr=0x151e0b340 bytes=64 caller=0x10473b554
ETHEREUM_INCREMENTAL_ROLE0_ALLOCATOR_LIVE ptr=0x151e0b380 bytes=64 caller=0x10473b554
ETHEREUM_INCREMENTAL_ROLE0_ALLOCATOR_LIVE ptr=0x151e0b3c0 bytes=64 caller=0x10473b554
ETHEREUM_INCREMENTAL_ROLE0_ALLOCATOR_LIVE ptr=0x151e0b400 bytes=64 caller=0x10473b554
ETHEREUM_INCREMENTAL_ROLE0_ALLOCATOR_LIVE ptr=0x151e0b440 bytes=64 caller=0x10473b554
ETHEREUM_INCREMENTAL_ROLE0_ALLOCATOR_LIVE ptr=0x151e0b480 bytes=64 caller=0x10473b554
ETHEREUM_INCREMENTAL_ROLE0_ALLOCATOR_LIVE ptr=0x151e0b4c0 bytes=64 caller=0x10473b554
ETHEREUM_INCREMENTAL_ROLE0_ALLOCATOR_LIVE ptr=0x151e0b500 bytes=64 caller=0x10473b554
ETHEREUM_INCREMENTAL_ROLE0_ALLOCATOR_LIVE ptr=0x151e0b540 bytes=64 caller=0x10473b554
ETHEREUM_INCREMENTAL_ROLE0_ALLOCATOR_LIVE ptr=0x151e0b580 bytes=64 caller=0x10473b554
ETHEREUM_INCREMENTAL_ROLE0_ALLOCATOR_LIVE ptr=0x151e0b5c0 bytes=64 caller=0x10473b554
ETHEREUM_INCREMENTAL_ROLE0_ALLOCATOR_LIVE ptr=0x151e0b600 bytes=64 caller=0x10473b554
ETHEREUM_INCREMENTAL_ROLE0_ALLOCATOR_LIVE ptr=0x151e0b640 bytes=64 caller=0x10473b554
ETHEREUM_INCREMENTAL_ROLE0_ALLOCATOR_LIVE ptr=0x151e0b680 bytes=64 caller=0x10473b554
ETHEREUM_INCREMENTAL_ROLE0_ALLOCATOR_LIVE ptr=0x151e0b6c0 bytes=64 caller=0x10473b554
ETHEREUM_INCREMENTAL_ROLE0_ALLOCATOR_LIVE ptr=0x151e0b700 bytes=64 caller=0x10473b554
ETHEREUM_INCREMENTAL_ROLE0_ALLOCATOR_LIVE ptr=0x151e0b740 bytes=64 caller=0x10473b554
ETHEREUM_INCREMENTAL_ROLE0_ALLOCATOR_LIVE ptr=0x151e0b780 bytes=64 caller=0x10473b554
ETHEREUM_INCREMENTAL_ROLE0_ALLOCATOR_LIVE ptr=0x151e0b7c0 bytes=64 caller=0x10473b554
ETHEREUM_INCREMENTAL_ROLE0_ALLOCATOR_LIVE ptr=0x151e0b800 bytes=64 caller=0x10473b554
ETHEREUM_INCREMENTAL_ROLE0_ALLOCATOR_LIVE ptr=0x151e0b840 bytes=64 caller=0x10473b554
ETHEREUM_INCREMENTAL_ROLE0_ALLOCATOR_LIVE ptr=0x151e0b880 bytes=64 caller=0x10473b554
ETHEREUM_INCREMENTAL_ROLE0_ALLOCATOR_LIVE ptr=0x151e0b8c0 bytes=64 caller=0x10473b554
ETHEREUM_INCREMENTAL_ROLE0_ALLOCATOR_LIVE ptr=0x151e0b900 bytes=64 caller=0x10473b554
ETHEREUM_INCREMENTAL_ROLE0_ALLOCATOR_LIVE ptr=0x151e0b940 bytes=64 caller=0x10473b554
ETHEREUM_INCREMENTAL_ROLE0_ALLOCATOR_LIVE ptr=0x151e0b980 bytes=64 caller=0x10473b554
ETHEREUM_INCREMENTAL_ROLE0_ALLOCATOR_LIVE ptr=0x151e0b9c0 bytes=64 caller=0x10473b554
ETHEREUM_INCREMENTAL_ROLE0_ALLOCATOR_LIVE ptr=0x151e0ba00 bytes=64 caller=0x10473b554
ETHEREUM_INCREMENTAL_ROLE0_ALLOCATOR_LIVE ptr=0x151e0ba40 bytes=64 caller=0x10473b554
ETHEREUM_INCREMENTAL_ROLE0_ALLOCATOR_LIVE ptr=0x151e0ba80 bytes=64 caller=0x10473b554
ETHEREUM_INCREMENTAL_ROLE0_ALLOCATOR_LIVE ptr=0x151e0bac0 bytes=64 caller=0x10473b554
ETHEREUM_INCREMENTAL_ROLE0_ALLOCATOR_LIVE ptr=0x151e0bb00 bytes=64 caller=0x10473b554
ETHEREUM_INCREMENTAL_ROLE0_ALLOCATOR_LIVE ptr=0x151e0bb40 bytes=64 caller=0x10473b554
ETHEREUM_INCREMENTAL_ROLE0_ALLOCATOR_LIVE ptr=0x151e0bb80 bytes=64 caller=0x10473b554
ETHEREUM_INCREMENTAL_ROLE0_ALLOCATOR_LIVE ptr=0x151e0bbc0 bytes=64 caller=0x10473b554
ETHEREUM_INCREMENTAL_ROLE0_ALLOCATOR_LIVE ptr=0x151e0bc00 bytes=64 caller=0x10473b554
ETHEREUM_INCREMENTAL_ROLE0_ALLOCATOR_LIVE ptr=0x151e0bc40 bytes=64 caller=0x10473b554
ETHEREUM_INCREMENTAL_ROLE0_ALLOCATOR_LIVE ptr=0x151e0bc80 bytes=64 caller=0x10473b554
ETHEREUM_INCREMENTAL_ROLE0_ALLOCATOR_LIVE ptr=0x151e0bcc0 bytes=64 caller=0x10473b554
ETHEREUM_INCREMENTAL_ROLE0_ALLOCATOR_LIVE ptr=0x151e0bd00 bytes=64 caller=0x10473b554
ETHEREUM_INCREMENTAL_ROLE0_ALLOCATOR_LIVE ptr=0x151e0bd40 bytes=64 caller=0x10473b554
ETHEREUM_INCREMENTAL_ROLE0_ALLOCATOR_LIVE ptr=0x151e0bd80 bytes=64 caller=0x10473b554
ETHEREUM_INCREMENTAL_ROLE0_ALLOCATOR_LIVE ptr=0x151e0bdc0 bytes=64 caller=0x10473b554
ETHEREUM_INCREMENTAL_ROLE0_ALLOCATOR_LIVE ptr=0x151e0be00 bytes=64 caller=0x10473b554
ETHEREUM_INCREMENTAL_ROLE0_ALLOCATOR_LIVE ptr=0x151e0be40 bytes=64 caller=0x10473b554
ETHEREUM_INCREMENTAL_ROLE0_ALLOCATOR_LIVE ptr=0x151e0be80 bytes=64 caller=0x10473b554
ETHEREUM_INCREMENTAL_ROLE0_ALLOCATOR_LIVE ptr=0x151e0bec0 bytes=64 caller=0x10473b554
ETHEREUM_INCREMENTAL_ROLE0_ALLOCATOR_LIVE ptr=0x151e0bf00 bytes=64 caller=0x10473b554
ETHEREUM_INCREMENTAL_ROLE0_ALLOCATOR_LIVE ptr=0x151e0bf40 bytes=64 caller=0x10473b554
ETHEREUM_INCREMENTAL_ROLE0_ALLOCATOR_LIVE ptr=0x151e0bf80 bytes=64 caller=0x10473b554
ETHEREUM_INCREMENTAL_ROLE0_ALLOCATOR_LIVE ptr=0x151e0bfc0 bytes=64 caller=0x10473b554
ETHEREUM_INCREMENTAL_ROLE0_ALLOCATOR_LIVE ptr=0x151e0c000 bytes=64 caller=0x10473b554
ETHEREUM_INCREMENTAL_ROLE0_ALLOCATOR_LIVE ptr=0x151e0c040 bytes=64 caller=0x10473b554
ETHEREUM_INCREMENTAL_ROLE0_ALLOCATOR_LIVE ptr=0x151e0c080 bytes=64 caller=0x10473b554
ETHEREUM_INCREMENTAL_ROLE0_ALLOCATOR_LIVE ptr=0x151e0c0c0 bytes=64 caller=0x10473b554
ETHEREUM_INCREMENTAL_ROLE0_ALLOCATOR_LIVE ptr=0x151e0c100 bytes=64 caller=0x10473b554
ETHEREUM_INCREMENTAL_ROLE0_ALLOCATOR_LIVE ptr=0x151e0c140 bytes=64 caller=0x10473b554
ETHEREUM_INCREMENTAL_ROLE0_ALLOCATOR_LIVE ptr=0x151e0c180 bytes=64 caller=0x10473b554
ETHEREUM_INCREMENTAL_ROLE0_ALLOCATOR_LIVE ptr=0x151e0c1c0 bytes=64 caller=0x10473b554
ETHEREUM_INCREMENTAL_ROLE0_ALLOCATOR_LIVE ptr=0x151e0c200 bytes=64 caller=0x10473b554
ETHEREUM_INCREMENTAL_ROLE0_ALLOCATOR_LIVE ptr=0x151e0c240 bytes=64 caller=0x10473b554
ETHEREUM_INCREMENTAL_ROLE0_ALLOCATOR_LIVE ptr=0x151e0c280 bytes=64 caller=0x10473b554
ETHEREUM_INCREMENTAL_ROLE0_ALLOCATOR_LIVE ptr=0x151e0c2c0 bytes=64 caller=0x10473b554
ETHEREUM_INCREMENTAL_ROLE0_ALLOCATOR_LIVE ptr=0x151e0c300 bytes=64 caller=0x10473b554
ETHEREUM_INCREMENTAL_ROLE0_ALLOCATOR_LIVE ptr=0x151e0c340 bytes=64 caller=0x10473b554
ETHEREUM_INCREMENTAL_ROLE0_ALLOCATOR_LIVE ptr=0x151e0c380 bytes=64 caller=0x10473b554
ETHEREUM_INCREMENTAL_ROLE0_ALLOCATOR_LIVE ptr=0x151e0c3c0 bytes=64 caller=0x10473b554
ETHEREUM_INCREMENTAL_ROLE0_ALLOCATOR_LIVE ptr=0x151e0c400 bytes=64 caller=0x10473b554
ETHEREUM_INCREMENTAL_ROLE0_ALLOCATOR_LIVE ptr=0x151e0c440 bytes=64 caller=0x10473b554
ETHEREUM_INCREMENTAL_ROLE0_ALLOCATOR_LIVE ptr=0x151e0c480 bytes=64 caller=0x10473b554
ETHEREUM_INCREMENTAL_ROLE0_ALLOCATOR_LIVE ptr=0x151e0c4c0 bytes=64 caller=0x10473b554
ETHEREUM_INCREMENTAL_ROLE0_ALLOCATOR_LIVE ptr=0x151e0c500 bytes=64 caller=0x10473b554
ETHEREUM_INCREMENTAL_ROLE0_ALLOCATOR_LIVE ptr=0x151e0c540 bytes=64 caller=0x10473b554
ETHEREUM_INCREMENTAL_ROLE0_ALLOCATOR_LIVE ptr=0x151e0c580 bytes=64 caller=0x10473b554
ETHEREUM_INCREMENTAL_ROLE0_ALLOCATOR_LIVE ptr=0x151e0c5c0 bytes=64 caller=0x10473b554
ETHEREUM_INCREMENTAL_ROLE0_ALLOCATOR_LIVE ptr=0x151e0c600 bytes=64 caller=0x10473b554
ETHEREUM_INCREMENTAL_ROLE0_ALLOCATOR_LIVE ptr=0x151e0c640 bytes=64 caller=0x10473b554
ETHEREUM_INCREMENTAL_ROLE0_ALLOCATOR_LIVE ptr=0x151e0c680 bytes=64 caller=0x10473b554
ETHEREUM_INCREMENTAL_ROLE0_ALLOCATOR_LIVE ptr=0x151e0c6c0 bytes=64 caller=0x10473b554
ETHEREUM_INCREMENTAL_ROLE0_ALLOCATOR_LIVE ptr=0x151e0c700 bytes=64 caller=0x10473b554
ETHEREUM_INCREMENTAL_ROLE0_ALLOCATOR_LIVE ptr=0x151e0c740 bytes=64 caller=0x10473b554
ETHEREUM_INCREMENTAL_ROLE0_ALLOCATOR_LIVE ptr=0x151e0c780 bytes=64 caller=0x10473b554
ETHEREUM_INCREMENTAL_ROLE0_ALLOCATOR_LIVE ptr=0x151e0c7c0 bytes=64 caller=0x10473b554
ETHEREUM_INCREMENTAL_ROLE0_ALLOCATOR_LIVE ptr=0x151e0c800 bytes=64 caller=0x10473b554
ETHEREUM_INCREMENTAL_ROLE0_ALLOCATOR_LIVE ptr=0x151e0c840 bytes=64 caller=0x10473b554
ETHEREUM_INCREMENTAL_ROLE0_ALLOCATOR_LIVE ptr=0x151e0c880 bytes=64 caller=0x10473b554
ETHEREUM_INCREMENTAL_ROLE0_ALLOCATOR_LIVE ptr=0x151e0c8c0 bytes=64 caller=0x10473b554
ETHEREUM_INCREMENTAL_ROLE0_ALLOCATOR_LIVE ptr=0x151e0c900 bytes=64 caller=0x10473b554
ETHEREUM_INCREMENTAL_ROLE0_ALLOCATOR_LIVE ptr=0x151e0c940 bytes=64 caller=0x10473b554
ETHEREUM_INCREMENTAL_ROLE0_ALLOCATOR_LIVE ptr=0x151e0c980 bytes=64 caller=0x10473b554
ETHEREUM_INCREMENTAL_ROLE0_ALLOCATOR_LIVE ptr=0x151e0c9c0 bytes=64 caller=0x10473b554
ETHEREUM_INCREMENTAL_ROLE0_ALLOCATOR_LIVE ptr=0x151e0ca00 bytes=64 caller=0x10473b554
ETHEREUM_INCREMENTAL_ROLE0_ALLOCATOR_LIVE ptr=0x151e0ca40 bytes=64 caller=0x10473b554
ETHEREUM_INCREMENTAL_ROLE0_ALLOCATOR_LIVE ptr=0x151e0ca80 bytes=64 caller=0x10473b554
ETHEREUM_INCREMENTAL_ROLE0_ALLOCATOR_LIVE ptr=0x151e0cac0 bytes=64 caller=0x10473b554
ETHEREUM_INCREMENTAL_ROLE0_ALLOCATOR_LIVE ptr=0x151e0cb00 bytes=64 caller=0x10473b554
ETHEREUM_INCREMENTAL_ROLE0_ALLOCATOR_LIVE ptr=0x151e0cb40 bytes=64 caller=0x10473b554
thread 29840959 panic: role0 genuine tracked allocator ownership mismatch
/Users/theodorepender/Coding/stark-proving-engineering/stwo-zig/src/integrations/riscv_cpu/recursive_common_ethereum_incremental_leaf_genuine_runtime_v4.zig:635:9: 0x104f5615b in failLocked__anon_721319 (test)
        @panic("role0 genuine tracked allocator ownership mismatch");
        ^
/Users/theodorepender/Coding/stark-proving-engineering/stwo-zig/src/integrations/riscv_cpu/recursive_common_ethereum_incremental_leaf_genuine_runtime_v4.zig:273:28: 0x104f5458b in alloc (test)
            self.failLocked(
                           ^
/opt/homebrew/Cellar/zig/0.15.2/lib/zig/std/mem/Allocator.zig:129:26: 0x10473b033 in pointColumns (test)
    return a.vtable.alloc(a.ptr, len, alignment, ret_addr);
                         ^
/Users/theodorepender/Coding/stark-proving-engineering/stwo-zig/src/frontends/riscv/air/guest_precompile/keccakf_component.zig:244:40: 0x10473b553 in maskPoints (test)
        const secure = try pointColumns(
                                       ^
/Users/theodorepender/Coding/stark-proving-engineering/stwo-zig/src/frontends/riscv/recursion/ethereum_composition_extension_geometry_v2.zig:318:44: 0x1047418a7 in installFromProductionComponents (test)
        var mask = try component.maskPoints(
                                           ^
/Users/theodorepender/Coding/stark-proving-engineering/stwo-zig/src/frontends/riscv/recursion/ethereum_composition_extension_geometry_v2.zig:163:51: 0x1047b4543 in compileInternal (test)
        try result.installFromProductionComponents(extension);
                                                  ^
/Users/theodorepender/Coding/stark-proving-engineering/stwo-zig/src/frontends/riscv/recursion/incremental_ethereum_vm_composition_program_v4.zig:256:27: 0x1047bec9b in initOwnedMeasuredWithExecution (test)
    return compileInternal(allocator, input, retained_schedule);
                          ^
/Users/theodorepender/Coding/stark-proving-engineering/stwo-zig/src/integrations/riscv_cpu/recursive_common_ethereum_incremental_leaf_campaign_materializer_v4.zig:127:63: 0x1049464e7 in test.role0 genuine two-leaf q193 proof cold-opens into neutral real child (test)
            var base = try Base.initOwnedMeasuredWithExecution(
                                                              ^
/opt/homebrew/Cellar/zig/0.15.2/lib/zig/compiler/test_runner.zig:130:29: 0x104f4e6cb in mainServer (test)
                test_fn.func() catch |err| switch (err) {
                            ^
/opt/homebrew/Cellar/zig/0.15.2/lib/zig/compiler/test_runner.zig:64:26: 0x104f4e343 in main (test)
        return mainServer() catch @panic("internal test runner failure");
                         ^
???:?:?: 0x19bcdc273 in ??? (???)
???:?:?: 0x8364ffffffffffff in ??? (???)
error: while executing test 'recursive_common_ethereum_incremental_leaf_universal_proof_v4_genuine_test.test.role0 genuine two-leaf q193 proof cold-opens into neutral real child', the following command terminated with signal 6 (expected exited with code 0):
./.zig-cache/o/150f554f15e3bb2e65244ed5bc33d0e1/test --cache-dir=./.zig-cache --seed=0x613952f7 --listen=-

Build Summary: 1/4 steps succeeded; 1 failed; 1/1 tests passed
test-ethereum-incremental-leaf-universal-proof-v4-genuine transitive failure
+- genuine two-segment Ethereum incremental role0 proof guard transitive failure
   +- run test failure
      +- compile test ReleaseSafe native success 5m MaxRSS:9G

error: the following build command failed with exit code 1:
.zig-cache/o/7e93b332a198f4871a2d1384d5ea113b/build /opt/homebrew/Cellar/zig/0.15.2/bin/zig /opt/homebrew/Cellar/zig/0.15.2/lib/zig /Users/theodorepender/Coding/stark-proving-engineering/stwo-zig/src/integrations/riscv_cpu .zig-cache /Users/theodorepender/.cache/zig --seed 0x613952f7 -Z8be7953d6ee3f235 --maxrss 25769803776 -j1 test-ethereum-incremental-leaf-universal-proof-v4-genuine -Doptimize=ReleaseSafe --summary all
