position,pie,first_block,last_block,blocks,transactions,steps,ec_ops,pedersen_ops,keccak_ops,archive_sha256,adapted_sha256,adapted_bytes,preimage_sha256,preimage_bytes
1,15653256_15653263,15653256,15653263,8,16,4174690,78,11794,,f24802813efaecb727597e240e65c59933fd67fcd42398f6f04ce0220c2a2f94,0ab78c036d0622580c6b5d728fe3a4484f2344db610c27eeb7ce3232b10c4711,93332824,73acdc45e974b5dbe948ad9d31ce55e0049b0ad3adfd7b1df75c49d2c7d46a9e,11845
2,15653264_15653264,15653264,15653264,1,6,22810055,603,161402,,46a751726086f2b99bdaee6b3bfb23f6d0bec1103890391ef8b7cb79ee5772cd,65dd69e3f1eb08c8db2448da4342758768722bf52bd8caa2de8bdfcb9de2d13a,440427428,f656c48b32e62e7e34e7743a1e4104eba6ec874331f453781377e701e5c8884d,27239
3,15653265_15653265,15653265,15653265,1,7,24191902,453,155043,,2723e59b9eee0e43d7f547861b37cf8bc1fcbb53a4ad82380adc442ba547c662,6c756f54cd192bd7b4e6a7e9827a1c778e3462a58a1479a86c560c5252bf299a,463086264,3a086bd03a5b31cf695931196b69e419befd22416cd733c929fbf896af9cf0d3,23079
4,15653266_15653266,15653266,15653266,1,7,18476160,396,130264,,cd23167906e6595bed38f2ede929710347ac1d3ba3bcc3097a673e050a20e5e3,ac47620be7a0c3bf558546d153ed97f9c95d690c008a2fe11f2d147126ba1694,361522144,44b99bfe01b7acf4310dc49f8abdc90083c5719fff55a2c8542dd7190f9ff696,27203
5,15653267_15653267,15653267,15653267,1,5,21855724,501,160795,,302b53daadc0a61cf284f7281510d5a699ff759bbfc243b3f70e6aaf1cd19b22,670682d3c8a5d9b45e3c00394bef9213a06c55b710f0a59c031550d01c05a4ad,426928808,0db76f254c5ac958f0acafcf5539d93891e5a447d24dbba629d2a6a3541477a8,28723
6,15653268_15653268,15653268,15653268,1,5,20323788,438,148935,,b8ca3925a86031652cdc46939498d632e16e7f39d900ff0c6c79f902ab040d13,80b999dc5c834f50b539ad638eb7788de0cedbf3b058fcbc007d9a606aa1ff94,396087408,489d9f8705407c12ef10a6d2946c5e4c84b0d686cad625758ce27e2eea8fcc1b,30192
7,15653269_15653269,15653269,15653269,1,10,20159760,576,137310,,2bb77c8466ab9b5cc69b4f3b11e0d9538400d67156598269d74d1e0bd10abe61,070260ec3636db9ab78e5e75b853dbc162c2572adc81736452d8d17480d02454,403329776,c2e0af75ea96c7d19b068712a58589d258f389a7d6aa9a2b377c3b67b5af82bd,31371
8,15653270_15653270,15653270,15653270,1,5,19483415,558,148630,,f5c2abefbf74b40d99c65992e6dd9141f22bd4dc70a94fe2770367db7ce8e86b,f5af0a7a21c60d6081b8ef9dd0928a9e76a16c212eebed27e81d4883d1cce153,378558652,12faf6fa89b64e2c73cf4a63910832de8525701d9859cd2dbb763d544b8657d2,35878
9,15653271_15653271,15653271,15653271,1,6,20783995,501,149275,,2e297ce2e0a02c35c582feccfa4aabdbbc48e46331890432b856bba245964182,cdb65359289aa5910db4e88773f14d0d6f01306c0ebbd239d0ab6c09d802265a,400982436,5c70d48015a1706a41c4125ae1df73c82514c4f56869a66336c2bd5af1d94798,30301
10,15653272_15653272,15653272,15653272,1,6,24636718,747,178034,,a1b0e808302ff79695a0df8c747d5278282048c0fe0908553a605e0a62a56500,dac52a5095ff008958870e2b570cb6a1500dc0282782065c73114305e2b87a44,474549452,767929895f2f82c7198939f76afd50fba3ef2782d157de31b83313a13980fd91,38791
11,15653273_15653273,15653273,15653273,1,7,19775759,564,148688,,13843b6c42261c9900a313bbda309fe74ba670ce1060c436ab945d47a1536067,d4d2b1a8352326ce57bcefdd2a2c8dae98ac5c2f4312b428488983b24b3cd91a,383660028,627a98f2f807a311f0ceca0f67ca1802bf48b688fdd1e3ba56d1dca04f382100,32706
12,15653274_15653288,15653274,15653288,15,11,3719171,36,11476,,8c9e5a2dbc7bd357a339cb5a29f6374226bd4b24a7d656f1d0a88516c673d78d,2c7f517aa3c4c8be88c7fbd98a63cc280566a8669a69d2125f86f572cda27bd8,82563004,8572991a4a90514efd6ae79e694686c1156d2eb15f44992391a0cd936a5f4209,8816
13,15653289_15653289,15653289,15653289,1,6,19955397,567,147542,,af5643950515f1baf676875682e6fb15da14bc66a8a327bb434c94d78a2085e9,939419e150dcfc6493c4b7fefbef6b2af6a28753a6682403e59d2e34532188b5,386495412,727ad643d083c185abfe19310582fd5ac4dd3de464a053ed98ba3506ca5dc350,33219
14,15653290_15653290,15653290,15653290,1,5,19497819,447,147717,,e70053540573f9767bcc4feb2095f96f003aca9ed59fc7bf5df069447ee5a3df,cc69dec10c779fc827c37574e39ca92d26b607122c58d8d7a4f5142e5fe7d129,378601196,ac52be7e5641bc1d962b9fa538193b78b789081d262e3cb486951211175c81af,28167
15,15653291_15653291,15653291,15653291,1,6,18249484,339,132512,,cd7eaa4e15c94964fe88b3197669cf1eb3ddc5bd57e93865c63ddf8f3080ef3b,1140a14b5e401370f6ae22ef72730db07f1b1d773c8322856ed5c7938142651b,362855180,19cba9b34d295730dfe54f541bc8e29fa1ac203e8d289d82b43bda8f7daf63a0,29081
16,15653292_15653292,15653292,15653292,1,5,21794513,570,158983,,0c33a69361ffc7c8d10c22130c21f34bf187afcd9dd41ef27827aecb3dc1e9a2,ceec97e5ac27ad139d367909908e3ce72197fffd953613c0a766184d32758740,422354916,31b2b0b1ede34cae89b57685de4f3f83d93aff103fd707ad9a19180141adf3f9,30780
17,15653293_15653293,15653293,15653293,1,6,22005372,462,161962,,376bea9a6cc046e93f3e3b73e3eb70845fcdad387853716af42317407e2e37dc,1a79a6d450d41f9f0006f68d90718a1e0c350a5fb4bb47ce83d5f8c1276e7586,428500648,0d224fcb2cb6113aa602c5659de28485ef50215b7a64745e8a8a02d17544bf16,31796
18,15653294_15653294,15653294,15653294,1,6,24074333,552,167849,,2b8e664fa55385a959ab7e710f72b60fbab6a2d4b0f76d08ecb01655bbf46fa2,468d79154dc6af01e7e8a45172ca305d59b5c245443e773909566ee3f9a086c2,463769092,cdd65ddc4368cca424c1d89934b13963ec18607801568c58525279aaa6f2c725,29610
19,15653295_15653295,15653295,15653295,1,8,21768342,375,128940,,9153f7d1102d554ade09051c5474496e79485935dce03f548a3a7c0acd0cf01b,5de8b52d5a2156c3a82eac5e9680f236832dc8c6a93a82f845520aff38f8bba1,426552936,d8642d6a708853eeda6578a7bc18bdf41885d902bca086b3188f80d89b63806a,23758
20,15653296_15653333,15653296,15653333,38,38,8025246,138,37311,,c16af551646f2b33690c696e83174277ac72d0b9cb89ab3964b662ed2b102ac7,0a7a6e81aeab44753c9345048ee6f7650ca986caaf45ce7cb64b94530b8ea001,168423288,53664366a4bfa846f9b89e55cd7759f23cfa0e4265da40610b8196652d7b2b98,18516
21,15653334_15653334,15653334,15653334,1,6,21774047,414,142377,,673453d1056b614ce061fa8a03287117a6794d4bc514892afc6e702f91e01ddb,a840877d24df355838fbbe15518ba388ab0b474edda84bf9ad1fda0e17cd041f,419295808,818e343fe469a98958ebd3701ea42572f71657bee404a9ea62529bfc844744cf,22567
22,15653335_15653335,15653335,15653335,1,7,22394488,534,145109,,576b4b797588a580c3f6554436eaed6314a08ebf528692b9fca2919483fd837b,a7f8320283288dd1e0733eceafd3769821301e58082490ae095df26b1efef2ca,432685776,e4ce3e20f4c5a8fb29b2e62682314c8e42719758c611b46713a7f84f95fdca05,27594
23,15653336_15653351,15653336,15653351,16,15,11713714,144,81772,,8f58ca87205859193ae2b0f4cc5d6cb7833456d85c6fed57960cb440d0331f31,7a81992caf24c68e1feba61b462f90938c293d43942c4ff7d9e746b0ddad0701,241513256,84537089d6b683c3e1ddbcb215c523ece9e3b1c27e5a06af75c0d17d5a08d7d4,16922
24,15653352_15653352,15653352,15653352,1,9,19738670,276,123985,,cb58cd7b15aa631394cf60bef4df881f5943b286799e9e419a2823b3f45a70f0,de03f70934385d3e7b0851760c47c419b3d9d36764d22787859d4baa39cabdff,382661552,ed2ea48a9e08a1039cca07f786d7b13284cdea35b31113e795c2321278ba8a73,19175
25,15653353_15653379,15653353,15653379,27,37,15275908,201,108227,,3ae5fcb7537076ad405fc72c7d9be1032299cf2b2df19c2d99ff1f6c195e693b,df7ee91090b28ac98e1c935e32971ffeaee2ad7b1e67ea5580bd557029a459d3,307631604,e95d3a58caac9e96a643a0859089e8fa58f5adc3a50febce0cd61e6977bf8ec0,21168
26,15653380_15653414,15653380,15653414,35,41,11195391,156,45855,,6808c34a71e82b86e6f27cd1d9cdbf3c6e15d4aea1bfc0f7d68de9aebc346a0b,7ad65e84a3088d17ebd99a23ae1ff921c6e24db4257e721ca8d185413454afa3,235445208,4e01be06666337f8a528e1791a0d69dea435754c4042c8708b0241ba1d237789,28255
27,15653415_15653416,15653415,15653416,2,2,1582235,6,4381,,14834cad2032d158d13755748ecba3b72286726536ed055fcef37b4eb4343062,622f5c40cdbafb0e9b4dd96c6952e26bb054b76a0ca99a7a4050256274d1fda8,40384976,80b772a44b0b3552ca18f259139ca6ce6e0a9f133283dd9a19176400c632fa22,12020
28,15653417_15653417,15653417,15653417,1,7,22246980,465,152457,,910c08f0d94e229eba41a04c7a5cc2dc6e3bdd61d04ab515d6129ec22f76fba4,8968b4186c841083cbe9e9fd1ffeb7df9ec53677407b4ff9368f9250048d921c,430954048,af8d8932bf04f5e5bbb4c45c0133a10ae731b5f0d704467ff92aab77179106d5,25978
29,15653418_15653418,15653418,15653418,1,7,21991726,444,146267,,ce59319f2e5fe1e3d7f27cc6983ed310fcff5ce19d399469d485fc41faa364e1,8403061eb27f41baaec8fbb3bb61f995d84604df5edf6f52b364f2e3c1e498d8,425465180,8314fe98c1fd1e3c68f87b3a90819193077e883a3fd3ca6c0504661bb4bad409,27993
30,15653419_15653419,15653419,15653419,1,8,23279896,453,147202,,81b3f6cdf79518ebcd5e6c967e96212b1b93d0bf0bbb60eba21c5fe63e52fa06,83247410cba2b2840dad184d8910dde4eeaffffb020ce797b8321992def3846c,447796536,718e97ce1e558f8272c39c5276b86f3bdef84fa8c3cff1cc599fa2932a75f8a3,26455
31,15653420_15653420,15653420,15653420,1,7,21287998,318,135847,,6dd49cd94c7aa1882cbea8772d0e69acfa17759089be1cd8f95af39e157722c8,f33befd19e5e6610f3aa064c2969da6876363fc773260250a33921837a8786ce,415333248,1e1e7ae0b954cb9a26b7c4f1e1ea565c96aef8ce27002371c9db0dabba2e77cc,23119
32,15653421_15653460,15653421,15653460,40,38,8236975,114,37202,,388d154269f595467349f21d0e7a26989b89eaf5e9273bbd2e0c7f9ea62d9ee0,266969a268e08b5e70fa14082879ccc85d61445661dceb7c6333798e0cc23a1e,180312252,8ab23f5f68d671a10525d19251c64c076673ab90db1be9745b934eaeac012191,18073
33,15653461_15653493,15653461,15653493,33,55,11084174,189,51123,,c610cbff84981851c628ffd70ade88998f3f8249ae48922fa0ca098438ffb6c9,dc7f4f26fb5802dc78779d8041b69390e1b6b74feacb2634e9a5402422af1aee,230147984,329d582c6763a30f205b2c82e8d14f65d752a99302eb7975ec37c7cb9cab4063,24239
34,15653494_15653533,15653494,15653533,40,48,8530658,141,43447,,364990e4b97c8e4651412d61088eb851c4201f29e03987996947cc1bd9052ff6,42563785bf7d8636b9aaefa76049c176316527b8eaa3309fc7e48519b132e3ab,175286928,76bad4ef78ee9ba1bbcbd75e568570881814a6eaa0b71648aea16a06ffaf5f08,18719
35,15653534_15653555,15653534,15653555,22,50,13740372,174,84736,,17bd28c751519982982f7374ad5cce8d138455838c7571912fb962dfdb85d409,8f47f19c0b8b737a9240c426fb6b23cd72eb662c5fc138a970e35e467b8b3bc7,280285284,24b8b1062129ac6713e99bdca01f84104de9838c3b5bcb845d6ece9406bcc095,43687
36,15653556_15653593,15653556,15653593,38,44,9084172,135,43952,,7ed17e2ca9673ff772273e7d086a93824aa45d96a36d4ce4f3a2b839cbd96dca,0e1b8c2fa2fc37048880471afb3c81719150d8512b96d6a8d92d4d8954aa6518,188962756,72202c34eb2339b2a4c84017a1e829a0ff9da9e961fe7d7cead56440039a7c2a,23709
37,15653594_15653598,15653594,15653598,5,9,8787217,75,56467,,19289867848a52ea4958b13137a435655296c21f787680c1f3afb7e44714127b,a4435279a1cd3b7bbdece47968fc94278206a3382d5fffab98903dabd8a481a7,182087280,07a0bd4e219b16a9d07362849f3ce46ee8a247e471204265b41cedf01b1fb9e5,12826
38,15653599_15653599,15653599,15653599,1,6,21567435,873,153726,,fcc1f2e1230f23134ed738138192bf0e62f02bf01776a91c11850e3da227a014,1f1f25ff24fdb7c0c8ae8b99a216460cd0d4cb676a6dc6b5bbda2657c3227d89,417248332,4d78ccb2054882942ac0a3369af4ec30fd57b926c0367c75bc56062c54bc3918,39479
39,15653600_15653600,15653600,15653600,1,7,24434572,534,158095,,b9b891e19432315d2c83851fc041195388e67d1fff5f5a85b992dd20ec75de20,4e570fa54f7e651ebb46bbc16c35e59709965bbbcc4967ac3873c021834aa4f3,468691268,9c62c41ee9a1d9d979f4d06585961f060271618ffeb305c1b9167dcac0dcf518,25290
40,15653601_15653601,15653601,15653601,1,7,21521550,543,152552,,5eef34a309f218f5365108b9289d573217084e8f36ad430adba88067a5ebacee,f367babed14242fe631fbf7289c573f82b84702df567ca1f3a6b16ce165ed6ff,420286024,b68ec0dcad1bc7e5af3021ae0e26e0d4accbb038f1a3d7731af8b5f47dcd9e21,37138
41,15653602_15653602,15653602,15653602,1,9,21346640,474,142498,,044e0a17dc4769e6d2fc471d99eaaa5c73f104ea33910730c5b0e3bb3f27899f,876a8f95dd89ac9f68afd16cb6a206011ad0ceb144bfaf96c96df235d564c6ad,416777112,4a08eaddee91168a6d0a0f875c67467a9b7b9826b398f830a18eb1de8229952a,29418
42,15653603_15653603,15653603,15653603,1,6,23022822,603,157043,,d6397f9d2d7c5063626b3cc3ffe704101adf176b286b09aa377d300e54d8a9e0,d37244eda50f08ba4f6aa952acc168370ed28e612f55652b27c25b466bd498ac,443271304,fba6b94c73daa8480f82b20a3798fae2fa2bce11e61fbb621bb8f3941d95cdc7,27950
43,15653604_15653604,15653604,15653604,1,7,17845560,375,122295,,b6f75ae7d6ce9c3a0f0e6e2c3e0c0c3985f02bf74b4d5d9cb2670d474824ab36,1a2ea327939c37b7d7411e7341cc89b8f9bb8718b33bf5ad62301ff8cfab77bb,348992840,cdf53aa67710199a15ead7c61e0baecfe71959b4a1668f3f2139f8e911831ae7,26757
44,15653605_15653605,15653605,15653605,1,6,20858023,570,153890,,14a83bf32d55ce3bff1d65b76863f4365f1fda2dc630de3b4cc0c00ac60bb078,4bf48ea7bfb2d909b9eb100466542c6ad0425245da7becadaa75317bc1718904,403993248,732cbcbe8a6dfc6ec659c6745682874adb8f636ac817faa04fee7df953a1aa30,30885
45,15653606_15653606,15653606,15653606,1,8,19792344,522,137594,,1fc0670a918d7e443f5cef8068ccbdc82349c2ff3115760cc7434c5d42eff432,26da8de9acbff6884aca659d61f4d5fcd21d5ea5a69f40a31cbfbc3b92e4db0a,387357704,406068832821393d92d4795e97dfec27bf413bfe8c3d9a2e69b55ee784a4f85c,33336
46,15653607_15653607,15653607,15653607,1,7,21436780,744,156476,,38f492183c5b34ce06d9cc369253c5c4a7d2ddd189a10eb96e6e4cbc3d399d27,7ecbf9d3c54cad0118c87ecd008d520d012e9523dadae0a9c7dc4c0ed56b483f,414058816,e5d464aabdd3f4f78fc2adb2dc4b795776369ae9a0d33e6712cad9eec6dfd040,39839
47,15653608_15653622,15653608,15653622,15,24,16026306,252,109580,,aea73ef428b2b56f02760c2672d7583572db5d45a8cd1bf636236348766d20f4,c70b1fd24cff66a79a2c07c67b9ffc39f353f338db25df57e38242b1c8496792,324597236,a1461d90cd06c813628916b90fd2422e93c0fdc7fca56f6e4ebe78514466715d,22976
48,15653623_15653623,15653623,15653623,1,6,21820219,537,161174,,86159d6a475ddb4b04ac0a5f4aba09f54a19eacd1a3563a06bcf9f98d59e61aa,de44b8ab84b9ec63620ca62d594aee58353a108ac7c934aecb798477da13ff06,424843828,52442e18e36dbf1887d1f636aa71cfa4ecad76a1a599c83ad8ce401933d55d4d,39412
49,15653624_15653624,15653624,15653624,1,9,23193569,459,144114,,e16af99de6537c18ac49324e38f0c717b18c211d1fce2b28122f01c2d06536cd,7c4d18261ddc9ce68d17b1dfebc2bcb6de69b1fbea069a5b32cfcc3dad3fd485,448570768,310a218a07af798e0a2e694ddf63e17245e88664cf50ec7d88633b92a9e0eb5f,24738
50,15653625_15653625,15653625,15653625,1,7,19733599,462,128981,,e318fc805e8676e62933066810572da25322182fa5c5dca0c759ac037483838d,6f18703d095c812845258c3e211bb29a805726307e7b820e1773abc5ec3f5d88,387874936,e9e296c27f6c52ba5284b9ecb55fdd3a852fa5b5ddd1c78fba812547f53cae54,34496
51,15653626_15653633,15653626,15653633,8,20,18607752,291,118726,,4ea1192d98c26690cbe90525b9fa2064c7382b7701bc31712891d5db53741084,129303e196f6ae4f11679534decbf30c00b4bcd5081844554e4729c6cbadb098,366992920,04826a8da4ffabe8f701d626c942c4d108cef57a4eadd621c24bdec2cbdb2686,24465
52,15653634_15653661,15653634,15653661,28,40,10165475,135,36697,,9fb6f88897c0b919367da4be7650870d955893dd695127a228d22ad3a9cbab40,18e8047c9902cf60e2d3a3a5ff159170fde6f85b3edde258a0dfbac661f0b413,218425640,364021efbdb93182e763a33dc75337f8bf525d0ca3a0782a7258c9bdac4f8626,18730
53,15653662_15653662,15653662,15653662,1,8,18841326,477,119895,,301bad13d71684905a66ccc379c501d4ea5dcf9605aca8a3f75334e05e494c92,1cdb1925ad76cbaf253e93472baa33e72a0017f8a233f142897a815a896311d2,368995324,7012e02cab62268ed30627b19df64f6649c68b288c4ba105425f90fbebcc5718,25781
54,15653663_15653663,15653663,15653663,1,7,23210233,630,157941,,e91201dfdf434a566078e673c19ede2eddb09132320b408c91ba1cc2962336aa,8f2c9e91d3952426ab0894416048f33269a7efa760d48ed0bf811a789de890ba,446243004,86afc1d96ff6156a8a40b1bb117bc5d04df6a580f2666c97de226061066c48ab,31277
55,15653664_15653664,15653664,15653664,1,7,20055512,360,133311,,c72d87f8f878f1694f8b645ba23d2386955057a2810749de16f00dfb31f31bd5,b68f512371b2b4423695e4fde6c46ca4cdf60857884f9e1c942b3f87c7e316d5,388065708,9bf4fff9325a156307e833926a9db4e7748bdf4662d08f8cda8b93b0c57d15e8,24374
56,15653665_15653700,15653665,15653700,36,54,11456683,192,50428,,61331b9dcd2a700e7bf84cf8605009745d166c893f313a228693e439e98e2155,c133e92c4b8a7cdcccab392e77693c75735bb2f88609be07fc0c92d6b96649d3,236540576,8e9f67b8b889d9834efec21e8b885c73da766e9505c421c416059b54852801f0,22893
57,15653701_15653736,15653701,15653736,36,55,10701250,180,52643,,8905510461df093c470a49611638cb08a446e16ecdf24f651a73e1bcc6711451,93254a8971bde5f60fb1f7114f0aea33c436b6d72ce86306319b68742a22a052,221549924,f320e6c1d925da5c6d62b2c74b110aeba896eaf706bffdb93adc1bbf419ef066,21248
58,15653737_15653743,15653737,15653743,7,16,4548673,63,11659,,841440b9dd065b7f6b16b341436d6ccf637d4f2020524477ced0b7283c50b97e,6cf0a5ec79ed68ec20dbcbeacae1f6d458379e989f9096369d5f6294a617a915,104745656,dbe0b89abf44870bf83b75b7e303de753784cb081f928fe2364c5253cd385497,11501
59,15653744_15653744,15653744,15653744,1,7,21078430,495,141208,,e22a79d9549a3a5e24faa531804ed51411d685108d9be522ff636cc00a7df848,f730de785edd74b2bed767dfbec492519f7ab76ad9476d5b22b5f08a1b2a8baf,404682016,060e3dfff60e6b3b5d3c869c94c99ea55df4f7c2f601795d29c302f8723311af,27819
60,15653745_15653745,15653745,15653745,1,7,21455681,555,151929,,7ef818d15a5a6ad304acf9a99cfbbdf808df9a2729a6c517a6668d93ded32649,8388a3fabcf9a1543a3e352559a0cf74b583f538b5e9f71b98dbecc2b651e962,420375884,fd41280e3def88020f67b25f1ea47bc6304e1102da5b1164540a6911ff5c939c,36062
61,15653746_15653746,15653746,15653746,1,8,21720184,708,153560,,b54ca1973386e913d938b5ed376a826ee7df227a251ad4e9e8dba1dcae56a26f,90dca6c9f277c539e207bbb6c3d7fbace0d97896d2a5c7400366a07cc65918d5,424460676,526427365eefa47f4d12658ebeeb16a33554c8e4b5781dc7a8b47add5183bd4d,38924
62,15653747_15653747,15653747,15653747,1,7,22484888,492,153379,,900bd3525d4fe537364f1aa74ac78b6016c72375950ebc0297a15bc73d1d35be,d9ffa3c9b4d75598bcce789eb581bf65761c5eabc48ad09fe89383a08d2df976,435061960,f40ac0045705e425c219833dacacd7a52a88fbeeab9b697685404c72dff3a520,31447
63,15653748_15653769,15653748,15653769,22,24,17393679,249,117270,,2dfedb52bd55c9c1b8da5bfa2de399ef40db45cf363f6f55b010754921574c94,dc8ba8736fc65b240f032b47032400b45c7fc747a28d0b437c75f26c71f42921,349845916,4da307a8f9da669e8627aae7c5eed2467d423cd5e9275001ab5d6db009074484,24981
64,15653770_15653810,15653770,15653810,41,45,8608694,129,53140,,28136824a8c38331494d00d9d18b0581992ef0b4fcac999bf3279bf549255ab0,f05ad6fc652f290882c347ed88ae9c7b8b726813ebf7af6fa2b249bccfe60e5f,185357076,65a1ac9031530ce4788e683ed38f06287ee2131944c9d71f5400714ecfd30de7,18859
65,15653811_15653848,15653811,15653848,38,54,10586726,189,47299,,4a3aaa4f08f50601a44188813df9a066044973e4a2ccd4b364a185c3fc5606b4,782aa98aaee20293516a628f53806b16b09dfb85609f540d0db1fabec962d525,221100348,54cb0a4c1d14911e88d0d663948fd69ba1ed0addb8c171d83e6e3e76a21ccc45,24623
66,15653849_15653884,15653849,15653884,36,51,11505828,174,53508,,5f34745bb05a04df6a7df7af55231512ae939f92a7c49d593ac5c83bcf6ab78a,ffac39143952bc6a726ba41e9185f3dc91f8ac71982513dd3b13728f722f2ee2,238378112,da3ddb6e0ab94db73f1eece0c4c48af4c35c70f80269c12f59eb12816e2039c6,28494
67,15653885_15653907,15653885,15653907,23,37,12986946,135,66334,,2b992f9449abf8d7aae218b130e0cd57dcb0b9d7ea6e190c8bf7cefebefa4940,2aa766baa41801b2d91ceeca7d99c7da0ac9b7e7df10b2b0304803f43015616a,266064108,d6542aba2c9dec27c2b4896e9d83a6d872732ad4a04aecb34d9d7e08657a49af,47508
68,15653908_15653947,15653908,15653947,40,49,10592993,165,45617,,664ca647118b85183dac335ec445edb2d6a44b334fadbac1a36918e649e0aa33,07815a277d3717215c4cdeeb48fbf22c7d079608be3ac9bdd0fb3175abb98034,219812580,dad7d31b188baa020c1f0aee34be533c6581e56c145cc95a380cec9a68f1875f,20737
69,15653948_15653954,15653948,15653954,7,22,5064339,66,16600,,42f2f04f07c0896bebda0c7421af0fed3ec4cef12e15f463d3404d96cbb7cc76,25f60ac26ef552d0d235e317a8d695ec47e001be334fb8d248b837b6edcbb7e6,111104592,caf42ae26cc81e44c074694db499a7c48c8da486fbf777a008a1de0a2b98b999,13060
70,15653955_15653955,15653955,15653955,1,11,18637925,297,121034,,720bd32067d8a7eba98951cabf647e525e798e0e7be734c2678656522b938345,cbfa01c2045bd70d97ee64f9a82599d7e006d0437e19641ddcae982ed0c1c0a4,364379172,71ddf8185faefd3f8a83942efaf78fca1c8ccfadba3ca63eb9d995612e456b86,25731
71,15653956_15653956,15653956,15653956,1,7,24708518,720,166866,,f1235227a7930a4fabc52ef9dee0f48da57444cb7fb40fd40966fa1722d5b593,0d08440ef1e7f3a68b39feab590c4bd7094395b266f289d2141e111266ce267a,473963268,9d20fa10a84ddf06ffc20f687dd194a5a6538a1dc4b5cc070e043aa9594b5142,37813
72,15653957_15653957,15653957,15653957,1,12,20578750,516,132121,,cb020752d8e6c24acee9dea9ca0d145a3b9a8431171baebe8d3d3e136be9bd11,a47e74cd0e5603b7069dad39f1f626b88a65a42028bb957c42fa1d3b31286eaf,401419112,2c23d3b5e701baab91c244c5f7666bd34c5cd5ebba6f14f4cf5ad0b6e84a012f,32417
73,15653958_15653958,15653958,15653958,1,8,22606129,519,146784,,bdeb12879c14d4f3f0980396dd8212441d752f72737738cac434eef6f7555777,161e873601ebdb7631f2d01b47e4eea5c8d087787acfb27f4d97461b299cab0f,437385432,f40fa4b89361d24f43bc515efeae1df8a67d466fb0fda4726aa5e12dbc767e6e,28558
74,15653959_15653959,15653959,15653959,1,8,21278232,432,140306,,a653864117cd75f5c52af22cdb4503a80522f5fd9b46fa1898bc7fda8d853122,a49e64ee4ca51f348c69ae1461b2172903404a8554b972dc4e34ce6151183bf5,416768108,de06bec532e4a64a826b45329de6435fb1153a8e2200cc94c5e6318fd29e2fc0,29150
75,15653960_15653960,15653960,15653960,1,7,22215381,708,155152,,d0bb58c76913dd206aa5366b56e77093b8fca6580b0dd95dedab3e1f3ae4a4df,b1ec09066fc3fa604758fe8b4fb7a9e8c92c2c9650267e0cdba338ecda684e6e,430818492,3220e0ffa95ac74b316755c791f474c06e1b68b81f629dc271b52ea86a117a5a,37250
76,15653961_15653961,15653961,15653961,1,8,22292003,507,155965,,5b3d8e044d551ae23df8dca99eb6aee3cf3b1f369b70cc647aad8c2b0a6f6cd7,71e29fb79c76f1c71704086951f0f18066f4626ab98dea8739edc2ffd0218a35,435187124,1f58030886250cbbdbc921d28e7e1861e2449f6b289828dccf93bbee545248cd,37566
77,15653962_15653962,15653962,15653962,1,9,21032443,333,122326,,09ac64428afa605e26b429538f383b52c47397d68938c964b50d367764233413,db141f6256ca73a4eacd47d115bb7018dcd2e01d9d1b8006d64d89a3d9a72c41,407749080,4078ac145389e1bb3c48a1ceffcca90ef3dcf59f969f1e0ffb4fd399ee0291b9,21933
78,15653963_15653965,15653963,15653965,3,12,19136720,369,125637,,25476ae76af0f595ae4f8ab3bcdd85e26ce204c4c09dd2ad8bee794fe20b9e0b,3bbe965e6c69567370ccddecd92e3fbbd331ec2a3746c5efb41f93c7b81c258d,375112692,ca87681d4674b0b7790ce8e8323de423dd126ebb684d48d6e4a1ad05340d12a0,30750
79,15653966_15653990,15653966,15653990,25,50,12479709,168,47797,,37d423dc076d1c35259f2e6532d4a71bde57929361e6ef0137fa961a493bc101,9a74662d6b0ad30954156078de084f8c2d6d1b364b0d6b7a3b6834827c59ddb8,258969132,51358c5ff331ca4bbbd2238eeca5e146e3c2f2eb60a21b46f9dc0b2e375d6cd1,25602
80,15653991_15653991,15653991,15653991,1,7,23353283,438,148336,,d7fc0cacb08e57acead2d85e3cbece5e984d3cc606140a30c0bb48101ed4edc5,a076f2ebe1523af00490891f770e35f207d2b276c3f3f16c05004d3aa8a44149,447369020,379b4a82c90ed65bb793ef352a2f8d7fd66a4f806eec313026c6ca1b16d268d9,22139
81,15653992_15653992,15653992,15653992,1,7,23738567,819,169956,,558072d1d9f1bec48db1e92fd198bbbd3b252d30b51e5605d5e92ef0f5a925be,89c000df829a3f8fadfd360278b4dbed3828c1ffdc4af6bc5c9c8e173af9769b,459149684,79b476e6fe17edcb24716fd42abf5f0c31f5d958db5375beeb778673417aa1e1,47683
82,15653993_15653993,15653993,15653993,1,8,21996856,507,151686,,eb6c18dc5ff9393d218041bbcf87f7144609ac3332eec5f26ad4db4b88eff93e,b39fd70b07aff004875fc5da9818f73df9a90e58432776c951a380d7cf96b59f,428136068,dfaca36425b6ba36b461a95d095b2628cae9a87085a6cebb08d81082eca1bca7,29646
83,15653994_15653994,15653994,15653994,1,7,21617959,417,138542,,e30b505fb23f06f4ed84ced3a8173db606ce807e6aabcdb2e2363e98edcecef9,9e527fa3e8d364bf3e4b26a484f4edd80dc1e57e8b995bba8373584e60c3d454,417709068,75c220fac818a411ebd35995f5e461c64c1bbc9075a9134c019ee5497ba9cdb3,26899
84,15653995_15653998,15653995,15653998,4,21,22389758,282,122938,,bc241d87e2defa79ee268e66e6de0ec5dffd25977f49c840686921cb3d769db3,17149e283cd78d3a74f50a05f7da024a2b06729efd7e8c794e7a599889dd2107,450253132,1fbd0d0592438bda0ce019fa53edd35ef25e8d110a3d0f204c340e08ace880bb,29851
85,15653999_15654005,15653999,15654005,7,15,4931709,42,10379,,ecfd7306c365bfd969505e7b174f9546b8d4bbf69875633d373b010829cbd2fa,40d39cec5ba1d488a23abd4d4dc0ed5fd8c3e1667544c29fbc2988acd1fd6465,113981276,afd2d69010a60508e95ea480061cebbb041d3b3445d189e9813219bf78667ba8,11407
86,15654006_15654006,15654006,15654006,1,8,24358350,474,154827,,f03fc5d0f68659c3051813c1cc9b9d074c4db6dd6e65a03d774ef1ef03baea53,56b53c4da4f51941b9203ca83b9386dd741b66797fa0aff209e15fc6c3c7da25,465952864,013cc6f914c67516c8829ac7b0fc300bcc8c60197f322d46b78328acc58b4820,27556
87,15654007_15654025,15654007,15654025,19,31,18486483,246,109393,,031c523fe360bfb687726ceffe42ea89d015fc24e4454588b6b268d0e959a032,c0b2ab516ebf4e71316544134caf82be9cbb8e4fdc4973e6b0a3e344e772034c,371180564,b949f749014b2f7a4741b7f001755e1cf6c5f5ad42e1f196aa28b7919ed556ef,29442
88,15654026_15654026,15654026,15654026,1,8,21385023,378,142176,,e711558bbcc0399dc8f2490b4068d57eb211599b4c2012d851f9d6517fe9679c,8b1de0476e4cb6d9eea5f0957709a3b527a3d37dee37f9f4769136eb565b8947,419850408,d57705436f1591512b887952c5a7e9336897a58ae12c5c5f05715dd87a7fea36,24285
89,15654027_15654027,15654027,15654027,1,8,21701221,435,147246,,284e7e965fbfd1551147d7b8aef0eb7574f179078cc236c47844c20a5716fe44,97d433cfb4f76d4d94b16d8046680093801a06a5c5e4cb84334f06b13f04064b,423255728,920109b34102c5eae77e7ea7036ba612ff405153b4f4faed2c89711108560058,27195
90,15654028_15654037,15654028,15654037,10,22,6551764,78,18789,,405aa3153cb415c77e920401851141f6fe5e9940820d5f0c96a837aee2d46f49,0f0cd5f5670911fa224d6f540e6074709c478035fc5fcab2d52beaf841216d9a,142813952,9f1f64350fc15c5374cff0f3f186afc2866f82f7ba3972f77c61fb821ce11f94,13477
91,15654038_15654046,15654038,15654046,9,14,17829904,306,121616,,224ec371eeeef95b913a4f44bb61f17fdda3f9a55d6e0341febc551ea676c3cc,8edb5eeec64f0cd7268eee11edf4c93c55ca1e1b13046a33cdc671f22a87f5a3,349575168,727f5a700f3f5ea631a59c6ee618696a031726565fc7ab22d7434883b9c8bac3,25578
92,15654047_15654083,15654047,15654083,37,57,10351996,198,47900,,10a924d999a7d5dd86236fb539e40a24f6add58bbec195ec54f16cbe6f608f43,50acd12c36019c47921a15e3af07654240e033473f9275d661c4b9c11f87b6b8,213921548,e1dd3641c714b1bff5a24f47a02a2fa03a59cab6f368e2e007eef93f73df6a75,19890
93,15654084_15654120,15654084,15654120,37,42,9266993,150,43149,,87bb8d838d4d2757674b867cdc57bfb870143138bdd10388a38f48622653fe58,b6b80d476bde473a205a76f1a4d3416eb596a48aa8f33883afcea3fc63bc72f0,192753636,69a76c2a45468c79e9f4471686501e157590ad9925a1e2bd36ceb1b1648b4364,22370
94,15654121_15654146,15654121,15654146,26,67,16006866,216,78228,,e56fecc6f4510b4886f7e15827bf6243d6b5aad24a1a2ad98352c1e4958817c3,0794e7dac5f88622778615d7f53b16d0e254a4e4370e283da26908bba7115621,325885172,2b49ae8718664e858aadfd31bfb659a4f28d14358175049044d94dfa20bf937a,31041
95,15654147_15654147,15654147,15654147,1,6,19801475,360,150071,,6811161b33fce197f28ab139b5442b0caca99a392719e44dbcb91d20e7697759,99285eee5d1440d3ebbf2022b65cb551b7dc8b89421e9374b283dcd2708fb03a,383106040,30a59b7416a52373908ec5268babd8f6cd02a73235c9ae7abd99d13c6598d9cb,51781
96,15654148_15654148,15654148,15654148,1,6,22382729,528,159426,,be2bf15ff810975df826119b5a01953cf5d7fe4095165240469ec7fee31715ec,7fe5fa923f0823b8807351377f7a0916a1ac3489470aad2a3fbac0281554c758,435388668,0dc026563814322590923478fe7562aea1a35ad81d65c55faa2562fb4610b072,37999
97,15654149_15654149,15654149,15654149,1,11,20403558,402,133746,,f9c12ff7d55c7360d752ed339e444401d51e0c2de443543751199117010e85bd,ce53ce859d847465d897d256c9233e1a5c2292033e718b5d899e4a6b8d81edda,403524704,8fab1a59159b7ee318639494a78ab8569405c71f501048ca4420db43af0fe293,33238
98,15654150_15654150,15654150,15654150,1,7,23410228,612,153715,,734daf484d1062037be700ce3ad5c952698d85413a1171cea9c58df52882ec53,2210411f47dcd96c77418d18db2d15689b21668f7723e944211ef75b66a06ed4,449130908,1d5e3add4b1e23867a546ff67408625c27b5958f21fa31eb10b635849a512e99,27203
99,15654151_15654151,15654151,15654151,1,8,19929612,405,134915,,824b6c53d11d7bb16693a3da3af947234649e5d97725e8dbff4e95ece81e1bfb,cceb4b4e611563c48b76803df66f56bd7459ea55e3cd6c79349453ad70973e33,390432400,60bc9af8323fddb85b4ec6d1b62b5b15f7744fb87c2fb97d5da5c6c663f47636,30230
100,15654152_15654152,15654152,15654152,1,16,22768505,558,152956,,8c2390a8237b532fc0d8f75979eeba4985ead2aaaf57b8a8b0c2649f8375fe0c,8784a6e171d460f428b16664b1be1c86a8481ea6d228d367bd453d1428e97a29,447255388,1ae70a4d306b0028e4e12dab44c32deb8b55e78fb72847da2a5ffde364fb126b,40716
101,15654153_15654153,15654153,15654153,1,7,20428191,393,139814,,54f2bef21e9d924050a8928ef96248fe9ff959501b003df95d76a79f31935440,4c115ae8891dbde2065b15564e8f839b4939bf948cab1fedf6f75fcba4850ec7,395072792,1efa332ade184b6f3675fa0c5a4721ec284c1d0125539ee3902e7ce320323bf7,25939
102,15654154_15654155,15654154,15654155,2,12,21487780,339,137881,,e4d9cd4ee785e005da69c356a748ba02b7682d6c4360f8d2d9e29315182b9787,46f9f6141a76b5afc9d086ddc4c4b2435b265599a6527f7bb30e91ada48f3d4f,425575320,81ac2d3dc733707dfeafb0160070a0609ddf6a4a6227e56094b22027d8ff992a,32633
103,15654156_15654177,15654156,15654177,22,53,17588395,171,80658,,eddce56b9270e3a5c825b4f8a122b6132f20bcaa3263d68a1d935170f46b2d28,b3d17cc34a31b934172537175bf069a8e5693c8cb8f52f73532168ad664ffca2,360531972,f101383ffa5388448991027135ff18a1487760790c3a54694670480432bb5ca1,32863
104,15654178_15654206,15654178,15654206,29,40,13094504,129,58855,,dbcbf79e06bc7a31a0774d9c1f47f15e2ac3698cdc5fe3ba0d8e608c348e5a84,95b91637a45dbe8191df42c54ef08ce13fadd6e16454a65f6a27f690b10b9d9d,267132900,f90f06c8a92f23411f3ba5576caff5783b080ab9bd36c5f92356d6a822f142f3,30003
105,15654207_15654217,15654207,15654217,11,9,3208192,27,13982,,485ed12430c11b6a90527b8363c8dd8a2f8af6fd21cea76caac57fd46f8f356c,79155af1b6cf6b874be21afde67a29798f2c3751ce4761bd087281010b162df5,71111008,ab181bd3c6dcd15e9eb93eb755e56c6dc45adc4ca34baf8e8ecbf80d2cd4d42a,11889
106,15654218_15654218,15654218,15654218,1,7,20853003,585,144848,,eb697d3222b48514875793d2cef0d14aa118a3e52847ae7ea2cbb0020f747494,6f5ad2b6e3ed2f7d75396fcd8725922cb08a443925539066f3fb6ce8ff519052,405873564,351808fe2987a03dc60570bc637ded01cdbc590329be1f57b0fc541eae5019db,32589
107,15654219_15654219,15654219,15654219,1,9,20316082,399,121165,,06fa03482a480463a66f4fe049ea23c18eae14f28dc1d0ae82c3fbd180f5bbcb,2d23e31448c786fbd4f269c8cfd88abb439d659ab80af8f368be8991a125c12e,392533708,105269169414ffa1243c73b7a8a6ce77ca50b05d573d6bbe36333dd91fb983cd,27493
108,15654220_15654220,15654220,15654220,1,6,22232389,429,149164,,bd69fd7dc6051286f1334959c2b92585a8a7c639d61525555c77fb4e5b843a10,59d52b5976993ef158ee5af92213fef104bc127146e583c601ac46514d69baae,428111300,a10a4bd02cf8862b1689c699913911302723b6ea1d7625f47771eef5eb13e624,22684
109,15654221_15654221,15654221,15654221,1,7,20571695,372,140423,,173bc1a24a27c9c033dbf7efac00c1fe4b10e109de7cf115efde190b4ec2c911,18a868f746aa56716ba916537e7e414f944144584feec3e43990e5a65c38c14d,401851888,df8f3c5579c4a6f5954d18bfb535e00ab3e9ee93eef660978942b704e42d0269,29129
110,15654222_15654222,15654222,15654222,1,8,23451919,426,136890,,80ab4651b3a5a34fcc7831c442269d51e27a676247bb37ae0cd1d74544aaa426,a447e41cdf1f71b890204dde35ffe9e342b51acfef9a4e0f9556639ab7e45bb3,450577812,2a9149abb40fd5c4150177b5e0f804175f628ad05dadae28a91121e79f958344,24172
111,15654223_15654223,15654223,15654223,1,7,19903400,393,119155,,b101317411762f8bcf7c53678d7d94b656e19af9de06b8193021679ff8e15519,ec4fd031fcdaa6070b05027b01103c3a203dd5eed71c64011943dab28dde0201,386081572,509f22fc631fbbc6149ebbe9decb5f54dca78b8d4782124a9ca56085442a88d2,25401
112,15654224_15654228,15654224,15654228,5,13,19879387,333,129188,,bbdb65ebbb0bcd0ff16a7038e045c44900763107b4674783dab03606fe1f7de9,3f9a90d32b3615fd45dfe7b06f19ae611c325e47a6441dac428138694bd63165,389399100,ffa382b4ed4f843596aab11e4e081fa92c51c594fdb54ac4ae5aaf2388360d26,27468
113,15654229_15654250,15654229,15654250,22,38,15266830,120,59302,,78c3601e0b83f0b26190e7c7f252f3fc6b99f653ce8cd0b65ef55119711c4e80,b3f4882d330d32296f715927aecf4893adf8637505370a656d2869b06d459714,309836556,f02b2202395ae0b62b00406dba0c88d373217a8e489e87efa9aed9cdbbb8a478,29535
114,15654251_15654251,15654251,15654251,1,7,21159856,420,142249,,7637477883436726bd9dbedbd188b8d6142ab4340e9937fef7a5879eb6d810f4,99a28da4b765135771e21e5548c61e0ed9a5de574e3cd3324a2b8a435592b209,409861300,624edf74e06901e9eaf7f1b2605898e395261324265c50df3c02cbdfb042f04e,33957
115,15654252_15654252,15654252,15654252,1,7,21076104,381,133704,,d1c4afacf3a3774252839d8e5dae97290f0dc6efdf057d8e00fc2d4de3729161,6b3e4b3a4c9938c9bc33f4c65d9612946ddf325a6a8da1b8e0c40f7a5654c583,411772872,3792f4b18533caf23ea50efc1e411b1237baaca3f7c707ad772f875843c4e6bb,30263
116,15654253_15654253,15654253,15654253,1,11,22475892,450,150406,,3dd47dfe9e9dc213e4747374ec3f631855cdc1c7f341ce6401d2c0460d5c15a7,6ee49851ef053012e7f832d0982737bc0b3198e33c42643dbb92ccd7607b9497,442493152,24f9a7d8612e5ca00c341512bcb308997b8932dae5a19af1feca804bcb3e0115,41062
117,15654254_15654278,15654254,15654278,25,39,14580203,123,63245,,12041cf0fb897b6f0268112f151c79e31c255314d4295470eb03168983a8a3b7,dcc01c27cb9f34ae393c38abd70eaddc991d4904f58c17bc0dde5d1dda47c1a9,302469704,0945c8dad6f0c74565999640631ba59cb4db37a57103a866b7e500a83a3a276b,38999
118,15654279_15654279,15654279,15654279,1,10,23755238,636,152436,,aa35dd514afd7c8e2722b136c393a30e6ecbe6174af967fd184ab18b9ccefd3b,dbd6ea01a4f0103bb72bdf6d86782074b691b99d2cee31dc24ab440c41e51458,456893252,858faee6e9e87b9a9f1ca8b27c796e7386f3422682934f601281850535de9933,36429
119,15654280_15654280,15654280,15654280,1,7,20916001,393,153242,,cfb4a5276d8f9ab89c30780ee38d55f2a71008ef60b933ad13a36bb610b526b1,2703ce0d95d74046b6830314cbcabe33bc9cf29c83c1fdd9cdbc88db0c8f7ae4,406615096,4ff2c00eac3f81cdcc7b04ee905f552cf97dcfb8f73734986767764b1e089c34,31163
120,15654281_15654291,15654281,15654291,11,12,6365392,42,14225,2,eb9eb756132b7d8ef2a24ea6ee7f9d672c5651fa0b443206643ddeae95dde909,6edbcb09a2987321b3a249b63f02f1fe44e72dcafd03866c7b450decfc025739,141685684,c63ad31917073ff4366ff56e2105af89b0dd6da10c971622f7493fba7824d5c5,13330
121,15654292_15654292,15654292,15654292,1,10,21146500,447,137055,,84a728e1f6699a041f5886fa278b54a33f084b84599eae0c1dc6013fd238f4ca,c71ac38ff01db980d5e5b9e220613e141d4d639f590ec95217830f3eba96a87b,414766748,19a49dc19dadec7f8672abe9da8337c3a055b658016614cfebac8f657d7ab4d3,28523
122,15654293_15654323,15654293,15654323,31,54,14670425,213,51651,,f629c4b527819e53c301352a407437f64d698958216201ee318a645ce593b34a,56404512812709d8fb5ebea02ed1f9afc50447c26a964279aebc15d719ce6571,300738524,6b3d64385299bd468690185cd050dcb8bdf44b7f675a9bbd43f2f1d876389d78,27933
123,15654324_15654335,15654324,15654335,12,17,4820196,54,15930,,bafffa0911d58f8db1867076e179533e1b4e656daf9e45feeedc3fd32d89c27f,0de8323b9015d98ff136ced3836cd022d7d7f393dcf5d6e7fa40bf04edb46a72,106465600,ee2bb393e41a924d6ef897e9cc6ee1fbf3fbbfbd1b9c656e0bd594bb4186957a,11625
124,15654336_15654336,15654336,15654336,1,8,24801662,510,160514,,2b15aded57260346d04f8c2c206354b72d4a774145739ec4080c5fefe7bd5677,cbebf660be209035367440ba1e05788e98867f663896ebc9095983c2b5e64d7c,474652348,2f23e6aa04a3a8f7772a4e5338d457b67a09e71f43d2132e2babb177105a5c94,31148
125,15654337_15654337,15654337,15654337,1,7,22144126,357,141234,,6b7adc98e07a1634e8ddc5da7e039c287060bd9895efec44c94f8cc5d7678bdd,b63d894ee00a1b3a5494e07fd5484a0a13e3d6617572ee87ba8b3c6c21083dfc,431171400,df6694f956bb049d72e1f6c01e4959f20173870d1aa926072ef89c7bb88c7a68,27159
126,15654338_15654341,15654338,15654341,4,12,19058927,327,130347,,7f26edb5375558109a350a85ee11524da9a06a41838bf27f37ffeb6bc6a84a3b,24deaee189abd51ff506a5dc5bf8ff40f3d48f7dade51958cc623f23768e01fb,371041708,d5cbd76111d153dc5ad17429ed2fb56a441add9e9dfc4e85d59e2c4a8703a6a9,26120
127,15654342_15654371,15654342,15654371,30,62,11732581,192,58942,,38482e5d0a0446d49444e7f51c9973a197364cfff19fcc375269df0086f0bbd0,10c43bec51de1cd6183bc39786418ed8c1776df82f729b66ed8bcdfbe3dcc1cd,254283384,60ec70400f965bd4fc581ab16a8b737913a5199712ad8d840301423fea4cfe74,23642
128,15654372_15654401,15654372,15654401,30,71,12352936,237,63575,,726f861f46071de5650c2dc12e03e6055d64423f14352474af18226a09eb2824,0c587dd8767b4afe14e97b5fbb5bded7a531d3289225b840b6eff865dde57d76,252461380,dc23b52919b864cf3c6120a9992ae60c06d72b24f040fa461d8b1580d28a621e,29818
129,15654402_15654433,15654402,15654433,32,49,11815525,174,57211,14,c02959743850a38924f66153642b052a359a7eda13e0b6dbc6a555013941ac70,ee567583c93d5ba6bbcb732f160ad675828d3bdc9c60b8832f0e75e311f483b8,251103956,fef03e9ac3b29d5af96623dbb6ba4611b04fb0f8885e0d2ae1902b7a7fbab4ca,24737
130,15654434_15654461,15654434,15654461,28,50,12857257,156,62777,,c5bfcc0d3e7f072ac0aadfa630cc2f926d0763340e2a7911555cecb5e9d99c54,1471c342121851a858cb2068e181a9d1acd4188f189c5c3548847da03f2c4e2e,265835504,a0bde7f546f3fb929eb52fbdf5b151d709350affe4a34c0cbbaebf73103b2264,28012
131,15654462_15654462,15654462,15654462,1,6,20966523,399,148432,,5dde7688c43c74d18a14e61108d39547812c1599e96d9ca9713dd2945a2fb29c,7386b4ed67dca95e128d193c036bad08b926f7c215a3b13afbb2a8c919f24d64,403903280,80d2697c8552307dfd9cd782347b5dd9357f6d11380e4c7227ce72f31d5238c6,28311
132,15654463_15654463,15654463,15654463,1,8,22976270,597,154133,,ea0c81438fc16927fe786bd76bc7b7bf327d7a76e2422c56bd32e698841531fc,400dee9f4a19be420bb19b7351bf5b927ebd870a9c7d3f4114723d0756591ca4,444222128,79828b496463805f9a21b379dcf42f42e2bacc9480a96d34c81e343d26248361,32019
133,15654464_15654464,15654464,15654464,1,7,22523708,519,150782,,79e5aaed68acb2e0594b27d7903ebbdf7654ae08ed269a1d7bab19be900547ad,b23f2bcbd939b5c43a90fbdde5b39546b43e8c612276797633f9cd58cefa747e,435532360,2094f4196eb8864ff2c4fd0d3c2096a71585b69d35e4df00bbdd3fa2e2afeef3,32153
134,15654465_15654465,15654465,15654465,1,7,20922401,375,127375,,0a6c9dd5f7943fe169f3afdb0535858ebc231337bad4a189d15dd64ea704450c,277ff368553f2f358d34ebb9db32982611277718edd0cb9c406b231d36071daa,409817516,6cde77dd0fbdc555435c0b7d224375dcd8776c2ca5867c4382d1639ae42cd46c,23128
135,15654466_15654466,15654466,15654466,1,7,21565891,378,137756,,916db987cdaf2081131853544e0188aaf09529c0b4a3d078eb50744dc64ac41a,85e47dbbac8942000fda2e559b0929b42d97f18ac5435fd51a1f1c9799daa9ab,421679664,4e69baf819bc329d9bbef9d96af1c296ede72c80de404ce1da6f78f6cce1abb7,26768
136,15654467_15654467,15654467,15654467,1,9,21361262,447,132934,,0568043ae5c6bed3449a5476b601853eabbff4d96e3412a68384f37393cfee8a,488b9fef2f0871a494d787c270bb345366e2754cf65e8ab7ab734af4fe1cadb4,414586780,10b907b4e5ad07e312f76e084426d25999da8010169e974bba0931233e497b0e,24896
137,15654468_15654468,15654468,15654468,1,6,20781337,504,150008,12,c065462ac48e8bca0a57543a4c9944c1992a42e4166f7a70fa8e83a75dce9289,16348ef4b3b43dfb8141bcc06f31296a6f67b4e79124cc2b8cbf7a210629e6bb,408728184,d51deaf9c8823d97a0c25eefbcc0d7b88c5e464eafbd8c35c31b608750790f0b,33182
138,15654469_15654469,15654469,15654469,1,8,22517864,390,147048,,0435a2040c1f63cd9c8e6513d0b657ee814fb07f41145559a1436a68d39c957f,2d291c6451b51c2ff04eb9bc37d73780db33f87eafe70c159f4373cb2941a503,435891680,16595349d22f9696c224e09f3cac720c27cd1f2bcdc3b22b3b9596bf784c62ea,28755
139,15654470_15654484,15654470,15654484,15,23,18420272,291,118292,,46fe8b7032e73c1e6c57e59ad064d83ac3b9723224ad1c8d46bf54be14076d9a,9966828ba819857d129d8ea76a743ecc02a517f541d24543fec3adf6dc3401e0,367107412,ec2c75dee93d4221accbb548427a6791206c9e862f454d75c11d61babe18da03,27506
140,15654485_15654517,15654485,15654517,33,59,10935132,213,53271,,d5d1457cd9fe1d8666c39e8628d3b3e5c299576ef93c687e02f84bc939468df4,6fb424a06ab206f90675de777db626622c58e9c84c0ca834e53ed40c6bdcd019,225126924,ce031168c38abc14797b5ba37a4138a041b42a861976481ee4f4594920b41516,23729
141,15654518_15654555,15654518,15654555,38,46,10334419,144,50179,,65dad55cc7e54c4bc8cec45d40fc9e010a1585a101b822a5e7d7b59a5bc7bde4,6818affea38604c77cd666b8ca89e9eb383531a34a836ce7d6877d62a0f3b071,221197608,9072b8248636036cdc8863fe5a733ba5392890060bb23f25285e371ca577bcd1,24312
142,15654556_15654594,15654556,15654594,39,40,9851972,123,42568,,ae7d347f345d130db0f56e7968be485e60f0b69f3063a938036db2af1b784d34,5c1952981dc7facb57a24be85aec36a04d40838da89837aa360bf40cb8d0cc4c,206112244,2cbbc77aea11812259ea404765aa5125a546b57697f0a9f37c3f0867467f46b1,18981
143,15654595_15654622,15654595,15654622,28,40,12346001,132,57380,,300caf46bf7a6c38829f4af7aa5ed9a8848d4700e55afd1b08279fdff6858cbd,944369dadb647dbb18ebad754730cb65540471931887df37faf824bf368f1ef6,256120500,3ae84767f9bb6d131bdcb3c248952916351bbefe51297cd010dc253c844415c4,40016
144,15654623_15654645,15654623,15654645,23,27,8500254,102,39495,,a3389c43b48b004e8f725d56107d02b1c8a0c52e13f2e6459fe825d1f041aca4,4e9b2983909d57c25faf7d9a5e5ede95e989ceee7a221892cb87cc163e8575bd,179150404,36c12905629a4bfd633bacdc083b763f8d764d496809aa697e1a60a1fdfbb43a,20557
145,15654646_15654646,15654646,15654646,1,7,22226006,471,147908,,d0ec5007c9f71d92b11c9ded9df1a082a5c26231be621378111ca55f399f72f9,8bf896bc0846a81795d16072cc4848ae5a17e7fbd750a39c3be47a6dce817140,429513904,10007897efc1fc85b91724335c3e3a4836055e664896f6a9e73bac502e96b58c,31964
146,15654647_15654647,15654647,15654647,1,7,23771385,423,147175,,b711fb9a5e61895de53953320e1f4e49e19d2bbafe4c76991eb56484e88a2389,4c9c71df95998d119d668b4a5003054739c162f88ffbbdb25ec9dbdc2fca9352,454683188,e104df45dca7192dcb6ae0a6a58ac6a6f54ed42a88e421701ad688e3939566e5,25201
147,15654648_15654648,15654648,15654648,1,7,21647378,558,154626,,465f99a1788d509b744d0b7ebffdff8283fff7009379266ba6dfa47082b85f3c,88765eaa4278e70257eb0cc96c400e858275ea4051380d9d832d9b2bf411ac8d,422831712,79adcd46cdf4d3544ea354a3d9bb4fffda3bc5219b85c99632555da08146bfbe,38275
148,15654649_15654649,15654649,15654649,1,7,23259474,486,151884,,c1b4721b78bebd9464de3db0b81556deca8e2fde8801477f63677301547618be,9938f6d5e8cbbabbf153665e7ba0c04b48997032d623e052fe0893e08765127e,448177756,708ef4dfd51d23ccaa080012db3293caf80727ea240085ed4613a4ac702d16b9,30190
149,15654650_15654650,15654650,15654650,1,7,21406192,432,140917,,e70211965c442d4d9055dea7cb0aa59a2b7400aa849014ad53a317193981492e,fef47d23dff90ed6839c528ec5cd09c7e41476baf89028c2a3b025d7d0cbdd29,414684804,dfa59f7fe4d379f4c889b5864ea21289cf4ce878d9fe3b329a73563722ca99ec,23942
150,15654651_15654651,15654651,15654651,1,7,20498160,321,135198,,49bb51ef73582217d8ff231cc0fb36e932767f15c5e245f63bf9edaeb5756fc5,ad1822920d9d413c3919583afc193fca293781b5d32fc3d8d8974952002049b3,402289108,957d03564c8f17b4b3d2fd9dd51ec864aa3205a10ff502c774c7d8a10ff893c4,28287
151,15654652_15654652,15654652,15654652,1,7,19238021,411,133213,,40e40d811aedd5cd74da99a9bfe5d495914a213d7bd34bc70fa2499d4835cdb1,f4b35ace0ce5826c0c0945018c0bea54ddf6760d4cf7f7991d6c4306bbda8964,377532100,4afe4df1a1c0db1e30b6322d0c240f758561d99776b400e7ee71948db0c0f350,29912
152,15654653_15654653,15654653,15654653,1,7,23505680,549,158546,,50f146a5be48551de28d34f3c7c54f0abe5ec9cc8fa54b70059ae0414de9d5db,8a89e90d8a2bf99c8c1e1bc840987085bc0511810692de765c8edeaca092eaeb,453708048,f1b307131476ee70f6d0b235b682761ac88c69c1157567e78c6950c71d476bbb,32952
153,15654654_15654654,15654654,15654654,1,8,20770741,357,140846,,a1888455e0f99ac5a46fbf1e64346ce02df279d3fa2010d456aabc4e7f40ecdc,d0650a29255a428d184265d5122679948dbba7de4894783abbf2b44f5e5ae9d2,405205428,a62939adb0b3ffbf1ad3670951eb0e64c3fe213479f40e2ce39b27c8522e172d,28810
154,15654655_15654668,15654655,15654668,14,23,19590951,264,175994,,a96768a4cb319ff6c05f9d3d441fd4f328e19301870df4dd2b177716c4c0b58b,dd1386b0d7cd1f1bdacf94bc4304921dd1b89581f94fc6df947aca6fee53337e,385011400,e0c8ac8e6b286079bbc6d5c169f6a44617fa57fd842c4f4e46e2ce7a0347e6b9,26602
155,15654669_15654669,15654669,15654669,1,6,23821140,621,172967,,6dd6f0aeab1debb485bfb851ceb9f81cff5e1ec1ac190c3bc145afd636c13861,8b9c615af8dd07119afffd8042823d19f202f7ff38da8dfce3dfad692cac9871,459613152,93cbc8165ec3a48d403e0c2830c24512b95dfb9a5f6f15bd3508f25529e040d8,37960
156,15654670_15654670,15654670,15654670,1,8,20826256,390,144217,,b6d93c6864759975cb4b9fa969af72cebc015fd946f6dcd178a4524a41ee80e9,77468da3c4d9a5975dead4a5cd29b49d8154b3389e82054b931c75a1224978f5,404386824,82bbd1ed15feb85af024e1371a4ef8a32e377e9bc76daf19340caad6ca2e780f,27301
157,15654671_15654671,15654671,15654671,1,8,19616740,333,137472,,7c3fbe57b199fb0287c57c50d160ee05b529ac010e7923bc15dc7ab765ca8610,f9957aee722537f06aac5541b2c7641b60c5e71af3c5a2bdd408689ab1681f51,380632412,6191b449a2b99c1950fe40809d7583e6c475f84d293816615dee93c9438ba0e7,25201
158,15654672_15654700,15654672,15654700,29,34,10020820,486,47081,,cb0cc14125a9d019cae255974b184fce56f93819df1be7b8cdaf77a3d8636545,e5efc96c7608eb70764fd8133b574c36ed1e98a8d55f52c9809aa74a7e61a7dc,207428800,91d17ae992fe77989aa7e2031113edf7f085d72cd613e26f4bb256effb0a4615,40521
159,15654701_15654719,15654701,15654719,19,20,8526822,822,50656,,c078e5442d5c893e086fb7c45efdacb9f21016b79e65d513eeb39dfc7dbf1b82,53993e8440aeec4c16976422a0d1ac9131064d6b16e4d25e6c6dda2b76c634ef,174948504,0bb12c53e3578cb17ee15fe8523fd31883d5b1d33f844cc7e1262eb3355e5e32,60658
160,15654720_15654738,15654720,15654738,19,19,7345786,345,38011,,701ea69d7c570965f31c1c7cb7dd8ce4253c01ca0e53630268dbef8dcc8edda9,ce26249f221acf211627c169db3b5292cf1c5ea785ec1e2b81a0705bc532822f,154180944,018034723b7cf7d81289646cbd26f5a96c744ca38a312cecf77505c805c05176,40260
161,15654739_15654761,15654739,15654761,23,25,10376840,87,60590,,1d0ec2dc16db185a93fd768713a2e8cabf82dcc724742a310f63b9816531baf5,2aed5f908be27a04182fafeffd9210fba5942e5014b518fee7c461fe2ecc0ec8,212490268,72e7295bad010166623280f01bbcacbc02ec8be09369b7e49aa217a4dc9567aa,75609
162,15654762_15654762,15654762,15654762,1,4,17919465,300,134468,,72160e149f7ccba55763e977e0a0abfe6a07ed5de8bec0e0ba642a0289357aac,9ae3158c465be1c37e0ce7f1683ed093f4b0c27dae6c0e4f739483063b5edc9d,347146684,1d7b8b443e447878c315cd864d8d49274273531ba6f703d6178970cc44c0e6fd,20545
163,15654763_15654763,15654763,15654763,1,3,19892165,21,193820,,b0dffdf9798ef7e5a5f2945bb482ce7000b20dda871e395653bb931d6174fe85,43dd2ad8d1dda659f617c73b4f47ca122ef3285f6a66afab37f664fa2978b795,393698488,b22a4f8558b4e2451a6fdee4fd7f4d8074be30112c3ab7e84935c9d00d0fe107,27235
164,15654764_15654764,15654764,15654764,1,7,21746643,441,147567,,ca3750c67b986015c446ef9d92038f523d7e6f11b89572c7cb2eec31ef1ff58a,5b647d388b8a38594985b8e0d53b5a1e745d72f202106ca78f5864230d28e388,421511312,ee7ebec2d18d175ae55c4e992b92b303d9ab5a35d8ab0109ee600de3146ac36d,32664
165,15654765_15654765,15654765,15654765,1,6,22823819,435,154026,,ba015c110b13680cd952a8f1e38e4f59b57f3df990f7437019773b58ef8eb97e,18da0011581248a4ab8b6b9384e7914f6c6f9db2397d12403bca43280b4b6662,439106784,e44ca3056da6f0c2fd5de385a93d8ed977ea34753dd346c1340711f962229dc5,26617
166,15654766_15654766,15654766,15654766,1,7,21365051,402,143841,,275a89dd67b17ced2066792942fb1fa476e4abacf0a52f0fd5dd482cd70f8e23,07b5b508d997d232528426feebc3167c2efa8beff394c5c5afd4408407144b64,416643016,ae2c519917e65c8b1083e2a57dff4071c35ab1f85c884d0a9a16b71cdc62ddc3,25416
167,15654767_15654767,15654767,15654767,1,8,20755274,429,132569,,ad7553c55bdb1f7e8a0409ce79f8d4c401aa34fd7aa77f05bc18a2fb2d7aaa93,a161f10ffd895b81994abf558039bd756fd330f53bb7ffd74d1226f78d31f009,406055252,420bfd6cea3ce0ec0e27b5cee8a02d0ced593af6d6da0b2123e54125f1b22d7a,31731
168,15654768_15654779,15654768,15654779,12,11,6127397,39,15452,,ba10e423683556af1e571282aa9a3ac072b49dacf78ad50ddbb88c42562221d0,38a4fc1731060590caab783c78ce1c18812b5b3526f404d3385560461639bece,135073396,0f752a0dffeb011d087fc21978293cd03bf1755e07b6c17d7dedc3c9ba806ffd,13367
169,15654780_15654780,15654780,15654780,1,6,23959509,534,159867,,79ab3d66f083eba9904175a665cab3f6daf4bc49a8e57a370350f6920a2ea92c,dc1fc2be94a56ddd766c9a1e9528d3256ab5de010c7349f2962719ac7fb3bb5b,462739040,c049adff5643829d73bdbde48dbffa58dcf9f1c1b21957fb4de11a48f8cfaff8,30305
170,15654781_15654819,15654781,15654819,39,44,10079618,186,72081,,b5d0644fda48d990454f80cc9910a9d9ea414624a1e0c13f72fa17445d8179fc,b0437ee4e127a31959e693803df7bc02afb95ed748a7cbba889c4ca441070eb3,206207596,782b5b136761c63a19d2f8c3480a18c3265529dd1585e8a672bf4e4a3245b459,17733
171,15654820_15654863,15654820,15654863,44,43,6913490,144,38242,,4f2b878e48e292b2ed23b77c9cfa7dca9d1cf0b216d5d94ec048b4e5cc0ea64f,2fceb80d762cc30ea8a7e89347befd6be2e87989374bb37a689b64d01b375706,144332692,98c1c3b11c4e7a02faf39dd2ac1f054968cc80cbed8b06424add5527ba3daa88,18640
172,15654864_15654902,15654864,15654902,39,45,8318603,177,39090,,adbac90208fa9519067f340eaf159c26a8ba6a7c15fb0de214610a323d4afa3d,56e9d19d0049f3a318363549291568aea1ec2996ca48f9f96394c455d6e402c4,176010860,31eb9dceb6ffe5c782fcd5ad120fb4bdaf82c3550bcc2b3ced86b9dc8d1f78bb,21060
173,15654903_15654927,15654903,15654927,25,40,11426253,156,49988,,12feb3225550a48a1174d8059c4f20755ef5f3539a04a91ca62999dcbf0a1f0f,e425b152a14a9d24bedf2d60a9ce26082103da96c959550b4a784a0e98d98b22,239069580,a487ddf58f118bb2dbf3d80b03affa5dadfb3f30eb264a8795b87b5dc4a0f949,26533
174,15654928_15654928,15654928,15654928,1,15,22348310,474,169587,,909967d01e56f1253b7d986f924ee28815afd4ff20593ecf86998d21c35fae85,e3a8e634bf0894de874d6ba6f95b8d46f5e28a55a7ffdc3fc6276696aad0c856,440518428,c39f5522427849d9c7d16d4921b4cc8486353e0066a683616d35207c44aa25ce,30868
175,15654929_15654929,15654929,15654929,1,22,18601265,519,164136,,e9eea92e95f2f5792cf4e96c8dcf6dc242f3a94d9f56e0256fa742c003bc1aa0,809b965f2f644b11284d8932ba083cc72264973f79b094668d4218e1d345f8a2,372728400,5567ba54d57bfce8b541b9e13766f4f4506eb6cb0958e113742fca44fab341d7,33457
176,15654930_15654930,15654930,15654930,1,9,21224609,450,133095,,c7a492054165e1e8e2a7c11f356f5a2c44ef4fe14c65d637c7d329c0aee93d04,4893e687bc701c4839b2528f626c54b75a25d27cdb6e88d8f53e4da83b0b488e,417685604,f3cdd6c7279a19fdb014105221e09114b8300f38ce3e71f52b1a743aab0c6564,30717
177,15654931_15654931,15654931,15654931,1,8,23399740,534,151910,,0ad53b828f48bb8fb450309b8031c9fa8f345c73fd0f389f40a10fc2e5badeb2,f2b6a06acf28446e421f5e798b4b3e7b4f14931bd27e0650e6407d59f95080d5,452682868,8d2b9023dd179786867de59f11f43f5b3f586edec85001e34f11a3876c203976,31933
178,15654932_15654932,15654932,15654932,1,7,22973571,453,155906,,388d264d68d75759b33ff19a30b27641f69b450c04b02e65a93da84dcb612871,0fb4459896507813e514a58805a933869519e69b8b017e4eac4a993087c16e5e,444191624,bc2230bcc702bd5c444fea5977fa70c1e7c7e3eaf6e8526eddb3871d133eec93,32590
179,15654933_15654952,15654933,15654952,20,30,17261163,348,115107,,109ddd71f10f132065659d20a6d4842751f20a2afe5d29b35590aed4cc00293e,68f2e4b468e90eeaed797b4f0573ea4caf3c27e27d6f8deb8b7f1a8699bc18d4,347194020,dbcefe2d72db4e4fd3bd4bbb4e88783535e9bb2c6663f11be92836f82f8d8a73,30954
180,15654953_15654977,15654953,15654977,25,40,14176808,132,64723,,c8a90272ae875d4adca5a875030ef1cf608cd307b426aae023b62ee95aa7d5d2,e57d7c93006498abb2fe31f2910acdcc44a0a88526c73cfaea52c7b570630704,291151996,78cf609306cac72c2db8318eeda7b286a2ae1d461b9c582da02e35d622850bc3,42844
181,15654978_15655009,15654978,15655009,32,50,13318296,183,65382,,40745bc180f84f97fe5438b1408f1eda2c86c37029039edcf7e95992acfa20dc,9e70ac969ce1dcabb1ff19d677cb9b016dcf6401ebd270316ac6eadf74f81cd4,273404936,c3d9e8065af84c4994eeccb012d2e56f1ee9ef5843df6e6c8c90607760b263e1,29866
182,15655010_15655041,15655010,15655041,32,55,13977773,189,54588,5,fbdca76aed5236ac3fba54ebe6f28f4098d873b3a1b2599c83351b0a411be14e,bbf9b8f26be02e021683c1104f4e02b6c77af0127f75062fb3500b1848f34826,291179804,0d8d7fda7eb3232ed437c4458ab4d28010286b63b3b084b04212f4d87787459e,24047
183,15655042_15655047,15655042,15655047,6,10,3129576,30,8116,,8e797cc317e1ef47d77f66e931cfe28bb7ab50a0b68203f3df8e4c886dee94a7,df608a244e5bb1f5c580012014e8f95ae89bc8392ef539827119e42bbb14591f,72645992,4f48e6a2b7f53366a17d74590844758dff97b6ff4ecfbe1f38a09eaa69abdc2a,10504
184,15655048_15655048,15655048,15655048,1,8,22140532,369,139812,,57d91396d6db284e1e550ccb3a8e65fe1b1c9e070fcaf89068cb434878f66006,85331271b6537a8d489fc653ba7024246286a80c21346641975eff1764d22b74,429917240,6026c5a61a1fcd116dff13e8e8360357a52b14326702209398031ee9d89884a1,22141
185,15655049_15655049,15655049,15655049,1,7,20260385,465,137453,,e2e356cf09af871ed3acb880eae448ef7b88fc51a89e16ad7a592f6e0872a242,6f169d8a19142f5982ffb30d89b9aa9df0eb3adcff2d0cd2cfccb59d8be5b13e,391823716,5dd9fb4c487c7e838f48c5a8108b7cd7b08fd83111f08f7d66133fad17165970,29279
186,15655050_15655050,15655050,15655050,1,6,21463052,432,150885,,305468e8b39ba67d35bff6000ceea46823468c67478684285fc005640ac6113c,a593c1655687a513531f8411cbc57d1595ffce80f0e9e7e398997577a2e85ddc,419204852,4cbd27ad7d072ac35cb1563f7e20ba6242bf957f9c8e6554166579ef9154506e,28329
187,15655051_15655051,15655051,15655051,1,7,21615241,474,143774,,a014cbc0cedaa884153761089a4ec2c5e417e62f092ad739a2869dae43bc8d12,8982e9ad277fbfe22cea2ed2a9a0995402ec54d9d612002c34cb300e34caceff,421877440,29ceacec0bb47fad3a3f8f36093812cf1c0d483f0ea29b5ff24a2ddd0dd05c5a,33099
188,15655052_15655052,15655052,15655052,1,6,20357415,489,144888,,179df4e3a524053e770036295216e42c646a7d55f554d544bff8f79bc56012dd,b4fa0aa751551390bcac01f27987c4689fd4c6f55088e18c1bdb9bfe82244ca0,392988812,d3cc9f1ed8cbf9ef0540bc3aa54c0cb40a31301217f08d1e6fdeaccbe5db399a,29516
189,15655053_15655053,15655053,15655053,1,7,21089064,621,150799,,c168bb81179125ec512be6a405346f908d0156195ffa1a8e0e41439bb575932d,3ec390c94798444540f7b9c36e00e077ae9d49e5fc0189cdeb8c2ce6fe0f7583,412144572,d01a4d97a8beecbe07eebb8188f09e0cc9f4be1df0438d9c33d949f7b5fc0dfd,43127
190,15655054_15655054,15655054,15655054,1,8,23711152,525,147671,,920689767b85e83783d23e4eb333f86e254070f4c4ac070aef3d3e0df76f5fb0,9570b3fbaacdadcfc2a75467927acc6a31b5fe0a186714896046736808797823,455053288,2ed8837cc8f5465bf228173c10c61affb55f9164ebcb49f52b4f0493779fee57,24490
191,15655055_15655055,15655055,15655055,1,8,21807423,516,138669,,ceaaf96f9946f73e29094681820479316ea1e1574c323953609e8fc4656a5d2b,d5a3f50c519512dc6da75489230a53ee9fb59c9bd2f27ad963dc8410fd4d83bb,427216520,3a782cccd834ede35c7fc239829753590f23a9df7309528bfea3b96ad328c484,36005
192,15655056_15655056,15655056,15655056,1,6,20794306,417,145540,,92e0e0d66f50f68db8eecb3e32e3e6953361d3948511e29e5a7ec9ae32ee8116,cb5935dd4b21101a26854c03311bdcacee4414ea07423033ac1feadbe9acf727,400603172,9ee1549a951d7963f1cac579885bf0b786abd6d2e00389cca2afa75811790fc1,25887
193,15655057_15655069,15655057,15655069,13,18,18074283,222,110205,,207f1ff6c9dc598853946c97d9bcb91bfd06bebad9b15a7cbde5b3240dc4186f,a9a96b249a17650333c551675db1eb528f4af59c0383caa24f5fbf86f9046d07,365274848,842caf5db7a4d7792a6c67ff8479ab0fab9fcd53052f5019218563c867de1191,20509
194,15655070_15655091,15655070,15655091,22,28,10712228,99,32082,,ae2a3f4d3defca0947b96f125331d410d9fcba493845beb737155824283f2eb9,266810f7cab47f532b62785bad8f2eae8f546a104ea053996993d0eea6bbb048,226877660,84901ba1e33e0fc14fed092eed5a8ccbf20a7a9f94f0b18c6bf3fe0c703a85a1,21332
195,15655092_15655092,15655092,15655092,1,7,22090598,402,144725,,295fa0cf7a8aa5714c7c0602f5ceefbee45f006b27af474dba8549893a9937a5,02af4fa53ea518a1693cd25d511e9c826c0fe0dbaa1f3cd237b5b788eff6eb10,427282512,aaa0b5cb686ffe3ebc6534963bf6ac3a78bb4443b553c4f38b6865e87241a22d,27224
196,15655093_15655093,15655093,15655093,1,7,21167121,429,141162,,4e724f22fbebb4b714b85908f506155ed0f257b734ad3237b3be86585cd8980d,b7f823c538ed5b311b4f719076296b2d088adc090691384293dc33fea5b73141,409694804,3bf290fe5e51c8a9e401d0db30af7ad869c1251a855627ffad777c2ebaffee24,23452
197,15655094_15655094,15655094,15655094,1,6,21627061,615,157320,,0ecff9b3fa8ab3f387919667af462a2d28ba15509e35fc31e87e2a9ef7ffb572,99372e49e65a27d675a03a0193fd1a256c055fab487d7c58b3848f85d1f35b66,421349136,ac2b0d2603d9207a647b7f6f3b28527fc511444aed583007a8eb8256875c509b,37923
198,15655095_15655095,15655095,15655095,1,6,23064849,525,158799,,8ee487c99885b4e55ca8def5f23e4d83aa3a1058922239798fa33b4aa6caacda,533360be978840b94c6de3b5c2d283f32868dbd2cea8612bdcf7a0f3ea38d968,444312980,d884a4390065669c3c84616ede0f0ddb550f441609958d63f459724db9fbc46b,27637
199,15655096_15655096,15655096,15655096,1,6,19511907,276,135860,,83357f2251e48714e0f95627cfabd4851005175dc230acaea5c1c8354b8700e9,a14e94448eb27fc10cee61475a343d9a33299b7e1a6099b3edfc4184152290e6,381172336,922317e82005773920b9b8a1ece4116db5707a4ba96680d1214f745c94ecce8b,23554
200,15655097_15655097,15655097,15655097,1,6,20938739,354,140596,,5eebc15f52782b2abb7804f9b3ff5241d6c88d9eb5919523e6686a024a852a05,5f7001debb3cac4f14a001288d6bc056996ea992f2d2b2766b46a49410a3a01a,404853204,854cdcb9431cb49001e663bddb438724c8c5fbbb6f1999d30d3ffa74a7f3eec5,19267
201,15655098_15655117,15655098,15655117,20,57,22087860,279,109944,,00f7bb609eeb90173e75e431c1401578e819ecafa225c52e68dcdf343c547bf6,0a6a3b92722b3ae607aa8169bfe7d00bb545db75a75813b1b63d92b4e847673d,447922868,2ef49805999ca93199c927b7e2cd344be328d9a718956f58f9bbe6881c4ae6dc,32104
202,15655118_15655138,15655118,15655138,21,79,16675381,285,66168,,c2683bee072077ebf320a27d887b9fe7cbb652ff9c4c457702aa00a44c4d48f0,bd0b027c127a39152b6c3c2b3a959d92ffa56652c748708d139465a9ad678480,339274040,d820f9c8ca3320882a096fef7ea6fff6a67ef7cbcbb028dca296a8dd2e93cd65,32206
203,15655139_15655175,15655139,15655175,37,54,10928824,174,48827,,d206792430d29cb41d6b06a954d7e0b2be789d79c5012604578dee1982c207f6,8fbdcca9e3de8c161cbd4ea30526f0d68847230ff00c6b3bfdd7b1e4cbab3344,226227052,8f66e4431960f336aba51af4935bde09878aca3ccac6e9be1ca082da71c79d9f,20630
204,15655176_15655184,15655176,15655184,9,13,3130547,51,12197,,a0dde008858db9b9d320f7604584b7b2aafafd00686f936a881fee16396d3b6f,76ac48e7ef2e845f9c1ebd8ef2a0703702f72b58289b319089b46e515598e07b,71144516,062ba7a9569507f2f856350d08b2f0b2448e2595f99713f30c2f3c1a2bdb8f7e,9874
205,15655185_15655185,15655185,15655185,1,8,23121116,789,168785,,3940136c70650919403aa8d4fafa4578d320f60557f7cd58f7a681b1a0ed9f84,12bb18a88e04818910d8f02f04a42ad0020fc8387180a492ae0f35da0438615e,450083200,91915f1a52d9b61a3dcdc8004ab41e794110bc108484334f81a2e5b75d0002b6,42765
206,15655186_15655186,15655186,15655186,1,8,21941070,480,151961,,6c8faebdddaf38f78d8095fe2696806263fe1851e2091eccc7bc212076b65458,66f7aa52d818541359b10ef3fefa9a7b086d5238835f283120ef5b555ee656c2,429142792,75005592b31a4cf864a49a767b249dbf81ff1182997f0a020a3f68046c2a2571,28339
207,15655187_15655187,15655187,15655187,1,7,20339028,672,158064,,e0e9a5bb8fd9129dfebb00c306b6fe6bfbfd4d2485ce887006f09b6763215768,c2df66c92f3896af43c422c463b1d6f16f6d1561093a3cfce4d9292d142a6587,396403500,c9313db306ad4aa597004b0aa1997df4a2ea832e0a19d55a58bfdaea90f5a175,43443
208,15655188_15655188,15655188,15655188,1,6,20707899,717,163666,,94f0187bc3268803aaf045a6f3b23ec151093024f1a6516e70df8fae5a0d8464,9c89bc5c5446f48b9ac6fc84e98ad6564bd40b57cec4f0d2f258e6d88f150d2b,402630456,9392733502ea759760abd9d004e9f46da2338a38cdfd0227021bf1cf2523a970,43668
209,15655189_15655189,15655189,15655189,1,7,24189708,714,167296,,7bacf6d591e67bd667d4b4afa2267931c5918b8a80298ff14ec214249ca3ff27,07fa520119615e7bedd8fb645c08048baf8e8ef4b47dcbc83e085cbb3fe190d4,467718188,9cc187fd0aca9a135361e8df91c636dfbfd11f77f90079da5214afda9efae525,35449
210,15655190_15655190,15655190,15655190,1,8,22302679,564,154067,,7bffafdb251037725991bfada098f34aa7aee02b28eb718074fc82aee8ddf1ae,84e48c1edb5690525cff59d6a5a18158343c6cbcd340c8b1595550c3635071a8,436195320,14829c78e62e9262dc531b788d4249201494c72d9c845cbd51f5afd7fccf6843,35271
211,15655191_15655191,15655191,15655191,1,6,21873415,405,153428,,9751df16a09ecc50371fc88e963752d5515862c45322e3ef1d972e56093dfece,b3a0170eee839b7327608a62b5825efe0b1f83ccad15a21abfb1156475ce8cca,427229024,b6dd4f2068a9a4d148faa4f682f6e69a7a47bd419d7c8d3e420ed3ab8f2d4c46,25726
212,15655192_15655192,15655192,15655192,1,7,21679096,516,145631,,18b8835e946d3b90125289006004bbe3bbc26c6102bfdd976211ef0b65ca0d9f,f93764910785a8c349f8227077b9cc5c7ff624c4aaf19d6c63e92d215bb5cb79,423990460,68288f33b404bd2d7ed76a998006d0b514c2dc84cbcc78c33e68997d38ece6e7,31031
213,15655193_15655193,15655193,15655193,1,6,22315041,525,155087,,0bf51364d1a47266f105f64d7baba87cac17d0371563e8f0c2b4f5bb5be9c9e2,c274197efffe7c14c853810385828d848f68a501769c2cca2b25d7fead509654,434153276,d5ee5ddc86ff35f38c7a49f92d59b33df3c091e9c9f0a259580aea32279727d8,29992
214,15655194_15655212,15655194,15655212,19,35,17646943,207,106804,,b27c3260efa56002b251f0dd977dbafb4ae1d4b3814f40d759292097b3b4e7f1,9f600562c1b62e976c7d52b2b268d028e96a792a53a5fa16ffada402a9cba9bf,352727604,2505707b7c96d6448f31e35f91305b246130b5768a3bdc985ddfb398b4e8a34b,30603
215,15655213_15655247,15655213,15655247,35,39,11114611,123,50250,,37486fa3a5a573a6e0f21ed334668c3ffc56912d33c6e3902a4b64ed26f3bbde,471ae1518df66cd1961116cae074f724fd9b918bbfc4974937142646c0cfb5f8,235840984,3a154d67d19503987f7fdfabc99b8cebda2ab92550e7fe29234c783c6295434f,28206
216,15655248_15655284,15655248,15655284,37,49,10728800,189,48811,,3fb23f1ad3491d1dc1cd281985509200ab3a3672f43e4ac1c80d8f43bb9170f3,2c9ad153bbbd560ab1c69ab4a38e15caf434a3de95d28b1e072b465205f54dc9,224056608,70b58a1faae0398721e6b5ef750adc02239de712ea1e8add250116adc4268fa4,22231
217,15655285_15655287,15655285,15655287,3,4,1359284,21,3324,,c952d8cd2803496cd48f93cf795f3b1ab8e4f1e7b6bae44feac656130013c17f,c2fc09928def6eac8cad1da624070df1468d9cb4d48b28075fd096278c12fd91,35484720,f195ef50246d1eabc65c5aad4acf0113135d71a6e17582a25a7bce6d3bc5370d,6949
218,15655288_15655288,15655288,15655288,1,7,20591439,444,138520,,1bc34cb5004d4891929a7cc16a0f0bfaa146f8f87fce936adbf4d72434e977fb,d369b003da4652e818c5abfc02d4679ee37c5279e88180f482ff5deb5252fe31,399464392,e965f7103a3dc16679ab7a67e7ab810278e2d430cd9b4de1b26f2c8850274136,22617
219,15655289_15655289,15655289,15655289,1,7,23322261,579,157951,,503c317b76fe231251c50af105485f3f88d524e04262daff9f005b6f56d42d80,959d87d1ade350f1faf7d561ef4ed386ef16ae9b926c9ab1437e838b8f24fba2,450793408,3d48d65ba80a5ac707fa8c9a96afb78d1418aa1c19a924ed9ce7730687c250ef,32259
220,15655290_15655290,15655290,15655290,1,6,20699986,378,146884,,e6f8fe2470d6fd33156e4f1a2b890e8531c2df7de22e82bd1b28f725ae84ad8c,c5663cffe078801ada3337968a0c12b66ee6abd4b2bfe57776972f79cfe21808,399215920,0b879b0f02a162e332d664f5e3e8dd2bc5b6484ba5816cf6b508e239843129e6,23773
221,15655291_15655291,15655291,15655291,1,7,21715245,471,149001,,0bde430a0ce2a4016d7023a28867c2fb601302d5f0e6977cae6d5077022c3160,47bb65986c6b2b39457222069563a99d06cd9a1ca4263b36b01683a64834e4d7,424734172,bda344cdabc88320161245e52b520e33964032dab17c9abecb6c9c6c7dc5e207,29667
222,15655292_15655296,15655292,15655296,5,11,19178940,369,128532,,cecdc96f8641cfc3a0f28348bfbd9106eea2ff2b54698bee6293f1a95ec0e6aa,c5c8305a2b56b068dfcc1ae0f5aa9d87fcf27518d0e96776206d0125ddabb883,375691248,ea87fded71e465cade9d0a6961d9ebf025380cd53040c2be62064d107a75a653,28331
223,15655297_15655301,15655297,15655301,5,5,1115933,15,3759,,59e4c943cdcadc365f233139f936ae724f3bfba1b1196ba397d5ac0f8744722f,f52920268fe4e97d7fa6f6efc866683b3f3b2713f0a848d6585802c48f6c1a65,30619776,35f3fc8008f81d20007f80f84b13cf446e36141354fc5b51b0f33340ccd5287b,6326
224,15655302_15655302,15655302,15655302,1,7,19530303,408,135410,,fd9cd922b4521cfa1a7ecc3ca6171919b5b729eb65ef27c7db8c32853f9f8b5a,f3d553e667eab39c865bb4d54cc40b8a669901c32b5e4f239b5e2de218b26043,379614256,cb300adec213a463c1be39341fb79abe7aaf0c7f3e29d346c51859eb082054ed,27572
225,15655303_15655339,15655303,15655339,37,42,11568649,147,47455,,fcd3a291e56db44c2c197fb67ffaba0d0e7bc6283c53fdc84fc75e187d5a53c3,3d734978628264b861e1d3696316a0923fab2ebc095d52ad3147eff505e53615,238332824,b1400ad2c35a628c22ab7dda7737eb118be6f2b134a6748f21fd0b1a95ac1d9a,27168
226,15655340_15655378,15655340,15655378,39,35,9310735,111,45903,,4315b1e7d6bc226d2e595a745dfa7d7ef7010c6decc80f7b869f0a4604c4c4a9,13e96bd7b178fa4d98ee7f2a8f69f225966cfe8a3f87098d0e3f6c41d30c6c8b,191010604,25e8cec5a8df1e779433f8090782901117491a23c2875b00b70f5ff50d0e72bd,24087
227,15655379_15655410,15655379,15655410,32,34,10116102,108,51666,,86f76be9d777df483a97e5472f56fb5e268dc4eacd61555542d2a515c383f404,234278e3736426de619642176e985169ef98d7b8f2b2bf7d0afbee22bc674bd4,208811028,cdb81a74ae53c8caa27b73fe878a235fd027847c43f0188b6cb245ffbf60f8af,34924
228,15655411_15655442,15655411,15655442,32,44,12303814,135,51124,,fe19b4b6c2eeb7254b1fa927f4099304f8585c914377c5153b460eb2e89449df,987aabbb9bf02dfad1fd8f41b012ba33f8619c82d09c2067207b27b7e768a103,263665820,0a63f8c68e33278c892689a1af2aa9886fe800a912cda91491c6910bae915135,28592
229,15655443_15655479,15655443,15655479,37,46,8825676,150,41587,,4a742eaad98268c2b783b25a9fbdf2129952fad203efaa2150c28a58d17015c1,bd76789ee3abbe5895eb9605168d4819f6d6ba324b252b6616e63b6c65802db2,183701724,ac37e65b55d1d0e2cae448b4bf04da9fe0ad55f5fa91ba9c24916bd447a79f0a,19719
230,15655480_15655521,15655480,15655521,42,45,11198299,180,42794,,909e405d5cbcf6ec699e33adf570c57b7dc6aa11d2f6f27d40ad28d42056ea17,39a92b428d80bed9a75be38fc8f4f97d5705474c3705564ce228d7182737c5c0,238400572,4a3753e6369087f9fb7b4d85c9ce734f53c7ef1914c87e41ddeda9bdfb5de553,22049
231,15655522_15655563,15655522,15655563,42,38,8046675,120,39274,,e8ec056792c1047e745ffbc6e9f1f3219252c60937f066b5326b46a7adb29ca7,aa0a1ce3a6b806639e65bfb294cb56adabdddaedeede72197399781e9e781789,171308080,3d2c87ac0ff93680c771dad7ffd6b65dc97994635f71fd4929e55199fb43ff93,18070
232,15655564_15655604,15655564,15655604,41,42,8350851,144,35932,,8468ff51a923209f9cd3902ac663aee68cd9e7a732028240af989838e27c8684,e84fabb0003315902bd8e202fa3f44cc7ab1145462716256bb3ca825faf6690b,185219032,6d9acf202158452906754e5f657b6e4dee1cb4d91488cea07e3fabef38387455,17277
233,15655605_15655618,15655605,15655618,14,25,7397797,114,24682,,32ad4d5c3bcaf9883ddad5d50b61a00697b64230a61acdeb8a169ce22ea17162,7ec41ceecfed1ef3b9a9a1433f48703b81364d5fd0ebbaf917e2412bbc42498e,158907016,116b268a7a0678adcab2ec174ad4d3e7221dd46a0e6cdca008c8b5f28e550cab,18618
234,15655619_15655619,15655619,15655619,1,6,23706974,759,167157,,cefe26d1e5c1a45629cf320b2b2dde513bf13539160abec4d50de7e562c290f8,2e71cf2e2e1ddbcf4494f5edc1b82d75266788d4f0f963b1cbb34f864ca958c6,457593264,4fab2c1eb04f7e3325c5207ef869001fe02c6213de0675592b512f059ffe065f,35820
235,15655620_15655620,15655620,15655620,1,7,21993964,528,151114,,4a0b89327b1df2e47f4cfec9f387925b657f005e0dba694700f4419d349b9825,f9ec8cf986cfef755d1ed8fc692b5bdcd9a0d26741ed6e1adf6c8a60c0b71015,427541392,30c3dbd341936eecbc53d95e5f31cbaa6a6641128d26d4526930f1d47244df60,31530
236,15655621_15655621,15655621,15655621,1,7,24683144,606,158761,,dda35086fd3072bb4feaf87da3626fcaf2c12bde0e33f55715fe3dc92e034f1a,2c738007ec47693ea8c6e78648bacfe1a2683d942d7d1039d091cc918e0bbcde,472375452,bdead162930841288cb9873d99f14b71baedf570a75cd29423efe3ab9534a33e,28300
237,15655622_15655622,15655622,15655622,1,7,22343104,465,155873,,e903f38bac16835b80fb942d7316fc770d66a2d91f2bc2e03296adf27377771f,c8c76c0150e5119307b49a7b49256f00ce0133d5b298255efca0a152c3647123,433552784,70c503600998f755aa7755acd9d153b3147010e0a978b993391d9b36c6a0a61d,27691
238,15655623_15655623,15655623,15655623,1,7,22265078,408,152307,,6fc84596aef223dbab6217415d88a9d08b370d5ec2d5dcc9aac9f299fee1aaec,0e5dd2b052400dc8297109f93869b63a90cc5ce5c449a124b9c22cd186836b71,434826668,44d3cfc21b87e149114765e5628c5d4628a25e8e91a95a92ca1820ef04a6614f,24941
239,15655624_15655624,15655624,15655624,1,8,21416727,471,144870,,bfa4bcaaa341e7b0eb18fb486474463a4dac23985f9b42627b4292f282f1b69f,ec7b7c6dba9b4e877174340f6ff95424485ac85635feae0994a691232dc800d3,418278324,b97f77c756d51c64e37bb04a0529d8197175797d73e036edcc256d7792131fd1,29752
240,15655625_15655625,15655625,15655625,1,8,22374396,393,142171,,58b06d9cd05de5d55baaba437420d280505b322f8fcfc2c86da21039163e48aa,8b93eae10ab469ac613c040e672df57c6f99e63a1d47a70ba958058cae4641ad,431233520,a938480e0497248c48282d82ca1377bb20f943b4e16f7c2676046466727b881d,25541
241,15655626_15655626,15655626,15655626,1,7,23126801,411,155905,,8763079e7b05cdaef333b7ba6120c9dd7f0fdd3441d4fe654f214d10ee2da766,55018847b963f29b63a0edeb89154c43e1f00698716d32e592a9c44aee0fe43d,447147176,4e1b44ab08699a57beda17eea91a289d87da6661fb44baaa135d7acc0b252ff1,23932
242,15655627_15655642,15655627,15655642,16,13,16155734,213,115776,,cc5cdc0728a2e81bd6a875f1108a1f55cf20e1d2e47f13e1fc54dc5c77758dec,88d75f9e4b83df42036e1ab5d54d5d39c291215264a91bb593e12dd9c96d7c30,317158300,c04cb7e41292f57a55debda28934bc2ac52df5d838621ae789a4953b9e40b5f3,19030
243,15655643_15655684,15655643,15655684,42,43,8832605,141,39315,,2bd2e0da37753a02d0b4e8cded42dc1234ce13e8307dbbc826b1d25a2af5203f,5c3a9f32a9fc91e23a3995eae4c61d628053b4e1c4bb1ba0c622a0c7855448fe,183012792,b036551266f17e027576396b821632ecc18edb8a985392183f0c37fd22532af6,18533
244,15655685_15655715,15655685,15655715,31,51,13372328,171,52142,5,16f4cc2ad5d93f7024aedae16ecbec9eb509aec7f10a123fc7029777e29bed5a,41348878f5fede5cdf140613503ffde54db81fc626c5a7506e7dd65571a81fd0,284892720,6e8f4d29a8e59e2d2b6468103c563a299a1a19a0c8e636e48fada25ee7cca670,26984
245,15655716_15655753,15655716,15655753,38,49,10730358,174,47041,,cc04497f5fb137cb53cc236ed783c7f140ea67066a3b5737883c7b47f3df5789,5b75c160b2df60372cd01ee46f3b6ce939d517f78475380ba98aa036aa17fb7b,223263304,ec1d835a80ac9675c6eceaf070ddfa9be577aeb0cfb0f28069b45564cd5f33ac,22792
246,15655754_15655778,15655754,15655778,25,37,13864326,105,57467,,f9fc35aa7bd2531c2f86337ad737f876519220e9ef44d19a2c9cd1f8f1039ac3,6d1d12944aa8fd030afdda227f42f5109db061fd7c77330bda5cdb92ef2e26a9,293939876,fb4f63a2bbbefbdd70a269ca6461b82a5f1ad354923d902e6d09cd69297680d2,42211
247,15655779_15655785,15655779,15655785,7,7,1943136,30,6210,,9bc9e257631233414b4e05e17bf37180477bf7a7584ab84a332b7705742cc5be,a2d2e45ea34f9bbccf3f5b3d279cddd0477ba510344a3721c3529f9e29b0d7c1,47459416,41ff4bc2288539f2fb018e62da2388aae3e218f5e9aa28f4b00beee12a8cff94,8108
248,15655786_15655786,15655786,15655786,1,6,21751676,450,154728,,cd23f38836b8aef28812117a1d31a4ccdba8b9dd0c1093dc138ea7736953453a,0914dd9ef3f790db0aea72ba9ab61fae1472337db68481541f87b66bb7d363aa,423514308,cccac6655b9c60ff2453d8b45f69ec64ce4fce1ab14c8072dc074ba9fdffc1e9,27585
249,15655787_15655787,15655787,15655787,1,6,21884308,402,141863,,57e6111d85f0bdd4490baf702fa93ddc7a560f4053b81754a2503e648e70bbcb,52e59db85557fae5ed0a0ca82895bd0cff4ddd113f20bd3b1acb8d3b692c0276,421084752,1d4ea6779373f012a9e07604ebb6d27b431410125c707c3d4e4d34df16bf948b,20875
250,15655788_15655788,15655788,15655788,1,7,23169270,432,158419,,5600e5afc3df09f059fbf1653001ef156d1c186d75d1aeab3c8fdcb9174984b9,04baa48da4965e8c03d03ab149eeae489baa6b7ed339391238395fba67a3b327,447919324,1633e79a1223798853d59ad919d2729ebf32f2a950b46b25eb30d5dbdd54c052,32602
251,15655789_15655789,15655789,15655789,1,8,19866877,378,137702,,75a6c4348a85a4980b229a30ddf84a9cdcec1807b9902c90e974587da178d9eb,b98d0acfbda041acc4b33ad3d7653e7da52c65db9809786134fc6829f3c7b642,385146396,dc19e4d040acb930ffef765daac7b91bc50314c8afea7dae77e0c3d7a7530c9e,21770
252,15655790_15655790,15655790,15655790,1,6,21386606,405,150191,,9be31bf4fb4d50062126c00a8dd73baaae5db50f48705ae5712c220ec551d1c1,86a8e1a9cab203a2735419ef4e76f25eb2639c415969c5f975941e89b2bf79d7,415695148,edf5a1207f8d07d64f2404481df305fad45f4e40fb8050ce0176e545c90eef68,31361
253,15655791_15655791,15655791,15655791,1,6,23147947,627,162731,,3605ce5e331591b698e4289b196a7d9fa271f9cbafa27fe0a5a81cd5b0d2e487,74692a4b5085bfffa055b01b231827e12e0f7f42da70f6f72bd21a8b26d2a4bc,446234444,cad90b4c1584ee2f5a35ff8b0994c7347cf8156c2b7d71db68dc930cef509932,34143
254,15655792_15655792,15655792,15655792,1,7,20618178,390,134361,,c1e1f91e3638f8b9d77e47f1cb9481cc33ddb263c115f712fa6d37e45e0cb841,5171343403b2e754590f71a0dcfc9edac068c1a070b9d98d5b3b1e6aef6be84f,398295796,bdc07811b4138894aa6b7e1daca068fcea0b4f46fa42ebc3f7a4644ecdf4ee8d,24326
255,15655793_15655793,15655793,15655793,1,7,22682434,537,154033,,a6a1fb185507a643b259e98b5c60dccfff12eebadba7a1c323fbe72014a34d2e,b141dc3012ebf0a30efe793fc1a56365b30953b1572943a2007ec194131954e8,438540216,5063c9b15ef043ae07a8df45127668aa9acb18819c0a50d65be7210d5c7c43eb,31244
256,15655794_15655794,15655794,15655794,1,8,22069754,501,152644,,1c53f9616c468ff0eaa26c94f11be66fec9d9fa0eabe36bb91a6665480fc08ef,ffe1e1727e5dc730b51aa0851b9e6bf348c64496a233be811cc509d9672b12be,428209136,cc777722a969b5e80ed90444e49e5a8a6a5344e28bb37d82d3ee7df1b3eaaf9a,33789
257,15655795_15655807,15655795,15655807,13,13,3470617,51,12539,,d11beff266b37b6c69c1682d0015049a8da0508dfe009d70631793f1f99dfb33,a28a3513e8a6c2340f9350d24b2cc247eb69e7338ff1973992a94ab830de52d1,78789620,7e648733788cecc2b9148519e9798c1876d44325f173f86ee95de84217fedcf0,10071
258,15655808_15655808,15655808,15655808,1,7,22817151,402,146199,,145a5dd234a21b4cf107ac7b1ae613adee83d6789ce367d8b70c67ba6f745f72,89714522b4ad1e193d6fac8e68fbf7125524f628454195f2276de3bac2c75e02,437523008,acd283a3932256ee779530681bfcbb8791740f8af06febfed78f0b9fc716b8c2,20356
259,15655809_15655809,15655809,15655809,1,7,22312171,447,151725,,9f0738e49410c23cab058c0c1998cd0476120ec2e858976fe3b9af71fc20d251,cda8d9ab1d27161b99fb52e35cfb6affe76b768219a981b6acc1da38c50537de,431887996,7385addb38b1d66f146c042321b7f1b12ff34cdce832b17506e9bf8823a2148e,31033
260,15655810_15655810,15655810,15655810,1,8,22853414,363,152987,,257f741ffe808c9d8e09bb814754970297a1dabe72dab2d28c9f088c49b9a58c,9078fb500e796842835dab85e259c7773053b090a2bc515ef2cc0e5ab3a6f0fd,444579836,1f80529945882d9873394b6f70b26efba2abcef45ecfd9a2cab67f83c4b6b9da,25113
261,15655811_15655811,15655811,15655811,1,6,20694098,372,150444,,7975ac79448e5db96825c4ee55659e84e29d6c96b7b3e594de75a92b5c0f6ded,698d87f2a2f896384a9a3043e79d992520b06dc6f32ec41a40819c52b377a2df,404321952,c89f3ace995078161b415b69f6a19c16c83f355a3d9d92562bdc8b6b3ecec7f8,28879
262,15655812_15655812,15655812,15655812,1,8,20639350,489,139290,,9c848341e22fbd6ffe9a47d7845fd254a5e53a0b0da3dbb526d952223362be32,c5c7166196d7cbb3e5325bb863cee6e1e84c28c0ab818865770aa49aa81441e0,402136872,26e000148eedf3ecace72bae536e46156828a5c7cc707604e01cf33db3ae65ca,32633
263,15655813_15655850,15655813,15655850,38,49,10600746,177,49560,,9685fc3af64d6168cba6a417a2647126dfbff9ecba1fc9c267577e8c348f6656,966cf54b55a0e19a42920857fa5016dc7b27bb36b0fad735348b5ccc676f9389,220257188,e718be6f09e4ae70741850d2b53315dfe8604e40209f8b8c962f36ef464de06e,24831
264,15655851_15655887,15655851,15655887,37,51,11570372,189,48412,,9344caa88e8b0a6176f9e7b63c5865dcce43a50465d6c3b3575ee7a9ba6514ea,a397bbbd14b206e96db5fef21b67a721e6625a64548c645e4552b9168824c1a7,244649292,8874db876283df84bad6f91d6f0e7cc641043f539c25edb5536897e01a4cc41a,24521
265,15655888_15655925,15655888,15655925,38,43,11230768,174,55852,,244504126fe6fa2206d8f24115d906bc972185a5f993a75b43cec421bfb6932d,3fae6d979ad947555f31fec5a0deffb95c3edb59622a564647b13f5d6728a348,235045276,4ea9795c1702a2049d14de33491401a4695cc9b002130c497afb06e309f5aedd,27610
266,15655926_15655963,15655926,15655963,38,48,10874084,195,45793,,721a48059a50ae60dee326cf1fa04294582c1287a14463d95d6ea38135e4b26a,1f6f45655c91b75af8c19c70c0e302276fa304b7f08fb68937bfa750fd39d8d8,232921816,9d8427d0a003f41fb5bca1eb08d038b3e8b59280b654c426b9b3f57308eeca76,23652
267,15655964_15655981,15655964,15655981,18,27,5944801,96,29178,,e39d3125e24fc2cc3e7c26ce3dc6acdd87f4fe5e8f39d5d14c53af95cd3cda9a,e8f45f113ddcc6dfe93e546c6bef63af74207ea92789a663b48c152d8d584714,129038036,ba7a2f919385cf01ede24578f6e085b2897b2e0dd7cc4d99949e0faa7dfe7d65,17760
268,15655982_15655982,15655982,15655982,1,8,20271610,348,134071,,18c3cf74eb20682afdd55c541315f3ed67bf70837c20925fb5929b2df14cdcfc,6e4874296a7c04c257d979bc98d179cb4f0a492eedfa95d1f3c5a5acfaeec3b7,394547788,835464f274b9119f392ca66bafa6f9ef77be1217ac6a9d4272e0423aebd9717f,26984
269,15655983_15655983,15655983,15655983,1,6,23019342,672,162806,,55c446935cd3ebb7eacc820d9a77a0af018aafb364d3d2a8b10f0b83cea36c77,52968c9a9534d7421b2c2f961ff85f88f4df1e6882ed5d27515a72630add2f42,444239836,4f2f25d02d7f5fc185cb5b09f6dbb0635e7166903e9ad3564731d0e1eb0ced9d,37286
270,15655984_15655984,15655984,15655984,1,6,21559273,510,153593,,fb4a4db569efb0c4a2089d6b5f0ab4e711f8b3aa7c07faf78312dee869ecfb83,595ef7a74b18faebfe5f2b86e276c39c81e89ed3a138d2b86ed6adfbcb93a53b,419412104,21cbe0f6b58de0892131e9e3343f7fb6fe1484dd1ca27cc6c1149833fcd7db84,29492
271,15655985_15655985,15655985,15655985,1,7,22297581,543,160124,,6da274b0945826ab60b5429fa3851524e7cb65ebcfbeab295ee2e6607470d687,7e7747296d1abb3c09ce932699a2bf20dadf51fffa172498af633792d08c4a79,432589952,9ce4011df3f61b4cf5cd20ff1f5cad740e8d56d2effe646cfad0268ba971855b,33814
272,15655986_15655986,15655986,15655986,1,7,20024099,471,141144,,4501e5da8c657fd577a3c82a2b98b55147292c42cdce41ab8a3854abd83876cb,3cb82648b3cb1e94d195ff1aecc1f128f739e155dc54dd55851768fce8fa505a,386936260,e57db5cf44f8f369849290393de019f2ee5650be84c1877d33914ecad6eaa56f,31384
273,15655987_15655987,15655987,15655987,1,7,21715358,543,144696,,99c372ad3e96eef1bd9a4bb0a06a552ae4397f3e369cfaeaf51760890aeddd6b,4555fee97cf1048f8dc7edd8070d340bee3b4d51aebdd238e07f9492886a3788,420307452,49d7de09a13e08bc26d93d68e08e91064963ff8cab35550cf376882e8fb76356,26312
274,15655988_15655988,15655988,15655988,1,8,21145897,477,144342,,3c57e033151cf3a384a92cf07ed5342085ed43862687d9df2aa9abf24630a659,0243a972dc50fdd4440c122b9c7deb637a292287a573148d32d6316f72def71e,410015964,2fa49162c793e80543cf0990e9eceb24543a39c21a306e49b8ab36755816e77c,30281
275,15655989_15656004,15655989,15656004,16,47,11769567,222,92635,,51800225addc45297a25e51987ba1972dc5d6a3f205aacdc4da2f2b0ccdaeca2,033207ab9846e7a6985dc515822797890311431d623ba4e05061b4b1cfa8b98a,241974936,3f94013d8b73001fcf6dade113f2b1235bdf1bd6886925d4220a7ce58b959fbc,33473
276,15656005_15656005,15656005,15656005,1,10,21360242,435,141879,,3f65e20ada0e9134d23b0a30f595ee409da346e7a2dc43cf36563954ed3ca7ac,f0c5054750f03ff948fc8bc953261a3227a4fd30ec81064a5f2a9e8de70daa8e,416092268,60e23874067cfe18ab836ec5b2692616c6551328ec3f9efb7d0d66477f390f94,24303
277,15656006_15656031,15656006,15656031,26,36,16274643,219,111565,,29e0f9ddb79f9ff134037dfab91b1d923295c76a951a1025fee779d273115c5c,a7833d185269d1c2cb90eac02df5e79a7f0cd41fffa1b80b96c09703067b55ec,326648940,7651eb342b43e563d71e71948d72b5212560c1523dd09a7ea44186a8a7468d6e,22262
278,15656032_15656067,15656032,15656067,36,45,12550482,162,51995,8,28816df64ac7cc777dd88e574f311b16422adebf3f3cd385075a71a266fad723,c35ab3bcf7e8a6cb258f2cff93ebd68e4d573529291576dc35bb99d3fd079759,263974668,b342c92afa32129db1cf44ae912bdfc5fe50e1704b7d291e7d454ff011b742e4,27365
279,15656068_15656109,15656068,15656109,42,40,7885092,120,44901,,7f8746d797e7d767268b2cf010dbc6519f9c325c5975b40ab4fcbcdafa8957e3,8a094a71c9a1f0add5ba88e7d2794a49e10a1c2dbed4b99fe5edb7d5734020e1,164098476,2dbd6da1739bdb632cfe7c7da4e57f41daaede30d2735d253743ee3c98fc312b,21374
280,15656110_15656134,15656110,15656134,25,41,12542897,123,61479,,394981d72c03dc67e1f2f72d27138dc9b602df3cbed2785bee8a002ebb9b1498,df55831ff2aad42cba10880399d0388e6c12de5e892b7c3d6c8871165033862e,265165976,9a99a400196f9b84bb33d0a3ac385d18e92eb3aa34066c925b5ac61e8eb195c8,38412
281,15656135_15656170,15656135,15656170,36,39,10690194,126,54519,,39a11175d00aef1ce33d0d9a6ddd8f8de00fc13305d77be17a9a50d418c581f8,85bac3495612e83a687c105cfe159c73b0e2ff5ec3c934f860ac87ecb6b4c36a,219166736,10c0b63d17a300ad6b5d73e14462c0edb924bfb6701238ce2fce8924bbf484cb,23633
282,15656171_15656192,15656171,15656192,22,37,16617427,141,72155,,7617b728f8b1470befac2638e8184cb956feff7b261210b098759ab8776e8f3f,dd12b9115f182a335a815059f8419fc6bd438a981bd16225703b3d8a8f5dddcc,324248948,6fe4ced30eb9185ce7b8c8aaed702eb17de8320a59a9f97625b4b24fd42efb43,27737
283,15656193_15656227,15656193,15656227,35,46,10573904,153,52315,,8c8d6ab7a44e9b697622eedd663e84a03214972664bf2ebb7df801f959150a27,680902edf79c28df865b7ceda5e9bcf1d132a31783d19a304614a116f157bf3d,217816988,859dd6629c9b8f11f67bac68d04578e145827638bd7b0f1679d5b88f58c8e15a,22735
284,15656228_15656264,15656228,15656264,37,44,9782958,138,49358,,00ceafb2742441f3af7aa04eece155b53379c13e465b9be75cad49b5a1d273e2,8413bf14661f29a4967bd0380b90caf118874b699f9529d2952b63c70361b1f3,199096580,9a0fb01555a7fffc7d4d30d462674b60c98dccf3ca886cfe58f2e275919bba90,21374
285,15656265_15656294,15656265,15656294,30,56,11338220,192,53775,,a57442170e37e760e3904168df7070527e906ea155aaeba5b2e740fbad16a9a6,c7578700a04e0496225afba69454f5474c037fb5e39eab9702587d612147ef6e,228952616,95a33741cc15aedaa9e7c72bf73aac35982142306fab96ce7d9a9b5abffc9cee,20730
286,15656295_15656330,15656295,15656330,36,44,11309572,150,50077,,5526605ad76955b54f098a60ba2c1ea8fa852a7082683188bee0f748faae7f0a,36a7b3544e8b05e96377da784062f77e89b6e130022f9e26b462d73b21ee73c7,240254900,1c7aa4397c212c3877ab2bb59b7cfee469295b0b5b544c6b4db1c142c33bb799,24175
287,15656331_15656334,15656331,15656334,4,8,2084335,24,6031,,d5b89d9b0bb54c319749e3ed25b2b5debd03c961326d88b32c1a998bb5a47015,d0bee8ef44a9b9a3cbe834fc8b96ea312e7cd43ea924b18c25e17f1cbbb81f2f,49886076,cd2d2eca9f073ce81a607ec0767a214ea5bd768536124fd8d13d5de00f1cbed3,7481
288,15656335_15656335,15656335,15656335,1,7,21077468,432,137358,,8969c2f6de0bc67c6809e3ab34ea0ea5fe85e1a994fa9edc709f258af28f3402,9b5b3c4f4880d7600c5248a3585af8836ac8b51f083711aacc9e4985d477fa50,412502348,728656dbe4f681a80981ea825455bf0c67ab7f493ee5b5e2dff115f2b05a24f5,25727
289,15656336_15656336,15656336,15656336,1,7,22535620,540,140979,,9d5a500bf1ca1f84d381db733b62c233c4727a5b28d8e7660c2c60208d8c2ece,d65d67668baffb698c7538ae9724427f7210cafb9489408aa782f1af21305809,436042796,4ff3418b3fd2fea239e65a3a36b68712fad64575d04b658e941b0724e401a670,26058
290,15656337_15656337,15656337,15656337,1,8,22467669,462,146278,,65cb0ca2cce9e3ca3b5afaa52a4022027593b522d6a8f6180426028e2d2df8d0,6c5dc3d1ec4e8210ad6fb305d48ef4aa5d3b7687996d349e1073a13e0fbeff02,436612224,5a05ac0619f66570f69a39923e57239e40b46dfd302b26d02c8003cb1e9cbf57,31678
291,15656338_15656338,15656338,15656338,1,7,21452255,369,139976,,d93c21e06ebb965bd5524647c324bdb2245a794ee72dfe0210b23e4017e9ed27,1a2a25a896dce0e762face0f24731c6d0088305d883a2a7ae83bb19b92b7bc27,415233504,3de81b7bd75c0715f2263b17e3116d07b9748a8b2125e501ae694c8c385fdc1a,22581
292,15656339_15656339,15656339,15656339,1,8,21278225,336,137840,,6129ec9db4aa2f74eb8c396f8912fbba5ecf17ff87a59dea672e1f14139c273e,0d3349ffc38ef61b0bc03e72d8d853fa8e0b49dfbe61400dfb3f35bbbe779bc5,416809288,f1bff2ffd40f5a2fce3dea9d25505a8d01c4d4c7e367f88aab8477d2286fb9bf,24431
293,15656340_15656340,15656340,15656340,1,8,20336685,315,120999,,b6dae4fd3b300ce5749f135cfda5d22432cf420c77da27083531afbaaf17de81,be879db7e27497d582ffd5eab227cc8c0814e1e48c1f1b300c83fa0c28d957c8,391035568,88db431daf0ef3bf3390bb5965bd84a38ee62988489b1ca5f525ed2e91ccdda7,18981
294,15656341_15656341,15656341,15656341,1,7,19838842,363,128744,,ca39aada2c737cf644692bc704759affaa2521224d88cd756940be839bb24894,15980bf5b0481e1c471f4d3ccf90e9524bd0ba083b4988f1e17a123c68260c72,380415220,6cb038892c794d62ae706637cca692103452eb603d0f9bbe0a4c1cc3efa00465,21388
295,15656342_15656342,15656342,15656342,1,6,20837123,342,150326,,aa537b62b4189e8d29918908791bc5866bff6cba2a5fa73a626775907bf67829,19ae2cf8dbd5b8380c9fb951ac71188d9af72e77dce08a06bea3967be3be270a,401128072,d33d05d5563cebeb7565e0bc2c27246d50fe0a87b05fd6dbc395993e36211963,47980
296,15656343_15656343,15656343,15656343,1,7,19534397,297,124901,,1eba61ce97657d9084f548c7e68b47ea1469edaca68f111121f0aaed63897b3f,f4c3983ff90678815eff93c12ca80674e27d8a46133700014b62bdd51af91c66,378329632,55c33d56e0e505a2545caf2d96b4e282a2bad25f82e07efb2a6f726852326e78,21660
297,15656344_15656377,15656344,15656377,34,43,14714002,228,104127,,5bdb12bc9f0663093aac7d93ad55ec1328b074a04db11cf99515a0e42c07a6c5,b214f351c4b664a4a8651b02f2e7c3504dfb29cd2794638d15c473346f8f87c8,298997240,6597cc3c8c738ef5ffbf62e0362d5b779f7d0002eb079ecfd52953ffda5a2994,23493
298,15656378_15656419,15656378,15656419,42,47,8596102,150,42591,,7662f7c5123ecd53af7346d6b688ad6ddef3a12b8fc8b6e15dbe48290d9e43fd,a882a52b2f0df6545d0ea31c22ce450691c94f23c778b5f37ebcbf5db74eac96,179501224,0d24d6113689cca4845a8bde8a74bb64c1c80622033ecb4ec59b52bfa158ed60,21137
299,15656420_15656439,15656420,15656439,20,35,10616096,105,43062,,6491d82b29b1a899c89fe8434f2e553d7320b1fc9c6483215b7152d47f87dcc7,ad10818077846cd0103dd397df8ed30872e76873b85f6f013e3b96310c38d0ec,222009464,5b775e40b426bdc760db50073fa7d6b8c60c412932358fcb7f2cbea4fe724737,28933
300,15656440_15656440,15656440,15656440,1,6,22707774,492,158923,,71d13da6bdbfd60b636fa00c91da3a28c77c4c3a993b6fa95a185c176eec82e4,be0ca38812be82bf68b5ac220d63c7013258f19ca99ebc7dfd4e6be8bf2e4151,438174084,53ff92010e3b6ea990d0a7077c8f5703e7c0096d691e87da4727a438867ebfe8,30225
301,15656441_15656441,15656441,15656441,1,7,21973149,399,142993,,0fa72191e26fe3e95f9f0d8bbc362ed2985560945716fb475a57d0b194bfd345,0ed62f2a3826a7662029c422bfaf939eb9357e93be9649a42aabfb71c4bb2288,424076332,b822dfb53a05e63009b62dc20fe65a39781dc4240348c63ab7687c3654a1bd8f,22615
302,15656442_15656442,15656442,15656442,1,9,22531167,360,141465,,303eb6311b5a5eed3aa97d7bb6cd0bb3fb91b1e1e3c60d47fef995d26514efd0,9a09de3b0b29680ddf02fe1b85e2af3cf21d12fb9401087c91ee99c05644b71a,436915272,57b86f0e66fa2c595a0b80cc62b71f5fc0034d19af7ef13e3829651579725d09,30171
303,15656443_15656443,15656443,15656443,1,7,21485301,429,139811,,584b19ff97c331a278e60a6ca2f642637b09f23b38db93b1daa2e5551ba8f518,6d52347b2a153725167196d29f059f107e51987ab90f89d8f75959ae7b157faf,415511644,810955079b357c325a66fa6b3b1de5fd1617390f3d10cdc19534ea4d6d51148e,31304
304,15656444_15656444,15656444,15656444,1,7,20649182,543,143114,,6b1f9f4056995328deea24ae3b2fa97532e862cc690906149b1a7efc28799b91,034630eb7557893304ec88899e9e594c3c80246c6eddb7222f77b7397d316628,399528100,d9e93f06422ac0bd4abdf2776c5b2592800be1d35fab589bd9270abee1f8e378,32238
305,15656445_15656445,15656445,15656445,1,7,21371053,471,144238,,8d4b7b1f07beaf6042f875ec7b6a35a4113fd90a901b0821a2ad78e98c76d9ba,9ae7657a29f6988739944c9b9d5c8e5ff9e125da8d06293ef3bf538421aa3263,418043048,7419797afe993c208c48eaa3fff00e459d91c1c7ea7724448c23d72d9c65bc70,32289
306,15656446_15656446,15656446,15656446,1,8,23234087,423,147469,,a58e9c75ae7fb8a9c3458a324396f1e2a1f2b1d8731814126553c9a91b6c35d1,6d9bdef74c5ea8d16136c686b494cc18569c70ff84d89c520b9eefc0f9eb39bd,448007896,039947f494d89209917705a4d2b497a2b9c25dc4348b2f25ccabc11d840fc5ea,24576
307,15656447_15656447,15656447,15656447,1,8,21716695,513,146567,,a43a7682f26bb290cbc855eae5e5446da4e10fa092c49e004d30d146de83f21c,d2095402a14f9722095151156ad820c713a20e4917117f4962f00dbf531b95fa,424245992,978fc9999d52005160c46f5986d75d2d3376c6458d3a00031a5b28457efdf02c,36464
308,15656448_15656448,15656448,15656448,1,11,20967935,306,121573,,0e86cc4e6921d45f0e2ca4ab4f0e4642502415c9e01a31d115b882b0bfb20703,61abadc16a9035cc1ea88c2d347c59d26c5f857a7fb6004ea7a2ac7c6425264a,410336828,b38e8698b0929d65f73d32ac5efd032cc54ab337a6fc8cf1d4aab00212e9ab27,26696
309,15656449_15656489,15656449,15656489,41,51,9026303,201,41200,,76fd62b7318c0062a6d435fa9478b33db46859ad95ac737b203f2c82e4b9e55b,db9cef5317c4fb059c9ea47dc3fe7f402ee80060ce0cdb98badfd9b59c35db98,187960436,06ca6afa8d3d4c1373a8a440ed701aecd251f33d352359a9e9037f7ec0feb45b,22099
310,15656490_15656513,15656490,15656513,24,70,12880239,219,55347,,ca398f7a14c31fcc63d23f64b7d20d1c861b7d3a3d6f041d1a1729d63e864308,45b7d8c12577af831d4ce9fa7854b85bfe82a2a7aa62bb06ecd832d1f79eadd1,273201924,433dc28f482962d24f9dbbd9bc522aca8cee1b517bc98f0233e096acca687a4e,23537
311,15656514_15656514,15656514,15656514,1,7,20712553,519,143696,,1400232eb42c864e7ef1d84ba043211b119bb7b2337afdf2444e14fb39dd35cb,5860344eb4936e5396336cec54b870c15b94a59e81834206b44532e8054baebd,398435920,6f1ad4502b27f519b0e071906d3acef06e37add4fc3b2caf6cc716145da86df5,30635
312,15656515_15656515,15656515,15656515,1,7,21617699,549,152077,,01593d4bfcd0f249f55c093f6ee74de1db64984d4a4d31ffc83d0fc80229445c,0b1e2ab57992134fb4045199f3ef00e3dee5371b53a197664d884af50eabd6a9,419881296,fd3d381eef57aabf51badca7908b7f73c3d22f65643e6bbf954af3798b06d68b,39179
313,15656516_15656516,15656516,15656516,1,7,23306331,615,157981,,40fd86aab795e301962ec2160f6002b6379972cc1e38d1f180d93255800de3d1,e76137fbe1522b5cabab7a2174ed72aa41d2f60fde9ea1832892950b1cde50a7,450420516,34562426464ffc411d0897669b200694275dbb07f9ddcdba11e66cc338834472,33717
314,15656517_15656517,15656517,15656517,1,7,20957152,516,151187,,b3c5d2f9280667ce1f85bdc2c25acfc86abca53b502674c9491c0e13e3c6a568,4f9b6ef64cc517f36e8bba1222a98d8477b773e6c7c6f13d2cdd80a08f63d12e,404828400,7f8c52c61cbabaac7c902cc6f0428b767835aeac5d0abd97d83c97e07677c0c6,36700
315,15656518_15656518,15656518,15656518,1,7,22788841,702,170266,,952978d0594c16c01b80d517fefe7e0baad7f831790d5579b9c3442ad14ea07c,267d1e19e06065d69525fd15fa2712d0faab5aae324ba9ad8b0291887c5a8c2e,443616036,6fde50afbbb816699899232ee4a822fb9af9e26acfd93dd38db41276c705cc4d,43298
316,15656519_15656519,15656519,15656519,1,7,20406330,588,147596,,86ffdbf5925a1c56576019e8638668e8451be2d7ee88aff7ff7202315df8957b,56d1992034c18dbb8c90e6fbf4a295f772a909ff05356db5aa86831fec49da3e,394118412,56f0e7e308e66a6cfcf7fdf6ff21d67be1d2a337b11a3862d0f88f33283604d0,36045
317,15656520_15656520,15656520,15656520,1,5,23060317,834,183686,,1653ea3bf58229e05ccec20ecc359b27379d191b82e2a64d5099dabcae9e8658,24fad830ab0e6aeeff83c1f72cc9e53f321b863eb67a774cd56efa715320c53a,447770964,3f6ff5f8e7c5617ab3d16bd380bf733d8cc9b9c080b7df6c0f9edf7ca130fd08,50206
318,15656521_15656521,15656521,15656521,1,8,21877832,468,154534,,a5a92f213da2e525bee95a2010b6f1a94004b516eb94cda6da96686ba68fb0c6,d49762f61e8cc999d2e596951692d9028f471ed03deae6eea06b867ff2ac83f1,427320732,dde113556b6c76a40ba5bddc60631a629eccae4fe9fc42d51646dedf5a32f2af,33566
319,15656522_15656522,15656522,15656522,1,6,22161761,534,149298,,aa9c5ebac2cf1880e0b4f396795ea3e3e2bdff6eb1bf5be255a1057f33ca9731,9d53d4d003ef0b516f5541688a7834dae56008f503df44c0b2110dcfea04d647,426774432,a7efa24e257a288dbe4dde81a1de2d738dfb5da7ae8e25d63f0042c8cb7b9da5,31056
320,15656523_15656548,15656523,15656548,26,34,15480203,222,112356,,90bd23c01db92110ab94d5bfe1ed39312c2ca8863bf31cf1535c72a554521498,adb06a1b19024213f2f70c20d495f4645763446e71eac9e77697b90b62e1dc4c,314120240,8615394cb98bf0e73ea7b8d336e8bfeabf91dd2431b032ac8491d23ee74d16c1,27494
321,15656549_15656586,15656549,15656586,38,47,11345556,174,48744,1,44c25a0fdac32f4ed89fa68375f624f170693e1628ddea7c794499e2ece9a5a3,97a5622a4587e40cb04f62cd93489f8ff54e23ebe44dd87c9b8f9e8c513ec318,237940456,7aeea63c3cf8938bc2b4b34b4211418db048fb38fbac27d0e92ed3a01afa2736,27276
322,15656587_15656630,15656587,15656630,44,36,6813361,126,37945,,a80feb15c1eebcdd6d717ce9db25eee52579b9ab597dbfbcc5e948cfabab63c7,41a9bc902e0eb0a76032da93165f615c752e46a644d5a28f2d1238b2b31c11ee,143397448,25f5931bfdf1fdd40329b58121b031dd003beed7f747374b2391aa11c6dac177,17322
323,15656631_15656668,15656631,15656668,38,52,10962774,183,47930,,7289c3ed443e8a66150685203b12be8d7c19d9775ff9a134ce57b10f0a027afb,6fcf154903f1744f7724bac96498c33b448ca320106287be2929e5ff26376d97,233746140,94e340b19709b50a9f91bcaad7342bf574f267778c34eeb91b6d063f2643e02e,22654
324,15656669_15656695,15656669,15656695,27,36,13024118,135,56781,,9f14a219a802459b6fbeb90bf4429a3a25a88e5c604e9c410f0e92898b6f30cd,1af7113b53ebbc28ff0ad0ae47c74645c73c13c15238105f4d65996a8111b1c2,270460032,bf4fc6074ebce88519699e5284a864ac1a2922b2ecc0a551117c3bb98d3587c0,39863
325,15656696_15656709,15656696,15656709,14,14,6496559,48,18300,,b1d399b127cbaff5fad725528542dc0fa68a40070e5ae50d16d562ace4e5902d,3bbbf358a0aeb3c2c02365fa2f009ef40d6c79e91d27bb132b6c3173827db269,141522960,d184410bc36eacb19982ac560131d5a878d0ad4cd63c9bed4d22070b52abd388,15583
326,15656710_15656710,15656710,15656710,1,6,20667491,540,143127,,7b4343310027cdcd377a36cc987af9a7a69f93ec64485ee95bb11caec4ee013d,1d8f179e72481b91ab29efee6ddf12149140c2afe561d64483ac1438efdfa17c,398138812,6176f5f24babb0f7487e64dff4bba19424edad1b242e02860c9d7815aa965241,31001
327,15656711_15656711,15656711,15656711,1,6,24862936,867,181093,,4bd51b46702e678dba2fc31e87569bcb9aa9bf277ddb8f5f8e815f5634ac44a6,ab355e99dbba1ffb0e7439e24b4b66fd7d18828da801cd8194b2c4a641d429a9,478837204,d5c9586b5fadcef212cc3dc6ac454bab1f5e3eaebb396e66985e105b762eb46c,44369
328,15656712_15656712,15656712,15656712,1,7,20066913,390,127647,,637f140287f1ed4987d28d838def5bbbde0f02312166d684ce8340062b6146ce,2bf8d95c4a60f8af2d2017538cf6486e3b04c94b9186e0f85cfebe36ffa12fb1,385569412,a1d91af122a31911637805cf8fac9e2a32954185ff834c5a40d4db7828081521,28118
329,15656713_15656713,15656713,15656713,1,7,19796934,666,141697,,f1d0914be4aabbda389d92e2045f87c947162b73417833230b517fe8ff749b5d,bc8d792fe92671fc07d3068361b3850f7b12cf55699e1f39caebf809b67373d6,387906388,baf540dd3a5473c9c03dd2c2ff4130b6f6b3226403bf5000c547acbe8d675d92,39964
330,15656714_15656714,15656714,15656714,1,7,22175970,474,143994,,a3342a1a38fa0ec1256797060c9974059be77e7a7838c555d7456d9aa472e8eb,713a152060849abdb3dca1afab03adafc673e9c32a41606481adc2fde771f554,428268320,c68877fb165f7e3d0580adbfe2df25b9e9a8507cbb447ae37c62982a953d5b28,29912
331,15656715_15656715,15656715,15656715,1,7,23850255,486,153772,,31b775efa6e21cbc2a3160c52b06560d384f660aaf3526eb2eebec6a1cf04069,62b4cb8597dd8f20a7a74f6b8165945ac1c55a00a9cf82ead9a81c64f811f420,456377144,d83afa82e5cc0be833cd83cec433ea2df9e8d80795b3f8fd79e04cc22e716361,27031
332,15656716_15656716,15656716,15656716,1,7,19718405,348,121537,,baeb3efc98cf88126a6df1c4ea292b939aeaf669dfd3f137c070a8c27886cd1a,c22283b0a1c38c431e7331d7d532817efb81f35d87a6d951e77d1ccb59b29ef0,384921744,2a99dae1ecc18146957755ddd4ab4d6a3c101a1f0c5f15ff02ca08647933bdf0,26490
333,15656717_15656717,15656717,15656717,1,7,20992667,507,141844,,d83d00bb5cf36f92d388a94c87b81865b226357e4d962329c7e109205d515bff,287d9cd1175881b8fb6d58699bbf050b429c697a9dd2c94869066492965b181e,403306304,ca52ff588e8a6307da5f41c3033341300724049999a769727406dfec47d23a2c,30757
334,15656718_15656718,15656718,15656718,1,7,21704622,342,135033,,946197407f67ce3c05db145eba69fc158257a5f9352921c4136a2a42f8e8e6ca,29a8cdcb8822acd73b0e0823fc09c5b4e225ceb1e36636e5221cb2d013fc1082,418679004,cccb65d6e174efa00046d66f8668b03159265e4822dc33aad3980f7b45b9fa58,21924
335,15656719_15656751,15656719,15656751,33,35,13516256,189,89636,,9ef62176406e8e4cefce695f71d1e8344db2742f27b28386ff5bc980efd31123,17fcc58ebaa0a0d7dd60ddd714049eeee0b136fea079e99acbd901be581dad9c,274533064,42fadcf06e8b670336795ec9953386d799cd2c23c9945d1e525bed2383995c39,21213
336,15656752_15656782,15656752,15656782,31,54,11543123,174,51399,,d62da957c1578c496ad98b9b77af2394185e1edb16e6f6dd3179df07fe924bc8,929427cce02383b97ba700ce7df5256a082dae7639c921a6153734ea7dd8a0ff,238216560,5517615b7b3fe526cc1961195058f0a95dfabc015a1e4ea09beb34d4ffffc862,25147
337,15656783_15656783,15656783,15656783,1,6,24125078,687,170134,,4db3a0ed9e00e0dc8b79711b77ea8de91a6583a62a54cf5609ca14ccde845bff,2e93bc3e5b2f9779d0dcf165bdbb803ee3f6c302219194cf52be27d908d34227,463940956,d418d9af0cdd8c76f13c033a870f997c4e0cabe4d3f4c0071170a7b0e477e169,35884
338,15656784_15656784,15656784,15656784,1,7,22416846,576,152327,,c8f4ceaaf2ef79d0c723c84c6c8e6a671cc09ee3cced989b7d47167164e2cb23,4883bf88323d9c4dfe50efe193f5d68aad5a027ecc0b58c34615501ab8453e19,434050032,b0a49d0469214d61b32c6f8491cd25fea209ddb5dd153891cb66eb3f917786e8,38400
339,15656785_15656785,15656785,15656785,1,6,22616246,636,151428,,4d9e2f851e8185b738e3cbdb2818e4d234327c968f2f43662b91a604399c39bc,1f4ed40ce80ac7c913977203226af167fd38b75bb85b712682046502c5f06e4e,435550820,497f0df6fac7e286a1394b67245804c083888db352edccfa6788ca7626355820,29218
340,15656786_15656786,15656786,15656786,1,8,21345434,573,146783,,6c8bd018824acf5511f3c4340a262ad6f5a7fa1496b1d14dbbac6a5b592fa881,a99e93e9aa6899a4b51c5eab40e3eb1baebda7057920827368c1d76a78041639,417288308,ff4b2f06103c205d6f456f4b5de3c064148754c6ce5d882748d4aeb106fa7ecd,30408
341,15656787_15656787,15656787,15656787,1,8,22628090,573,155302,,d3d81c8f8f870d195ee91f084cea3912c4ae72f3d4fc92d1c7149ac22159c21f,728ab8f0f9b094361f2a4baafe7134403cfd0f3f4602ce891ca95681d2d6516f,438479740,a866b5e40ba2f54794423a5181b487188daf2e1374fda85b4b5d70a00e8b2497,32985
342,15656788_15656788,15656788,15656788,1,8,21586371,426,132526,,11f5172b13a18553e7b2d730eb046719fa5e954bf111d571d8f1572bfc869603,d45a4a32c129b5d7171bcb27ddece8b36c89d2d240abb5258deb2995c8dbabc6,419899740,b5f0bd230bbd16dd61116fca44cfd5ce8ffe402d0f78f675520a6f090c049317,27075
343,15656789_15656789,15656789,15656789,1,6,20749000,540,158396,,e686410c54bb9edda50cbbd810a1e254474008ec2e900464e34b41e95d893de6,0ec0a14bb9a2e962b9f6299d009fe42d9c6abd76010cbc3aeb0d05fedcda6aed,404530876,c5e0fc2c7570b13e1ba35516fd790b7a290e4cdbd46764f1cc99a3939c0409a7,36710
344,15656790_15656811,15656790,15656811,22,28,16853836,276,106559,,1729be505c6570ef88b9d722d8100f98b3a6077a158170ec8cb60103e376e7c0,930ad89ac1cd1d6b4f6b717508d562549687f57eeadc157632b97cf642870669,339660312,1e5e88d1e6c72c70ae8be4d36a1e47416ff565a0e53ff74936b63682aea965b9,28212
345,15656812_15656850,15656812,15656850,39,47,9859366,147,44669,,04c2a060e96870d9293f4e95619c6d6719bafcacead817607fe4529aac4e9ff4,287d2045f577fb7f65ee5602fbbf4d2e76a6d14467d9b2f6d08d0190273c06fb,210270168,9cfb5d23389d94a3ee3470421b28da9173728bd67c9d6d60b15d5957dde9c5cb,22819
346,15656851_15656865,15656851,15656865,15,13,3567132,39,13671,,eee506871e92e76e2a169b7b7cb61657566306e653f36ff7e22e9561d2f31dfe,f6f47ef34f1c02b78acee415c9d7ce8be4192ad73066766b81871ebd56cfa1eb,81189360,bb2b2fa45cd685a9ad8f972c51c287eae9b074986ea62eaee7bfb039eb895f8c,10637
347,15656866_15656866,15656866,15656866,1,6,22506094,900,171008,,d63f018ed0b62fd3b8ba010ec723819607c8580497954ce1b2e226d721dc4a0d,fe85f4e0b529fbc69208c6422cbdc7db7fba5c77e8af09dd92807abbe82f2213,439499228,b4c1c767b3f7d12bdb62207e05532537a1f61f3e9de8b7da6d95e785c1cce5a9,51450
348,15656867_15656867,15656867,15656867,1,8,24974018,633,158030,,f376e8ca0f274abdd49414ddca3610defcceabdc2fc83d9338fa096bc9cae4cd,f5c0f3c5c8d5b354e13b01784f24483fb838c312ce32f29bd027151c5f3c318c,476786532,f4d6e720fce78d1487e274ac233943cc3a12aa28e768f87f50d750d36591f2be,26290
349,15656868_15656868,15656868,15656868,1,3,16157210,147,147809,,b68a62b2763677d04516d346305b4b7724229a6f2d80535e7d5087ece54889a0,51391545205888cacc7a4e7f39fd6ed8a018c82535e543bbfb4859c8da07f6de,321570892,0e5741a9c2d78ede5eaff1cb891e5d0cfca287c564e7001dea56aae8b8e88555,23427
350,15656869_15656869,15656869,15656869,1,5,21828895,246,193352,,00e63fbd14b1585d870c2bb094ce533bd4df1e7c0ba303b54a372b38c74e26d2,9005fda1347fb572128a84c48a238260b1c8f1df685d8f0b68409a0fd3d3b3cc,426634840,81ef26fd777f2c8657b7ddf7f32b9dd5f233009424304962244b0f81f6c0d701,36393
351,15656870_15656870,15656870,15656870,1,7,22121858,708,153037,,28e19ef7057b98736040fd9d85edb1fc57c17667993af64b873b7030dcd6d348,10fdc013de74bcb638a9b772c6244bb9f3414195117467a7dbb120a46a043cde,428764220,d10b616e468824c2991db2ca957ab3820cd4420c3972eb914318c96c91df3463,39203
352,15656871_15656880,15656871,15656880,10,16,18212182,288,123867,,132482e0884e2b49de23f52cfe358ea1deb3f9efd3c88b23f5bbb0c00f590947,80ce0c2f878d01846fb88498edb26dae0f984e5bd554fc4c10ba97c35847f413,358479032,6695be4623df24cb7690e7ebae646405331b39a9b6c7c9e25dbf1505a74ad799,26276
353,15656881_15656923,15656881,15656923,43,41,7954137,144,40364,,06c62cdb00f216bbb4b52989a87ae7b84b3ef3e5d3b06f26097bd321bb1842ad,ca9b75ee1c251178a51d1d32b627a0cd4441804410e3baf74005740ab6960244,166135752,bbf00a29643923e2b38b6dce567ea1a98cd93357604bece87315239da26a8e3a,17541
354,15656924_15656963,15656924,15656963,40,43,9112495,159,43565,,f9ab3e81831a7fb56a9e4678545a0311e57053e87478b0bcba8bad0b55b89c65,fae4d15c9b84e2197f72ea4e0355adf16f944df022541166d238aa349313ebbe,189220384,aa0ef9845a1145ae2590bb93990218527d0520e3da0c167d5f47fc63b171bbb1,21243
355,15656964_15657000,15656964,15657000,37,50,11325256,171,47056,,43e808db3bb7c4d8ceef14f1e457d0e3117c2e8c16b586d55c88901b266627fb,ce2f5dfb198297ab2bbcdfb92218e3990f197d5a8dee2db1eb7bdd9364fe6e45,237036984,91b0d799e28720ea94e4434b55d571933e10d06c3bf3ed27613310e9607b561e,26840
356,15657001_15657009,15657001,15657009,9,18,3875704,90,14308,,e4eb9a1fdcc06a439f85755cda17d706ef3f781e13e4e48044e24fcecd217f02,569b44418302aef764e51b901a1aa80b0ab9f9f90754e7c081580d430c0b5c78,85881212,afd139aff36cc4807fdbd3b99ec554c65ba8b7a736117dafe5e18b1884224ffb,12311
357,15657010_15657010,15657010,15657010,1,9,23282748,756,166210,,35ec7aefc49b0a2e27f97e47e248b492932d81c5da0a36a4c665af6ac4eeaa3b,754258e9eca946b2a0fdfacff257032571595be48958c6e882aaf9a7cc7b02ec,451359824,482e16b75ee5c79ab39c55af243b846fc6639789337c522efe448abbadb8465c,45078
358,15657011_15657011,15657011,15657011,1,9,20960546,402,130093,,56fa06da7ad61d113df1eb247c49094e168b0d252ed671950ccee8f39816ab6a,8e7881ea5cc27b19025f0419f97bafaed6fc23df3c05b4085c8e2a120933932a,407145188,a5a6731704fde54f4bdd0d1462cb2a92f390330172e3a7654b0ed36418043087,23524
359,15657012_15657012,15657012,15657012,1,7,21337791,423,139434,,ba3d7682e0fbb6fa9e54f409c353cf227ac940f3f2e397b46af63c3ae81af92c,83b89a49466ad28ce353393001380c1f02a7a00c34128e94547d16ffc3ef070b,413080600,afba5479ab2fe9da1fa0339c090936e913b00abb5c3184a641f6016383e55f41,25977
360,15657013_15657013,15657013,15657013,1,8,21592483,642,151602,,39617359fecaf3c9eca42e7fba8d20c185cacaac181fdfa09c511f6237828a3c,35db907adb23987b47bae237d0272d86411e124feb12fc54a8ac4fb3f627f12c,422227964,5a13902a1d2034ac606df60e5f6d94d88743ff713a0e39be324e00836de9c169,36370
361,15657014_15657014,15657014,15657014,1,8,19837325,405,130110,,975cfb2afa6bdff3ef11ae05817d1f9bdab585cd02c6ea09e2c60f57ca617cd0,c7118e8702138cb2d4382fc3416ea6031591421bb32662fd1e38193056f81960,381511660,4c149dd323402f4a562f487aff0e84ff9b77c200ce7eede84c2615fca3d4a55e,27456
362,15657015_15657015,15657015,15657015,1,6,19164865,429,135699,,08d8f716ab7299227e00580d3bd153cfa6f7fb9b2f57e83ab69b8f4cb7e2849c,8d98081b82ab620a971495ed9033e0a4649ca82a921d434a7f779324ce44ce2e,373876112,c6b62747b89e27c287a9d0fe4c9377dd5aa51ecf3eee72f9d0a922452fddb0ff,29719
363,15657016_15657016,15657016,15657016,1,6,20618919,744,164998,,c8926472287eff4f38b69eeb3e5f49ad503499fba104faae6efb2bc9355faac7,c0f208095dc5b67ccf7ba0a560a644ace8b5ba54ca249164b44d3cbdb0f1742f,401028368,a5e8c99061073c5aaff959a8052e0be8cbeec00114dab0ffabda118f1e18a296,48184
364,15657017_15657036,15657017,15657036,20,31,16455770,303,109601,,b0118239e373e08670816b617ac8a567460baf10c4e3cd3a177b35817c039818,93e91fefb120cdec1619ca73f012a7612b6cb84766bdb208f54f8579d4eb896c,337083912,1bc0120c3f4ae2627ed250eb4b46a9293e407cbede44b06945d6884a2e62e707,27645
365,15657037_15657063,15657037,15657063,27,41,12141534,141,62137,,ef6afa4569b12cbb1385189d0382a1a06ee1f66bfe121b8d4f22ca2a38de4562,53ee9ebec45ce38a259d071e91f76729205e5d81e091130393b98a25cfe38cb7,249759396,9e831d202be49feb75f503eea214930f2231ae9973ee0675b5237477c3cc5142,40770
366,15657064_15657096,15657064,15657096,33,48,11060749,168,55814,,1cdffe0fded5c66b7ed25e320c9ada9aca97f314f660d1ea70cb6d1415941ad5,bdb988a8187139ef3e588bfb7df919437e153269c21a4a958da3fa312a81a192,227295916,c0b41e421bef4dc751a768ca77dfc465032cbe442d1359aa55e6f08d17c82944,26896
367,15657097_15657137,15657097,15657137,41,45,10134962,156,42344,,e0fc23e0a8d305c75227601a61f4b677a1ae271a1666e667f1a999d0cadc887b,2c18e52b0a7efafcc1c6c3ff70782e900e410f7b08376e332c00a1691bac2c12,213832220,e290f1760846a9a44093ef739c263478888798649d76cd6e29a4bb18a15d21f0,21440
368,15657138_15657178,15657138,15657178,41,47,9295504,153,43099,,52f3b446c9bbeacf76ef80b70c7e3186f9c552f6233c380b3f41c08b4494e74d,4fd1f3224e26800c3cce9a89762d3cd1cef84e60fa6bfe17da1ac361e8e5f36d,193039732,b641595ebcf9cc63a5348bb34f7a62755e348a9db59ed429a0f138b4e9e7ecfe,22199
369,15657179_15657216,15657179,15657216,38,45,9545021,165,43442,,17ac1c09c72a34c671f4b93be8cec66d713522f05177166f60046f9ac18c962e,cc86b624876ce35099794b45b277605c2f35deb877065263b8807089dcc92766,204202296,69de0ea65db329a6be9a63c5a1c74d6d31f2896aa796b109c2e5e3179b037db8,22974
370,15657217_15657258,15657217,15657258,42,39,7425622,132,37364,,dd9e517b67b689f1e25ab508484f4fb0b06b474a3c5227c514ee6bfda94f45a9,1b256e83d64b9d48b67ffd073d6b471836bcbfb67219b6b7ba5ff021a8acfbf0,156194360,2fa87cb21bc9668a94c877cbd7c0e24bda9239f3f14fcf7fa8392c2aa1cbff1a,20619
371,15657259_15657300,15657259,15657300,42,37,7977748,114,38817,,bd7953673a203e03b6dad701359d7e6e694e0d99b05c02420aa1e7769a435e8b,584dd65a2cab16bec5e6a0e4fbf6d66118d6cb2a70702ffba8c39a6448a764db,167041324,2fccf1ec5d059ac5a01d4b9b463fa5988fe00cb7a9e971c2fd2d011a3992f03c,17810
372,15657301_15657317,15657301,15657317,17,31,12434534,219,87119,,09c84d4f1b35b2031a6f0bdf5edd70e1045e208b196e36588c402e995ff80ada,5a3d820df9eac745161dd75450c5409764ac848296f958fb81f8bfa9b1ea7982,256752248,3a8082456b015b8d04c660baa1005aa4b01095ae22b759e27cacfb5839850af1,17821
373,15657318_15657318,15657318,15657318,1,6,19900627,312,129877,,da0f30ad796dff879f3aa5da745acc0cde077ab3b5c9cd6f1bf855181303d729,6d445ca33e2cb573995ba012b0fd86d4cbcf9cc0ca679468c554a280df738622,388131016,4eb1a7b78a7f6e4ac551c147b7711c246669811d0eabedf5c8aa9e7d2b08503b,27099
374,15657319_15657319,15657319,15657319,1,7,22692914,525,158599,,b7874fff52ae13f9ada7571c6a84f1403b6f1880b2a9460df0109d473c0e31c2,93a3d84a874ebae6cb6f30f0e416a6f7daa1ec6bf6280d962617ace6f1d7c8a5,439284648,9026da9c4f1c628b8f2f03512537180217b4421a09d8fca23272f4d8b3bdd441,26901
375,15657320_15657320,15657320,15657320,1,7,22722870,663,156959,,65cf96a9e75b96485f7b36dd2bfd184c5fd47c9065e340928ade967ce958245f,308747b7897f60e73a4cbf9431c5e39b1221e2449bbd4e47ba29a1d40b36f1d9,440031616,e8e0c2a8221f246c19f55f417dbfa9b5c6e4109f8609e685488d84e44dee7249,38470
376,15657321_15657321,15657321,15657321,1,7,21969600,582,145190,,1d0e2ce21a279b4a539fcdbbda1c4bdfe77ef381cfcf1e0af83ebb61599b81b0,ad558325df96ab950ef11814828b01afa72b99f9ef0a4e52fee29a6f64b89d11,424793820,0de16b889a65716c4be61ccd4d3e0a8457312e0d64cdf29875f0a3052f49f53c,30096
377,15657322_15657322,15657322,15657322,1,7,19987204,351,135436,,684a720c368292c278ef644a366c5e58f78ddb37bbc7b869d13478b022b11b2a,ff9adab7a9d37e740a42e4e45c0ceeb8fb1bd5c16cac30086b9976e29c49a979,392000512,306f99243a4a85a5f53e41883b0100ee6175bf3a692a903facad101380cc976e,27920
378,15657323_15657323,15657323,15657323,1,6,20832790,642,150494,,43b4fdff7b5bbff66808b9acfb18835708d50ab6d6a51540a152ea1b362f2ee1,29de9e48f0be85ae00e773fcc57d85e4ebcfb57fa7f826837b18c14ba44ce3b5,404894568,ef83a4ea995f416ab63004d77bb7ad92dbb36894166c93d11c1d13c9cf725cd1,30737
379,15657324_15657324,15657324,15657324,1,7,20830633,558,146652,,d58b23f505155dd7650db7a3e9f4d760ba3502e21d521cfb644b5e35002a28b2,c4e1436da9cb0f1ac29b344a54f3cb8079b4c66ee39d5f5c438c0b3bcdbbd3e0,403069828,da2dffb4f59b310ee12472546817eb6b15cd08fc7e1f8e1958a04159346b0186,30490
380,15657325_15657325,15657325,15657325,1,9,22759730,705,152875,,117d335bba4d1990b9e5beb99c86b9acb0f13f611277ce5631cff323588a598a,a77adcdd644a374080061b2864aeb83ca59fe437acf978af6ffffbfc4a0474af,440887020,8fc9e253cbe01c87921fb0ff5bbee90090cad47c65aef9cf7f150ea4f68407d6,32062
381,15657326_15657326,15657326,15657326,1,6,22609750,624,167557,,1758e928efbcacf2605f9a7dee0cd5c0ff70ab4a17775378619fe764a61eb4ed,e850428d75fbe22ba577e63c81afde7b07c4371ff925412c2fd78e3c80ed6336,440011552,4579a55d975d5b5c580521cf7fd89c6e10a8822802db3139fca24b6926bcd9c2,36473
382,15657327_15657343,15657327,15657343,17,29,16670139,300,114927,,89a561763e6ea8324a4fc26c1cb2a48fc8db70aa37034d4abb5ef44f3a5a7950,c1b40377129a04267978168d1291198716628c7a207031d159cb51247acc15a4,334882340,d0dc6af2e95f77a899a906a711a0c2bf8e8272bdfd0a7dc560601c1167000f99,27849
383,15657344_15657379,15657344,15657379,36,54,9808845,165,47160,,f50ba8f583eb268bc2d893914618251c46f178fcfc965a0523ec3646c7cec615,68623639d2876a9f2a486732dc34888c9a05d25c2706ab7a3fef2361e30e76a4,209805976,e6d2928a4208967ce11bd9503c296688e12e53e5797f55f2107360e1032bf366,19977
384,15657380_15657414,15657380,15657414,35,34,9911711,102,50019,,9a5b8768f94cef5f7622f9615e98ced804101da6743ee72404ada9f86328f527,fcdecc19022e86a8288c7f5b2b6dd5faef12cae53ee1771f207f47d976a5111e,201304112,73d608fe3ec7233fe41f3fe76f1d8b4bb03eeca742bf75b35af0f51964913bd4,29826
385,15657415_15657449,15657415,15657449,35,38,10201864,144,51863,,086ce07b433e878883d942ea64e2bc78d1e7599b9a9b99796c88eb0f80019c90,57c70e809202bbf0bcc1d905de20f3186c8d540806568fd7075570d8c5ea848f,206333244,79ea0006471eb3b3dbdce65945a917332fef7c3e69080e096a1b2661a3715b76,23600
386,15657450_15657488,15657450,15657488,39,44,8961847,135,45772,,d33753c4a1b8bd0cb84b6979b9aaf297a6a9aa236abb15f62e2b41f8ee4f8ac4,ca0b75159144fef693f8cf33b574e8b405844968a861ea27b25969d09451192e,182593544,1ddc83c5c6c59f55e1fdca15ced8aa7550e00ff9a5f9b4fe2e59f7656d072c18,18796
387,15657489_15657507,15657489,15657507,19,29,8764300,99,34008,,57b3d6fc31a8f651ed7b9e218de7e9fa7b2e6085a6181226fd92b0a0ed03afc7,ac7dad643a32c6c12b55e136e6d00141cc250285d0fdfac0dfd3e5a76dd1cf8d,182289268,a18682ef8280ffdaa6c2d944b654367d59087c8b6d2e7ae67a65cc061bb1fea3,17710
388,15657508_15657508,15657508,15657508,1,6,22616039,663,156750,,daea05e0a361eb9ef1c100a35a94db478d954795d74761680912e4ceee4b17c1,edbd282d32c7b718f9de3251a6aef409dbc52ff949976d6f33222895e4f6c941,435806048,95e02a3ca0ec6cd2a7f4e4c5e54b2c334cf137c33a3b34a697e039baad6205a9,32891
389,15657509_15657509,15657509,15657509,1,6,22134872,642,165010,,7778c2eba98c62aba3109c1cb1cd64fe56974f955a4a34e55ba85092c24d63ee,535c9082c83b4dfe04a732a59df2dbd375c8f95482436d1dee0bc660db3e1d0e,431163788,7f45a86e8d512bdbf99ab625f8df24b6e0db386ee33273ae1423410e8a8f944d,38051
390,15657510_15657510,15657510,15657510,1,7,21861244,630,156814,,2ec93b89247bdd334731d801a4feae01291e1a5d8b58f017fb759731a2144a23,2923fa89951144d29d230bcf963d7f79506c3b435f6bb0a03ee89bf014b59a76,423490872,19883ae669a4289a406b6053807f1ba7dfbd5259648a7cbb9e49e1490a332fa6,35237
391,15657511_15657511,15657511,15657511,1,7,22284418,681,162201,,8a8e0472ef536d5ca89d0ea9a33c3abaff82183a3d1cc92f819e0f8614332258,624d159b1dbcea5d48c6737863c17fdb427db34235ac570191ab2ecafde38ba5,433261664,04b969d2ceb7b20bd8f619e5f46163f6ad5de50c6efd7ee926199a626527fd97,39753
392,15657512_15657512,15657512,15657512,1,7,22495155,642,151092,,7d43eb7fd4177ca45a30f3f34abaccac6feea0318f6189e0e7d16cf5ac8a170a,376e4af1984a2688d87877f223efb067395516237484ffabb284d2ca9181bd53,434908860,9961534770aa9390c90be3af986cf34bc741532b036f5ed1d22ab78600b8be6f,31614
393,15657513_15657513,15657513,15657513,1,8,22858946,507,144811,,6a9a0a1b859a2d7caccb73ede1379ec23163da9dda81850acae73a14279e7375,069454afee5d8043a85f8821cb62da905017f74a9f9d0297e4d8e3148dae1fd5,442890104,545dcd414cc3535e50bc7b2718b09a002c8d1d4b3a7e9540bc8ba6860b1aef04,31235
394,15657514_15657514,15657514,15657514,1,7,21781237,660,150571,,58790aeeef01d91703de8ba56e13306141f1f6f1c7cc1b720e37104dcef1fbc2,e8d69bf1b3ddb77d5883230c0ee4f9449ffae95036159b6c23f83f89459b33a2,422282160,ad541ce9416916a86eefece41b8a0cad43333bd4a6964bd07b42d1cc38167f3a,38537
395,15657515_15657515,15657515,15657515,1,6,21569568,618,159326,,9bde4c1dc190831f72ea4d415da44946c988439ca8d71b9e94705d28f37bb803,f0e33144bcf056914dab60f0f04f6ca959467fb90b187777de853d5a9f56d91b,420155428,e01f5f0769e54b849df741963abbafa74c7c796330e81c7f87709b81fde9aa6a,35603
396,15657516_15657516,15657516,15657516,1,5,17826108,468,133652,,137b47498d686023d284a72f77f368b7f266bf3651fdffa3158341d75c6f66b2,d3d18b84002b77b52d3443d5a3fec1b5665998f090918192636391ffe184206b,347286800,44fc3090b5ad010bc9e82dad6905e4602feb59077d1995659579573e3c54126b,27912
397,15657517_15657550,15657517,15657550,34,39,11747676,132,48693,,abc790f2638b789adf72cb2a56bc74583f609339ee5c749f1ef6bf9f22e98ddd,3c0e486aeaecdec010ed0fe4003c46d59989859d3aee8fb88bc7e7298c46300a,250024328,915a1e6575a161382bb034c9e964672cfe94b93abf5d0e86391741742f0a9012,26768
398,15657551_15657579,15657551,15657579,29,38,14369045,129,77571,40,dc00ab6dd2d04ff9e2761b4ffd608714b32d0b32c2938b7688d947d2acd386c7,76858e5bb9d01e7a3e53e5d9bc6ddb7a49017305f7a935620f7f9abd799e9da5,307520028,5ee157cc862257842872319604deb22dd96c2602fd6e94b41e7b001ffb1cda4b,34368
399,15657580_15657606,15657580,15657606,27,40,14712317,135,59346,40,63636487e803f70a7d6c06d0cb28c5d3eedcae3ccc1cf2ce1bc919973e13a24b,b05ce0fcfcf9bacb19d30bd2c7504d562767acfc45ee1622dfa9fc170cc63748,314154348,52ad8004d9d9293e46dfc9c6ac3ea34e48c2949fe9c9f56dd85b2cc917bfb121,34037
400,15657607_15657618,15657607,15657618,12,23,7739907,93,22837,,ff80cba8eef05d9d371fa900ddda050db4b9fd69e43b463c0386b08ea3fb374c,d9fbc0b9e1695dda8e1a5df65ece145b10c2fd043764005eab3e2d8173bc9751,166126672,82e14d3ddf312a676207d62542d58feb12df87d198452f96bd7193e7d2bdbaa9,19692
401,15657619_15657619,15657619,15657619,1,10,21144304,537,146771,,b3814db44454d987dcb564bad46ce103fde7f34472ed32920222b47b2ae00bf7,b80a44532a6c48736d13ead72dc75297ad25c123896e4a16c925c1e66bf30885,409590816,b842591211c3ad94d1b36a4b533ba6717f66d73ce627896f981f4e5f03e7c6a1,36280
402,15657620_15657620,15657620,15657620,1,6,22991184,726,164556,,edd190852223a861f126248db017fedf0239d9cf535ae2ffb5301b89d6b68005,cb42f20febbe2525d5e03b38359bd5e48334f78a6944911ce6c3dbf3de3a4b3b,444160704,b3d7136c25b5bdf6d8df0a9e1a06d497c81002670b3a6bca2d15ed0b384856e0,39228
403,15657621_15657621,15657621,15657621,1,7,22682399,498,149575,,8b7c44242ecb6a7ad31a1b6eda0480d55195863dbc2f777ec0b9b25f6b9dac6e,31dd98ec66660df8de00bbfeab66c4e0db39fb871341af1e76f61a37d350cb64,438141132,c9982204e9f1f6a6f4739ab84e0f17dbab91fb50efbc57cbfa6f11c4ac35a8e3,28932
404,15657622_15657622,15657622,15657622,1,7,18855827,429,127276,,2cc5faa625c4e081aecd45096d2c5e491630399aa9911626ce0000538cbbe886,fd80fdb27df1c717be62cbdd16a4f4446ad697f7f15fab0396c85b269c774d92,367717108,5a83ade33621c5e727d1ff7de5a0351e5406d51acff43b50c6a78ce8ec087f36,25716
405,15657623_15657623,15657623,15657623,1,10,20496629,291,125531,,fcd400ab86c4903da6c94af85d04ed3f2910e3dc69dfd9370559c863ad051853,264e4a45fff918363ca3b2060ba7d7ef313824bb1ae718449b18b0726ce69db6,395451268,d33aae1bbac5d320a4bdae2e2ccc4f1470f3524a098ad5b7307d0a0de7d33df4,23387
406,15657624_15657624,15657624,15657624,1,12,21045073,417,148936,,5a5b54a08326d1106fdd842aff79a351384ae17104e53eb895b6a3345bfe446c,bf6539d0168d869b0db6ca287f3dba9c642975b45b402c501b18cdfe4ac34f0c,417688040,a58c69b09ac827c66dcbe3fa489c00bf0b209c03a8ade85996e2bc809f185cf9,34620
407,15657625_15657644,15657625,15657644,20,40,18795833,327,123955,,07f1fe7a91ab416f14501d3039bc49ee255c49e963dc4cf60e0b20b0d2691c94,e899989226234a4000fbaf5ccffb2af7eee6071237d390b5f4addcf11b1a78f9,376039736,73886a5eca71f2e3c17174693973fce79a1a969496f7ac67ef89fac6336b2aef,32525
408,15657645_15657677,15657645,15657677,33,44,11710338,156,53060,,6de98b128e64a3479571b5683b976d85795b04e7a9e66acd6be0d85822b7be64,7202044e2ddd41140dcd8fe3dd14e87e043e994b694944192c5b9f87ec68a42f,241864640,2b942429cce7bf47fa044fdf0989ad22f19f1f2abdea20d915d26d0a2afa52ec,28283
409,15657678_15657710,15657678,15657710,33,39,11990670,129,51104,,f0608690016436ffaefa1ba54a3fdc43c83e3b3172ae3a950803d76c2f284edc,777dda8479527e2bcee5057f5ff6cd0cf4dbe5d0bf4c17764c1b90959b6929e9,246838400,6f7958ab5e1077ab98222e9253705cb8a10b3653ee6a5453f38b463cca153ea9,29273
410,15657711_15657724,15657711,15657724,14,22,7402249,78,30300,,a487aeacc5914840f3cbea1ec3ab796d48475b5b42908b204249abaf8d10c661,be6b0d0a756119ffb401fa6580cf22a71066450095a7ddd598d03ef4d504a2e1,156327400,5d5edc5b5419d266695ff6e95a8b9d072f58bc264b2b4c6eef688bb86318e2cb,21437
411,15657725_15657725,15657725,15657725,1,6,23002462,663,159957,,d90acd9832b8e950b4901afaea3f86e96c84ebb450e2e7cb467cd4f3c5affb97,a1a4aeee1da635d1cf81552b2e88a2412db1fc63efc26127dbe6ea1966b90c01,443100752,853ee2730a35941943919b49a388002917debbccf0e3f6731011fda72b239686,35417
412,15657726_15657726,15657726,15657726,1,6,21193094,579,151277,,2bccbb87ddfc9303ee809ecb4c2d521bfd6a6b00956a6c56ea5d4b52434ed007,b6ee3764e7d84d03a44ce6fe0a00db2ce99d9a0769925aa91e9b57efb1fd942c,408250724,98e4348ad3388c6c54d9f3146f62196fcce0b9d589f4a74882bf6898d6263a5f,34078
413,15657727_15657727,15657727,15657727,1,6,23214808,729,160226,,1a2ae5b5488efdcf8ee58854cfddc813afcc158b1c81bc80de58ecadd5c83376,19e0917d9819b96852dc51570b508ee79cda47b5b6c6a59fbe09b47053ac8037,448545936,edbf404b449c6e42ace7f6d3add0682413bb4537b8404aa035db7ff0a4630164,34465
414,15657728_15657728,15657728,15657728,1,8,20085208,420,131021,,6140c47fba545eb3f16ec69bf62c7bc8e8e5c50b137654569dda1ee525b87408,f3516f252e0246d0320fe1df3c3b947605813bb9defe49c19c71f00e4ade2548,389085888,75b5edb6ef71880c0a7b38c89e5d12508b93a8e3e81557b14ec9f6625fe01407,32696
415,15657729_15657729,15657729,15657729,1,6,19144241,504,132471,,ec4d4b230ceba46a2248c7c54a14ae74dc09e4feec75c4f19b02dd65fef891c8,3c4818cfd760dc62ab55288b4e31e60730edd4aba40ac44917128b9a14c268ad,374731748,a5844836c2f2bd10d8655b69c61b220b709cd2ee926bcea129bd7e5dd927f69d,31436
416,15657730_15657742,15657730,15657742,13,15,13038887,189,89104,,cf264b5cde0f1a908c10334ecfd7f65cbe76dd15a6ee20a609a73a1bcb2ace11,91668dc3f17fcc4c3d8e4d54b963b00cdd22af72269f22963141ae395ff0dae0,271309828,18f78753589be43b711c28f12ec4cbeff9f994b047ecb4608b73f20d6b1306da,25015
417,15657743_15657759,15657743,15657759,17,20,19396648,237,113876,,e44a34d3a25bdadef6e9a05a33e81afa5cc9f09bde6dd74430d870924829d755,af21639ba0072a150d60db476809aa99b82b69319cbe62a87ce7383e42cc4f90,388352720,8329b3883428519f98ae7257ffbbf2384dc6b7fde09caf9a385f9d9bebf24aa0,30355
418,15657760_15657802,15657760,15657802,43,36,6409082,144,39347,,c1e3314abf79ad9140abb406577ff4bba7a29517487c2ab9a59c1a7dddc3fecd,75f2820442a68355b9b11a5c52463063a7d204ef36386508641554155121b850,133717420,5e02a8687a10949ad8d4b0fba33fa23a7bdd33bd7d977eb4789b5a10e13a0746,16477
419,15657803_15657818,15657803,15657818,16,10,1478582,30,10725,,5348afe929caf752d1b8536fc0a817a17339277ee096e228a048330079c434bc,fc9c82ce76aab5a160806175df9f1dbfe374e20db0be480f175173b5e258fc11,35543776,ffef7bca150c7979a06a4436ecba4b7af156497c60cfc2e5aed9f6951f9dc242,6763
420,15657819_15657819,15657819,15657819,1,8,21899073,570,151605,,b05b3f4fd7bb08f73116eb68e90287c6bfc9b23eddeb8a10c4b0cdaa22a01daa,1d82dcfb51e0b69339bd178e0111a71adb6d525d6e83083ca96ff41f186820ab,427855804,6e7a1c80300fc47a4e8567fd29b56761267666f1cdc49721c3836d83f41cd93e,38368
421,15657820_15657820,15657820,15657820,1,6,21501122,642,157623,,508bf463f6280b1e9253bfd9ffe3048df19b2ee20dca1e4d2c01232818cecdb6,39ba5bc6c1962bbfb7386bef66ba2913d0b5d1e05cd337431e61aaea61873027,416483236,aba56d1316ee788477d811073d199ea0319e05afb33ecc6c48b0847df78fcc1f,34416
422,15657821_15657830,15657821,15657830,10,15,8197386,123,66633,,a2584ed40087a1f587fd9e3dee6ab547f3afd44be6acd53f8aaeafd0c99817a4,09c047f94c946bf82b1fbf8c76a81e19431a21c519c7d2bf76f77ebc762fc0b7,169372996,5f97d92c00815e0a06dab380e39e5c3154f955efc7de9f03bfbbf2449106a56b,14229
423,15657831_15657833,15657831,15657833,3,11,19200780,444,135434,,7630371ebf4b4679ee6b812b8cd246feca515040bf278ca49e571e9282e3e267,8b66b1398972a7fe7acbc8dabd7a59a1676987d1fe5f2e365226591c8bd877fa,377440820,c85f798fac2e8ef442c38686258c93c5646b49f21e09f11c9f9d58fd4bad6dc1,32177
424,15657834_15657869,15657834,15657869,36,53,10530509,183,50922,,e8e95ded71284ff8476847f7c40a417700d0955e700021d2b827d98f3a2c74a4,15d2e0dd315e897dcf0f2342e1e86aa3ab64008b0ec04ae2a3d01de96881ce9c,218602408,3a4e13f571a3009b89725b71dec1f1cc43b9e4619cfd8cf027f1ee28464d196d,24024
425,15657870_15657906,15657870,15657906,37,52,9955284,195,43024,,4c00ff979aa73f1337781d88226d87b3b98b67ef0016dd5292f53ebba6392d14,3453945d8329a854d8d966ecbd0a17e4e2004586b6a142ee848336b92ebe38fc,214861572,2f55b8786f6f9ce75d151dabe6eef91b1dfd9690c9781a8e3c1ee57d5b6ee980,22546
426,15657907_15657914,15657907,15657914,8,11,4154390,45,11332,,e22fc0d507b42509e03a658a8b3d469aa3a679efad9a64eaffe80cf1d0f4d771,50e2814d1de216d4d184ceb18bf262f3877d179fa9f51a224c2c9806f8249cc5,92899104,449c0f6c31686d95f2d5655a6429f86189bfaa33a654ce4726bd9105fe4fe9d8,12343
427,15657915_15657915,15657915,15657915,1,9,20472952,453,148124,,b1734617371389514eca66e0766b22203474aa5cc64a17d0bcb289b818158608,3918c0cef7fe42f9bc3faf22fd139052686cf59739941495bacc524f85c14d45,400342856,b459f63c51ea2cb19b53506e481c0457e8bb5b8c228ba936c07ada5a0b41a94e,29742
428,15657916_15657916,15657916,15657916,1,6,21967547,837,163822,,31e3511521b1e63b8695507ce4b856c44e6abfaa715d8c6dbf4a4711b0c9f97e,2833f5cadc79468b6feb1d54639b8805b346de31a2e0e7924b80190c4f56d4b0,429806620,1b4bf971e34559cb3dc1b1507b51b925ba577f18037e65550ef540cdaf969a06,41680
429,15657917_15657917,15657917,15657917,1,7,21611264,510,151274,,d8fc69aae2d2a84881b69d0140ce72327ed3c6cbf5809948a60f6397851b9350,f3e08c0183af077d91ea9fe34cc8effeffa9f2d0128d6a8fed2d214a0f2566fc,422763432,c45b0ea48e38fde5fad9a3b174d366993c99eb3499174ee2d39224a37e4cbe4b,37236
430,15657918_15657918,15657918,15657918,1,7,18744785,411,138972,,7ae36cad414c8c98778caa8f310bc94be42efca4b04aa2d39c09b54776c9da8c,040c9f43e79cca9570f3cc6d137387fddc46f40310e796f55056670b3e56e94e,371132040,0e24184719d889f3ece2cd0d1f815c739d9fcf30b2ce2bf369bff98f9a5cb4bc,29919
431,15657919_15657919,15657919,15657919,1,11,20759035,591,149398,,e6eb3a7353b5a38fa405e7778ffb5d46efb05a1f2b248d451d2a2160b6549a12,7fb29b5b63bf00bd9b4126528899cd990fbdf9f2233aa9859b72fbf64d17261b,407566640,d7c2b62a5f17f045d370dad964db845de9abcf160ad00af37f9308c2f918b1f1,34847
432,15657920_15657960,15657920,15657960,41,44,10279997,156,45658,,4f912a4b0988a608db48d09649f9a15f2a2065bb07ccc996a4ff1b1c12f7bcc5,4a7b047058f9b3c62c50ca18871eec69478f5b0a5d9f453da1eb84cf03dc34f0,214810772,9fa10fec5bf1b85b39c559e46240fc6fb12d61c7782ce7a6dba704f59d4eeb52,24566
433,15657961_15657995,15657961,15657995,35,47,10917280,159,45120,,dd2bf1b35a3ff5522315a00cdae81759f999e121e8dcf365ff5f7ea4e470952a,0baa1e50e834169f70f989acdc183caba8ffa5b3f57766645d1d16882670f914,228100340,2c4b2eb0bcd1593fefbd1704db56736a13b0ce35122e868d21ba1b31fffd2bb5,23799
434,15657996_15658029,15657996,15658029,34,48,10736621,168,41316,,2fc6fac0cf0c6e1cefd367717c04ddcfa9166bd0e8190b467b6fc870e86254f0,9f54ff94a63daa37915adb958ea511ddea5da270e111222d88d113ae75f8c9c3,232180640,54a3096bfaf27fbb54560a647a4c056cd5fce3662c79cb837b2085cb62e95143,22838
435,15658030_15658057,15658030,15658057,28,42,12888943,156,58362,,4bff40f7d8bbbdd7cebf9f8eef9af99c7ecdbe2d3671c54ab4ce877fbda2c5b2,6b0699fb7af000153203b5c0dda63efe61b388b8cbe93bd7de4d3a9fb5daf801,266968252,f26511a74060d9f68e328f5550a089654ed34d34bbd1eddb34097cfcae112d28,42058
436,15658058_15658061,15658058,15658061,4,4,1086259,12,3563,,f41d4d00947882e801d283073943de1b40d65e4feebefed4798ea89cfbef6d94,578b2ef6feed070992cba811b98aeb5c4b0011f38b22ccfb0261e9477a0e25de,30092500,b525a217f519f3dc667cdde5d2efc1e009a7c2735cdce4e52387c388ebb4fb2f,6228
437,15658062_15658062,15658062,15658062,1,6,20945357,480,150714,,bacc2c344be4a7e5b5e12e1ea7ffa871e4f4c8d397197d7c3db3de91659dc110,7368ca2724775d67802007263061bebefaaed2330edb8dd46139f6b8bfa96d5e,405206496,54be3601f135796d210e02d3897b782cfd5cb44605a8a6dc08df662bc8ddd5e1,26650
438,15658063_15658063,15658063,15658063,1,6,22010934,543,151565,,0486d283ac50bf6ad6c4e98a421bd12d0fab880385aa34e2921504602c84879c,f72cd6e26413fb53cbb6be7f6ec6b6ba83640bece93edcfd8e507fa07663dce6,429942536,4ed3d468ebc221a23e13eefbf17e037233011de4cd0af5631665a143276badcf,29905
439,15658064_15658064,15658064,15658064,1,7,23554723,543,159309,,524a98d1473262bec4f9c4946c001dd87e69e2233b63b7591c2ed511b740ae34,261feb25368fdddf9c46c9858d2aa970671cc3d711a7f9bd086e5a5b228dc82c,454791440,b8d4ac9bb7eaf3715a586fd6c3ee08f7891a9c2be14a027ff37fa7813b95e57f,35461
440,15658065_15658065,15658065,15658065,1,6,21289715,477,150632,,098df3a769df2dd468597f04d187a133e256b274cc368974ee5f5e54a12c814f,69cde4e53f2b713ad190576a63e3a9c8e463821cda8d2d9c9a047becff339ffd,410211744,1be321c2c6f9d203563cec42f4d51c48cff2a75b2880898b255e8614213d0a8c,31473
441,15658066_15658066,15658066,15658066,1,8,18951687,414,125485,,d45b6ce520918af54f2668fbad093a1f3d5249378e9cec19a2da2378c63559dc,2ea5cab4297f930a9c20b8bc6349279dba8cb8081549432c6a0bf43ff0dc56ec,365381608,ab6e676d3a2ddf61c849ed3b2b1fd43818837848b1a2fbdc8d0417a0011c55b1,25419
442,15658067_15658104,15658067,15658104,38,43,11418893,147,43103,16,a1633e6536bece4be4738e71309b2bf5c025a51df6054b70d419bb72a2c267ea,b55399067f988a63e541329f1f8652890f9bb246269710d4622aeef3f5a49d6c,252078436,a97aa1404dbc931df609dda83f3b28848bb3bb26b6978f6ed61ac3f641edfc0f,25268
443,15658105_15658118,15658105,15658118,14,19,7342722,78,27101,24,b0ba09c57e3227f4b72224ac711f3057ac2e7068060458b2def733ddaf9439b4,fb66d1b8db71c44686d8e1e8a9c3e291eec3032b8100bbf6c842c23081a96ab2,164230908,db3ff660a073ddf9d85475c0621cce81762819e2cce95ae704d62d0bf3e50c43,20815
444,15658119_15658119,15658119,15658119,1,6,21663670,519,150363,,c86c4da529e7a92630fc1d9948281239d102eb3066e2b1c36a1efc8fbba22949,ed64f806457cd86c7bd7f7afb58008b38a0f0e8d5ca4174a4b43f678afd85b98,423665564,caeb563a671a1ca5bc4e25a8c652f7396f3c61f3d2b29c5f9e37c0f8f2744f0f,27359
445,15658120_15658120,15658120,15658120,1,7,18901597,339,127110,,a06dd7d1fff70837fabdf88ef1adeb456024a65bc1384ebb658dead9059440fd,805342ccea1b29e25dbff9e0eece3035561ce5638085baae4af25aff989abfd1,364594668,5b29fefef8a1ea519ba26182cc322f266de6ac9f3f2c10b38b540614de542af3,23973
446,15658121_15658145,15658121,15658145,25,27,15635928,168,102653,32,93ce1eb90787fad3a21ddb63de7a90ef4a5647c90eb248811b67fbea70bcaaaa,45ac861591b7dc3cba824be1228984a2e74b9afca66226ecf3ed3b4269162b39,327272132,f4342c33f029b0a417dd41661dc24deaf212895fbe23825c65f49f1871a3fbb4,35144
447,15658146_15658162,15658146,15658162,17,17,16372050,234,98158,,b5500158783abf7b4e2924474f919f9537d08aec8da3a73e1263c9f8466e0513,a921ebd9cdc89141bddf3bf6156240aa9d059c74ce12d890fc293dc8943f3695,324912116,781fc2dbe2a4de40b331519c937c22be7c49e7c06020bc451d07883a5cdfd557,20517
448,15658163_15658197,15658163,15658197,35,40,9860811,129,55032,,a7132436cb695f27f7d6162e213acfe45f2b9f7ed7d1d40b1d0df5ac4c27d445,110ad0df5fc1357100608f23500e8cee73a75243813406cbb9c348ae6371e9ff,201059596,924d8d8c4ea8911e578abb2fb83441a6c3b75555040eecaac00d53d07a348fad,25799
449,15658198_15658208,15658198,15658208,11,24,6106693,84,23274,,2fe4a87005c0cda1220006bbb74a5af5e7868298903bfabbabc4aad2487b1693,51c791e656634a397378389d8da11e035aa69366c3f3bb88f987aba6ac0b938a,130735488,43a36182ad630cb02b9a644dd297aea8451e640c5d0018712a8f78386f6c8923,15197
450,15658209_15658209,15658209,15658209,1,7,22987695,462,151706,,1d63093a0f3d974c18622823205e9a9a4e25f5a1ca6447c8d438e5ceb92cfe91,91489ca0106fef8b275af374c7529fa83deec185b11dcbbb7a4306aaae00f02c,445101608,2a15044f95cb22ead064f075221ccbad43d7735ed971cb5e37b1e90ef10abd70,30027
451,15658210_15658210,15658210,15658210,1,6,23556568,600,162778,,af0d1304dbb7af594cba4834197b080df5d107325600387236d65c91634a797e,afc73f0ecdd410bf94bdae5bdc11143e335d059d530afcadaaa49b132c9c807e,453073676,a5b77da9847c7a9a27b9bcd6270647552f0303db544ae40fd330b46573b07d64,33681
452,15658211_15658245,15658211,15658245,35,42,12155917,180,74954,,05f36b192e10ef29fd0d5f1de9f9889b271b60125b67e5908d5ea47c373578eb,98da1ee9335afa1cfa2d91838e14c19e99d1da51f2f1fbcb3e6d3bd462f39497,249630692,c7fe1a34d8dd52635723b1d89a83d281f80cc56a859c9c4374823cd529b638e6,21263
453,15658246_15658287,15658246,15658287,42,43,8268644,129,40785,,531f6905709d6e65feb3526ddf5c76c68de176a8ea36c744c9b6f363dace7222,73429bb16dee41b8323a422ef723aadebf75c9214b112eb3febff6894dd8f3ec,178727360,c9ad7da501cb11d81c1f37a9f52a047a461ef7ba931378b4426baddad0fee1eb,19044
454,15658288_15658327,15658288,15658327,40,44,9809705,138,44025,,581840374584f1e2f81ae53c1858040e74ec0cfee07f8c79642f5ee5d342e376,55f2e32cf6bf1f66cca1e5f5faa68e6c86f75b813e8b04c565901b65a6fe49f1,204196516,9d1b5c56e24d6b95b84874294cec9630031985c7c39e79947bfc2366dce77d50,20506
455,15658328_15658368,15658328,15658368,41,50,7952270,174,45390,,cdbdaf0989d71b774cb824ae9fb5e8dc9db4020f1ea11617a7924f63cb4f35ba,89e0aed0f53b486428e1d32b3db44c767b7ac70e4c9e5564c748ade946986ec3,163327844,febad464aff2f1242756ceb1301fcc90fee98b2d7a440ce67329d4595e06b976,17531
456,15658369_15658394,15658369,15658394,26,63,14501603,243,60715,,14822340783af09aaded6820a7192f86a55f1dc54496737e772f08e72c33448f,2b0c62133f558f03b6c771ee0fa664bbd0e1d14b4aef2052851789ed432e0ca0,295259728,bb02af611d70497790a4f989a73f1be810fd65765543e5c36a738d8a7109086e,31703
457,15658395_15658412,15658395,15658412,18,50,17837040,183,68185,,6b66f9bf11f95938a83aefc4c1246f25a00573db8fb2b9c283ebdd07b68e3b97,0689323c0502f6e9d354887d0a8543548cb6eea0bfd0e716d04e2e904a719f11,361859676,840b7a0501decddf75bb4a962755b0f6e8ece7df725542ad26fb0627209a0088,43372
458,15658413_15658455,15658413,15658455,43,38,7660183,123,43895,,c07900c149180543ce81df856f0151430c62a142435923730849e1a06dfed5de,befd962cd4d6c7fe984c102ee15c780eefb94d4efc0dee90c2065370982ec668,160560316,76c08c09eaa5b867c92faa2fe31645e14475b07554e1a858f658221e4b470d47,20488
459,15658456_15658485,15658456,15658485,30,58,12574655,192,52620,,74f0857a5eb2e489d1f9c463fed5e204595f3b3dd12b9518f5cf3604b60a5ffa,40e3bc1ce3187ab8a9fcc4d7cc7bb4749c9bf2e01fe2211b743721899a4c4566,265159756,4a61cf9e4f1bcd129053a233ac8eb4dc291a97ff9675c60aa46b7fa76a7634ed,25177
460,15658486_15658492,15658486,15658492,7,12,3165664,48,10602,,7f3f8fe06145e02178d8eba0ff0fa81b5344d1ebd0e76f282842a2e5db6d4cbe,c603b40e76e19ef6281c772ca2cb47f8eb3bbd1c92d76ae421719ad2ae97d362,72281388,f26ffa90ed120b96bf3772279da7b20e1d791f1bf1c146d6d2a0a0a0d94213f6,9376
461,15658493_15658493,15658493,15658493,1,11,21025227,402,129319,,a83f42990902356111857f15829e851f3cd55fb02de0e45aef84bdde9c25d18b,72ba009739adda0c7f6f1384e4abb0dbfe19bc8c675459fe5a9835ef38e9cf3d,409363808,937fee162a6bef11c23676b4e4ef36021f531f6180ceec3a1896d187362a7133,24650
462,15658494_15658494,15658494,15658494,1,6,22847309,465,153420,,628dea61141854258b0eecb990bdd4c3074918b551d216ab229ef027bdbd0e5d,973d27e6883954113aa981c6d8352036758c311c6f9ba61037ce5bbe13d9de72,439574252,5ea1b12a8419cf114d29128d5ec57d656547980cfe42625f630538c6286003f4,27056
463,15658495_15658495,15658495,15658495,1,7,18932013,441,131183,,b77000fec5b0c8650842d9c3c02ccf16c22edde97643c7c9559926094dfe4af5,bf40bb40b9f943c50e026886bd5a3db433d1c147992ad174383041815c7fafee,370870236,39e717c1dcbf8f8b1c2b9dbf2bfcfce599cac033ba5d3a35b179306bf81ea7af,30746
464,15658496_15658496,15658496,15658496,1,5,20728737,453,144173,,2139daf38ce2e18959e68a258d4e3fc23ecd184b911ed112f10ccd4e748bd9c4,8e3497248a0074e2063dca62b11cba6b0a6e9b2ea0e20f7be3d84baab36c6173,398504360,e283034adbfdb8f1f32b47752f2fea70007d6c37e59a1e156851f3d319315e9e,26330
465,15658497_15658497,15658497,15658497,1,6,21376012,438,161945,,54978f8dc9da4e85138d6d878e00dcbd44db91f7cd90104de20b42f69535af60,f79e021f11ac81e321d087efe766a1abd05c70c7a912d2beb23983eaa1d74e50,412278572,90e998e653dd32c1efcc46e86c2ead9fdf06b823311217e0f143fd074d457011,59482
466,15658498_15658498,15658498,15658498,1,7,21302882,492,140355,,6a56841e4599b29ccec64e8b7fa63f0f148074851fa60451cea192edbf7afc57,20880b4f56a686f0215885bfea3531db83dbdce200dac49b79fdcf3adc305914,412602448,baec8d96ade45479ea692b6dab106ecf4f87059ed42129393ed3065e14a4dc4a,29353
467,15658499_15658499,15658499,15658499,1,7,22110821,897,152296,,92f769ff24b1307d6f3bf6a0dbcba109588ca75500db8c7b2625b46ae41f9729,0797ced732100ba4dbda385f19b3e5e8cd03e50da2424e49c61ed3d53f9563a1,428177552,2faa70d87831f372f0ee036d2bddb14cd2fffe8b1dbe9be42ff9f34fc8fe682f,47175
468,15658500_15658500,15658500,15658500,1,6,21275212,552,150292,,5f901aab2e8362bd6aa2d1cdfb086fb8002940519a1c2043ab9e7ba6143fe993,078156709fb07e1be6facdaae32050a8a6bd0f435d042ca09610074f8090b9ce,410017372,c235d03769d957db2982d2190fc0a8fa3c6f5136be98509c315382368f9c2a5a,33198
469,15658501_15658501,15658501,15658501,1,7,20003088,366,137998,,3aaede9268db7c8660b5d0153f44a0555bfb0f6aee5d43ef17f954cb17182e85,a3e1e65767998cd50b404f21c2e3f51ac12540bea030445900653517ecadb76c,387366340,f6b310585c46fb326c8d877418e37c5aaf0bd0f6cf9b2e028ea1cd71c3466bed,27531
470,15658502_15658525,15658502,15658525,24,55,11993639,168,44819,,c4c354353c581c1f986e1d604d016ac922c5377dbff5767276f0ff895c48b099,15e927c9d946805c0e14bf4355df048c7bd759bb2ea51ada8ca7f1eea9ebdbe6,248236424,ba1db302a786c371d6b70dc238f92c4d4909f0663f20206adcd9a9a0563cd4f2,27237
471,15658526_15658539,15658526,15658539,14,165,13310038,519,60161,,68bde065e6b7e44bd6f9ffa92f095076f7bb7005182aec4415a04cdba4519997,189c3526851524d38d9122036a76fce11f147430cd2cb65ecc09ddbac18a874a,275455312,60b6b8b168c2e5c6817c85c9ebe35ed0108bc469a04b588c10c209058050f74f,61626
472,15658540_15658574,15658540,15658574,35,44,10028439,171,46327,,d16433320fbb2310aa0753cafbd955a7e605dddef307ae2888aaf3f560c4ecda,ad35472a797f3fade35597504ee05638e9482e5a15283b33629b34b28802643a,211921808,4b6db603ffbd8f6da0592b585c78ab9a04090d5263ba60d9c6685ed7950c1abe,32942
473,15658575_15658600,15658575,15658600,26,85,13021576,282,53484,,5844ce17b82c8c4a877e5112b0e497f24624ccb52f18aef657ac702fc2cd1927,2392e96b13ab772378544b8f5a2e7160fea091e2470b501d955079480cdd1751,264074924,136eeb65d632d1670d330896a0381e9a5ec15757eb9db3c5fb64925245a05f25,25304
474,15658601_15658628,15658601,15658628,28,52,13198977,180,56938,,dfb6c66ca2eb4f8650ad2c034c99bf830111fd22c86e7193c7189c21583b164a,f7ad416bc58381e0530ae7df878c7c908a1ca180fd6ab2b29cfc6c71cb59d476,269072416,c38ddd51aa18560bd0006af1d407de189b7b05ca484a580827e7fa4fe7275e69,26134
475,15658629_15658654,15658629,15658654,26,60,14547392,201,55308,,13eed332f0a0ee018d09b2ac3f6248d10b5dbb183a17d077f11c197371ef4f39,b16dfdbc3c9cdaf3e52acddaa579bd9880504507ed1048a51e0d00a904e12c3c,306171100,cdb8ac88fdaa02698db02a47b38aad599ed3e154615a92062b1412cee191c9eb,32302
476,15658655_15658690,15658655,15658690,36,42,9046164,138,47945,,950bc51a1fec1fb162ab4706f559c9009beb27567f7a58c12fd637dc6fcb9431,32eec83d24cba51dc79e5d7a59460d6cf394ccae5502c7152d020201f1d4f835,184953724,85772ea53dfa0a6a4d6d5108c9e41766202e016ea70c4a77bd35afc1eb7bbc08,24506
477,15658691_15658714,15658691,15658714,24,46,17107146,159,62422,16,fda7a91556c79c53275f8b6e83d0ca1db06c7edec6ac82e69ec953e76f435964,cf2c5549452bd8fe45ff1ef4d331d13ba6fbcce1cd5102be9e452563c3d6fff6,355062700,b75c65b8f644870a2733f5bf9761aab090680f1d073f1c9e43d6279ebef8516f,39252
478,15658715_15658743,15658715,15658743,29,45,15165686,150,58159,16,d98776720587dd4a78b32b5956e09c14b8589454b8028363e4489564700d50d9,2e0b45b343adf72b649acf54ca59ee5e171ef82985630082db933031132b3da3,317818632,101df75e56efe0228f96cb79d9d754b74174f4312315faf258e959aab163d284,38359
479,15658744_15658767,15658744,15658767,24,28,12135986,105,60402,24,85686d244dbe94ce2806f97a531483fa70d4051111b052e10a9f970600a1769c,b22908a26cfd6565a7f38606d6b0349a3cb9d8b8964ec49c9736ff2db035ef10,256863652,14c739e75ec5f55e700e8c2b0d74efa14b32e4d44273ccd72380f686357decc6,45323
480,15658768_15658799,15658768,15658799,32,50,13101090,192,51823,8,7fba429b7c578753034c39ea70624ec0bf07943fd2617ba1777911588e3542d3,7152cf31dfa1e88ee6ff9d1803a85fd97a04aa8d69c1c64368e8ca1f824cf9c8,276579148,d56aec477c4801edafba5e6ee77f994b6c264a5625052d47dcb9acac005c3368,25605
481,15658800_15658835,15658800,15658835,36,44,9664449,189,51237,,15e776bf040746424e59b6dbd14c017cd156c507f61d05ce559a10e4cf6a0fac,2af342d3018cf80c003e68239bdaf58768b9dbc73b80d1f14f203190cc18ebda,197190704,88d269541ca012a70e6c65f2eb23a07abf587a92505312a9c1fca41a1e39c7ee,21619
482,15658836_15658869,15658836,15658869,34,43,10631085,153,49862,,265c0d699468953cbaf9f7c7f4f6d9fb9c0f36e2d1023cea1fc0d31d11f2a691,4f6937c1279d69906e1f1346914ee6ae99d12cc1aac213abefc6cbc97bf386f6,218905508,e968673aae95fe23d1204d16df4cf459d2fa164dfd2ffaa82172c10094fbb523,22403
483,15658870_15658902,15658870,15658902,33,42,13198856,123,56157,,ac7484eb951edf1bdd67c64296bd6d7b7b9d31e16f57b4c29bd26a2b072b9bb1,d62114574c51af7aa7d6beaac7ef7f2c660b06f2ab7ab85cf14822c190e0276b,273060296,679311e827366445b32552d7223383d4c479201ccf547ccd9c7a95ed29a5ad57,23623
484,15658903_15658914,15658903,15658914,12,49,20535336,210,114578,,ab26c88a21137bb52f740b762e45c734a55301320162e8e6333e601423307599,0f78af0c3a7f31ef4dcff8e34175cae9f35931faca7890eb09344c2938466a22,416005536,11fdee65b92a7ec3a7ab26acff6f545953532b970450d3493336bbfdedbdecee,38343
485,15658915_15658915,15658915,15658915,1,11,20803722,504,134355,,b0885ebeb68a8152dccd365a274a7dd2316fa9f2b1142c4c85aa4663379a22ff,329a942555743c123d63ab82ca1c76a63c2ab0c79c9489590b8141c3b6796272,406900024,176e043da68ffdc69f6f922f108d576b38c4003f5689cdd90f79c0d827026a52,31209
486,15658916_15658916,15658916,15658916,1,9,23546936,633,152064,,99d4d41876c0e9744240d4607038871038302f7c0ac3f3a8016614768cf75fe0,6977ff4116ffd3bc27c224b188839559649889cef97c967987dbd31672732eb3,455747248,44ee01878c7d6ec16b4592ec6737c266152d427ee810938ea84c18f8570c3823,39382
487,15658917_15658917,15658917,15658917,1,8,20850787,393,139956,,93481f082a037fbd138872b0a684bd9886571b7b71faea38acf709b6845b01ee,af2b6eb9b88ab21d568e1ea95eb0fb6beb6d645b872ffb7c56418cf2f465db77,405063644,8e62881a4b177c01c19f6495843d1f248d5f1b54ed23fb3e4de25a6f629e9f4d,29271
488,15658918_15658918,15658918,15658918,1,7,24577112,561,160574,,905cc3b4ba642155e31ea17fe82451a833b4406b8b4bff33f6b63309d4e1ee9a,7b38ea5abdbddc9f8d552a110c428ffeeae155ea0c30594c822b121ad1649eaa,470252660,110652f12a8e66c595f6b61bbf2eae28428cdbd14de639bcceeba90171430d46,31213
489,15658919_15658919,15658919,15658919,1,7,22641657,501,152886,,3f17a1bae75b5ecd93b96970e7565648bab6791b9c796ef99f00a2188a2675d9,6667a9551ed20698aa689675ba0f04d3f47196c0a00ac60d3754838ff1851046,437909248,22dc2ef7372bda99cffbbaa0a921e9abe5c42d860cdb729361b75afabafd95f3,33334
490,15658920_15658920,15658920,15658920,1,13,21840134,435,135795,,c7ad1383fd0905880b89dee18652bde946b97a105a41e5bb111427b01309080a,7f56cd9ddb4920db49144ba869750b87c6fc9d167b9dd569dd0c4c8d36517e82,428184284,7de74a8a117f0f8f8a63599078f870969d85ca14c9adaa891f4abb459c6a198e,32350
491,15658921_15658921,15658921,15658921,1,9,21123145,327,122704,,cdf98787bd423c28cb293fd2be15462388f3a4b2bc8af7fa8a45184085c009a4,d0fbd1b6a4cf71ac356798810f312e182265c508b844783b64b3978461b7c0b2,413004952,66388c79d16296103bd99b96935b56f5519db1af30f87754e88bfeb8a0257d97,21377
492,15658922_15658922,15658922,15658922,1,9,22100133,423,143786,,925af22e793af140f54a13f055bd82457893722e7099bf088fa05603846aa57d,385a14cb24c706dfea29bbc69b33308b07b429939d75a4587a2a774f4e6dee0b,433734832,0a2f4ea55b3ee2007ae33affb761d3dc8532530d6a3be732f671ac991cceefe9,31189
493,15658923_15658923,15658923,15658923,1,8,19401550,342,130287,,9b10bce8e4cb3e23bbaa7fd18a527c0728f4b88275e405c1d9dcb4cab07c39b4,38cdc925b551bc460afe468a05d8e05db8facdfc14a9e11a64120bdd12f2a7d2,376135852,8cc494e6a4c5b0246821619e93e52d0deee02c8ec9ed8d55ba8f952aa31dfe67,25198
494,15658924_15658939,15658924,15658939,16,40,12394249,129,39923,,003641beee72ec7a74a0c046445931d75ccd7f3511a5f9f5cee395378f9f8f9d,944cf2315f40f0efd3097447940674bc52234b86390b5a2d676f00e928a87f6d,258484136,c3b58abdbcee55a256297c2e04852c83237e8efd1706334e7a2f1f5bdc116f9a,23350
495,15658940_15658940,15658940,15658940,1,7,21230489,354,138462,,ed3038ee653fbe5ba6342edd7e93e099ac16dac3f136773fcb4ecfdd8685849a,e42d270b474af02c41d682d5b267d31529102924999643e1ed76f89ec10e1179,411078168,6e2bc0d9a8666f9add43b8a950bde56c76eb2853467cc68259de902cfde9bbc1,23253
496,15658941_15658941,15658941,15658941,1,8,21481211,420,134856,,9636a3718da3c1ae0a82b00e002d415878ba960981c8bacd4266acdf91cc04de,1a5cfa7d2a7e135293ca45884f71733a904ae62c4287c5ead46d7c7be33bc0c3,414265096,9d088b6f3d9013711fe2ce1c10a93224987dca8457e21d3519e851487803b767,21278
497,15658942_15658942,15658942,15658942,1,7,22467618,540,149392,,f4ffa9cc74b8c72424b4e05f8ef8acb14707e4e6fa265e633df0235ded69c004,9d4882b7a5ab3c6b49dc268d55689e454ac01abfb2ba89f29aa6bff65fff1e8d,434411828,6ece4d40a941fcd020ebf6317cf26c344bb89c7e77f934c89bcad68d949b6642,28999
498,15658943_15658943,15658943,15658943,1,7,20285832,387,135991,,87a7f80fe84f7cff599af047939229212fc3ed163801d4dedf543f1044796efa,46105808437c2c40efabae31739f6efcfc2bfe3a8edc1a6a5f0b7f48723542a9,393621852,4785508560d15c4894510349256b8326eb1544fd2526d53f32511af78100279c,28912
499,15658944_15658944,15658944,15658944,1,10,23090061,639,153991,,e02232c021a9895df5632895b36a6f4e358d28361639e1b20a637a858684b8bd,ffb4cf3ae20b0c111f24f78732080183f56b079b1ad439629d002b588856c47f,452476156,092799a00beeecd4002acd524dd069ec426145311b9fda7e73ad8ac01732d60d,44287
500,15658945_15658945,15658945,15658945,1,8,20635837,435,139961,,adb607627ffbeb524ee5440651ebc79a41eac9d8bac7980637ccb02300a59192,84152fdba7adca82ad128ddec48b6249ba764af6e88bcbedac0f290ec28fa224,406268276,011b16297d89c2feef9b6a84860f084d8a8cfc57f7fbdc23787d33c7f11e9ddd,33003
501,15658946_15658946,15658946,15658946,1,6,21345351,591,163989,,f77e5587bd27a508ba66ef3d4c0ff1df687ac6acc1bcb9d89202d009d1546833,90d9251d5f2df77f28f94ba57fcd586e68def81893ae43ddc51b12a2fcd5732f,416419236,765320fe18d47de4757c6920350747791ee9fd9be96b74457a3be31ce0ec2bde,41603
502,15658947_15658947,15658947,15658947,1,7,19727357,741,157948,,389ccc01834b9e52417a387f42286d09b96105f26fc0d1bba2c12d25e8116192,2b64769c2cf867d506a77f7d82f3b5ff1b04f47555f55ec1211530fcc3a430be,384894208,2e920a628ef58bc093c1ade102d9a1f0e6344ff428b1c5acd008b0522cf626da,44567
503,15658948_15658948,15658948,15658948,1,6,21821672,900,174961,,bf959d9a8ac0bdadb42bb82f6c9e8e323fd2ec696f33bbb462db7df095ce1b00,6655e217d61702c6e67c1c8ed5f3ebfbf593068191e72cbd6b3a154d167dd722,422993928,059cd1ff0c0ac527c61007bb5038c5bc03056ee5bd889021ee0e9a6099f2da3a,53605
504,15658949_15658964,15658949,15658964,16,34,10429422,132,40983,,fa5e6956e10756d3a420f8db407d4290e69a1b2bb739b280108b255195017d9a,43fe1b5f668b8197aa1c0db8a59afb090a36ee7928ba00b2fb1da19b7538d743,215960940,e96c404c364965b0b24f47c6ab090ac797d462e36896974c06b378e8f40c86c0,22570
505,15658965_15658965,15658965,15658965,1,8,22922921,429,151975,,03233a3126c9ebe38324aa44252aba161118790a10fa6d0c157d3f821533a177,839fa13c2d1a52bee544edfa6bf94a4303f9b624fd29ffc38b805de39009a263,444861740,e717668dad72f806d715baa68719b7de8c3c688770204d72c049d419cc2d95e5,27052
506,15658966_15658966,15658966,15658966,1,7,22930959,429,150128,,617ebf35c01efc28cb3259a4db4ea3048812d5c99bbfb71c22d7feff47dcad50,b53221b1d27131fffe9aa57f954c1a177068326a4e0f7a5cce273a4a30e980a8,444264848,7c7fe420efa180279b9f57aee3cb2bbaf640b62301c311378befe69f7094443f,25845
507,15658967_15658967,15658967,15658967,1,6,21972449,591,160162,,d222b5b0d7d978d34216a9dfa9e1590aa0dad9c548a2d74d448d983d406a0ab2,bde8633cd881a25759a222f34a349e4977302105889f17eb62a23d8e9ea8459f,427469844,631d5b6c745c31cd2b04718511ccad094fc88c31bd4d037a7c091e66d30b5b76,38094
508,15658968_15658985,15658968,15658985,18,29,15827801,234,109876,,0b6c1deddf9bf135fd94cab36dd36568719d50b8d3d461b12199967f5d1c516c,c08d3e1ec924ebf18a66b6a726abb23cc59dc81c1bf8e1d7539f7f0cb6ed052b,316884648,556053ee9a0e0236cdd09a4b350b79cf6dbd42934d1a7ae26b05a9eb5cede018,28091
509,15658986_15659015,15658986,15659015,30,48,11853320,141,56914,,44015d58fd42e780f2591f8a3112937e790b8cb2d38a22e57dbf480512496f7d,846752ab2e6826e6031c79067bb3886f54a5f848822e34e1dad519dc4a927e98,249524368,0ed982a5c5d2b956a5f049ec0ed56ddb71d550ed793af32b15322c511b34c588,24165
510,15659016_15659047,15659016,15659047,32,50,11097269,180,54610,,7837217a5948a5f90c4c625bad20b7771057172c3bf0f3204994465047c36a74,22d88c21410ea8a6388541176e2b0d24aa074c90cc61204a06eb5c51e5368e36,226913920,41d3cc07477f3f9cea7a0ea76e398696c6183e2e3a348e2f0966610c64ef081a,22350
511,15659048_15659076,15659048,15659076,29,45,11737131,147,57852,32,274b41e1ef950f29ff9071ffb224682c113eaa702f1f61b676ff59089ddaa2b6,4481419f42e962ff88300e271eea92bb50acad7c8db20cfd890183c3fa3d754f,250036744,fcd26d03b0f624c41edfdda6c434d733e00a02d7f513b45c7c33e89f6569bf3a,27798
512,15659077_15659106,15659077,15659106,30,39,11934849,141,59864,40,418f42d10b1a6133d7500d3bf2489624d0925063bbf7c6b7b6f83ec790247bea,64fe22c36163733172ef20279263db55bbcb3221262e39a188c02c8008e02831,256543544,979e9c4e22078329a80835ee9f39a978a58f65fed7badd5b75789f6505edce1b,30135
